{"ratings": 13, "userreviews": [{"userName": "Ingrid Fasquelle", "userReviewDate": "Aug 12, 2017", "userURL": "http://www.goodreads.com/user/show/4419995-ingrid-fasquelle", "userReview": "N\u00e9e en 1947 en Grande-Bretagne, Mary Chamberlain est historienne, professeur d'histoire \u00e9m\u00e9rite \u00e0 l'universit\u00e9 d'Oxford Brookes. Consultante en politique, elle a \u00e9galement fait partie du collectif Women's Report, l'un des journaux les plus importants du Women's Liberation Movement anglais. De pourpre et de soie est son premier roman.Parce qu\u2019elle a rencontr\u00e9 et fait confiance \u00e0 la mauvaise personne, Ada, promise \u00e0 un bel avenir dans la haute couture, se retrouve prisonni\u00e8re \u00e0 Dachau. Soumise aux privations, \u00e0 un quotidien fait de m\u00e9pris et d\u2019humiliations r\u00e9p\u00e9t\u00e9s, la jeune fille ne perd pourtant pas espoir de s\u2019en sortir. Elle sait qu'elle pourra compter sur sa chance et son savoir-faire pour \u00e9chapper \u00e0 l\u2019horreur du r\u00e9gime nazi et survivre \u00e0 la cruaut\u00e9 des hommes. Pourtant, apr\u00e8s les tourments de la guerre, ce sont d\u2019autres \u00e9preuves qui l\u2019attendent \u00e0 son retour \u00e0 Londres...Dans ce roman sombre et fascinant qui laisse la part belle \u00e0 l\u2019\u00e9motion, Mary Chamberlain brosse le portrait d\u2019une jeune femme courageuse, \u00e0 la d\u00e9termination et \u00e0 la t\u00e9nacit\u00e9 sans faille. On ne peut que se prendre d\u2019affection pour Ada, cette jeune femme \u00e0 la beaut\u00e9 insolente, dont le seul \u00ab\u00a0crime\u00a0\u00bb \u00e9tait s\u00fbrement d\u2019\u00eatre trop na\u00efve et cr\u00e9dule pour survivre aux tourments d\u2019une des p\u00e9riodes les plus sombres de l\u2019Histoire\u2026Entre amour et trahison, r\u00eave de jeunesse et illusions bris\u00e9es, Mary Chamberlain montre toute la souffrance d\u2019une h\u00e9ro\u00efne imparfaite, qui ne pourra jamais revenir en arri\u00e8re ni oublier son pass\u00e9... Violent, poignant, sinc\u00e8re et \u00e9mouvant, De pourpre et de soie fait partie de ces romans qui se lisent d'un seul souffle et le c\u0153ur battant\u00a0! Magnifique\u00a0!"}, {"userName": "Hamisoitil", "userReviewDate": "May 15, 2016", "userURL": "http://www.goodreads.com/user/show/6609181-hamisoitil", "userReview": "De pourpre et de soie est un petit bijou qui se d\u00e9vore tout doucement, au chaud, dans son lit. On prend son temps pour le lire car la narration est difficile par un sujet bas\u00e9 sur des faits r\u00e9els et fictifs qu'est la seconde guerre mondiale, mais, surtout, tr\u00e8s instructif que l'auteur met en sc\u00e8ne avec son h\u00e9ro\u00efne, Ada Vaughan. Ada est une jeune femme de 18 ans, qui r\u00eave d'avoir son propre atelier de couture. Pour elle, l'\u00e9l\u00e9gance rime avec tendance. Elle adore d\u00e9cortiquer les nouvelles tenues, toucher les diff\u00e9rents tissus... \u00eatre \u00e0 l\u2019aff\u00fbt de tout ce qui touche de pr\u00e8s de loin ou \u00e0 la mode ; la haute couture.Mais en attendant, elle trouve un petit travail dans un atelier de couture. Un jour, elle rencontre Stanislaus qui va lui faire la cour. Il lui promet presque la belle vie et l'invite \u00e0 Paris pour quelques jours. Compl\u00e8tement sous le charme, de cette prestance qu'il d\u00e9gage, elle accepte et part en faisant croire \u00e0 sa famille et sa patronne que c'est pour acheter de nouveaux tissus.Mais voil\u00e0, une fois sur place, la guerre est proche et faut partir au plus vite. Direction la Belgique, Namur. La guerre \u00e9clate, finalement ! Les allemands viennent d'attaquer la Belgique et Stanislaus a disparu. A vrai dire, il l'a tout simplement abandonn\u00e9e. A partir de l\u00e0, on va suivre le long combat de cette jeune femme \u00e0 la fois forte, fragile et na\u00efve.Compl\u00e8tement d\u00e9sempar\u00e9e entre les bombes et les cadavres qui regorgent le sol, Ada est sauv\u00e9e par des religieuses et vont lui proposer de s'occuper des personnes \u00e2g\u00e9es tout en prenant l'apparence d'une s\u0153ur. C'est d'ailleurs chez les soeurs qu'elle d\u00e9couvre sa grossesse. Mais h\u00e9las, rien ne dure car Ada est quelques mois plus tard, retenue prisonni\u00e8re et ce, pendant de longues ann\u00e9es par les nazis. Elle va connaitre les pires moments de sa vie : les coups, les humiliations, la faim, le froid avec cette obligation de cr\u00e9er des v\u00eatements pour l\u2019aristocratie Allemande. La mort est en elle mais l'espoir de revoir son fils, un jour, l'apporte un courage extraordinaire. Alors, elle continue de fabriquer et donner des conseils \u00e0 toutes ces femmes qui r\u00e9clament son talent de couturi\u00e8re. C'est pour elle, la seule fa\u00e7on de rester en vie pour retrouver son enfant et ainsi que sa famille \u00e0 Londres. Il est clair que l'on ressent \u00e0 travers la plume de l'auteure toutes les recherches effectu\u00e9es pour \u00e9crire ce roman. C'est palpitant tant pour le c\u00f4t\u00e9 historique que par l'intrigue. Le parcours d'Ada est terrible et passionnant \u00e0 la fois, pourtant, je l'avoue qu'elle m'a \u00e9norm\u00e9ment agac\u00e9e \u00e0 partir du milieu du livre et encore plus vers la fin. Je l'ai trouv\u00e9e attachante par moments et tellement sur le para\u00eetre m\u00eame \u00e9tant en captivit\u00e9, que je trouvais cela limite, grotesque. Ensuite, vient le c\u00f4t\u00e9 na\u00eff du personnage, c'\u00e9tait trop. J'avais envie de la baffer, de la secouer tout en lui disant, mais r\u00e9veille-toi. La vie a \u00e9t\u00e9 dure et tr\u00e8s compliqu\u00e9e pour toi alors pourquoi tu en rajoutes encore ?!On survole le c\u00f4t\u00e9 historique m\u00eame si l\u2019h\u00e9ro\u00efne est pong\u00e9e en pleine guerre. L'auteure fait r\u00e9f\u00e9rence \u00e0 certains lieux ou noms comme Dachau (camp de concentration) ou la ma\u00eetresse d' Hitler, Eva Braun qui, justement, passe commande aupr\u00e8s d'Ada. Donc, oui, tr\u00e8s instructif ! La plume de l'auteure est tr\u00e8s fluide, rien de compliqu\u00e9e, donc, une lecture tr\u00e8s agr\u00e9able pour le lecteur.Je vous invite vraiment \u00e0 lire ce livre, si vous aimez les romans historiques o\u00f9 les femmes sont mises \u00e0 l'honneur. Ce n'est pas un coup de coeur mais \u00e7a reste quand m\u00eame un tr\u00e8s bon moment de lecture."}, {"userName": "La r\u00e9publique des livres", "userReviewDate": "Oct 01, 2016", "userURL": "http://www.goodreads.com/user/show/14738978-la-r-publique-des-livres", "userReview": "Nous rencontrons Ada, une jeune anglaise qui ne r\u00eave que d\u2019une chose : cr\u00e9er sa propre boutique de mode. Employ\u00e9e dans un atelier de couture, elle rencontre Stanislaus Von Lieben. S\u00e9duite par ce myst\u00e9rieux comte hongrois, elle d\u00e9cide de le suivre \u00e0 Paris alors que la guerre va \u00e9clater.Cette histoire nous raconte la vie de cette jeune femme qui va aller en Belgique, trouver refuge dans un couvent de Namur, d\u00e9placer en Allemagne pour \u00eatre esclave dans un hospice et devenir l\u2019esclave du commandant du camp de Dachau. On peut le dire qu\u2019Ada n\u2019a pas eu la vie facile, tout cela parce qu\u2019elle a cru Stanislaus.Pourtant, une des surprises de ce roman est que le pire pour Ada, c\u2019est ce qu\u2019elle vivre \u00e0 son retour en Angleterre. On comprend alors que tout ce qu\u2019elle a v\u00e9cu ne compte pas pour les hommes. Cela illustre parfaitement les jugements \u00e0 l\u2019emporte-pi\u00e8ce faits dans l\u2019apr\u00e8s-guerre.Ada est une jeune femme assez na\u00efve. Elle croit toujours ce qu\u2019on lui raconte. Cela en devient aga\u00e7ant car \u00e7a l\u2019emm\u00e8ne \u00e0 faire d\u2019\u00e9normes b\u00eatises. J\u2019ai souvent eu envie de la secouer dans la seconde partie du roman quand elle rentre \u00e0 Londres parce que je n\u2019ai pas compris ces choix. J\u2019avais par contre bien compris ceux qu\u2019elle avait fait pendant les ann\u00e9es de guerre car il s\u2019agissait de survivre.Ce roman se passe pendant la guerre mais il ne faut pas s\u2019attendre \u00e0 \u00eatre t\u00e9moin de celle-ci. Ada est enferm\u00e9e donc c\u2019est son quotidien qui est racont\u00e9 et pas la guerre en tant que tel.Il faut du temps pour lire ce roman. Bien qu\u2019il s\u2019y passe pas mal de choses, l\u2019\u00e9criture est travaill\u00e9e et bien construite. On voit aussi tout au long du roman que l\u2019auteur a fait pas mal de recherches pour construire ce roman qui m\u00eale fiction et r\u00e9alit\u00e9.En bref, un bon roman malgr\u00e9 une h\u00e9ro\u00efne aga\u00e7ante. Les d\u00e9cisions de l\u2019h\u00e9ro\u00efne l\u2019am\u00e8ne \u00e0 vivre de multiples aventures jusqu\u2019\u00e0 la fin tragique de ce roman. C\u2019est un roman sur la vie d\u2019une femme pendant la guerre."}, {"userName": "Aely Nah", "userReviewDate": "Dec 04, 2017", "userURL": "http://www.goodreads.com/user/show/27303647-aely-nah", "userReview": "Quelle p\u00e9riode int\u00e9ressante que celle de nos Guerres Mondiales ! Je viens de m\u2019y plonger \u00e0 l\u2019occasion d\u2019un Swap sp\u00e9cial gr\u00e2ce au blog de Bibliza et du coup j\u2019ai voulu continuer sur ma lanc\u00e9e et d\u00e9couvrir cette auteure qu\u2019est Mary Chamberlain.Je peux d\u2019ores et d\u00e9j\u00e0 dire qu\u2019elle a une plume magnifique, ni surcharg\u00e9e ni lourde malgr\u00e9 le sujet somme toute un peu difficile.Ada Vaughan est une jeune femme qui ne r\u00eave que d\u2019une chose, devenir une couturi\u00e8re c\u00e9l\u00e8bre dans la lign\u00e9e de Coco Chanel et ainsi cr\u00e9er sa propre maison de couture : la Maison Vaughan. On retrouve toute la recherche de l'auteure sur le sujet gr\u00e2ce aux passages explicatifs de ces m\u00e9thodes de couture, sur le d\u00e9tail d'une texture, d'un tomb\u00e9, la technique de cr\u00e9ation.. Tout cela narr\u00e9 avec passion et sans ce que cela alourdisse le r\u00e9cit d'un sentiment de trop.Elle d\u00e9bute ainsi dans un atelier de mode o\u00f9 elle fait montre d\u2019initiative et de talent. Elle s\u2019y pla\u00eet et r\u00e9ussit \u00e0 mettre sa touche personnelle dans les mod\u00e8les qu\u2019elle cr\u00e9e pour Mme B. Son destin aurait pu \u00eatre ainsi tout trac\u00e9 s\u2019il n\u2019avait crois\u00e9 la route du bel et \u00e9nigmatique Stanislaus von Lieben. Cet autrichien la subjugue et lui fait d\u00e9couvrir les joies du luxe et de la vie oisive. Alors lorsqu\u2019il lui propose quelques jours de s\u00e9jours \u00e0 Paris, la petite couturi\u00e8re y voit le signe du destin. Paris, la ville des grandes maisons de couture comme Chanel, Dior l\u2019attend.Mais h\u00e9las nous sommes en 1939 et les \u00e9v\u00e8nements vont se pr\u00e9cipiter lorsqu\u2019ils seront en France et la guerre se voir d\u00e9clar\u00e9e.Son destin va alors prendre une toute autre tournure que celle qu\u2019elle avait imagin\u00e9. C\u2019est dans ces moments dramatiques que nous allons d\u00e9couvrir la jolie plume de Mary Chamberlain, sa l\u00e9g\u00e8ret\u00e9 malgr\u00e9 les \u00e9pisodes parfois tragiques, sa douceur et sa fraicheur aussi. Elle r\u00e9ussit \u00e0 nous faire aimer Ada sans contestation. Malgr\u00e9 ses erreurs, malgr\u00e9 ses doutes qui sont ici si bien retranscrits, Ada nous emporte dans ces tourments et nous souffrons ou rions avec elle.La guerre n\u2019est facile pour personne mais Ada va sans conteste vivre une face sombre de celle-ci. Trimball\u00e9e de Belgique en Allemagne puis dans les ombres de Dachau, elle va faire preuve de courage, de d\u00e9sespoir aussi mais d\u2019une d\u00e9termination sans bornes. Les \u00e9preuves qui vont parsemer sa jeune vie vont vous \u00e9mouvoir et vous impliquer. Comment ne pas se sentir attir\u00e9e par cette jeune femme t\u00eatue et opini\u00e2tre malgr\u00e9 ses d\u00e9boires ?Comment ne pas lui enjoindre de r\u00e9sister au d\u00e9sespoir, \u00e0 la tristesse ?Comment surtout ne pas prier pour son salut et une lueur d\u2019espoir \u00e0 la fin de ce voyage vers l\u2019enfer qu\u2019elle va traverser ?C\u2019est ici un roman poignant sur la vie d\u2019une jeune femme ordinaire, d\u2019une couturi\u00e8re hors pair mais aussi d\u2019une anglaise en territoire ennemi. C\u2019est un destin cependant peu ordinaire par les drames v\u00e9cus, les sentiments \u00e9prouv\u00e9s et la p\u00e9riode sombre dans lequel il se passe.Ada est un personnage attachant et en m\u00eame temps tellement surprenante par la force de caract\u00e8re qu\u2019elle peut d\u00e9gager. Elle a comme tout un chacun des moments de doute profond qui vont l\u2019entra\u00eener parfois dans de mauvaises directions, elle est aussi une jeune femme qu\u2019un r\u00eave va entra\u00eener dans le cauchemar sans nom de la guerre. Parfois le lecteur aura envie de la secouer, de lui faire comprendre qu\u2019elle se fourvoie, \u00e0 nouveau, que la premi\u00e8re fois ne lui a pas suffi. Et puis, l\u00e0 encore, elle semble rebondir devant nous telle une balle et nous entra\u00eene \u00e0 nouveau dans cette course folle \u00e0 la vie qui ne la quitte pas. Car elle a un but ultime outre celui d\u2019ouvrir sa propre Maison de couture, c\u2019est de retrouver Thomas. Et cela la tient \u00e0 bout de bras face \u00e0 toutes adversit\u00e9s qui croiseraient son chemin. La petite Ada a bien grandi et perdu sa na\u00efvet\u00e9 mais reste toujours une jeune femme candide sur certains aspects et l\u00e0 encore cela permet au lecteur de ne l\u2019en aimer que plus.Et c'est sur un final plus que surprenant que va nous laisser Mary Chamberlain. Un final dans la continuit\u00e9 des aventures d'Ada. Elle qui r\u00eavait chiffon, haute couture et de Paris a v\u00e9cu le cauchemar de la guerre, de la d\u00e9tention et d'une perte irr\u00e9parable. C'est avec \u00e9motion que jusqu'au bout on la suit, on esp\u00e8re pour elle et on y croit. C'est donc avec empathie que l'on comprend ses actions lorsque le pass\u00e9 refait surface et qu'il chamboule \u00e0 nouveau tout sur son chemin. Je reste cependant sous le choc de cet \u00e9pilogue, qui, si l\u2019on y r\u00e9fl\u00e9chit para\u00eet presque logique au vu du personnage mais tout \u00e0 fait r\u00e9voltant pour le lecteur. Un roman \u00e9mouvant, surprenant est ainsi n\u00e9 sous la plume fluide et vivante de Mary Chamberlain, un roman \u00e0 d\u00e9couvrir et \u00e0 savourer aussi."}], "description": "", "title": "De pourpre et de soie (Preludes Litteratures)", "url": "http://www.goodreads.com/book/show/29938349-de-pourpre-et-de-soie", "average": 3.92, "cover": "https://images.gr-assets.com/books/1460969838l/29938349.jpg", "reviews": 4, "authors": [{"url": "https://www.goodreads.com/author/show/258029.Mary_Chamberlain", "name": "Mary Chamberlain"}], "type": ["Roman"], "outlinks": ["http://www.goodreads.com/book/show/29938349-de-pourpre-et-de-soie", "http://www.goodreads.com/book/show/29951637-de-pourpre-et-de-soie", "http://www.goodreads.com/book/show/25278972-the-dressmaker-s-war", "http://www.goodreads.com/book/show/10388056-fenwomen", "http://www.goodreads.com/book/show/9513220-old-wives-tales", "http://www.goodreads.com/book/show/37908238-la-modista-de-dover-street", "http://www.goodreads.com/book/show/2702829-writing-lives"]}