{"ratings": 0, "userreviews": [], "description": "", "title": "Writing for Success", "url": "http://www.goodreads.com/book/show/4934157-writing-for-success", "average": 0.0, "cover": "", "reviews": 0, "authors": [{"url": "https://www.goodreads.com/author/show/1246995.Alexandra_Swann", "name": "Alexandra Swann"}], "type": [], "outlinks": ["http://www.goodreads.com/book/show/4934157-writing-for-success", "http://www.goodreads.com/book/show/34831101-the-twelfth-juror", "http://www.goodreads.com/book/show/34831116-the-chosen", "http://www.goodreads.com/book/show/25447556-the-planner", "http://www.goodreads.com/book/show/34831178-the-force", "http://www.goodreads.com/book/show/34831278-no-regrets"]}