{"ratings": -1, "userreviews": [{"userName": "mm\u7684\u5fae\u7b11", "userReviewDate": "2017-01-14", "userURL": "http://user.17k.com/44124485", "userReview": "\u5c0f\u6708\u6708\u6bcf\u5929\u7559\u8a00\u8981\u957f\u8bc4\uff0c\u4e0d\u5199\u90fd\u4e0d\u597d\u610f\u601d\u5566\uff01\u6700\u8fd1\u5b9e\u5728\u592a\u5fd9\uff0c\u52a0\u4e4b\u9888\u690e\u75c5\u72af\u4e86\u4e86\uff0c\u6240\u4ee5\u624d\u8fdf\u8fdf\u9001\u6765\u957f\u8bc4\uff0c\u5374\u4e5f\u662f\u767e\u5fd9\u4e4b\u4e2d\u6324\u4e86\u90a3\u4e48\u4e00\u70b9\u70b9\u65f6\u95f4\uff0c\u770b\u4e86\u51e0\u4e2a\u7ae0\u8282\uff0c\u4e0d\u4e00\u5b9a\u80fd\u8bf4\u7684\u5ba2\u89c2\u3002\u9996\u5148\uff0c\u5c0f\u6708\u6708\u7684\u63a8\u8350\u8bed\u5199\u7684\u5f88\u597d\uff0c\u6211\u662f\u770b\u5230\u63a8\u8350\u8bed\u8fdb\u6765\u7684\u7136\u540e\u624d\u53d1\u73b0\u662f\u5e26\u4f60\u8d70\u904d\u5168\u4e16\u754c\u7684\u51b7\u5929\u6708\u5199\u7684\u3002~~&nbsp;BOSS\u9a7e\u5230\uff0c\u5a07\u59bb\u54ea\u91cc\u9003\uff0c\u8fd9\u4e2a\u4e66\u540d\u5f88\u5438\u5f15\u4eba\u3002\u7b80\u4ecb\u5199\u7684\u4e5f\u5f88\u68d2\u3002\u5c24\u5176\u662f\u7b2c\u4e8c\u7ae0\uff0c\u5973\u4e3b\u559d\u7684\u70c2\u9189\u5982\u6ce5\u4ee5\u540e\u7684\u8868\u73b0\uff0c\u753b\u9762\u611f\u5f88\u5f3a\uff0c\u6d3b\u7075\u6d3b\u73b0\u7684\u9017\u6bd4\u573a\u666f\u5f88\u597d\u770b\u3002\u518d\u6709\u5c31\u5973\u4e3b\u7684\u540d\u5b57\uff1a\u9ece\u6d1b\u5f88\u597d\u542c\uff0c\u8d85\u559c\u6b22\u3002&nbsp; &nbsp;\u4e0b\u9762\u63d0\u70b9\u4e0d\u8db3\u4e4b\u5904\u5427\uff0c\u8bf4\u5b9e\u8bdd\u7b2c\u4e00\u7ae0\u5f00\u7bc7\uff0c\u6211\u89c9\u5f97\u6709\u70b9\u5570\u55e6\uff0c\u4f46\u662f\u6211\u80fd\u7406\u89e3\uff0c\u5c0f\u6708\u6708\u5927\u6982\u662f\u60f3\u7a81\u51fa\u5973\u4e3b\u5176\u5b9e\u662f\u4e00\u4e2a\u4ec0\u4e48\u6837\u7684\u4eba\uff0c\u4f1a\u88ab\u4eba\u6b3a\u8d1f\uff0c\u4e3a..."}, {"userName": "LY38324", "userReviewDate": "2018-02-16", "userURL": "http://user.17k.com/59854385", "userReview": "\u597d\u559c\u6b22\u8fd9\u672c\u4e66"}, {"userName": "\u674e\u65e0\u547d", "userReviewDate": "2017-11-25", "userURL": "http://user.17k.com/57024055", "userReview": "\u5927\u5927\u5199\u5f97\u771f\u597d\uff0c\u65b0\u4eba\u643a\u5e26\u65b0\u4e66<a target='_blank' href='http://www.17k.com/book/2654528.html'>\u300a\u51a5\u5929\u697c\u300b</a>\u524d\u6765\u62dc\u8bbf\uff0c\u5e0c\u671b\u5404\u4f4d\u56de\u8bbf\uff0c\u591a\u591a\u652f\u6301\uff0c\u591a\u591a\u5173\u7167\uff0c\u5199\u7684\u4e0d\u597d\u4f46\u4f1a\u5c3d\u529b\uff0c\u8c22\u8c22"}, {"userName": "\u674e\u65e0\u547d", "userReviewDate": "2017-10-26", "userURL": "http://user.17k.com/57024055", "userReview": "\u4f60\u597d\uff0c\u6211\u662f\u4f60\u5fe0\u5b9e\u7684\u8bfb\u8005\uff0c\u4f60\u89c9\u5f97\u8fd9\u672c\u4e66\u5199\u7684\u975e\u5e38\u597d\uff0c\u65e0\u8bba\u662f\u9009\u9898\u7d20\u6750\uff0c\u4eba\u7269\u6027\u683c\uff0c\u573a\u666f\u60c5\u8282\uff0c\u90fd\u975e\u5e38\u597d\uff0c\u4f46\u662f\u6211\u6bcf\u5929\u6bcf\u5929\u90fd\u770b\u4e0d\u591f\uff0c\u563b\u563b\uff0c\u6211\u643a\u65b0\u4e66<a target='_blank' href='http://www.17k.com/book/2654528.html'>\u300a\u51a5\u5929\u697c\u300b</a>\u6c42\u5927\u5927\u6307\u6559..."}, {"userName": "\u53f6\u8459\u82b8", "userReviewDate": "2017-10-18", "userURL": "http://user.17k.com/57517697", "userReview": "\u5927\u5927\u52a0\u6cb9\uff01\u643a<a target='_blank' href='http://www.17k.com/book/2663126.html'>\u300a\u4eba\u72d0\u4e4b\u7ea6\u300b</a>\u524d\u6765\u652f\u6301\uff01\u4eb2\u4eec\u5feb\u6765\u770b\u54e6\uff01\u5c0f\u8bf4\u5730\u5740http://h5.17k.com/book/2663126.html"}, {"userName": "\u963f\u66ae\u5b8c\u4facmumu", "userReviewDate": "2017-09-27", "userURL": "http://user.17k.com/57093862", "userReview": "<a target='_blank' href='http://www.17k.com/book/2645447.html'>\u300a\u51b7\u66ae\u4e03\u6708\u300b</a>\u6765\u8bbf\uff0c\u5e0c\u671b\u5927\u5bb6\u559c\u6b22\uff0c\u652f\u6301\uff0c\u591a\u591a\u6536\u85cf\uff01http://h5.17k.com/book/2645447.html"}, {"userName": "\u5546\u5bb6\u5343\u91d1", "userReviewDate": "2017-09-26", "userURL": "http://user.17k.com/49435350", "userReview": "MUA~"}, {"userName": "\u5341\u516d\u5e74\u6d6e\u751f", "userReviewDate": "2017-08-28", "userURL": "http://user.17k.com/54501108", "userReview": "\u4f73\u4f5c\uff0c\u7ee7\u7eed\u62dc\u8bfb\uff0c<a target='_blank' href='http://www.17k.com/book/2516688.html'>\u300a\u7231\u4e0a\u753b\u4e2d\u4ed9\u300b</a>"}, {"userName": "\u5341\u516d\u5e74\u6d6e\u751f", "userReviewDate": "2017-08-12", "userURL": "http://user.17k.com/54501108", "userReview": "\u7ee7\u7eed\u6765\u770b\u4e66\uff0c\u6668\u8bfb\uff0c\u65e9\u5b89\u5927\u5927\uff0c<a target='_blank' href='http://www.17k.com/book/2516688.html'>\u300a\u7231\u4e0a\u753b\u4e2d\u4ed9\u300b</a>"}, {"userName": "\u7ea2\u5c18\u5815\u4ed9", "userReviewDate": "2017-08-02", "userURL": "http://user.17k.com/56357080", "userReview": "<a target='_blank' href='http://www.17k.com/book/2599558.html'>\u300a\u4e09\u4e16\u5996\u4ed9\u52ab\u300b</a>\u6765\u8bbf\uff0c\u671b\u56de\u8bbf"}, {"userName": "\u5c81\u6e1d\u6cab", "userReviewDate": "2017-08-01", "userURL": "http://user.17k.com/54032317", "userReview": "<a target='_blank' href='http://www.17k.com/book/2527625.html'>\u300a\u603b\u88c1\u7684\u79c1\u5ba0\u300b</a>\u6765\u8bbf\uff0c\u671b\u56de\u8bbf\uff0c\u5927\u5927\u52a0\u6cb9\uff0c\u652f\u6301\uff0c\u4e5f\u5e0c\u671b\u5927\u5bb6\u80fd\u591f\u652f\u6301\u6211\u7684\u4f5c\u54c1\uff0c\u559c\u6b22\u7684\u5c0f\u53ef\u8010\u4eec\u53ef\u4ee5\u6536\u85cf\u54e6\ufffd"}, {"userName": "\u5341\u516d\u5e74\u6d6e\u751f", "userReviewDate": "2017-07-26", "userURL": "http://user.17k.com/54501108", "userReview": "\u65e9\u5b89\u5927\u5927\uff0c\u4e0b\u4e00\u90e8\u795e\u4f5c\u4ec0\u4e48\u65f6\u5019\u5f00\u66f4\uff0c\u671f\u5f85\u54e6\uff0c\u9001\u82b1\u4e86"}, {"userName": "warl\u4f5c", "userReviewDate": "2017-07-24", "userURL": "http://user.17k.com/56470522", "userReview": "\u643a<a target='_blank' href='http://www.17k.com/book/2587576.html'>\u300a\u5ba1\u5224\u950b\u4e91\u300b</a>\u6765\u8bbf\uff0c\u5927\u5927\u52a0\u6cb9\uff0c\u795d\u5927\u5927\u8d8a\u6765\u8d8a\u706b"}, {"userName": "\u661f\u62f1\u5317", "userReviewDate": "2017-07-22", "userURL": "http://user.17k.com/44077265", "userReview": "\u5468\u672b\u597d"}, {"userName": "\u9646\u6653\u75af", "userReviewDate": "2017-07-22", "userURL": "http://user.17k.com/14776216", "userReview": "<a target='_blank' href='http://www.17k.com/book/2410552.html'>\u300a\u76d7\u4ed9\u8bb0\u300b</a>\u6765\u8bbf\uff0c\u600e\u4e48\u53ef\u4ee5\u8fd9\u4e48\u597d\u770b\u3002"}, {"userName": "\u6728\u5b50\u5929\u4fdd", "userReviewDate": "2017-07-22", "userURL": "http://user.17k.com/50620214", "userReview": "\u5565\u65f6\u5019\u5199\u65b0\u7684\uff1f"}, {"userName": "\u661f\u62f1\u5317", "userReviewDate": "2017-07-17", "userURL": "http://user.17k.com/44077265", "userReview": "\u65e9 \u4e0a &nbsp;\u597d"}, {"userName": "\u6545\u56ed\u5fc3", "userReviewDate": "2017-07-16", "userURL": "http://user.17k.com/55078131", "userReview": "\u6620\u96ea\u7279\u643a<a target='_blank' href='http://www.17k.com/book/2489705.html'>\u300a\u65f6\u5149\u4e5f\u8f7b\u72c2\u300b</a>\u6765\u62dc\u8bfb\u5927\u5927\u795e\u4f5c"}, {"userName": "\u6545\u56ed\u5fc3", "userReviewDate": "2017-07-16", "userURL": "http://user.17k.com/55078131", "userReview": "\u6620\u96ea\u7279\u643a<a target='_blank' href='http://www.17k.com/book/2489705.html'>\u300a\u65f6\u5149\u4e5f\u8f7b\u72c2\u300b</a>\u6765\u62dc\u8bfb\u5927\u5927\u795e\u4f5c"}, {"userName": "\u5014\u5f3a\u7684\u897f\u7ea2\u67ff", "userReviewDate": "2017-07-14", "userURL": "http://user.17k.com/55471066", "userReview": "<a target='_blank' href='http://www.17k.com/book/2521521.html'>\u300a\u65e0\u5c3d\u4fee\u884c\u300b</a>\u7279\u6765\u62dc\u8bbf\uff0c\u5927\u5927\u52a0\u6cb9\uff01"}], "description": "\u4e00\u573a\u5a5a\u793c\u5c06\u4e24\u4e2a\u5b8c\u5168\u5728\u5e73\u884c\u7ebf\u4e0a\u7684\u4e24\u4eba\u7ed1\u5728\u4e00\u8d77\u3002\u3000\u3000\u8d6b\u8fde\u5bb8\u67ab\u770b\u7740\u9ece\u6d1b\u7b11\u9053\uff1a\u201c\u4f60\u672a\u5ac1\u6211\u672a\u5a36\uff0c\u90fd\u662f\u6ca1\u4eba\u8981\u7684\u5b69\u7eb8\u3002\u4f60\u9700\u8981\u4e00\u4e2a\u9760\u5c71\u8650\u6e23\u6e23\uff0c\u6211\u9700\u8981\u4e00\u4e2a\u5ab3\u5987\u6863\u6843\u82b1\u3002\u201d\u3000\u3000\u9ece\u6d1b\u5634\u62bd\uff1a\u201c\u4ec0\u4e48\u773c\u795e\u3002\u201d\u3000\u3000\u4e00\u573a\u65e0\u4f11\u6b62\u7684\u5ba0\u7231\uff0c\u5979\u9677\u5165\u65e0\u6cd5\u81ea\u62d4\uff0c\u6700\u540e\u8eab\u5fc3\u6ca6\u9677\u3002\u3000\u3000\u865a\u5f31\u7684\u8eab\u4f53\uff0c\u7329\u7ea2\u7684\u53cc\u773c\uff1a\u201c\u8d6b\u8fde\u5bb8\u67ab\uff0c\u4f60\u4e0d\u662f\u8981\u7528\u6211\u7684\u5fc3\u6551\u5979\u5417\uff1f\u597d\uff0c\u6211\u7ed9\u4f60\u3002\u201d\u3000\u3000\u51b0\u51b7\u950b\u5229\u7684\u5229\u5203\u523a\u8fdb\u80f8\u819b\u67d3\u7ea2\u4e86\u8c01\u7684\u773c\u3002\u3000\u3000\u4e94\u5e74\u540e\uff0c\u5979\u5e26\u7740\u5de8\u661f\u7684\u5149\u73af\u5f52\u6765\uff0c\u8eab\u8fb9\u8fd8\u5e26\u7740\u4e2a\u5c0f\u5976\u5a03\u3002\u3000\u3000\u201c\u54fc\uff0c\u5988\u54aa\u662f\u6211\u7684\uff0c\u8c01\u4e5f\u62a2\u4e0d\u4e86\u3002\u201d\u5c0f\u5976\u5a03\u6b7b\u6b7b\u7684\u62b1\u7740\u9ece\u6d1b\u7684\u8eab\u4f53\u5bf9\u7740\u5927\u5e05\u7238\u6bd4\u5ba3\u6218\u3002\u3000\u3000~~~~\u672c\u4e66\u4e66\u53cb\u7fa4\u6155\u5bb9\u4e4b\u5bb6617261258\u6b22\u8fce\u8df3\u5751\u54e6\u3002", "title": "boss\u9a7e\u5230\uff1a\u5a07\u59bb\u54ea\u91cc\u9003", "url": "http://www.17k.com/book/2189170.html", "average": -1.0, "cover": "http://img.17k.com/images/bookcover/2016/10945/54/2189170-1482039011000.jpg", "reviews": 346397, "authors": [{"url": "http://www.17k.com/zuozhe/39474824", "name": "\u51b7\u5929\u6708"}], "type": ["\u5a31\u4e50\u660e\u661f"], "outlinks": ["http://www.17k.com/book/2794982.html", "http://www.17k.com/book/2801292.html", "http://www.17k.com/book/2816318.html", "http://www.17k.com/book/2797575.html", "http://www.17k.com/book/2802516.html", "http://www.17k.com/book/2812195.html", "http://www.17k.com/book/2820143.html", "http://www.17k.com/book/2807943.html", "http://www.17k.com/book/2813457.html", "http://www.17k.com/book/2798058.html", "http://www.17k.com/book/2815617.html", "http://www.17k.com/book/2805259.html", "http://www.17k.com/book/2760255.html", "http://www.17k.com/book/2686894.html", "http://www.17k.com/book/2797016.html", "http://www.17k.com/book/2767246.html", "http://www.17k.com/book/2764239.html", "http://www.17k.com/book/2754498.html", "http://www.17k.com/book/2754900.html", "http://www.17k.com/book/2625740.html", "http://www.17k.com/book/2213315.html", "http://www.17k.com/book/2402178.html", "http://www.17k.com/book/2691221.html", "http://www.17k.com/book/2210699.html", "http://www.17k.com/book/1797752.html", "http://www.17k.com/book/2575507.html", "http://www.17k.com/book/2705181.html", "http://www.17k.com/book/2702539.html", "http://www.17k.com/book/2474887.html", "http://www.17k.com/book/2674733.html", "http://www.17k.com/book/2822076.html", "http://www.17k.com/book/2809894.html", "http://www.17k.com/book/2822077.html", "http://www.17k.com/book/2811930.html", "http://www.17k.com/book/2815548.html", "http://www.17k.com/book/2819620.html", "http://www.17k.com/book/2809964.html", "http://www.17k.com/book/2808200.html", "http://www.17k.com/book/2820100.html", "http://www.17k.com/book/2822978.html", "http://www.17k.com/book/2804337.html", "http://www.17k.com/book/2798814.html", "http://www.17k.com/book/2785153.html", "http://www.17k.com/book/2731559.html", "http://www.17k.com/book/2722533.html", "http://www.17k.com/book/2458377.html", "http://www.17k.com/book/2743300.html", "http://www.17k.com/book/973809.html", "http://www.17k.com/book/2651367.html", "http://www.17k.com/book/2726194.html", "http://www.17k.com/book/2790214.html", "http://www.17k.com/book/493239.html", "http://www.17k.com/book/108821.html", "http://www.17k.com/book/1398783.html", "http://www.17k.com/book/83528.html", "http://www.17k.com/book/1859126.html", "http://www.17k.com/book/1741975.html", "http://www.17k.com/book/192453.html", "http://www.17k.com/book/2459058.html", "http://www.17k.com/book/1050747.html", "http://www.17k.com/book/2700315.html", "http://www.17k.com/book/2818940.html", "http://www.17k.com/book/2819519.html", "http://www.17k.com/book/2816390.html", "http://www.17k.com/book/2819588.html", "http://www.17k.com/book/2813768.html", "http://www.17k.com/book/2822406.html", "http://www.17k.com/book/2772164.html", "http://www.17k.com/book/2784023.html", "http://www.17k.com/book/2811877.html", "http://www.17k.com/book/2809119.html", "http://www.17k.com/book/2803700.html", "http://www.17k.com/book/2819561.html", "http://www.17k.com/book/2746506.html", "http://www.17k.com/book/2811836.html", "http://www.17k.com/book/2614810.html", "http://www.17k.com/book/1592435.html", "http://www.17k.com/book/1949748.html", "http://www.17k.com/book/2265802.html", "http://www.17k.com/book/2743240.html", "http://www.17k.com/book/2657437.html", "http://www.17k.com/book/2644502.html", "http://www.17k.com/book/2199900.html", "http://www.17k.com/book/2725436.html", "http://www.17k.com/book/2629978.html"]}