{"ratings": -1, "userreviews": [{"userName": "\u522b\u6015\uff0c\u6211\u4e0d\u662f\u597d\u4eba", "userReviewDate": "2018-06-07", "userURL": "http://user.17k.com/62599837", "userReview": "\u8fd9\u672c\u4e66\u8ba9\u6211\u8ff7\u4e0a\u4e86\uff0c\u51c6\u5907\u7ee7\u7eed\u8ffd"}, {"userName": "\u97e9\u4ed9\u5251", "userReviewDate": "2018-06-06", "userURL": "http://user.17k.com/57159020", "userReview": "\u665a\u597d\uff0c\u652f\u6301\u52a0\u6cb9\u3002"}, {"userName": "\u6708\u843d\u68a6\u8ffd\u5fc6", "userReviewDate": "2018-05-27", "userURL": "http://user.17k.com/57478135", "userReview": "\u8bf7\u6536\u8ffd\u5fc6\u4e00\u8bb0\u819d\u76d6"}, {"userName": "\u7cbe\u7075\u5c0f\u8822", "userReviewDate": "2018-05-22", "userURL": "http://user.17k.com/62060434", "userReview": "[\u6253\u8d4f]\u6211\u6253\u8d4f\u4e861\u4e2a'\u5c0f\u5fc3\u5fc3'\uff01\uff01"}, {"userName": "\u8000\u7384", "userReviewDate": "2017-10-08", "userURL": "http://user.17k.com/51406429", "userReview": "\u600e\u4e48\u4e0d\u66f4\u65b0\u4e86"}, {"userName": "\u4e4c\u59d2", "userReviewDate": "2017-07-24", "userURL": "http://user.17k.com/56357332", "userReview": "\u5c0f\u59d2\u643a<a target='_blank' href='http://www.17k.com/book/2579409.html'>\u300a\u743c\u60ca\u8d4b\u300b</a>\u524d\u6765\u62dc\u8bbf\u3002"}, {"userName": "\u674e\u7389\u99a8\u7199", "userReviewDate": "2017-07-03", "userURL": "http://user.17k.com/56025321", "userReview": "\u65b0\u4eba\u6765\u643a<a target='_blank' href='http://www.17k.com/book/2556685.html'>\u300a\u91cd\u751f\u4e4b\u590d\u4ec7\u4e4b\u5973\u52c7\u95ef\u7537\u6821\u300b</a>\uff0c\u4f5c\u8005\u7684\u6587\u7b14\u5f88\u597d\u54e6\uff01\u7ee7\u7eed\u52a0\u6cb9\uff01\uff01\uff01"}, {"userName": "\u8299\u82e5\u77e5\u747e", "userReviewDate": "2017-07-03", "userURL": "http://user.17k.com/49974841", "userReview": "<a target='_blank' href='http://www.17k.com/book/2496520.html'>\u300a\u6536\u670d\u5f02\u80fd\u8005\u653b\u7565\u300b</a>\u6765\u8bbf\uff01\u5154\u5154\u5927\u5927\u52a0\u6cb9\u2229\u25bd\u2229"}, {"userName": "\u53f6\u843d\u5b50\u75d5", "userReviewDate": "2017-06-14", "userURL": "http://user.17k.com/33080428", "userReview": "\u5348\u597d\u5927\u5927\uff01\u4e03\u4ed9\u5251\u4f20\u770b\u4e66\uff01\u652f\u6301\u5b66\u4e60\uff01\uff01"}, {"userName": "\u58a8\u4e36\u5c1b\u6cab", "userReviewDate": "2016-10-15", "userURL": "http://user.17k.com/44575940", "userReview": "\u5154\u5b50\u52a0\u6cb9\u66f4\u65b0\uff0c\u5750\u7b49\uff5e\uff08\u4e56\u5de7\uff09"}, {"userName": "\u67ab\u58f0\u6f47\u6f47", "userReviewDate": "2016-10-09", "userURL": "http://user.17k.com/49897424", "userReview": "\u65b0\u4eba\u6765\u643a<a target='_blank' href='http://www.17k.com/book/2147740.html'>\u300a\u7231\u9759\u4e00\u751f\u300b</a>\u62dc\u8bbf\u55bd\uff0c\u6c42\u56de\u8bbf\uff0c\u6c42\u8bc4\u4ef7"}, {"userName": "\u738b\u6c0f\u663e\u4e00\u90ce", "userReviewDate": "2016-10-08", "userURL": "http://user.17k.com/50202233", "userReview": "\u5927\u5927\uff0c\u60a8\u8bf4\u7684\u90a3\u4e2a\u7b7e\u7ea6\u662f\u600e\u4e48\u56de\u4e8b\uff1f\u6211\u6700\u8fd1\u4e5f\u8fbe\u5230\u4e86\u4e09\u4e07\u5b57\uff0c\u51c6\u5907\u7b7e\u7ea6\uff0c\u6c42\u6307\u6559\uff01"}, {"userName": "qzuser000486799", "userReviewDate": "2016-10-07", "userURL": "http://user.17k.com/44059637", "userReview": "\u597d\u770b\u597d\u770b\u597d\u770b\uff0c\u5154\u5b50\u80fd\u4e0d\u80fd\u66f4\u65b0\u5feb\u70b9"}, {"userName": "qzuser000486799", "userReviewDate": "2016-10-07", "userURL": "http://user.17k.com/44059637", "userReview": "[\u6253\u8d4f]\u6211\u6253\u8d4f\u4e868\u5143\u7ea2\u5305\uff01\uff01"}, {"userName": "\u58a8\u4e36\u5c1b\u6cab", "userReviewDate": "2016-08-12", "userURL": "http://user.17k.com/44575940", "userReview": "\u611f\u89c9\u50cf\u662f\u4e00\u7fa4\u4e61\u5df4\u4f6c\u8fdb\u57ce\uff0c\u54c8\u54c8\u54c8"}, {"userName": "\u73ba\u4f60\u5df2\u4e45", "userReviewDate": "2016-08-09", "userURL": "http://user.17k.com/45036268", "userReview": "\u597d\u597d\u770b\uff0c\u5927\u5927\u597d\u5389\u5bb3"}, {"userName": "\u58a8\u4e36\u5c1b\u6cab", "userReviewDate": "2016-08-08", "userURL": "http://user.17k.com/44575940", "userReview": "\u81ea\u52a8\u8ba2\u9605\u5566\uff0c\u5154\u5b50\u52a0\u6cb9\u4e48\u4e48\u54d2~(\u3065\uffe33\uffe3)\u3065\u256d\u2764\uff5e"}, {"userName": "\u542f\u52a8\u5927\u9633", "userReviewDate": "2016-08-06", "userURL": "http://user.17k.com/48382107", "userReview": "\u597d\u4e66\u503c\u5f97\u6b23\u8d4f<a target='_blank' href='http://www.17k.com/book/2016042.html'>\u300a\u7a7f\u8d8a\u4e94\u884c\u4fee\u4ed9\u300b</a>http://user.17k.com/48382107\u7231\u7231\uff0c\u6b22\u8fce\u5927\u5bb6\uff0c\u7231\u7231\uff0c\u7b49\u4f60\u53bb\u652f\u6301\u3002"}, {"userName": "\u542f\u52a8\u5927\u9633", "userReviewDate": "2016-08-04", "userURL": "http://user.17k.com/48382107", "userReview": "<a target='_blank' href='http://www.17k.com/book/2016042.html'>\u300a\u7a7f\u8d8a\u4e94\u884c\u4fee\u4ed9\u300b</a>http://user.17k.com/48382107\u7533\u8bf7\u7b7e\u7ea6\u6c42\u5305\u517b\uff0c\u6c42\u79c1\u5954\uff0c\u6c42\u4e00\u5207\uff0c\u54e6\u54e6\u3002"}, {"userName": "\u91d1\u6728\u7814\u9171", "userReviewDate": "2016-08-02", "userURL": "http://user.17k.com/44010054", "userReview": "\u5154\u5b50\u52a0\u6cb9\u554a"}], "description": "\u83ab\u540d\u5176\u5999\u88ab\u62db\u8fdb\u795e\u79d8\u7ec4\u7ec7GB\uff0c\u6293\u5c3d\u4e16\u95f4\u6076\u9b3c\uff0c\u7ef4\u62a4\u4e16\u754c\u548c\u5e73\u3002\u3000\u3000\u521a\u53bb\u62a5\u9053\uff0c\u5c31\u88ab\u5206\u5230\u989c\u503c\u7206\u8868\u7684Boss\u5927\u4eba\u624b\u4e0b\uff0c\u8fd9\u5c31\u610f\u5473\u7740\u4ee5\u540e\u9b3c\u8981\u4e00\u4e2a\u4eba\u6293\uff0c\u67aa\u5b50\u8981\u4e00\u4e2a\u4eba\u6328\uff0c\u7889\u5821\u8981\u4e00\u4e2a\u4eba\u70b8\uff0c\u8fd8\u8981\u53d7\u5c3d\u65e0\u65703\u5ac9\u5992\u7684\u767d\u773c\uff0c\u5b9d\u5b9d\u5fc3\u91cc\u82e6\u554a\uff01\u3000\u3000\"\u4ece\u4eca\u4ee5\u540e\uff0c\u4f60\u5c31\u662f\u6211\u7684\u4eba\u4e86\u3002\"\u3000\u3000\"\u8001\u5927\uff0c\u4f60\u8fd9\u6837\u8bf4\uff0c\u5f88\u5bb9\u6613\u8ba9\u4eba\u8bef\u4f1a\u6211\u88ab\u4f60\u517b\u4e86\u2026\u2026\"\u3000\u3000\"\u5982\u679c\u4f60\u613f\u610f\uff0c\u4f60\u4e5f\u53ef\u4ee5\u517b\u6211\u3002\"\u3000\u3000\"\u2026\u2026\"\u3000\u3000\u6b22\u8fce\u52a0\u5165\u5154\u5b50\u4e13\u5c5e\u7fa4:567987524", "title": "Boss\u5927\u4eba\u592a\u9ad8\u51b7", "url": "http://www.17k.com/book/1812965.html", "average": -1.0, "cover": "http://img.17k.com/images/bookcover/2016/9064/45/1812965-1460555108000.jpg", "reviews": 49906, "authors": [{"url": "http://www.17k.com/zuozhe/43596780", "name": "\u5996\u7cbe\u5154"}], "type": ["\u5e7b\u60f3\u7206\u7b11"], "outlinks": ["http://www.17k.com/book/2794982.html", "http://www.17k.com/book/2801292.html", "http://www.17k.com/book/2816318.html", "http://www.17k.com/book/2797575.html", "http://www.17k.com/book/2802516.html", "http://www.17k.com/book/2812195.html", "http://www.17k.com/book/2820143.html", "http://www.17k.com/book/2807943.html", "http://www.17k.com/book/2813457.html", "http://www.17k.com/book/2798058.html", "http://www.17k.com/book/2815617.html", "http://www.17k.com/book/2805259.html", "http://www.17k.com/book/2760255.html", "http://www.17k.com/book/2686894.html", "http://www.17k.com/book/2797016.html", "http://www.17k.com/book/2767246.html", "http://www.17k.com/book/2764239.html", "http://www.17k.com/book/2754498.html", "http://www.17k.com/book/2754900.html", "http://www.17k.com/book/2625740.html", "http://www.17k.com/book/2213315.html", "http://www.17k.com/book/2402178.html", "http://www.17k.com/book/2691221.html", "http://www.17k.com/book/2210699.html", "http://www.17k.com/book/1797752.html", "http://www.17k.com/book/2575507.html", "http://www.17k.com/book/2705181.html", "http://www.17k.com/book/2702539.html", "http://www.17k.com/book/2474887.html", "http://www.17k.com/book/2674733.html", "http://www.17k.com/book/2822076.html", "http://www.17k.com/book/2809894.html", "http://www.17k.com/book/2822077.html", "http://www.17k.com/book/2811930.html", "http://www.17k.com/book/2815548.html", "http://www.17k.com/book/2819620.html", "http://www.17k.com/book/2809964.html", "http://www.17k.com/book/2808200.html", "http://www.17k.com/book/2820100.html", "http://www.17k.com/book/2822978.html", "http://www.17k.com/book/2804337.html", "http://www.17k.com/book/2798814.html", "http://www.17k.com/book/2785153.html", "http://www.17k.com/book/2731559.html", "http://www.17k.com/book/2722533.html", "http://www.17k.com/book/2458377.html", "http://www.17k.com/book/2743300.html", "http://www.17k.com/book/973809.html", "http://www.17k.com/book/2651367.html", "http://www.17k.com/book/2726194.html", "http://www.17k.com/book/2790214.html", "http://www.17k.com/book/493239.html", "http://www.17k.com/book/108821.html", "http://www.17k.com/book/1398783.html", "http://www.17k.com/book/83528.html", "http://www.17k.com/book/1859126.html", "http://www.17k.com/book/1741975.html", "http://www.17k.com/book/192453.html", "http://www.17k.com/book/2459058.html", "http://www.17k.com/book/1050747.html", "http://www.17k.com/book/2700315.html", "http://www.17k.com/book/2818940.html", "http://www.17k.com/book/2819519.html", "http://www.17k.com/book/2816390.html", "http://www.17k.com/book/2819588.html", "http://www.17k.com/book/2813768.html", "http://www.17k.com/book/2822406.html", "http://www.17k.com/book/2772164.html", "http://www.17k.com/book/2784023.html", "http://www.17k.com/book/2811877.html", "http://www.17k.com/book/2809119.html", "http://www.17k.com/book/2803700.html", "http://www.17k.com/book/2819561.html", "http://www.17k.com/book/2746506.html", "http://www.17k.com/book/2811836.html", "http://www.17k.com/book/2614810.html", "http://www.17k.com/book/1592435.html", "http://www.17k.com/book/1949748.html", "http://www.17k.com/book/2265802.html", "http://www.17k.com/book/2743240.html", "http://www.17k.com/book/2657437.html", "http://www.17k.com/book/2644502.html", "http://www.17k.com/book/2199900.html", "http://www.17k.com/book/2725436.html", "http://www.17k.com/book/2629978.html"]}