{"ratings": -1, "userreviews": [{"userName": "\u54b8\u9c7c\u83cc", "userReviewDate": "2018-04-06", "userURL": "http://user.17k.com/55265441", "userReview": "\u54c7\u5c45\u7136\u770b\u5230CC\u7684\u540c\u4eba\u6587\u8fa3\uff0c\u53ea\u662f\u6709\u4e9b\u53ef\u60dc\u597d\u4e45\u6ca1\u4e0aB\u7ad9\u4e86\uff08\u8db4"}, {"userName": "17K\u4e66\u53cbooqtbr17", "userReviewDate": "2018-01-11", "userURL": "http://user.17k.com/59368829", "userReview": "\u55ef\uff0c\u8fd9\u662fc\u83cc\u7684\u7c89\u4e1d\u5427\uff1f\u6070\u5de7\u6211\u4e5f\u662f\uff0c\u652f\u6301\u3002"}, {"userName": "\u6d45\u7b11&deg;796613327", "userReviewDate": "2018-01-09", "userURL": "http://user.17k.com/59291210", "userReview": "\u7ed9\u4f60\u662f\u6211\u540c\u5b66\u7684\u4efd\u4e0a\u7ed9\u4f60\u5dee\u8bc4"}, {"userName": "\u7559\u68a6\u5915\u9633", "userReviewDate": "2018-01-09", "userURL": "http://user.17k.com/59291191", "userReview": "C\u83cc\u52a0\u6cb9\uff01"}, {"userName": "Mr.\u9999\u5409\u58eb", "userReviewDate": "2018-01-01", "userURL": "http://user.17k.com/59170626", "userReview": "\u8bdd\u8bf4\uff0c\u4f5c\u8005\u8fd9\u4e24\u5929\u6ca1\u6709\u66f4\u65b0\u554a\u3002\u5e94\u8be5\u662f\u8de8\u5e74\u53bb\u4e86\u5427\u3002\u5f53\u521d\u770b\u89c1\u83ab\u7406\u624d\u8fdb\u6765\u7684\uff0c\u4f5c\u8005\u4e00\u76f4\u5199\u7684\u8309\u8389\uff0c\u6253\u9519\u4e86\u554a\u5582\u3002\u4e0d\u8fc7\uff0c\u52a0\u6cb9\u3002"}, {"userName": "EdselnDChen", "userReviewDate": "2017-12-31", "userURL": "http://user.17k.com/59056827", "userReview": "\u52a0\u6cb9(\u0e07 \u2022\u0300_\u2022\u0301)\u0e07\uff0c\u4e3a\u4e86\u8001E\u3002"}, {"userName": "\u5468\u6811\u5c9a", "userReviewDate": "2017-12-28", "userURL": "http://user.17k.com/59116610", "userReview": "\u52a0\u6cb9\uff5e"}, {"userName": "\u5c0f\u9e1f\u6e38\u82cd\u6708", "userReviewDate": "2017-12-26", "userURL": "http://user.17k.com/56565804", "userReview": "<a target='_blank' href='http://www.17k.com/book/2625921.html'>\u300a\u6625\u5deb\u300b</a>\u611f\u89c9\u4f60\u8fd9\u4e2a\u4e0d\u5e94\u8be5\u7b97\u6e38\u620f\u6539\u7f16\u5427\uff0c\u867d\u7136C\u83cc\u662fB\u7ad9\u6e38\u620f\u533a\u7684\u963f\u5a46\u4e3b"}, {"userName": "\u6708\u4e2d\u5bd2\u6eaa", "userReviewDate": "2017-12-23", "userURL": "http://user.17k.com/56288607", "userReview": "\u52a0\u6cb9\u554a"}, {"userName": "wangl241427901", "userReviewDate": "2017-12-21", "userURL": "http://user.17k.com/59011718", "userReview": "\u770b\u5728\u4f60\u7ed9\u6211\u6253\u62f3\u7687\u7684\u4efd\u4e0a\u7ed9\u4f60\u4e00\u4e2a\u597d\u8bc4"}], "description": "\u672c\u5c0f\u8bf4\u662f@\u6e17\u900f\u4e4bC\u541b\u7684\u540c\u4eba\u5c0f\u8bf4\uff0c\u4f46\u4e0d\u662f\u4ee3\u8868\u5176\u4ed6UP\u4e3b\u4e0d\u4f1a\u51fa\u73b0\u5982\u8309\u8389\uff0c\u8001E\uff0c\u6556\u5382\u957f\u7b49\u3002\u672c\u4e66\u662f\u5728\u5411\u8fd9B\u7ad9\u90a3\u4e9b\u503c\u5f97\u6211\u4eec\u5c0a\u656c\u7684UP\u81f4\u656c\uff0c\u4ece\u800c\u611f\u8c22\u4ed6\u4eec\u5e26\u7ed9\u6211\u4eec\u7684\u6b22\u4e50\u3002", "title": "C\u83cc\u7684\u5947\u5999\u5927\u5192\u9669", "url": "http://www.17k.com/book/2743737.html", "average": -1.0, "cover": "http://img.17k.com/images/bookcover/2018/13718/68/2743737-1524409747000.jpg", "reviews": 1187, "authors": [{"url": "http://www.17k.com/zuozhe/45862127", "name": "\u62b1\u7740\u5b89\u59ae\u7684\u5c0f\u718a"}], "type": ["\u6e38\u620f\u540c\u4eba"], "outlinks": ["http://www.17k.com/book/2794982.html", "http://www.17k.com/book/2801292.html", "http://www.17k.com/book/2816318.html", "http://www.17k.com/book/2797575.html", "http://www.17k.com/book/2802516.html", "http://www.17k.com/book/2812195.html", "http://www.17k.com/book/2820143.html", "http://www.17k.com/book/2807943.html", "http://www.17k.com/book/2813457.html", "http://www.17k.com/book/2798058.html", "http://www.17k.com/book/2815617.html", "http://www.17k.com/book/2805259.html", "http://www.17k.com/book/2760255.html", "http://www.17k.com/book/2686894.html", "http://www.17k.com/book/2797016.html", "http://www.17k.com/book/2767246.html", "http://www.17k.com/book/2764239.html", "http://www.17k.com/book/2754498.html", "http://www.17k.com/book/2754900.html", "http://www.17k.com/book/2625740.html", "http://www.17k.com/book/2213315.html", "http://www.17k.com/book/2402178.html", "http://www.17k.com/book/2691221.html", "http://www.17k.com/book/2210699.html", "http://www.17k.com/book/1797752.html", "http://www.17k.com/book/2575507.html", "http://www.17k.com/book/2705181.html", "http://www.17k.com/book/2702539.html", "http://www.17k.com/book/2474887.html", "http://www.17k.com/book/2674733.html", "http://www.17k.com/book/2822076.html", "http://www.17k.com/book/2809894.html", "http://www.17k.com/book/2822077.html", "http://www.17k.com/book/2811930.html", "http://www.17k.com/book/2815548.html", "http://www.17k.com/book/2819620.html", "http://www.17k.com/book/2809964.html", "http://www.17k.com/book/2808200.html", "http://www.17k.com/book/2820100.html", "http://www.17k.com/book/2822978.html", "http://www.17k.com/book/2804337.html", "http://www.17k.com/book/2798814.html", "http://www.17k.com/book/2785153.html", "http://www.17k.com/book/2731559.html", "http://www.17k.com/book/2722533.html", "http://www.17k.com/book/2458377.html", "http://www.17k.com/book/2743300.html", "http://www.17k.com/book/973809.html", "http://www.17k.com/book/2651367.html", "http://www.17k.com/book/2726194.html", "http://www.17k.com/book/2790214.html", "http://www.17k.com/book/493239.html", "http://www.17k.com/book/108821.html", "http://www.17k.com/book/1398783.html", "http://www.17k.com/book/83528.html", "http://www.17k.com/book/1859126.html", "http://www.17k.com/book/1741975.html", "http://www.17k.com/book/192453.html", "http://www.17k.com/book/2459058.html", "http://www.17k.com/book/1050747.html", "http://www.17k.com/book/2700315.html", "http://www.17k.com/book/2818940.html", "http://www.17k.com/book/2819519.html", "http://www.17k.com/book/2816390.html", "http://www.17k.com/book/2819588.html", "http://www.17k.com/book/2813768.html", "http://www.17k.com/book/2822406.html", "http://www.17k.com/book/2772164.html", "http://www.17k.com/book/2784023.html", "http://www.17k.com/book/2811877.html", "http://www.17k.com/book/2809119.html", "http://www.17k.com/book/2803700.html", "http://www.17k.com/book/2819561.html", "http://www.17k.com/book/2746506.html", "http://www.17k.com/book/2811836.html", "http://www.17k.com/book/2614810.html", "http://www.17k.com/book/1592435.html", "http://www.17k.com/book/1949748.html", "http://www.17k.com/book/2265802.html", "http://www.17k.com/book/2743240.html", "http://www.17k.com/book/2657437.html", "http://www.17k.com/book/2644502.html", "http://www.17k.com/book/2199900.html", "http://www.17k.com/book/2725436.html", "http://www.17k.com/book/2629978.html"]}