{"ratings": -1, "userreviews": [{"userName": "\u8bb0&middot;\u68a6", "userReviewDate": "2018-04-29", "userURL": "http://user.17k.com/55639917", "userReview": "\u597d\u4e0d\u5bb9\u6613\u66f4\u65b0\u4e86\uff0c\u5927\u5927\uff0c\u6211\u4e5f\u73a9\u6296\u97f3\u8bf6\uff0c\u8bf4\u4e0d\u5b9a\u6211\u5173\u6ce8\u7684\u4eba\u4e5f\u6709\u4f60"}, {"userName": "Dear_\u7d2b\u604b", "userReviewDate": "2018-03-02", "userURL": "http://user.17k.com/60246548", "userReview": "[\u6253\u8d4f]\u6211\u6253\u8d4f\u4e861\u5143\u7ea2\u5305\uff01\uff01"}, {"userName": "\u9357\u5bc7\u7d33", "userReviewDate": "2018-02-22", "userURL": "http://user.17k.com/60018646", "userReview": "\u5927\u5927\uff0c\u5230\u5e95\u54ea\u4e2a\u662f\u7537\u732a\u811a\u5440(\u0e51\u2022 . \u2022\u0e51)( \u2022\u0300\u2200\u2022\u0301 )"}, {"userName": "17K\u4e66\u53cb9IXPDOLE", "userReviewDate": "2018-02-21", "userURL": "http://user.17k.com/54992534", "userReview": "\u5927\u5927\u7684\u5c0f\u8bf4\u5f00\u5934\u4e0e\u6211\u770b\u8fc7\u66f4\u65e9\u7684\u4e00\u90e8\u5c0f\u8bf4\u5f88\u76f8\u50cf\u5462"}, {"userName": "\u5434\u8bd7\u5fc3\u5440", "userReviewDate": "2017-10-23", "userURL": "http://user.17k.com/43270989", "userReview": "\u8fd9\u662f\u8d9f\u5e7c\u513f\u56ed\u7684\u8f66(\u6342\u8138)"}, {"userName": "\u53f6\u8459\u82b8", "userReviewDate": "2017-10-22", "userURL": "http://user.17k.com/57517697", "userReview": "\u5927\u5927\u52a0\u6cb9\uff01\u643a<a target='_blank' href='http://www.17k.com/book/2663126.html'>\u300a\u4eba\u72d0\u4e4b\u7ea6\u300b</a>\u524d\u6765\u652f\u6301\uff01\u4eb2\u4eec\u5feb\u6765\u770b\u54e6\uff01\u5c0f\u8bf4\u5730\u5740http://h5.17k.com/book/2663126.html"}, {"userName": "\u5434\u8bd7\u5fc3\u5440", "userReviewDate": "2017-08-27", "userURL": "http://user.17k.com/43270989", "userReview": "\u5927\u5927\u4f60\u628a\u5730\u5740\u7ed9\u6211\u5427\u6211\u628a\u8fa3\u6761\u7ed9\u4f60\u5bc4\u8fc7\u53bb\u54c8\u54c8\u54c8\u54c8"}, {"userName": "\u5434\u8bd7\u5fc3\u5440", "userReviewDate": "2017-08-27", "userURL": "http://user.17k.com/43270989", "userReview": "\u54ce\u5440\u6211\u7684\u8fa3\u6761\u2026\u2026"}, {"userName": "\u5434\u8bd7\u5fc3\u5440", "userReviewDate": "2017-08-27", "userURL": "http://user.17k.com/43270989", "userReview": "\u54ce\u5440\u6211\u7684\u8fa3\u6761\u2026\u2026"}, {"userName": "\u4e00\u53ea\u6df1\u7231\u7740\u9e7f\u7684\u52cb", "userReviewDate": "2017-08-26", "userURL": "http://user.17k.com/54466285", "userReview": "\u4eba\u4eba\u6c14\u597d\u9ad8\u554a\uff0c\u671b\u56de\u8bbf\uff0c\u4e48\u4e48\u54d2"}, {"userName": "\u5434\u8bd7\u5fc3\u5440", "userReviewDate": "2017-08-24", "userURL": "http://user.17k.com/43270989", "userReview": "\u6211\u8d4c\u534a\u5305\u8fa3\u6761\uff0c\u9171\u6cb9\u672a\u5a5a\u592b\u80af\u5b9a\u662f\u6768\u6d0b(\u9e21\u6c41)"}, {"userName": "\u6700\u8000\u773c\u7684\u661f\u7a7a", "userReviewDate": "2017-08-24", "userURL": "http://user.17k.com/55427097", "userReview": "\u597d\u770b\u597d\u770b\uff0c\u4f5c\u8005\u5927\u5927\u52a0\u6cb9\uff01"}, {"userName": "\u7a1a\u79be", "userReviewDate": "2017-08-22", "userURL": "http://user.17k.com/44679876", "userReview": "\u6211\u73b0\u5728\u53ef\u4ee5\u8bf4\u662f\u91cd\u65b0\u5f00\u59cb\u4e86\uff0c\u6587\u7b14\u53ef\u80fd\u9000\u5316\u597d\u591a\uff0c\u5e0c\u671b\u5927\u5bb6\u591a\u591a\u7ed9\u6211\u63d0\u70b9\u5efa\u8bae\uff0c\u62dc\u6258\u4e86\u3002\u6211\u8fd8\u60f3\u77e5\u9053\u6709\u591a\u5c11\u4eba\u662f\u4e00\u76f4\u7b49\u7740\u6211\u56de\u5f52\uff0c\u53ef\u4ee5\u8ba9\u6211\u77e5\u9053\u5417\uff1f\u5927\u5bb6\u53ef\u4ee5\u52a0\u6211qq2756846524\u5c0f\u8bf4\u7d20\u6750\u5e0c\u671b\u5927\u5bb6\u53ef\u4ee5\u63d0\u4f9b\u4e00\u70b9\u54e6\u8c22\u8c22\u5927\u5bb6\u4e86"}, {"userName": "\u6797\u5c7f\u5cd6", "userReviewDate": "2017-08-20", "userURL": "http://user.17k.com/47045206", "userReview": "\u55ef\u2026\u2026\u521a\u521a\u4ed4\u7ec6\u7684\u770b\u4e86\u770b\u6587\uff0c\u5f88\u4e0d\u9519\u5462\uff0c\u4e0d\u77e5\u9053\u5927\u5927\u6709\u6ca1\u6709\u5174\u8da3\u6765\u770b\u770b\u6211\u7684\u540c\u4eba\u6587<a target='_blank' href='http://www.17k.com/book/1943116.html'>\u300a\u853c\u853c\u96fe\u5f25\u6f2b\u300b</a>"}, {"userName": "M\u963f\u7720", "userReviewDate": "2017-07-29", "userURL": "http://user.17k.com/48160064", "userReview": "\u52a0\u6cb9"}, {"userName": "\u5434\u8bd7\u5fc3\u5440", "userReviewDate": "2017-07-12", "userURL": "http://user.17k.com/43270989", "userReview": "\u5927\u5927\u52a0\u6cb9\u52a0\u6cb9\uff01\u6c38\u8fdc\u652f\u6301\u4f60\u54d2\uff01"}, {"userName": "\u6849\u6811\u4e0e\u68e0", "userReviewDate": "2017-07-08", "userURL": "http://user.17k.com/56137272", "userReview": "\u5bb6\u4eba\u52a0\u6cb9\uff01\u8fd9\u91cc\u5168\u4e16\u754c\u6700\u53ef\u7231\u6797\u6849\u563b\u563b"}, {"userName": "\u4e45\u54e5\u54e5\u662f\u4e2a\u5c0f\u59d0\u59d0", "userReviewDate": "2017-06-29", "userURL": "http://user.17k.com/54542003", "userReview": "\u52a0\u6cb9\uff08*\uff3e\u30ef\uff3e*\uff09"}, {"userName": "\u5b64\u72ec\u8005\u7684\u54c0\u4f24", "userReviewDate": "2017-06-24", "userURL": "http://user.17k.com/49180003", "userReview": "\u56de\u5f52\u554a\uff0c\u8fd8\u7b49\u4ec0\u4e48\u554a"}, {"userName": "\u72d0\u5996\u5c11\u7237\u8840\u6a31\u72fc", "userReviewDate": "2017-06-24", "userURL": "http://user.17k.com/49112000", "userReview": "\u5f53\u7136\u56de\u5f52\uff0c\u8fd9\u624d\u662f\u4f60\u7684\u98ce\u683c\u554a(\u4e3e\u624b\u7b49\u5f85\u51fb\u638c)"}], "description": "\u8fd9\u4e0d\u516c\u5e73\uff01\u3000\u3000\u51ed\u4ec0\u4e48\u5176\u4ed6\u4eba\u7a7f\u8d8a\u662f\u5973\u4e3b\uff0c\u6211\u7a7f\u8d8a\u5c31\u662f\u5973\u914d\uff1f\uff01\u3000\u3000\u5973\u4e3b\u8fd8\u662f\u4e2a\u767d\u83b2\uff01\u3000\u3000\u66f4\u53ef\u6076\u7684\u662f\uff0c\u8fd9\u7537\u4e3b\u4e5f\u592a\u5e05\u4e86\u5427\uff01\u3000\u3000\u5c31\u56e0\u4e3a\u8fd9\u767d\u83b2\u5973\u4e3b\uff0c\u5e05\u6bd4\u7537\u4e3b\u4e00\u4e2a\u4e2a\u90fd\u8ba8\u538c\u6211\uff0c\u3000\u3000\u6211\u62db\u8c01\u60f9\u8c01\u4e86\uff1f\uff01\u3000\u3000\u4f5c\u4e3a\u4e00\u53ea\u65e0\u8f9c\u7684\u5b69\u7eb8\uff0c\u6211\u8981\u9006\u88ad\uff01\u3000\u3000\u767d\u83b2\u5973\u4e3b\uff0c\u63a5\u62db\u5427\uff01", "title": "EXO\u4e4b\u767d\u83b2\u5973\u4e3b\uff0c\u63a5\u62db\u5427", "url": "http://www.17k.com/book/2016806.html", "average": -1.0, "cover": "http://img.17k.com/images/bookcover/2016/10084/50/2016806-1474027666000.jpg", "reviews": 649216, "authors": [{"url": "http://www.17k.com/zuozhe/44679876", "name": "\u661f\u8fb0\u70b9\u96ea"}], "type": ["\u6821\u56ed\u9752\u6625"], "outlinks": ["http://www.17k.com/book/2794982.html", "http://www.17k.com/book/2801292.html", "http://www.17k.com/book/2816318.html", "http://www.17k.com/book/2797575.html", "http://www.17k.com/book/2802516.html", "http://www.17k.com/book/2812195.html", "http://www.17k.com/book/2820143.html", "http://www.17k.com/book/2807943.html", "http://www.17k.com/book/2813457.html", "http://www.17k.com/book/2798058.html", "http://www.17k.com/book/2815617.html", "http://www.17k.com/book/2805259.html", "http://www.17k.com/book/2760255.html", "http://www.17k.com/book/2686894.html", "http://www.17k.com/book/2797016.html", "http://www.17k.com/book/2767246.html", "http://www.17k.com/book/2764239.html", "http://www.17k.com/book/2754498.html", "http://www.17k.com/book/2754900.html", "http://www.17k.com/book/2625740.html", "http://www.17k.com/book/2213315.html", "http://www.17k.com/book/2402178.html", "http://www.17k.com/book/2691221.html", "http://www.17k.com/book/2210699.html", "http://www.17k.com/book/1797752.html", "http://www.17k.com/book/2575507.html", "http://www.17k.com/book/2705181.html", "http://www.17k.com/book/2702539.html", "http://www.17k.com/book/2474887.html", "http://www.17k.com/book/2674733.html", "http://www.17k.com/book/2822076.html", "http://www.17k.com/book/2809894.html", "http://www.17k.com/book/2822077.html", "http://www.17k.com/book/2811930.html", "http://www.17k.com/book/2815548.html", "http://www.17k.com/book/2819620.html", "http://www.17k.com/book/2809964.html", "http://www.17k.com/book/2808200.html", "http://www.17k.com/book/2820100.html", "http://www.17k.com/book/2822978.html", "http://www.17k.com/book/2804337.html", "http://www.17k.com/book/2798814.html", "http://www.17k.com/book/2785153.html", "http://www.17k.com/book/2731559.html", "http://www.17k.com/book/2722533.html", "http://www.17k.com/book/2458377.html", "http://www.17k.com/book/2743300.html", "http://www.17k.com/book/973809.html", "http://www.17k.com/book/2651367.html", "http://www.17k.com/book/2726194.html", "http://www.17k.com/book/2790214.html", "http://www.17k.com/book/493239.html", "http://www.17k.com/book/108821.html", "http://www.17k.com/book/1398783.html", "http://www.17k.com/book/83528.html", "http://www.17k.com/book/1859126.html", "http://www.17k.com/book/1741975.html", "http://www.17k.com/book/192453.html", "http://www.17k.com/book/2459058.html", "http://www.17k.com/book/1050747.html", "http://www.17k.com/book/2700315.html", "http://www.17k.com/book/2818940.html", "http://www.17k.com/book/2819519.html", "http://www.17k.com/book/2816390.html", "http://www.17k.com/book/2819588.html", "http://www.17k.com/book/2813768.html", "http://www.17k.com/book/2822406.html", "http://www.17k.com/book/2772164.html", "http://www.17k.com/book/2784023.html", "http://www.17k.com/book/2811877.html", "http://www.17k.com/book/2809119.html", "http://www.17k.com/book/2803700.html", "http://www.17k.com/book/2819561.html", "http://www.17k.com/book/2746506.html", "http://www.17k.com/book/2811836.html", "http://www.17k.com/book/2614810.html", "http://www.17k.com/book/1592435.html", "http://www.17k.com/book/1949748.html", "http://www.17k.com/book/2265802.html", "http://www.17k.com/book/2743240.html", "http://www.17k.com/book/2657437.html", "http://www.17k.com/book/2644502.html", "http://www.17k.com/book/2199900.html", "http://www.17k.com/book/2725436.html", "http://www.17k.com/book/2629978.html"]}