{"ratings": -1, "userreviews": [{"userName": "\u4e8c\u5468\u76ee0728", "userReviewDate": "2018-05-30", "userURL": "http://user.17k.com/59792343", "userReview": "\u5e94\u8be5\u4e0d\u9519"}], "description": "\u8f9b\u8389\u5361\u662f\u4e00\u540d\u666e\u901a\u7684\u5c11\u5973\u73a9\u5bb6\uff0c\u4e00\u5929\uff0c\u5979\u88ab\u5377\u8fdb\u4e86\u4e00\u573a\u6e38\u620f\u98ce\u66b4\uff1a\u5728kio\u5251\u57df\u91cc\uff0c\u7adf\u65e0\u6cd5\u9000\u51fa\uff01\u4f60\u5728\u9017\u6211\uff1f\u597d\u5427\u2026\u2026\u8fd9\u8fd8\u7a0d\u7a0d\u80fd\u63a5\u53d7\uff0c\u4e3b\u8981\u662f\uff0c\u5728\u6e38\u620f\u4e2d\u6b7b\u6389\uff0c\u73b0\u5b9e\u4e2d\u7684\u5927\u8111\u5c31\u4f1a\u88ab\u70e7\u6bc1\uff01\u4e3a\u4e86\u8fd9\u6e38\u620f\u91cc\u7684\u4e24\u4e07\u5927\u8111\u795e\u7ecf\uff0c\u8f9b\u8389\u5361\u5f00\u59cb\u5411\u524d\u7ebf\u8fdb\u53d1\uff01", "title": "kio\u5251\u57df", "url": "http://www.17k.com/book/2830361.html", "average": -1.0, "cover": "http://img.17k.com/images/bookcover/default_cover1.jpg", "reviews": 31, "authors": [{"url": "http://www.17k.com/zuozhe/61744763", "name": "\u6708\u745f\u5bd2\u7b19"}], "type": ["\u7075\u9b42\u8f6c\u6362"], "outlinks": ["http://www.17k.com/book/2794982.html", "http://www.17k.com/book/2801292.html", "http://www.17k.com/book/2816318.html", "http://www.17k.com/book/2797575.html", "http://www.17k.com/book/2802516.html", "http://www.17k.com/book/2812195.html", "http://www.17k.com/book/2820143.html", "http://www.17k.com/book/2807943.html", "http://www.17k.com/book/2813457.html", "http://www.17k.com/book/2798058.html", "http://www.17k.com/book/2815617.html", "http://www.17k.com/book/2805259.html", "http://www.17k.com/book/2760255.html", "http://www.17k.com/book/2686894.html", "http://www.17k.com/book/2797016.html", "http://www.17k.com/book/2767246.html", "http://www.17k.com/book/2764239.html", "http://www.17k.com/book/2754498.html", "http://www.17k.com/book/2754900.html", "http://www.17k.com/book/2625740.html", "http://www.17k.com/book/2213315.html", "http://www.17k.com/book/2402178.html", "http://www.17k.com/book/2691221.html", "http://www.17k.com/book/2210699.html", "http://www.17k.com/book/1797752.html", "http://www.17k.com/book/2575507.html", "http://www.17k.com/book/2705181.html", "http://www.17k.com/book/2702539.html", "http://www.17k.com/book/2474887.html", "http://www.17k.com/book/2674733.html", "http://www.17k.com/book/2822076.html", "http://www.17k.com/book/2809894.html", "http://www.17k.com/book/2822077.html", "http://www.17k.com/book/2811930.html", "http://www.17k.com/book/2815548.html", "http://www.17k.com/book/2819620.html", "http://www.17k.com/book/2809964.html", "http://www.17k.com/book/2808200.html", "http://www.17k.com/book/2820100.html", "http://www.17k.com/book/2822978.html", "http://www.17k.com/book/2804337.html", "http://www.17k.com/book/2798814.html", "http://www.17k.com/book/2785153.html", "http://www.17k.com/book/2731559.html", "http://www.17k.com/book/2722533.html", "http://www.17k.com/book/2458377.html", "http://www.17k.com/book/2743300.html", "http://www.17k.com/book/973809.html", "http://www.17k.com/book/2651367.html", "http://www.17k.com/book/2726194.html", "http://www.17k.com/book/2790214.html", "http://www.17k.com/book/493239.html", "http://www.17k.com/book/108821.html", "http://www.17k.com/book/1398783.html", "http://www.17k.com/book/83528.html", "http://www.17k.com/book/1859126.html", "http://www.17k.com/book/1741975.html", "http://www.17k.com/book/192453.html", "http://www.17k.com/book/2459058.html", "http://www.17k.com/book/1050747.html", "http://www.17k.com/book/2700315.html", "http://www.17k.com/book/2818940.html", "http://www.17k.com/book/2819519.html", "http://www.17k.com/book/2816390.html", "http://www.17k.com/book/2819588.html", "http://www.17k.com/book/2813768.html", "http://www.17k.com/book/2822406.html", "http://www.17k.com/book/2772164.html", "http://www.17k.com/book/2784023.html", "http://www.17k.com/book/2811877.html", "http://www.17k.com/book/2809119.html", "http://www.17k.com/book/2803700.html", "http://www.17k.com/book/2819561.html", "http://www.17k.com/book/2746506.html", "http://www.17k.com/book/2811836.html", "http://www.17k.com/book/2614810.html", "http://www.17k.com/book/1592435.html", "http://www.17k.com/book/1949748.html", "http://www.17k.com/book/2265802.html", "http://www.17k.com/book/2743240.html", "http://www.17k.com/book/2657437.html", "http://www.17k.com/book/2644502.html", "http://www.17k.com/book/2199900.html", "http://www.17k.com/book/2725436.html", "http://www.17k.com/book/2629978.html"]}