{"ratings": -1, "userreviews": [], "description": "\u8fd9\u4e2a\u6545\u4e8b\u662f\u5973\u6027\u5411\u7684\u5c0f\u6545\u4e8b\uff0c\u8bb2\u8ff0\u4e86\u9b54\u65cf\u5c11\u5973Pio\u548c\u738b\u56fd\u5929\u624d\u50b2\u5a07\u5c11\u5973Tia\u7684\u6e29\u99a8\u65e5\u5e38\u3002\u3000\u3000\u6545\u4e8b\u53d1\u751f\u5728\u4e00\u4e2a\u53eb\u788e\u53f6\u57ce\u7684\u8fb9\u5883\u5c0f\u9547\u4e0a\uff0c\u8fd9\u91cc\u662f\u96f7\u9706\u5c71\u8109\u4ee5\u897f\u7684\u5ef6\u4f38\u7ebf\u4e0a\uff0c\u4ee5\u5317\u662f\u82e6\u5bd2\u4e4b\u5730\u7684\u8352\u539f\uff0c\u4ee5\u897f\u662f\u9ad8\u539f\u7684\u517d\u4eba\u805a\u5c45\u4e4b\u5904\uff0c\u65c1\u8fb9\u662f\u901a\u5f80\u6708\u4e4b\u5927\u9646\u548c\u65e0\u6687\u5927\u9646\u7684\u68ee\u6797\u3002\u3000\u3000\u8fd9\u662f\u4e00\u4e2a\u5192\u9669\u8005\u7684\u5c0f\u9547\uff0c\u4e5f\u662f\u4e00\u4e2a\u548c\u5e73\u7684\u65e5\u5e38\u6545\u4e8b\u3002\u3000\u3000\u8d77\u6e90\u5728\u4e8e\u836f\u6c34\u5236\u4f5c\u5e08\u8fd9\u6b3e\u653e\u7f6e\u7c7b\u5c0f\u6e38\u620f\uff0c\u6211\u60f3\u7740\u8981\u5199\u70b9\u4e1c\u897f\u6765\u8868\u8fbe\u6211\u7684\u559c\u7231\uff0c\u6240\u4ee5\u6709\u4e86\u5b83\u3002\u3000\u3000\u7531\u4e8e\u9650\u957f\uff0c\u6240\u4ee5\u540d\u5b57\u53d8\u77ed\u4e86\u3002\u3000\u3000pio\u4e0etia\u4e0e\u9f99\u7684\u5e7b\u60f3\u5c0f\u9547\u548c\u836f\u5242\u5e08\u7684\u70bc\u91d1\u5de5\u623f\uff0c\u3000\u3000\u8fd9\u662f\u5168\u540d", "title": "pio\u4e0etia\u4e0e\u5e7b\u60f3\u5c0f\u9547", "url": "http://www.17k.com/book/2824727.html", "average": -1.0, "cover": "http://img.17k.com/images/bookcover/2018/14123/70/2824727-1526452418000.jpg", "reviews": 27, "authors": [{"url": "http://www.17k.com/zuozhe/60314234", "name": "\u9065\u8fdc\u7684\u4e91"}], "type": ["\u6e38\u620f\u540c\u4eba"], "outlinks": ["http://www.17k.com/book/2794982.html", "http://www.17k.com/book/2801292.html", "http://www.17k.com/book/2816318.html", "http://www.17k.com/book/2797575.html", "http://www.17k.com/book/2802516.html", "http://www.17k.com/book/2812195.html", "http://www.17k.com/book/2820143.html", "http://www.17k.com/book/2807943.html", "http://www.17k.com/book/2813457.html", "http://www.17k.com/book/2798058.html", "http://www.17k.com/book/2815617.html", "http://www.17k.com/book/2805259.html", "http://www.17k.com/book/2760255.html", "http://www.17k.com/book/2686894.html", "http://www.17k.com/book/2797016.html", "http://www.17k.com/book/2767246.html", "http://www.17k.com/book/2764239.html", "http://www.17k.com/book/2754498.html", "http://www.17k.com/book/2754900.html", "http://www.17k.com/book/2625740.html", "http://www.17k.com/book/2213315.html", "http://www.17k.com/book/2402178.html", "http://www.17k.com/book/2691221.html", "http://www.17k.com/book/2210699.html", "http://www.17k.com/book/1797752.html", "http://www.17k.com/book/2575507.html", "http://www.17k.com/book/2705181.html", "http://www.17k.com/book/2702539.html", "http://www.17k.com/book/2474887.html", "http://www.17k.com/book/2674733.html", "http://www.17k.com/book/2822076.html", "http://www.17k.com/book/2809894.html", "http://www.17k.com/book/2822077.html", "http://www.17k.com/book/2811930.html", "http://www.17k.com/book/2815548.html", "http://www.17k.com/book/2819620.html", "http://www.17k.com/book/2809964.html", "http://www.17k.com/book/2808200.html", "http://www.17k.com/book/2820100.html", "http://www.17k.com/book/2822978.html", "http://www.17k.com/book/2804337.html", "http://www.17k.com/book/2798814.html", "http://www.17k.com/book/2785153.html", "http://www.17k.com/book/2731559.html", "http://www.17k.com/book/2722533.html", "http://www.17k.com/book/2458377.html", "http://www.17k.com/book/2743300.html", "http://www.17k.com/book/973809.html", "http://www.17k.com/book/2651367.html", "http://www.17k.com/book/2726194.html", "http://www.17k.com/book/2790214.html", "http://www.17k.com/book/493239.html", "http://www.17k.com/book/108821.html", "http://www.17k.com/book/1398783.html", "http://www.17k.com/book/83528.html", "http://www.17k.com/book/1859126.html", "http://www.17k.com/book/1741975.html", "http://www.17k.com/book/192453.html", "http://www.17k.com/book/2459058.html", "http://www.17k.com/book/1050747.html", "http://www.17k.com/book/2700315.html", "http://www.17k.com/book/2818940.html", "http://www.17k.com/book/2819519.html", "http://www.17k.com/book/2816390.html", "http://www.17k.com/book/2819588.html", "http://www.17k.com/book/2813768.html", "http://www.17k.com/book/2822406.html", "http://www.17k.com/book/2772164.html", "http://www.17k.com/book/2784023.html", "http://www.17k.com/book/2811877.html", "http://www.17k.com/book/2809119.html", "http://www.17k.com/book/2803700.html", "http://www.17k.com/book/2819561.html", "http://www.17k.com/book/2746506.html", "http://www.17k.com/book/2811836.html", "http://www.17k.com/book/2614810.html", "http://www.17k.com/book/1592435.html", "http://www.17k.com/book/1949748.html", "http://www.17k.com/book/2265802.html", "http://www.17k.com/book/2743240.html", "http://www.17k.com/book/2657437.html", "http://www.17k.com/book/2644502.html", "http://www.17k.com/book/2199900.html", "http://www.17k.com/book/2725436.html", "http://www.17k.com/book/2629978.html"]}