{"ratings": -1, "userreviews": [{"userName": "\u4ece\u6b64\u82cf\u6c90\u6625\u590f\u51ac\u4e36\u518d\u65e0\u6c90\u79cb", "userReviewDate": "2016-03-05", "userURL": "http://user.17k.com/45418237", "userReview": "\u7ea0\u9519\u697c \u53d1\u73b0\u4ec0\u4e48BUG\u53ef\u4ee5\u5728\u8fd9\u91cc\u62a5\u544a\uff1c(\uffe3\ufe36\uffe3)\uff1e"}, {"userName": "\u4ece\u6b64\u82cf\u6c90\u6625\u590f\u51ac\u4e36\u518d\u65e0\u6c90\u79cb", "userReviewDate": "2016-03-02", "userURL": "http://user.17k.com/45418237", "userReview": "\u5e7f\u544a\u697c\uff0c\u4e3a\u4fdd\u969c\u4e66\u8bc4\u533a\u5de5\u6574\uff0c\u6b64\u697c\u4ee5\u5916\u7684\u5e7f\u544a\u4e00\u5f8b\u5220\u9664\uff3b\u610f\u601d\u5c31\u662f\u5e7f\u544a\u53d1\u8fd9\u91cc\u5427\u3001\uff3d"}, {"userName": "\u8611\u83c7\u4e0d\u662f\u83cc", "userReviewDate": "2016-03-01", "userURL": "http://user.17k.com/45417330", "userReview": "\u6293\u58ee\u4e01\u6536\u9f99\u5957\uff0c\u4e00\u8840\u9001\u76d2\u996d\uff0c\u63d0\u524d\u7533\u660e\uff0c\u6211\u662f\u6b63\u7ecf\u5199\u624b\uff0c\u8bf7\u4e0d\u8981\u8bf4\u6b63\u7ecf\u7684\u540d\u5b57\uff0c\u548c\u672c\u5c0f\u5b66\u751f\u516b\u5b57\u4e0d\u5408\uff01"}, {"userName": "\u70ed\u6d77\u6c90\u9633", "userReviewDate": "2018-01-20", "userURL": "http://user.17k.com/58610453", "userReview": "\u4f5c\u8005\u5927\u5927\u7684\u4e66\u5199\u7684\u771f\u597d\u770b\u3002\u4e66\u8352\u4e86\u7684\u670b\u53cb\u4eec\uff0c\u6211\u7ed9\u5927\u5bb6\u63a8\u8350\u4e00\u672c\u4e66<a target='_blank' href='http://www.17k.com/book/2729786.html'>\u300a\u6211\u8fd9\u4e9b\u5e74\u7684\u4fee\u4ed9\u6545\u4e8b\u300b</a>"}, {"userName": "\u5929\u9053 \u4f69\u6069", "userReviewDate": "2018-01-20", "userURL": "http://user.17k.com/56121416", "userReview": "\u3002\u3002\u3002\u3002\u3002\u3002\u3002\u3002\u3002\u3002"}, {"userName": "\u2606\u5e05\uffe1\u5230\u6389\u6e23\u2606", "userReviewDate": "2017-10-30", "userURL": "http://user.17k.com/57010817", "userReview": "<a target='_blank' href='http://www.17k.com/book/2697773.html'>\u300a\u91d1\u4e4c\u5f52\u6765\u300b</a>\u524d\u6765\u62dc\u8bbf\uff0c\u5927\u5927\u5199\u7684\u5f88\u597d\uff0c\u503c\u5f97\u5b66\u4e60\uff01"}, {"userName": "\u5b50\u8f66\u8fb0\u5149", "userReviewDate": "2017-08-20", "userURL": "http://user.17k.com/56992160", "userReview": "\u7adf\u7136\u662f\u4f20\u8bf4\u4e2d\u7684\u91d1\u624b\u6307"}, {"userName": "\u79cb\u58f0\u91cc", "userReviewDate": "2017-07-17", "userURL": "http://user.17k.com/51717990", "userReview": "\u597d\u4e66\u4e0d\u6015\u6652\uff0c\u70ed\u8840\u4fee\u771f<a target='_blank' href='http://www.17k.com/book/2277558.html'>\u300a\u5f02\u4e16\u4e4b\u8f6e\u56de\u4ed9\u8def\u300b</a>\u5df2\u7b7e\u7ea6\uff0c\u5df2\u66f450\u4e07\uff0c\u5173\u6ce8\u4e00\u4e0b\u54af\uff0c\u4e0d\u4f1a\u8ba9\u4f60\u5931\u671b\u7684\u3002"}, {"userName": "\u5e7b\u68a6\u6ce0", "userReviewDate": "2017-07-15", "userURL": "http://user.17k.com/54472853", "userReview": "\u597d\u770b\uff01"}, {"userName": "\u54c8\u563f\u545c\u5475", "userReviewDate": "2017-07-09", "userURL": "http://user.17k.com/45252761", "userReview": "\u6b64\u4e66\u6709\u5fc5\u8981 &nbsp; &nbsp; &nbsp;\u8fd9\u4e48\u597d\u770b\u4e48\uff0c\u6211\u5145\u4e8630\u5143\uff0c\u5168\u7838\u6765\u770b\u8fd9\u4e66\u4e86\u3002\u3002"}, {"userName": "\u5b89\u6dee", "userReviewDate": "2017-07-06", "userURL": "http://user.17k.com/38165277", "userReview": "\u4e00\u53e3\u6c14\u4e0b\u6765\uff0c\u8bfb\u5f97\u597d\u723d\uff01"}, {"userName": "\u70c2\u6f2b\u7231\u4f60", "userReviewDate": "2017-06-30", "userURL": "http://user.17k.com/55042378", "userReview": "<a target='_blank' href='http://www.17k.com/book/2508222.html'>\u300a\u840c\u9b3c\u7269\u8bed\u300b</a>\u819c\u62dc\u4e86\uff01"}, {"userName": "\u70c2\u6f2b\u7231\u4f60", "userReviewDate": "2017-06-24", "userURL": "http://user.17k.com/55042378", "userReview": "\u6253\u5e7f\u544a\u4e86\uff01<a target='_blank' href='http://www.17k.com/book/2508222.html'>\u300a\u8305\u5c71\u6349\u9b3c\u9053\u957f\u300b</a>\u62dc\u8bbf\u5927\u5927\u3002"}, {"userName": "\u5b66\u4e0d\u574f\u600e\u4e48\u529e", "userReviewDate": "2017-06-17", "userURL": "http://user.17k.com/53972931", "userReview": "\u4e0b\u5348\u597d\uff0c<a target='_blank' href='http://www.17k.com/book/2410790.html'>\u300a\u4e5d\u51e4\u64d2\u9f99\u300b</a>\u524d\u6765\u770b\u4e66\u5b66\u4e60\uff01"}, {"userName": "\u7434\u5fc3\u5cf0\u4e3b", "userReviewDate": "2017-06-16", "userURL": "http://user.17k.com/55083936", "userReview": "\u5927\u5927\u7684\u8fd9\u672c\u4e66\u5199\u7684\u771f\u68d2\uff0c\u5927\u5927\u6709\u65f6\u95f4\u53ef\u4ee5\u6307\u5bfc\u4e00\u4e0b<a target='_blank' href='http://www.17k.com/book/2522960.html'>\u300a\u9ece\u96fe\u300b</a>\uff0c\u8c22\u8c22\uff01\uff01\uff01"}, {"userName": "\u5b89\u6dee", "userReviewDate": "2017-06-10", "userURL": "http://user.17k.com/38165277", "userReview": "\u7b49\u6691\u5047\u4e86\uff01\u6211\u8981\u597d\u597d\u8865\u8865\uff01"}, {"userName": "\u5200\u65e0\u547d", "userReviewDate": "2017-05-30", "userURL": "http://user.17k.com/53708406", "userReview": "\u4e16\u754c\u8001\u8fd9\u6837\u603b\u8fd9\u6837\uff1a\u89c2\u97f3\u5728\u8fdc\u8fdc\u7684\u5c71\u4e0a\uff0c \u7f42\u7c9f\u5728\u7f42\u7c9f\u7684\u7530\u91cc\uff0c\u4f60\u597d\uff0c\u8bf7\u5e2e\u6211\u770b\u770b<a target='_blank' href='http://www.17k.com/book/2490206.html'>\u300a\u6d85\u9f99\u98de\u8bed\u300b</a>"}, {"userName": "\u53f6\u843d\u5b50\u75d5", "userReviewDate": "2017-05-27", "userURL": "http://user.17k.com/33080428", "userReview": "\u5348\u597d\u5927\u5927\uff01<a target='_blank' href='http://www.17k.com/book/2452410.html'>\u300a\u4e03\u4ed9\u5251\u4f20\u300b</a>\u524d\u6765\u770b\u4e66\uff0c\u652f\u6301\u5927\u5927\uff01\u52a0\u6cb9\uff01"}, {"userName": "\u79cb\u58f0\u91cc", "userReviewDate": "2017-05-25", "userURL": "http://user.17k.com/51717990", "userReview": "\u8f6e\u56de\u4e07\u4e16\u8e0f\u4ed9\u8def\uff0c\u70ed\u8840\u4fee\u771f<a target='_blank' href='http://www.17k.com/book/2277558.html'>\u300a\u5f02\u4e16\u4e4b\u8f6e\u56de\u4ed9\u8def\u300b</a>\u5df2\u7b7e\u7ea6\uff0c\u5df2\u66f440\u4e07\u5b57\uff0c\u6c42\u5173\u6ce8\uff01"}, {"userName": "\u6b4clil\u8c23", "userReviewDate": "2017-05-24", "userURL": "http://user.17k.com/54068930", "userReview": "<span style='color:black'><a target='_blank' href='http://www.17k.com/book/2490626.html'>\u300a\u6f3e\u5f71\u4eba\u300b</a>\uff0c\u4ece\u4e00\u6bb5\u8d85\u7ea7\u7a0b\u5e8f\u7684\u89c6\u89d2\uff0c\u7b11\u770b\u4eba\u751f\u767e\u6001\uff0c\u4e2d\u7bc7\u7684\u6545\u4e8b\u4e00\u4e2a\u4e2a\u76f8\u8fde\uff0c\u957f\u7bc7\u7684\u6784\u601d\u4e00\u6b21\u6b21\u7a81\u7834\uff0c\u770b\u770b\u5427\uff0c\u503c\u5f97\u4f60\u6536\u85cf\uff01</span>"}], "description": "\u5c0f\u80d6\u662f21\u4e16\u7eaa\u73b0\u4ee3\u4eba\uff0c\u662f\u5343\u5343\u4e07\u4e07\u5c0f\u5b66\u751f\u6700\u4e3a\u5e73\u51e1\u7684\u4e00\u4e2a\uff0c\u610f\u5916\u6b7b\u4ea1\u7a7f\u8d8a\u5230\u4f01\u9e45\u5927\u9646\uff0c\u8fd9\u91ccQQ\u7b49\u7ea7\u4e3a\u5c0a\uff0c\u800c\u5c0f\u80d6\u5374\u5929\u751f\u5e9f\u67f4\uff0c\u65e0\u6cd5\u7533\u8bf7QQ\u3002\u3000\u3000\u4e09\u5341\u5e74\u6cb3\u897f\uff0c\u4e09\u5341\u5e74\u6cb3\u4e1c\uff0c\u83ab\u6b3a\u5c11\u5e74\u7a77\u3002\u770b\u6211\u5c0f\u5b66\u751f\u5982\u4f55\u7528QQ\u73a9\u8f6c\u519c\u573a\uff0c\u7529\u72d9\u9b3c\u6b65\uff0c\u8d8a\u5854\u62a2\u4eba\u5934\uff0c\u751a\u81f3\u8fd8\u8981\u5bf9\u6297\u795e\u79d8\u52bf\u529b\u2014\u2014\u76d7\u53f7\u72d7\uff01\u3000\u3000\u8fd9\u91cc\u6ca1\u6709\u534e\u4e3d\u7684\u9b54\u6cd5\uff0c\u4e5f\u6ca1\u6709\u7eda\u70c2\u7684\u6597\u6c14\uff0c\u4ec5\u4ec5\u662f\u7e41\u884d\u5230\u5dc5\u5cf0\u7684Q\u6c14\uff0c\u548c\u5c0f\u5b66\u751f\u95f4\u201c\u94c1\u4e0e\u8840\u201d\u7684\u53ae\u6740\uff0c\u4e0d\u662f\u4f60\u6b7b\u5c31\u662f\u6211\u4ea1\u3002\u3000\u3000\u4f01\u9e45\u5c0f\u5b66\u62db\u751f\uff0c\u7fa4\u53f7\uff1a512915910", "title": "Q\u7834\u82cd\u7a79", "url": "http://www.17k.com/book/1721429.html", "average": -1.0, "cover": "http://img.17k.com/images/bookcover/2016/8607/43/1721429-1456803546000.jpg", "reviews": 1326087, "authors": [{"url": "http://www.17k.com/zuozhe/45417330", "name": "\u8611\u83c7123"}], "type": ["\u5e7b\u60f3\u7206\u7b11"], "outlinks": ["http://www.17k.com/book/2794982.html", "http://www.17k.com/book/2801292.html", "http://www.17k.com/book/2816318.html", "http://www.17k.com/book/2797575.html", "http://www.17k.com/book/2802516.html", "http://www.17k.com/book/2812195.html", "http://www.17k.com/book/2820143.html", "http://www.17k.com/book/2807943.html", "http://www.17k.com/book/2813457.html", "http://www.17k.com/book/2798058.html", "http://www.17k.com/book/2815617.html", "http://www.17k.com/book/2805259.html", "http://www.17k.com/book/2760255.html", "http://www.17k.com/book/2686894.html", "http://www.17k.com/book/2797016.html", "http://www.17k.com/book/2767246.html", "http://www.17k.com/book/2764239.html", "http://www.17k.com/book/2754498.html", "http://www.17k.com/book/2754900.html", "http://www.17k.com/book/2625740.html", "http://www.17k.com/book/2213315.html", "http://www.17k.com/book/2402178.html", "http://www.17k.com/book/2691221.html", "http://www.17k.com/book/2210699.html", "http://www.17k.com/book/1797752.html", "http://www.17k.com/book/2575507.html", "http://www.17k.com/book/2705181.html", "http://www.17k.com/book/2702539.html", "http://www.17k.com/book/2474887.html", "http://www.17k.com/book/2674733.html", "http://www.17k.com/book/2822076.html", "http://www.17k.com/book/2809894.html", "http://www.17k.com/book/2822077.html", "http://www.17k.com/book/2811930.html", "http://www.17k.com/book/2815548.html", "http://www.17k.com/book/2819620.html", "http://www.17k.com/book/2809964.html", "http://www.17k.com/book/2808200.html", "http://www.17k.com/book/2820100.html", "http://www.17k.com/book/2822978.html", "http://www.17k.com/book/2804337.html", "http://www.17k.com/book/2798814.html", "http://www.17k.com/book/2785153.html", "http://www.17k.com/book/2731559.html", "http://www.17k.com/book/2722533.html", "http://www.17k.com/book/2458377.html", "http://www.17k.com/book/2743300.html", "http://www.17k.com/book/973809.html", "http://www.17k.com/book/2651367.html", "http://www.17k.com/book/2726194.html", "http://www.17k.com/book/2790214.html", "http://www.17k.com/book/493239.html", "http://www.17k.com/book/108821.html", "http://www.17k.com/book/1398783.html", "http://www.17k.com/book/83528.html", "http://www.17k.com/book/1859126.html", "http://www.17k.com/book/1741975.html", "http://www.17k.com/book/192453.html", "http://www.17k.com/book/2459058.html", "http://www.17k.com/book/1050747.html", "http://www.17k.com/book/2700315.html", "http://www.17k.com/book/2818940.html", "http://www.17k.com/book/2819519.html", "http://www.17k.com/book/2816390.html", "http://www.17k.com/book/2819588.html", "http://www.17k.com/book/2813768.html", "http://www.17k.com/book/2822406.html", "http://www.17k.com/book/2772164.html", "http://www.17k.com/book/2784023.html", "http://www.17k.com/book/2811877.html", "http://www.17k.com/book/2809119.html", "http://www.17k.com/book/2803700.html", "http://www.17k.com/book/2819561.html", "http://www.17k.com/book/2746506.html", "http://www.17k.com/book/2811836.html", "http://www.17k.com/book/2614810.html", "http://www.17k.com/book/1592435.html", "http://www.17k.com/book/1949748.html", "http://www.17k.com/book/2265802.html", "http://www.17k.com/book/2743240.html", "http://www.17k.com/book/2657437.html", "http://www.17k.com/book/2644502.html", "http://www.17k.com/book/2199900.html", "http://www.17k.com/book/2725436.html", "http://www.17k.com/book/2629978.html"]}