{"ratings": -1, "userreviews": [{"userName": "\u6e05\u65b0\u53ea", "userReviewDate": "2017-10-02", "userURL": "http://user.17k.com/45332787", "userReview": "\u597d\u597d\u770b\uff0c\u5feb\u66f4\uff0c\u53bb\u7ed9\u6211\u7684\u65b0\u4e66<a target='_blank' href='http://www.17k.com/book/2679492.html'>\u300atfboys\u4e4b\u98ce\u5439\u53f6\u843d\u300b</a>"}, {"userName": "\u559c\u6b22TF\u840c\u5b66\u56ed", "userReviewDate": "2016-05-22", "userURL": "http://user.17k.com/46782215", "userReview": "\u4f5c\u8005\u5927\u5927\u5feb\u66f4\u554a\uff0c\u4e0d\u8981\u603b\u662f\u540a\u4eba\u80c3\u53e3\u561b\uff01\uff01\uff01\uff01\uff01\uff01\uff01\uff01\uff01\uff01\uff01\uff01"}, {"userName": "\u6b8b\u6bd2\u672a\u9192", "userReviewDate": "2016-05-19", "userURL": "http://user.17k.com/40722199", "userReview": "\u5feb\u66f4\u554a\u5b9d\u5b9d\u8fd8\u6ca1\u770b\u591f\u5462\uff01\uff01\uff01\uff01\uff01"}, {"userName": "\u98ce\u6d41\u501c\u50a5\u4e00\u8868\u4eba\u624d", "userReviewDate": "2016-05-17", "userURL": "http://user.17k.com/42038057", "userReview": "<a target='_blank' href='http://user.17k.com/43409760'>@\u83b3\u5149\u6d45\u901d</a> <a target='_blank' href='http://www.17k.com/book/1874115.html'>\u300a\u795e\u9f99\u4fa0\u5f52\u6765\u300b</a>\u6765\u8bbf\uff0c\u652f\u6301\u52a0\u6cb9\uff01"}, {"userName": "\u258d\u6d41\u5e74\u8f7b\u63cf\u6de1\u5199\u7684\u4f24\u4e36\u3002|", "userReviewDate": "2016-04-01", "userURL": "http://user.17k.com/44661141", "userReview": "\u8fd9\u524d\u90a3\u4e2aTFBOYS\u4e4b\u68a6\u604b\u5929\u4f7f\u8fd8\u4e0d\u9519~"}, {"userName": "\u83b3\u5149\u6d45\u901d", "userReviewDate": "2016-03-07", "userURL": "http://user.17k.com/43409760", "userReview": "<span style='color:red'>\u901a\u77e5\u901a\u77e5\uff01\u7531\u4e8e\u4f1a\u64cd\u6d3b\u52a8\u548c\u82f1\u8bed\u6bd4\u8d5b\uff0c\u672c\u4e66\u8981\u505c\u66f4\u4e00\u4e2a\u6708\uff01\u4f46\u6211\u4e5f\u6709\u53ef\u80fd\u4f1a\u53d1\u4e00\u70b9\uff0c\u770b\u60c5\u51b5\u5427\uff0c\u60f3\u4e86\u89e3\u5267\u60c5\u5c31\u8fdb\u7fa4\u5427\uff0c\u6211\u4f1a\u65f6\u4e0d\u65f6\u7684\u4e0aQQ\uff0c\u603b\u6bd4\u4e0a17k\u7684\u6b21\u6570\u591a\u3002</span>"}, {"userName": "\u67e0\u6aac\u5473\u9053\u534a\u590f\u5929", "userReviewDate": "2016-03-02", "userURL": "http://user.17k.com/45388199", "userReview": "\u6211\u4e5f\u6700\u559c\u6b22\u840c\u5b66\u56ed\uff0c\u6700\u559c\u6b22TF\u8036\uff01"}, {"userName": "\u5c0f\u5c0f\u8336\u676f", "userReviewDate": "2016-03-01", "userURL": "http://user.17k.com/43388063", "userReview": "\u597d\u559c\u6b22\uff0c\u52a0\u6cb9\uff01\u52aa\u529b\uff01\u66f4\u5427\uff01\uff01\uff01\uff01\uff01"}], "description": "\u4e00\u6b21\u4e0d\u4e3a\u4eba\u77e5\u7684\u79d8\u5bc6\u63a2\u8bbf\u964d\u4e34\u5728\u98ce\u7b5d\u4e4b\u90fd\u3002\u4e09\u5929\u540e\u4e09\u53ea\u795e\u79d8\u5931\u8e2a\uff0c\u5934\u7248\u5934\u6761\u5168\u4e16\u754c\u6e3a\u65e0\u8e2a\u5f71\uff01\u3000\u3000\u800c\u5728\u4e00\u4e2a\u53eb\u505a\u840c\u5b66\u56ed\u7684\u5730\u65b9\uff0c\u8bfe\u5802\u4e0a\u7684\u7a81\u964d\u9668\u77f3\u53c8\u662f\u4f55\u65b9\u795e\u5723\uff1f\u90a3\u6761\u552f\u4e00\u8fdb\u51fa\u7684\u901a\u9053\u4e3a\u4f55\u8fdb\u51fa\u4e0d\u901a\u4e86\uff1f\u90a3\u82b1\u56ed\u91cc\u53d1\u73b0\u7684\u5c11\u5e74\u53c8\u662f\u5982\u4f55\u8fdb\u6765\u7684\uff1f\u90a3\u672c\u795e\u5947\u7684\u53ef\u4ee5\u9884\u8a00\u7684\u4e66\u4f1a\u81ea\u5df1\u5e73\u767d\u65e0\u6545\u5730\u6d88\u5931\u5417\uff1f\u5b83\u6d88\u5931\u524d\u7559\u4e0b\u7684\u9884\u8a00\u53c8\u662f\u4ec0\u4e48\u610f\u601d\uff1f\u5b88\u62a4\u8fd9\u7247\u571f\u5730\u7684\u4eba\u53c8\u6709\u8c01\u7684\u5168\u65b0\u52a0\u5165\uff1f\u9ed1\u6697\u7684\u6765\u4e34\u964d\u4e34\u5728\u5348\u591c\u5341\u4e8c\u70b9\u53c8\u6709\u4f55\u5bd3\u610f\uff1f\u91cd\u751f\u7684\u6545\u53cb\u4e3a\u4f55\u6210\u4e3a\u4eca\u65e5\u7684\u6b7b\u654c\uff1f\u4e00\u573a\u573a\u5934\u7834\u8840\u6d41\u7684\u6218\u4e89\uff0c\u7adf\u7136\u7275\u51fa\u4e00\u4e2a\u60b2\u6b22\u7684\u6545\u4e8b\uff1f\u4e00\u5915\u4e4b\u95f4\uff0c\u5929\u7ffb\u5730\u8986\uff0c\u5149\u660e\u6ca6\u9677\uff0c\u9ed1\u6697\u7b3c\u7f69\uff01\u4f60\u82e5\u4e0d\u6b7b\uff0c\u4fbf\u662f\u6211\u4ea1\uff01\u4e8e\u662f\u8840\u6d17\u661f\u6cb3\uff0c\u540e\u6094\u5df2\u665a\uff01\u89c9\u9192\uff0c\u8fd8\u662f\u8fdf\u4e86\u5417\u2026\u2026", "title": "TF\u4e4b\u840c\u5b66\u56ed\u7a7f\u68ad\u5947\u8ff9", "url": "http://www.17k.com/book/1717591.html", "average": -1.0, "cover": "http://img.17k.com/images/bookcover/2017/8587/42/1717591-1499055984000.jpg", "reviews": 38611, "authors": [{"url": "http://www.17k.com/zuozhe/43409760", "name": "\u83b3\u5149\u6d45\u901d"}], "type": ["\u5f02\u754c\u9b54\u6cd5"], "outlinks": ["http://www.17k.com/book/2794982.html", "http://www.17k.com/book/2801292.html", "http://www.17k.com/book/2816318.html", "http://www.17k.com/book/2797575.html", "http://www.17k.com/book/2802516.html", "http://www.17k.com/book/2812195.html", "http://www.17k.com/book/2820143.html", "http://www.17k.com/book/2807943.html", "http://www.17k.com/book/2813457.html", "http://www.17k.com/book/2798058.html", "http://www.17k.com/book/2815617.html", "http://www.17k.com/book/2805259.html", "http://www.17k.com/book/2760255.html", "http://www.17k.com/book/2686894.html", "http://www.17k.com/book/2797016.html", "http://www.17k.com/book/2767246.html", "http://www.17k.com/book/2764239.html", "http://www.17k.com/book/2754498.html", "http://www.17k.com/book/2754900.html", "http://www.17k.com/book/2625740.html", "http://www.17k.com/book/2213315.html", "http://www.17k.com/book/2402178.html", "http://www.17k.com/book/2691221.html", "http://www.17k.com/book/2210699.html", "http://www.17k.com/book/1797752.html", "http://www.17k.com/book/2575507.html", "http://www.17k.com/book/2705181.html", "http://www.17k.com/book/2702539.html", "http://www.17k.com/book/2474887.html", "http://www.17k.com/book/2674733.html", "http://www.17k.com/book/2822076.html", "http://www.17k.com/book/2809894.html", "http://www.17k.com/book/2822077.html", "http://www.17k.com/book/2811930.html", "http://www.17k.com/book/2815548.html", "http://www.17k.com/book/2819620.html", "http://www.17k.com/book/2809964.html", "http://www.17k.com/book/2808200.html", "http://www.17k.com/book/2820100.html", "http://www.17k.com/book/2822978.html", "http://www.17k.com/book/2804337.html", "http://www.17k.com/book/2798814.html", "http://www.17k.com/book/2785153.html", "http://www.17k.com/book/2731559.html", "http://www.17k.com/book/2722533.html", "http://www.17k.com/book/2458377.html", "http://www.17k.com/book/2743300.html", "http://www.17k.com/book/973809.html", "http://www.17k.com/book/2651367.html", "http://www.17k.com/book/2726194.html", "http://www.17k.com/book/2790214.html", "http://www.17k.com/book/493239.html", "http://www.17k.com/book/108821.html", "http://www.17k.com/book/1398783.html", "http://www.17k.com/book/83528.html", "http://www.17k.com/book/1859126.html", "http://www.17k.com/book/1741975.html", "http://www.17k.com/book/192453.html", "http://www.17k.com/book/2459058.html", "http://www.17k.com/book/1050747.html", "http://www.17k.com/book/2700315.html", "http://www.17k.com/book/2818940.html", "http://www.17k.com/book/2819519.html", "http://www.17k.com/book/2816390.html", "http://www.17k.com/book/2819588.html", "http://www.17k.com/book/2813768.html", "http://www.17k.com/book/2822406.html", "http://www.17k.com/book/2772164.html", "http://www.17k.com/book/2784023.html", "http://www.17k.com/book/2811877.html", "http://www.17k.com/book/2809119.html", "http://www.17k.com/book/2803700.html", "http://www.17k.com/book/2819561.html", "http://www.17k.com/book/2746506.html", "http://www.17k.com/book/2811836.html", "http://www.17k.com/book/2614810.html", "http://www.17k.com/book/1592435.html", "http://www.17k.com/book/1949748.html", "http://www.17k.com/book/2265802.html", "http://www.17k.com/book/2743240.html", "http://www.17k.com/book/2657437.html", "http://www.17k.com/book/2644502.html", "http://www.17k.com/book/2199900.html", "http://www.17k.com/book/2725436.html", "http://www.17k.com/book/2629978.html"]}