{"ratings": -1, "userreviews": [{"userName": "\u4e54\u5fc6", "userReviewDate": "2017-11-19", "userURL": "http://user.17k.com/55261906", "userReview": "\u643a<a target='_blank' href='http://www.17k.com/book/2716922.html'>\u300a\u65e0\u53ef\u6551\u8d4e\u300b</a>\u6765\u8bbf\uff0c\u5927\u5927\u6587\u7b14\u8d85\u7ea7\u597d\u54df\uff0c\u5e0c\u671b\u6211\u7684\u60a8\u80fd\u6307\u70b9\u4e0b\uff0c\u563b\u563b(\u0e51&acute;\u2200`\u0e51)"}, {"userName": "\u7b80\u8513\u6e05", "userReviewDate": "2017-03-18", "userURL": "http://user.17k.com/45252669", "userReview": "\u770b\u8fd9\u4ee5\u524d\u6d3b\u6cfc\u6b22\u5feb\u7684\u7b80\u4ecb\uff0c\u6587\u5b57\uff0c\u73b0\u5728\u53ea\u6709\u9ed8\u9ed8\u5730\u4f24\u611f\u3002"}, {"userName": "\u7b80\u8513\u6e05", "userReviewDate": "2017-03-18", "userURL": "http://user.17k.com/45252669", "userReview": "\u6211\u8fd84\u4e2a\u6708\u6bd5\u4e1a\uff0c<a target='_blank' href='http://www.17k.com/book/1940399.html'>\u300a\u552f\u7231\u6c38\u751f\u300b</a>\u4e5f\u5728\u6b64\u5f3a\u884c\u5b8c\u7ed3\uff0c\u5373\u4f7f\u5b83\u4e2d\u6b62\u4e86\uff0c\u5373\u4f7f\u5b83\u5b8c\u7ed3\u7684\u4e0d\u5b8c\u7f8e\uff0c\u4f46\u5b83\u4ecd\u662f\u6211\u6700\u559c\u6b22\u7684\u5c0f\u8bf4\u3002\u81ea\u300a\u4e0b\u836f\u4e86\u300b\u4ee5\u540e\u5c31\u4e00\u76f4\u6ca1\u6709\u66f4\u65b0\u8fc7\uff0c\u6211\u4e00\u76f4\u5728\u7b49\uff0c\u53ea\u8981\u6709\u65f6\u95f4\u6211\u5c31\u4f1a\u62ff\u624b\u673a\u770b\u4e00\u4e0b\uff0c\u5728\u8fd9\u4e4b\u524d\u7684\u4e8c\u5341\u5206\u949f\uff0c\u6211\u770b\u5230\u66f4\u65b0\u662f\u96c0\u8dc3\u7684\uff0c\u4ee5\u4e3a\u661f\u679c\u4f60\u66f4\u5b8c\u4e86\u5168\u90e8\uff0c\u70b9\u5f00\u5b83\uff0c\u770b\u7740\u624b\u673a\u5c4f\u5e55\u65f6\uff0c\u6211\u56f0\u60d1\u4e86\uff0c\u505c\u66f4\u4e86\uff0c\u8fd9\u662f\u6211\u552f\u4e00\u7684\u60f3\u6cd5\uff0c\u7136\u800c\uff0c\u8fd9\u5e76\u6ca1\u6709\u7ed3\u675f\u3002\u552f\u7231\u51fa\u8f66\u7978\u4e86\uff0c\u672c\u8be5\u7531\u4e00\u6761\u7ebf\u4e32\u8d77\u6765\u7684\u4e00\u5207\u88ab\u7b80\u5355\u7684\u8bf4\u4e86\u51fa\u6765\uff0c\u6211\u4e0d\u6562\u76f8\u4fe1\u5730\u770b\u7740\u5c4f\u5e55\uff0c\u5fc3\u91cc\u6ca1\u6709\u7531\u6765\u7684\u4e00\u75db\uff0c\u96be\u53d7\u5374\u54ed\u4e0d\u51fa\u6765\uff0c\u5b83\u662f\u6211\u6700\u559c\u6b22\u7684\u5c0f\u8bf4\uff0c\u559c\u6b22\u7684\u6e3a\u5c0f\u5230\u66f4\u65b0\u5c31\u53ef\u4ee5\u5f00\u5fc3\u5f88\u957f\u65f6\u95f4\uff0c\u4e5f\u8bb8\uff0c\u8fd9\u624d\u662f\u6700\u597d\u7684\u7ed3\u5c40\u3002"}, {"userName": "\u590f\u58a8\u5b87", "userReviewDate": "2017-03-11", "userURL": "http://user.17k.com/53720700", "userReview": "\u65b0\u4eba\u5c0f\u58a8\u643a\u4e66<a target='_blank' href='http://www.17k.com/book/2396610.html'>\u300a\u4ebf\u4e07\u5ba0\u5a5a\u695a\u5c11\u7684\u5a07\u59bb\u300b</a>\u6765\u8bbf\uff0c\u5927\u5927\u52a0\u6cb9\u54e6\uff01"}, {"userName": "\u79cb\u96e8\u77e5\u65f6", "userReviewDate": "2017-03-07", "userURL": "http://user.17k.com/49661407", "userReview": "\u5230\u6b64\u52a0\u6cb9\uff01\u652f\u6301\u5927\u5927\uff01\u65b0\u4e66<a target='_blank' href='http://www.17k.com/book/2411810.html'>\u300a\u96e8\u843d\u82b3\u534e\u67d3\u51e1\u5c18\u300b</a>\u5230\u8bbf\uff01"}, {"userName": "\u7e41\u534e\u5df2\u51c9\u4f55\u5904\u4f1a\u6b87", "userReviewDate": "2017-02-25", "userURL": "http://user.17k.com/52876175", "userReview": "\u5c31\u4e00\u7ae0"}, {"userName": "\u7e41\u534e\u5df2\u51c9\u4f55\u5904\u4f1a\u6b87", "userReviewDate": "2017-02-25", "userURL": "http://user.17k.com/52876175", "userReview": "\u5927\u5927\uff0c\u52a0\u6cb9\uff0c\u66f4\u4e00\u7ae0"}, {"userName": "\u6291\u90c1\u5c11\u5973\u7684\u523a\u75db\u9752\u6625", "userReviewDate": "2017-02-19", "userURL": "http://user.17k.com/53705465", "userReview": "\u771f\u5f97\u633a\u597d\u770b\u7684\uff01\uff01\uff01"}, {"userName": "\u6291\u90c1\u5c11\u5973\u7684\u523a\u75db\u9752\u6625", "userReviewDate": "2017-02-19", "userURL": "http://user.17k.com/53705465", "userReview": "\u5927\u5927\u5feb\u66f4\uff0c\u884c\u4e0d\u3002"}, {"userName": "\u57ce\u897f\u6545\u4eba\u51c9", "userReviewDate": "2017-01-25", "userURL": "http://user.17k.com/46507429", "userReview": "\u5927\u5927\u5feb\u66f4\uff0c\u52a0\u6cb9"}, {"userName": "\u9621\u964c\u516e\u7075", "userReviewDate": "2017-01-19", "userURL": "http://user.17k.com/49779396", "userReview": "@Hxy\u661f\u679c\u4e3a\u4ec0\u4e48\u4e0d\u66f4\u4e86\u5462\uff1f\u5f88\u597d\u554a\u3002\u5f88\u671f\u5f85\u3002\u52a0\u6cb9\uff01"}, {"userName": "\u8840\u6a31\u566c\u5fc3\u9501\u94fe", "userReviewDate": "2016-12-22", "userURL": "http://user.17k.com/48109781", "userReview": "\u4ed6\u6bcd\u4eb294\u90a3\u4e2a\u706b\u70e7\u5b81\u5bb6\u7684\u4eba\u5427\uff0c\u679c\u7237\uff1f"}, {"userName": "\u8840\u6a31\u566c\u5fc3\u9501\u94fe", "userReviewDate": "2016-12-22", "userURL": "http://user.17k.com/48109781", "userReview": "\u8981\u9000\u5708\u4e86\u5417\uff1f\u4e3a\u4ec0\u4e48\u4e0d\u66f4\uff1f\uff1f\uff1f"}, {"userName": "\u4e00\u9e7f\u4f34\u6657\u50bb\u4e4e\u4e4e", "userReviewDate": "2016-12-01", "userURL": "http://user.17k.com/49497029", "userReview": "\u66f4\u65b0\u554a"}, {"userName": "\u4e00\u9e7f\u4f34\u6657\u50bb\u4e4e\u4e4e", "userReviewDate": "2016-12-01", "userURL": "http://user.17k.com/49497029", "userReview": "\u66f4\u65b0\u554a"}, {"userName": "\u51b7\u5bd2\u9752\u96ea", "userReviewDate": "2016-11-06", "userURL": "http://user.17k.com/50860323", "userReview": "[\u6253\u8d4f]\u6211\u6253\u8d4f\u4e862\u5143\u7ea2\u5305\uff01\uff01"}, {"userName": "\u5510\u96e8\u598d3", "userReviewDate": "2016-11-05", "userURL": "http://user.17k.com/51029435", "userReview": "\u6211\u53bb\uff0c\u5c0f\u5b69\u5b50\u5199\u7684\u5c3a\u5ea6\u90a3\u4e48\u5927\uff1f\u8282\u64cd\u5462\uff1f"}, {"userName": "\u503e\u57ce&deg;Allure Lo427896570", "userReviewDate": "2016-10-22", "userURL": "http://user.17k.com/43427634", "userReview": "\u6211\u4f1a\u6ce8\u4f5c\u8005\u7684\uff0c\u6c42\u6c42\u661f\u679c\u4e86"}, {"userName": "\u503e\u57ce&deg;Allure Lo427896570", "userReviewDate": "2016-10-22", "userURL": "http://user.17k.com/43427634", "userReview": "\u53ef\u4ee5\u8f6c\u8f7d\u5417\uff1f"}, {"userName": "\u6210\u529f\u8005830720634", "userReviewDate": "2016-10-07", "userURL": "http://user.17k.com/49553544", "userReview": "\u5feb\u5feb\u5feb\u5feb\u5feb\u66f4"}], "description": "\u62e5\u6709\u8138\u76f2\u75c7\u7684\u5996\u5b7d\u5b66\u9738\u5b81\u552f\u7231\u771f\u662f\u725b\u7206\u4e86\uff01\u5979\u4e0d\u8ba4\u8bc6TFBOYS\uff0c\u4f46\u662f\u5374\u80fd\u6210\u529f\u7684\u5f15\u8d77TFBOYS\u7684\u6ce8\u610f\u3002\u3000\u3000\u5728\u56db\u4e2a\u5c0f\u660e\u661f\u5173\u7cfb\u5373\u5c06\u5347\u6e29\u7684\u65f6\u5019\uff0c\u5b81\u552f\u7231\u5c0f\u65f6\u5019\u610f\u5916\u6b7b\u4ea1\u7684\u9752\u6885\u7af9\u9a6c\u5374\u6709\u4e86\u97f3\u8baf\u2026\u2026\u2026\u2026\u3000\u3000\u656c\u8bf7\u5173\u6ce8\uff0c\u300aTF\u4e4b\u552f\u7231\u6c38\u751f\u300b\uff01\u4f5c\u8005Hxy\u661f\u679c\u5c06\u5e26\u4f60\u4eec\u770b\u4e00\u573a\u7a7a\u524d\u7edd\u540e\u7684\u604b\u7231\u76db\u4e16\uff01", "title": "TF\u4e4b\u552f\u7231\u6c38\u751f", "url": "http://www.17k.com/book/1114108.html", "average": -1.0, "cover": "http://img.17k.com/images/bookcover/2015/5570/27/1114108-1438339085000.jpg", "reviews": 638964, "authors": [{"url": "http://www.17k.com/zuozhe/36389224", "name": "Hxy\u661f\u679c"}], "type": ["\u5a31\u4e50\u660e\u661f"], "outlinks": ["http://www.17k.com/book/2794982.html", "http://www.17k.com/book/2801292.html", "http://www.17k.com/book/2816318.html", "http://www.17k.com/book/2797575.html", "http://www.17k.com/book/2802516.html", "http://www.17k.com/book/2812195.html", "http://www.17k.com/book/2820143.html", "http://www.17k.com/book/2807943.html", "http://www.17k.com/book/2813457.html", "http://www.17k.com/book/2798058.html", "http://www.17k.com/book/2815617.html", "http://www.17k.com/book/2805259.html", "http://www.17k.com/book/2760255.html", "http://www.17k.com/book/2686894.html", "http://www.17k.com/book/2797016.html", "http://www.17k.com/book/2767246.html", "http://www.17k.com/book/2764239.html", "http://www.17k.com/book/2754498.html", "http://www.17k.com/book/2754900.html", "http://www.17k.com/book/2625740.html", "http://www.17k.com/book/2213315.html", "http://www.17k.com/book/2402178.html", "http://www.17k.com/book/2691221.html", "http://www.17k.com/book/2210699.html", "http://www.17k.com/book/1797752.html", "http://www.17k.com/book/2575507.html", "http://www.17k.com/book/2705181.html", "http://www.17k.com/book/2702539.html", "http://www.17k.com/book/2474887.html", "http://www.17k.com/book/2674733.html", "http://www.17k.com/book/2822076.html", "http://www.17k.com/book/2809894.html", "http://www.17k.com/book/2822077.html", "http://www.17k.com/book/2811930.html", "http://www.17k.com/book/2815548.html", "http://www.17k.com/book/2819620.html", "http://www.17k.com/book/2809964.html", "http://www.17k.com/book/2808200.html", "http://www.17k.com/book/2820100.html", "http://www.17k.com/book/2822978.html", "http://www.17k.com/book/2804337.html", "http://www.17k.com/book/2798814.html", "http://www.17k.com/book/2785153.html", "http://www.17k.com/book/2731559.html", "http://www.17k.com/book/2722533.html", "http://www.17k.com/book/2458377.html", "http://www.17k.com/book/2743300.html", "http://www.17k.com/book/973809.html", "http://www.17k.com/book/2651367.html", "http://www.17k.com/book/2726194.html", "http://www.17k.com/book/2790214.html", "http://www.17k.com/book/493239.html", "http://www.17k.com/book/108821.html", "http://www.17k.com/book/1398783.html", "http://www.17k.com/book/83528.html", "http://www.17k.com/book/1859126.html", "http://www.17k.com/book/1741975.html", "http://www.17k.com/book/192453.html", "http://www.17k.com/book/2459058.html", "http://www.17k.com/book/1050747.html", "http://www.17k.com/book/2700315.html", "http://www.17k.com/book/2818940.html", "http://www.17k.com/book/2819519.html", "http://www.17k.com/book/2816390.html", "http://www.17k.com/book/2819588.html", "http://www.17k.com/book/2813768.html", "http://www.17k.com/book/2822406.html", "http://www.17k.com/book/2772164.html", "http://www.17k.com/book/2784023.html", "http://www.17k.com/book/2811877.html", "http://www.17k.com/book/2809119.html", "http://www.17k.com/book/2803700.html", "http://www.17k.com/book/2819561.html", "http://www.17k.com/book/2746506.html", "http://www.17k.com/book/2811836.html", "http://www.17k.com/book/2614810.html", "http://www.17k.com/book/1592435.html", "http://www.17k.com/book/1949748.html", "http://www.17k.com/book/2265802.html", "http://www.17k.com/book/2743240.html", "http://www.17k.com/book/2657437.html", "http://www.17k.com/book/2644502.html", "http://www.17k.com/book/2199900.html", "http://www.17k.com/book/2725436.html", "http://www.17k.com/book/2629978.html"]}