{"ratings": -1, "userreviews": [{"userName": "\u5357\u7d22", "userReviewDate": "2018-03-03", "userURL": "http://user.17k.com/56596423", "userReview": "\u5bb9\u5c0f\u7d22\u6253\u4e2a\u5e7f\u544a\uff01\u6233\u6211\u53ef\u7231\u7684\u5934\u50cf\uff0c\u770b\u6211\u5199\u7684\u4e66\uff0c\u7ed9\u6211\u591a\u70b9\u8bc4\u8bba\u548c\u70b9\u51fb\u54e6~"}, {"userName": "Dear\u9634\u4e16\u8f9e", "userReviewDate": "2018-02-27", "userURL": "http://user.17k.com/60181044", "userReview": "\u643a\u6211\u5bb6\u667a\u969c\u4f5c\u8005\u7684<a target='_blank' href='http://www.17k.com/book/2785495.html'>\u300a\u90e1\u4e3b\u517b\u6210\u624b\u518c\u300b</a>\u5230\u8bbf\u5566\uff0c\u671b\u56de\u8bbf\u6536\u85cf\uff01"}, {"userName": "\u5357\u7d22", "userReviewDate": "2018-02-26", "userURL": "http://user.17k.com/56596423", "userReview": "\u4e0d\u9519\uff0c\u52a0\u6cb9*\\(^_^)/*"}, {"userName": "\u97f5\u96e8\u6021\u5a77", "userReviewDate": "2018-02-13", "userURL": "http://user.17k.com/58168220", "userReview": "tf\u6a31\u82b1\u6811\u4e0b\u7684\u7ea6\u5b9a"}, {"userName": "\u6728\u5170\u9999\u6cfd\u96e8", "userReviewDate": "2018-01-31", "userURL": "http://user.17k.com/59682174", "userReview": "\u65b0\u4eba\u65b0\u4e66<a target='_blank' href='http://www.17k.com/book/2768493.html'>\u300a\u8d85\u7ea7\u6267\u6559\u300b</a>\u524d\u6765\u62dc\u8bbf\uff0c\u795d\u5927\u5927\u6210\u7ee9\u8d8a\u6765\u8d8a\u597d\u3002"}, {"userName": "\u8001\u631d\u662f\u4e00\u8fa9", "userReviewDate": "2018-01-14", "userURL": "http://user.17k.com/52668237", "userReview": "\u5bb9\u6211\u6253\u4e2a\u5e7f\u544a\u2026\u2026<a target='_blank' href='http://www.17k.com/book/2387525.html'>\u300a\u7b19\u6b4c\u672a\u5c3d\u82b1\u5df2\u6b8b\u300b</a>\uff0c\u300a\u6211\u6ca1\u5e26\u773c\u955c\uff0c\u8033\u6735\u6709\u70b9\u804b\u300b\uff0c<a target='_blank' href='http://www.17k.com/book/2569356.html'>\u300a\u9017\u6bd4\u7ad9\u4f4f\u4f60\u522b\u8dd1\u300b</a>\u4ee5\u53ca<a target='_blank' href='http://www.17k.com/book/2600844.html'>\u300a\u6211\u597d\u73ba\u6b22\u4f60\u300b</a>\uff0c\u8bf7\u591a\u591a\u652f\u6301\u554a\u8001\u94c1\u4eec\uff01\uff01\uff01"}, {"userName": "\u4e54\u5fc6", "userReviewDate": "2017-11-19", "userURL": "http://user.17k.com/55261906", "userReview": "\u643a<a target='_blank' href='http://www.17k.com/book/2716922.html'>\u300a\u65e0\u53ef\u6551\u8d4e\u300b</a>\u6765\u8bbf\uff0c\u5927\u5927\u6587\u7b14\u8d85\u7ea7\u597d\u54df\uff0c\u5e0c\u671b\u6211\u7684\u60a8\u80fd\u6307\u70b9\u4e0b\uff0c\u563b\u563b(\u0e51&acute;\u2200`\u0e51)"}, {"userName": "\u6c88\u6a35\u5c0f\u53f7", "userReviewDate": "2017-10-02", "userURL": "http://user.17k.com/32737082", "userReview": "\u4e3a\u4e86\u5f53\u738b\u5b50\u51ef\u7684\u8001\u5a46\uff0c\u8dd1\u53bb\u505a\u6f14\u5458\uff0c\u8e29\u7740\u7537\u4eba\u7684\u8eab\u4f53\u4e0a\u4f4d\uff0c\u770b\u4e86\u7ed3\u5c40\uff0c\u4e0d\u7531\u611f\u53f9\uff0c\u6240\u4ee5\u8bf4\u554a\uff0c\u52aa\u529b\u4e86\u8fd8\u6709\u6709\u6536\u83b7\u7684\uff0c\u4e0d\u52aa\u529b\u5c31\u6c38\u8fdc\u4e0d\u77e5\u9053\u539f\u6765\u7537\u795e\u559c\u6b22\u8fd9\u6837\u7684\uff0c\u63a8\u8350\u4e00\u672c\u5c0f\u8bf4<a target='_blank' href='http://www.17k.com/book/1623601.html'>\u300a\u4e00\u5207\u4e3a\u4e86\u6210\u4e3a\u660e\u661f\u7684\u8001\u5a46\u300b</a>http://h5.17k.com/book/1623601.html"}, {"userName": "OGM747674868", "userReviewDate": "2017-08-20", "userURL": "http://user.17k.com/56681089", "userReview": "\u643a<a target='_blank' href='http://www.17k.com/book/2602722.html'>\u300a\u90fd\u5e02\u4e4b\u72c2\u91ce\u7eb5\u6a2a\u300b</a>\u6765\u8bbf \u8bb2\u8ff0\u4e00\u4e2a\u795e\u79d8\u5c11\u5e74\u6b65\u5165\u90fd\u5e02\uff0c\u6380\u8d77\u60ca\u5929\u98ce\u4e91\uff0c\u94f8\u5c31\u4f20\u5947\u795e\u8bdd\u7684\u6545\u4e8b\u3002\u4e0d\u4ec5\u6709\u8840\u8165\u66b4\u529b\uff0c\u66f4\u6709\u7231\u6068\u60c5\u4ec7\u67d4\u60c5\u4f3c\u6c34\u3002\u3002\u3002\u3002\u5927\u5927\u7684\u6587\u91c7\u771f\u7684\u597d\uff0c\u5e0c\u671b\u5927\u5927\u8282\u8282\u9ad8\u5347\uff0c\u540c\u65f6\u4e5f\u5e0c\u671b\u5927\u5927\u53ef\u4ee5\u56de\u8bbf\u3002\u7ed9\u5728\u4e0b\u6307\u70b9\u3002"}, {"userName": "\u9646\u6653\u75af", "userReviewDate": "2017-08-08", "userURL": "http://user.17k.com/14776216", "userReview": "<a target='_blank' href='http://www.17k.com/book/2410552.html'>\u300a\u76d7\u4ed9\u8bb0\u300b</a>\u5b66\u4e60\u3002"}, {"userName": "\u521d\u65d6", "userReviewDate": "2017-08-06", "userURL": "http://user.17k.com/56050256", "userReview": "<a target='_blank' href='http://www.17k.com/book/2563219.html'>\u300a\u9047\u89c1\u50b2\u5a07\u62fd\u6821\u8349\u300b</a>\u524d\u6765\u62dc\u8bfb\uff01\u5e0c\u671b\u5927\u5bb6\u652f\u6301\uff01\u8c22\u8c22\uff01"}, {"userName": "stary\u661f\u661f\u4eba", "userReviewDate": "2017-08-02", "userURL": "http://user.17k.com/56702868", "userReview": "\u8c8c\u4f3c\u8fd8\u4e0d\u9519&#55358;&#56599;&#55358;&#56599;&#55358;&#56599;"}, {"userName": "\u97e9\u590fi", "userReviewDate": "2017-07-11", "userURL": "http://user.17k.com/44958692", "userReview": "\u52a0\u6cb9\uff01"}, {"userName": "\u8001\u5df7\u9152\u9999", "userReviewDate": "2017-04-18", "userURL": "http://user.17k.com/54718044", "userReview": "\u559c\u6b22\u4f60\u662f\u6211\u505a\u8fc7\u6700\u5bf9\u7684\u4e8b\uff0c\u60c5\u4eba\u767d\u795d\u4f5c\u8005\u5927\u5927\u6b65\u6b65\u9ad8\u5347\uff0c\u6709\u5174\u8da3\u7684\u8bdd\u53ef\u4ee5\u770b\u770b"}, {"userName": "\u9739\u96f3\u98de\u98de", "userReviewDate": "2017-03-28", "userURL": "http://user.17k.com/54269203", "userReview": "\u65b0\u4eba\u643a\u65b0\u4e66<a target='_blank' href='http://www.17k.com/book/2435414.html'>\u300a\u9b3c\u5c01\u9b54\u4e4b\u6821\u91cc\u770b\u82b1\u300b</a>\u524d\u6765\u819c\u62dc\u5b66\u4e60\uff0c\u6c42\u652f\u6301\uff0c\u4e07\u5206\u611f\u8c22\u3002"}, {"userName": "\u6734\u7075\u8431", "userReviewDate": "2017-03-23", "userURL": "http://user.17k.com/48806091", "userReview": "\u5076\u6765\u770b\u5927\u5927\u4e66\u4e86\uff0c\u671b\u56de\u8bbf<a target='_blank' href='http://www.17k.com/book/2057058.html'>\u300aTF\u4e4b\u98ce\u5439\u8fc7\u4f60\u6765\u8fc7\u6211\u7231\u8fc7\u300b</a>\u62dc\u6258\uff0c\u62dc\u6258\u301090&deg;\u97a0\u8eac\u3011"}, {"userName": "\u590f\u58a8\u5b87", "userReviewDate": "2017-03-11", "userURL": "http://user.17k.com/53720700", "userReview": "\u65b0\u4eba\u5c0f\u58a8\u643a\u4e66<a target='_blank' href='http://www.17k.com/book/2396610.html'>\u300a\u4ebf\u4e07\u5ba0\u5a5a\u695a\u5c11\u7684\u5a07\u59bb\u300b</a>\u6765\u8bbf\uff0c\u5927\u5927\u52a0\u6cb9\u54e6\uff01"}, {"userName": "520\u5e7b\u60f3", "userReviewDate": "2017-02-26", "userURL": "http://user.17k.com/53748629", "userReview": "\u597d\u559c\u6b22\u8fd9\u672c\u4e66\u554a\u5e0c\u671b\u5927\u5bb6\u80fd\u53bb\u770b\u4e00\u4e0b\u6211\u7684<a target='_blank' href='http://www.17k.com/book/2397579.html'>\u300a\u767d\u5bcc\u7f8e\u72c2\u8ffd\u7a77\u5c0f\u5b50\u300b</a>\uff0c\u563b\u8c22\u8c22\uff01"}, {"userName": "\u5fe7\u96ea\u99a8\u68a6", "userReviewDate": "2017-02-25", "userURL": "http://user.17k.com/52933693", "userReview": "\u6211\u7684TFboy\u4e4b\u7231\u604b\u964d\u4e34\u4e5f\u5f88\u597d\u770b\u5662\u3002"}, {"userName": "\u88ab\u5c01\u5370\u7684\u5fc3325290093", "userReviewDate": "2017-02-22", "userURL": "http://user.17k.com/53751331", "userReview": "<a target='_blank' href='http://www.17k.com/book/2397801.html'>\u300aTFBOYS\u591c\u7a7a\u4e0b\u7684\u773c\u6cea\u300b</a>\u6765\u8bbf\uff0c\u4f5c\u8005\u5927\u5927\u52a0\u6cb9\uff0c\u652f\u6301\u4f60\uff01"}], "description": "\u4e00\u5411\u53ea\u77e5\u9053\u73a9\u6e38\u620f\u7684\u7d2b\u66e6\u7adf\u7136\u4e0d\u77e5\u9053\u5c11\u5e74\u5076\u50cf\u7ec4\u5408TFBOYS\uff01\u771f\u662f\u4ee4\u4eba\u5927\u8dcc\u773c\u955c\uff0c\u4e0d\u8fc7\u4e09\u53ea\u597d\u50cf\u4e0d\u4ecb\u610f\uff0c\u5728\u5979\u5931\u610f\u7684\u8fd9\u6bb5\u65f6\u95f4\u91cc\u9762\u4e00\u76f4\u5173\u5fc3\u7740\u5979\uff0c\u597d\u6e29\u6696\uff0c\u674e\u7d2b\u66e6\u4f5c\u4e3a\u62a5\u7b54\uff0c\u4f60\u5c31\u4ee5\u8eab\u76f8\u8bb8\u5427\uff01", "title": "TF\u521d\u604b\u5728\u76db\u590f", "url": "http://www.17k.com/book/938099.html", "average": -1.0, "cover": "http://img.17k.com/images/bookcover/2016/4690/23/938099-1458458993000.jpg", "reviews": 5827948, "authors": [{"url": "http://www.17k.com/zuozhe/34741502", "name": "\u7b11\u8d8a\u4e39\u4e39"}], "type": ["\u5a31\u4e50\u660e\u661f"], "outlinks": ["http://www.17k.com/book/2794982.html", "http://www.17k.com/book/2801292.html", "http://www.17k.com/book/2816318.html", "http://www.17k.com/book/2797575.html", "http://www.17k.com/book/2802516.html", "http://www.17k.com/book/2812195.html", "http://www.17k.com/book/2820143.html", "http://www.17k.com/book/2807943.html", "http://www.17k.com/book/2813457.html", "http://www.17k.com/book/2798058.html", "http://www.17k.com/book/2815617.html", "http://www.17k.com/book/2805259.html", "http://www.17k.com/book/2760255.html", "http://www.17k.com/book/2686894.html", "http://www.17k.com/book/2797016.html", "http://www.17k.com/book/2767246.html", "http://www.17k.com/book/2764239.html", "http://www.17k.com/book/2754498.html", "http://www.17k.com/book/2754900.html", "http://www.17k.com/book/2625740.html", "http://www.17k.com/book/2213315.html", "http://www.17k.com/book/2402178.html", "http://www.17k.com/book/2691221.html", "http://www.17k.com/book/2210699.html", "http://www.17k.com/book/1797752.html", "http://www.17k.com/book/2575507.html", "http://www.17k.com/book/2705181.html", "http://www.17k.com/book/2702539.html", "http://www.17k.com/book/2474887.html", "http://www.17k.com/book/2674733.html", "http://www.17k.com/book/2822076.html", "http://www.17k.com/book/2809894.html", "http://www.17k.com/book/2822077.html", "http://www.17k.com/book/2811930.html", "http://www.17k.com/book/2815548.html", "http://www.17k.com/book/2819620.html", "http://www.17k.com/book/2809964.html", "http://www.17k.com/book/2808200.html", "http://www.17k.com/book/2820100.html", "http://www.17k.com/book/2822978.html", "http://www.17k.com/book/2804337.html", "http://www.17k.com/book/2798814.html", "http://www.17k.com/book/2785153.html", "http://www.17k.com/book/2731559.html", "http://www.17k.com/book/2722533.html", "http://www.17k.com/book/2458377.html", "http://www.17k.com/book/2743300.html", "http://www.17k.com/book/973809.html", "http://www.17k.com/book/2651367.html", "http://www.17k.com/book/2726194.html", "http://www.17k.com/book/2790214.html", "http://www.17k.com/book/493239.html", "http://www.17k.com/book/108821.html", "http://www.17k.com/book/1398783.html", "http://www.17k.com/book/83528.html", "http://www.17k.com/book/1859126.html", "http://www.17k.com/book/1741975.html", "http://www.17k.com/book/192453.html", "http://www.17k.com/book/2459058.html", "http://www.17k.com/book/1050747.html", "http://www.17k.com/book/2700315.html", "http://www.17k.com/book/2818940.html", "http://www.17k.com/book/2819519.html", "http://www.17k.com/book/2816390.html", "http://www.17k.com/book/2819588.html", "http://www.17k.com/book/2813768.html", "http://www.17k.com/book/2822406.html", "http://www.17k.com/book/2772164.html", "http://www.17k.com/book/2784023.html", "http://www.17k.com/book/2811877.html", "http://www.17k.com/book/2809119.html", "http://www.17k.com/book/2803700.html", "http://www.17k.com/book/2819561.html", "http://www.17k.com/book/2746506.html", "http://www.17k.com/book/2811836.html", "http://www.17k.com/book/2614810.html", "http://www.17k.com/book/1592435.html", "http://www.17k.com/book/1949748.html", "http://www.17k.com/book/2265802.html", "http://www.17k.com/book/2743240.html", "http://www.17k.com/book/2657437.html", "http://www.17k.com/book/2644502.html", "http://www.17k.com/book/2199900.html", "http://www.17k.com/book/2725436.html", "http://www.17k.com/book/2629978.html"]}