{"ratings": -1, "userreviews": [{"userName": "\u987e\u5357\u58a8", "userReviewDate": "2017-07-15", "userURL": "http://user.17k.com/44275816", "userReview": "<span style='color:red'>\u5bf9\u4e0d\u8d77\uff0c\u8fd9\u672c\u4e66\u5c31\u8fd9\u6837\u5b8c\u7ed3\u4e86\u3002\u8bf7\u7b49\u5f85TF\u76f2\u8def\u8424\u5149\u2161\u7684\u56de\u5f52\u3002\u56e0\u4e3a\u8fd9\u672c\u4e66\u675f\u7f1a\u6211\u7684\u601d\u60f3\uff0c\u6211\u8981\u524d\u53bb\u8fdb\u884c\u4fee\u70bc\u4e86\u3002\u4e00\u76f4\u559c\u6b22\u8fd9\u672c\u4e66\u7684\u5b9d\u5b9d\u4eec\uff0c\u5bf9\u4e0d\u4f4f\u4e86\uff01<img src='http://img.17k.com/images/face/115ku.gif' /></span>"}, {"userName": "\u987e\u5357\u58a8", "userReviewDate": "2017-07-03", "userURL": "http://user.17k.com/44275816", "userReview": "\u4e0b\u5b66\u671f\u4f5c\u8005\u5b66\u4e1a\u5f88\u91cd\uff0c\u6240\u4ee5\u8fd9\u4e2a\u6691\u5047\u4f5c\u8005\u4f1a\u5c3d\u529b\u5c06Tf\u76f2\u8def\u8424\u5149\u5b8c\u7ed3\uff0c\u4e5f\u8bb8\u4f1a\u592a\u8fc7\u4e8e\u4ed3\u4fc3\uff0c\u4f46\u5e0c\u671b\u5927\u5bb6\u8c05\u89e3"}, {"userName": "\u270e\u0793\u0787\u0787\u0787 \u5c0f\u6d41\u6c13", "userReviewDate": "2017-07-18", "userURL": "http://user.17k.com/50401537", "userReview": "\u643a<a target='_blank' href='http://www.17k.com/book/2574178.html'>\u300a\u6211\u4e0e\u6211\u7684\u6587\u76f2\u6bcd\u4eb2\u300b</a>\u524d\u6765\u62dc\u8bbf\u5927\u795e\uff0c\u5e0c\u671b\u5927\u795e\u7ed9\u6211\u4e00\u70b9\u5efa\u8bae\u3002\u6ca1\u6709\u9c9c\u82b1\uff0c\u6ca1\u6709\u91d1\u94b1\uff0c\u6211\u53ea\u6709\u826f\u5fc3\u5236\u4f5c\u7684\u4f5c\u54c1"}, {"userName": "\u789f\u79cb\u6b8b\u6c50", "userReviewDate": "2017-07-15", "userURL": "http://user.17k.com/49373589", "userReview": "\u671f\u5f85\u4f60\u7684\u7b2c\u4e8c\u5b63"}, {"userName": "\u60f3\u4e0a\u5929\u7684\u732b", "userReviewDate": "2017-07-11", "userURL": "http://user.17k.com/46102150", "userReview": "\u5927\u5927\u5f88\u52e4\u554a\u3002tf\u2014\u2014\u6211\u4eec\u7684\u5149\u3002\u6765\u770b\u4e00\u4e0b\u6211\u7684\u65b0\u6587\u5427\u3002<a target='_blank' href='http://www.17k.com/book/2572226.html'>\u300a\u559c\u6b22\u4e0e\u6b22\u559c\u300b</a>\u4e3b\u5343\uff0c\u4e0d\u8650"}, {"userName": "\u6512\u4e00\u888b\u8292\u679c", "userReviewDate": "2017-07-11", "userURL": "http://user.17k.com/55437270", "userReview": "\u5927\u5927\u5199\u7684\u597d\u68d2\u5566\uff0c\u80fd\u56de\u8bbf\u4e00\u4e0b\u6211\u7684\u5566:\u5343\u5e74\u4e4b\u540e\u7231\u8fd8\u5728"}, {"userName": "\u73af\u8424", "userReviewDate": "2017-07-10", "userURL": "http://user.17k.com/56158860", "userReview": "\u6211\u53c8\u6765\u5566\uff01\u6211\u53c8\u6765\u5566\uff01\uff01\uff01\u4f5c\u8005\u5927\u5927\uff0c\u52a0\u6cb9\u54e6\uff01"}, {"userName": "\u73af\u8424", "userReviewDate": "2017-07-07", "userURL": "http://user.17k.com/56158860", "userReview": "\u5c01\u9762\u597d\u6f02\u4eae\uff01\u6587\u7b14\u4e5f\u4e0d\u9519\uff01\u4f5c\u8005\u52a0\u6cb9\u54e6\uff01\uff01<a target='_blank' href='http://user.17k.com/44275816'>@\u987e\u5357\u58a8</a>"}, {"userName": "\u5927\u7483\u7838\u662f\u4e2a\u5927\u9017\u6bd4", "userReviewDate": "2017-07-05", "userURL": "http://user.17k.com/49933948", "userReview": "\u6765\u901b\u901b...\u5c01\u9762\u597d\u597d\u770b\uff0c\u6587\u7b14\u4e5f\u4e0d\u9519..."}, {"userName": "\u270e\u5b88\u62a4\u5411\u65e5\u8475 \u0344\u034a\u034b\u0342\u0344\u2026", "userReviewDate": "2017-07-04", "userURL": "http://user.17k.com/56049915", "userReview": "\u840c\u840c\u8fdb\u6b65\u633a\u5927\uff0c\u5c31\u662f\u8bed\u8a00\u63cf\u5199\u6709\u70b9\u591a\uff0c\u4e0d\u8fc7\u4e5f\u4e0d\u9519\u4e86"}, {"userName": "swiftly\u6d45", "userReviewDate": "2017-07-04", "userURL": "http://user.17k.com/54905761", "userReview": "<span style='color:black'>\u8f93\u9519\u4e86\uff0c\u662f\uff1a\u300aTF:\u5976\u8336\u5473&middot;\u5496\u5561\u97f5\u300b\u521a\u521a\u5199\u7684\u662f\u539f\u540d\u3002</span>"}, {"userName": "swiftly\u6d45", "userReviewDate": "2017-07-04", "userURL": "http://user.17k.com/54905761", "userReview": "\u5c01\u9762\u5f88\u7f8e\uff0c\u6587\u66f4\u7f8e\uff0c\u6587\u7b14\u6e05\u79c0\u96bd\u6c38\uff0c\u975e\u5e38\u7684\u68d2\u68d2\u54d2...\u300a\u6e23\u7537\u4f7f\u5176\u7626\u8eab\u8bb0\u300b\u7b2c\u4e00\u6b21\u5199\u6587\uff0c\u5171\u52c9\u3002"}, {"userName": "\u789f\u79cb\u6b8b\u6c50", "userReviewDate": "2017-07-01", "userURL": "http://user.17k.com/49373589", "userReview": "\u5f88\u4e45\u6ca1\u770b\u4e86\uff0c\u7a81\u7136\u4e00\u770b\u611f\u89c9\u840c\u840c\u4f60\u8fdb\u6b65\u4e86"}, {"userName": "\u8d8a\u524d\u9f8d\u9999", "userReviewDate": "2017-06-11", "userURL": "http://user.17k.com/33437554", "userReview": "\u50ac\u66f4\u50ac\u66f4<a target='_blank' href='http://user.17k.com/44275816'>@\u987e\u5357\u58a8</a>"}, {"userName": "\u789f\u79cb\u6b8b\u6c50", "userReviewDate": "2017-04-19", "userURL": "http://user.17k.com/49373589", "userReview": "\u60f3\u4f60\u7684\u65f6\u5019\u6765\u770b\u770b\u4f60 (\u0e51'\u1d17')=\u035f\u035f\u035e\u035e\u27b3\u2740(\u4e54\u5149)"}, {"userName": "\u5b64\u964c\u5c18", "userReviewDate": "2017-04-09", "userURL": "http://user.17k.com/46160715", "userReview": ".."}, {"userName": "\u518d\u5f00\u8f66\u5c31\u662f\u8001\u6c61\u5a46", "userReviewDate": "2017-02-11", "userURL": "http://user.17k.com/49042088", "userReview": "\u5927\u5927\u5143\u5bb5\u8282\u5feb\u4e50\uff01\u52a0\u6cb9\u52a0\u6cb9\uff01"}, {"userName": "\u7981\u557e", "userReviewDate": "2017-02-11", "userURL": "http://user.17k.com/53333671", "userReview": "\u4f5c\u8005\u5927\u5927\uff01\u5143\u5bb5\u8282\u5feb\u4e50\uff01"}, {"userName": "\u7981\u557e", "userReviewDate": "2017-02-11", "userURL": "http://user.17k.com/53333671", "userReview": "[\u6253\u8d4f]\u6211\u6253\u8d4f\u4e861\u5143\u7ea2\u5305\uff01\uff01"}, {"userName": "\u8d8a\u524d\u9f8d\u9999", "userReviewDate": "2017-02-10", "userURL": "http://user.17k.com/33437554", "userReview": "\u6211\u53c8\u6765\u5566\uff01\u5927\u5927\u6bcf\u4e00\u7ae0\u90fd\u5199\u4e86\u597d\u591a\u5b57\uff0c\u4f5c\u8005\u5927\u5927\u8f9b\u82e6\u4e86\uff01"}], "description": "\u5979\u6709\u4e00\u9897\u50cf\u661f\u661f\u4e00\u6837\u95ea\u4eae\u7684\u5fc3\uff0c\u4f46\u5384\u8fd0\u603b\u662f\u4e0e\u5979\u7ea0\u7f20\u4e0d\u6e05\u3002\u3000\u3000\u516d\u5e74\uff0c\u5979\u5728\u9ed1\u6697\u4e2d\u5ea6\u8fc7\uff0c\u8ffd\u6c42\u5149\u660e\u7684\u5979\uff0c\u4e0d\u7981\u505c\u4e0b\u4e86\u811a\u6b65\u3002\u3000\u30002023\u5e74\uff0c\u4ed6\u4eec\u51fa\u73b0\u5728\u5979\u7684\u8eab\u8fb9\uff0c\u7ed9\u4e88\u5979\u5173\u5fc3\uff0c\u8424\u706b\u866b\u7684\u5fae\u5c0f\u5149\u8292\u95ef\u5165\u5979\u7684\u4e16\u754c\uff0c\u5979\u9f13\u8d77\u52c7\u6c14\u7ee7\u7eed\u8ffd\u9010\u5149\u660e\u3002\u3000\u3000\u5728\u8fd9\u65f6\u4e00\u9897\u53eb\u7231\u60c5\u7684\u79cd\u5b50\u5f00\u59cb\u5728\u4ed6\u4eec\u7684\u5fc3\u4e2d\u624e\u6839\u53d1\u82bd\u4e86...\u3000\u3000\u540e\u6765\u4ed6\u4eec\u5206\u522b\u4e86\uff0c\u53c8\u518d\u6b21\u76f8\u9047\uff0c\u4ed6\u5bf9\u5979\u8bf4\uff1a\u201c\u6211\u80fd\u5a36\u4f60\u5417\uff1f\u201d\u3000\u3000\u5979\u5bf9\u4ed6\u8bf4\uff1a\u201c\u55ef\uff1f\u5bb9\u6211\u60f3\u60f3\uff0c\u4f60\u5a36\u6211\uff0c\u4e0d\u5982\u4f60\u5ac1\u7ed9\u6211\u597d\u4e86\u3002\u201d\u3000\u3000\u4ed6\u5ac1\u7ed9\u5979\uff0c\u5979\u5a36\u4e86\u4ed6\uff0c\u4ed6\u8bf4\uff1a\u201c\u81ea\u53e4\u6df1\u60c5\u7559\u4e0d\u4f4f\uff0c\u603b\u662f\u5957\u8def\u7684\u4eba\u5fc3\u554a\uff01\u201d\u3000\u3000\u2014\u2014\u2014\u2014\u4e0b\u5217\u5206\u5272\u7ebf\u2014\u2014\u2014\u2014\u3000\u3000\u5b9d\u5b9d\u521b\u4e86\u4e00\u4e2a\u8bfb\u8005\u7fa4\uff0c\u5343\u5e74\u4e0d\u8fdb\u4e00\u4e2a\uff0c\u5b9d\u5b9d\u5dee\u4e0d\u591a\u662f\u4e2a\u5e9f\u4eba\u4e86\uff0c\u7fa4\u53f7\u5728\u8fd9\u513f\uff0c\u4e0d\u8fdb\u4e0d\u52c9\u5f3a\uff0c\u6ca1\u8bfb\u8005\uff0c\u8fd9\u672c\u5c0f\u8bf4\u5199\u4e86\uff0c\u6211\u5c31\u9000\u5708\u3002462496552", "title": "TF\u76f2\u8def\u8424\u5149", "url": "http://www.17k.com/book/2075082.html", "average": -1.0, "cover": "http://img.17k.com/images/bookcover/2017/10375/51/2075082-1486875273000.jpg", "reviews": 8976, "authors": [{"url": "http://www.17k.com/zuozhe/44275816", "name": "\u987e\u5357\u58a8"}], "type": ["\u5f71\u89c6\u540c\u4eba"], "outlinks": ["http://www.17k.com/book/2794982.html", "http://www.17k.com/book/2801292.html", "http://www.17k.com/book/2816318.html", "http://www.17k.com/book/2797575.html", "http://www.17k.com/book/2802516.html", "http://www.17k.com/book/2812195.html", "http://www.17k.com/book/2820143.html", "http://www.17k.com/book/2807943.html", "http://www.17k.com/book/2813457.html", "http://www.17k.com/book/2798058.html", "http://www.17k.com/book/2815617.html", "http://www.17k.com/book/2805259.html", "http://www.17k.com/book/2760255.html", "http://www.17k.com/book/2686894.html", "http://www.17k.com/book/2797016.html", "http://www.17k.com/book/2767246.html", "http://www.17k.com/book/2764239.html", "http://www.17k.com/book/2754498.html", "http://www.17k.com/book/2754900.html", "http://www.17k.com/book/2625740.html", "http://www.17k.com/book/2213315.html", "http://www.17k.com/book/2402178.html", "http://www.17k.com/book/2691221.html", "http://www.17k.com/book/2210699.html", "http://www.17k.com/book/1797752.html", "http://www.17k.com/book/2575507.html", "http://www.17k.com/book/2705181.html", "http://www.17k.com/book/2702539.html", "http://www.17k.com/book/2474887.html", "http://www.17k.com/book/2674733.html", "http://www.17k.com/book/2822076.html", "http://www.17k.com/book/2809894.html", "http://www.17k.com/book/2822077.html", "http://www.17k.com/book/2811930.html", "http://www.17k.com/book/2815548.html", "http://www.17k.com/book/2819620.html", "http://www.17k.com/book/2809964.html", "http://www.17k.com/book/2808200.html", "http://www.17k.com/book/2820100.html", "http://www.17k.com/book/2822978.html", "http://www.17k.com/book/2804337.html", "http://www.17k.com/book/2798814.html", "http://www.17k.com/book/2785153.html", "http://www.17k.com/book/2731559.html", "http://www.17k.com/book/2722533.html", "http://www.17k.com/book/2458377.html", "http://www.17k.com/book/2743300.html", "http://www.17k.com/book/973809.html", "http://www.17k.com/book/2651367.html", "http://www.17k.com/book/2726194.html", "http://www.17k.com/book/2790214.html", "http://www.17k.com/book/493239.html", "http://www.17k.com/book/108821.html", "http://www.17k.com/book/1398783.html", "http://www.17k.com/book/83528.html", "http://www.17k.com/book/1859126.html", "http://www.17k.com/book/1741975.html", "http://www.17k.com/book/192453.html", "http://www.17k.com/book/2459058.html", "http://www.17k.com/book/1050747.html", "http://www.17k.com/book/2700315.html", "http://www.17k.com/book/2818940.html", "http://www.17k.com/book/2819519.html", "http://www.17k.com/book/2816390.html", "http://www.17k.com/book/2819588.html", "http://www.17k.com/book/2813768.html", "http://www.17k.com/book/2822406.html", "http://www.17k.com/book/2772164.html", "http://www.17k.com/book/2784023.html", "http://www.17k.com/book/2811877.html", "http://www.17k.com/book/2809119.html", "http://www.17k.com/book/2803700.html", "http://www.17k.com/book/2819561.html", "http://www.17k.com/book/2746506.html", "http://www.17k.com/book/2811836.html", "http://www.17k.com/book/2614810.html", "http://www.17k.com/book/1592435.html", "http://www.17k.com/book/1949748.html", "http://www.17k.com/book/2265802.html", "http://www.17k.com/book/2743240.html", "http://www.17k.com/book/2657437.html", "http://www.17k.com/book/2644502.html", "http://www.17k.com/book/2199900.html", "http://www.17k.com/book/2725436.html", "http://www.17k.com/book/2629978.html"]}