{"ratings": -1, "userreviews": [{"userName": "\u9c7c\u9c7c\u61c2\u4e8b", "userReviewDate": "2016-07-24", "userURL": "http://user.17k.com/25385526", "userReview": "\u548b\u4e0d\u66f4\u65b0"}, {"userName": "\u4e09\u8a00\u4e24\u8bed.", "userReviewDate": "2016-07-22", "userURL": "http://user.17k.com/16888077", "userReview": "\u600e\u4e48\u65ad\u66f4\u4e86&#55357;&#56877;"}, {"userName": "\u840c\u840c\u7231\u5403\u7cd6\u7cd6", "userReviewDate": "2016-07-21", "userURL": "http://user.17k.com/45134790", "userReview": "\u52a0\u6cb9\u2196(^\u03c9^)\u2197\u2196(^\u03c9^)\u2197\u2196(^\u03c9^)\u2197\u2196(^\u03c9^)\u2197\u2196(^\u03c9^)\u2197\u2196(^\u03c9^)\u2197\u2196(^\u03c9^)\u2197\u2196(^\u03c9^)\u2197\u2196(^\u03c9^)\u2197\u2196(^\u03c9^)\u2197\u2196(^\u03c9^)\u2197\u2196(^\u03c9^)\u2197\u2196(^\u03c9^)\u2197\u2196(^\u03c9^)\u2197\u2196(^\u03c9^)\u2197\u2196(^\u03c9^)\u2197\u2196(^\u03c9^)\u2197\u2196(^\u03c9^)\u2197\u2196(^\u03c9^)\u2197\u2196(^\u03c9^)\u2197\u2196(^\u03c9^)\u2197\u2196(^\u03c9^)\u2197\u2196(^\u03c9^)\u2197\u2196(^\u03c9^)\u2197\u2196(^\u03c9^)\u2197\u2196(^\u03c9^)\u2197\u2196(^\u03c9^)\u2197\u2196(^\u03c9^)\u2197\u2196(^\u03c9^)\u2197\u2196(^\u03c9^)\u2197\u2196(^\u03c9^)\u2197\u2196(^\u03c9^)\u2197\u2196(^\u03c9^)\u2197\u2196(^\u03c9^)\u2197\u2196(^\u03c9^)\u2197\u2196(^\u03c9^)\u2197\u2196(^\u03c9^)\u2197\u2196(^\u03c9^)\u2197\u2196(^\u03c9^)\u2197\u2196(^\u03c9^)\u2197"}, {"userName": "\u51b0\u6cc9\u5c0f\u6653\u751f", "userReviewDate": "2016-07-17", "userURL": "http://user.17k.com/45764518", "userReview": "\u665a\u5b89\uff0c<a target='_blank' href='http://www.17k.com/book/1845164.html'>\u300a\u672b\u53f6\u68e0\u6b87\u300b</a>\u6765\u6536\u85cf\u4e86\uff01"}, {"userName": "\u7eb9\u94f6\u7eb7\u821e", "userReviewDate": "2016-07-16", "userURL": "http://user.17k.com/35532638", "userReview": "\u613f\u5927\u5bb6\u52a9\u6211\u7b7e\u7ea6\uff0c<a target='_blank' href='http://www.17k.com/book/1935691.html'>\u300a\u5929\u4e3b\u4f20\u300b</a>"}, {"userName": "\u7cca\u6d82\u7684\u5927\u732b", "userReviewDate": "2016-07-16", "userURL": "http://user.17k.com/47556561", "userReview": "<a target='_blank' href='http://www.17k.com/book/1934012.html'>\u300a\u7eb5\u6a2a\u4e4b\u9e3f\u8499\u300b</a>\u6765\u6253\u4e2a\u5e7f\u544a\uff0c\u6b22\u8fce\u5404\u4f4d\u6765\u63d0\u63d0\u610f\u89c1\uff0c\u5927\u732b\u4e0d\u6c42\u522b\u7684\u53ea\u5e0c\u671b\u5927\u5bb6\u6765\u770b\u770b"}, {"userName": "\u96e8\u843d\u7b19\u8427\u9ed8", "userReviewDate": "2016-07-16", "userURL": "http://user.17k.com/46118138", "userReview": "\u5927\u5927\u597d\u5389\u5bb3~\u52a0\u6cb9~\u732e\u4e2a\u82b1~\u671b\u56de\u8bbf"}, {"userName": "\u6db5\u610f\u5b50", "userReviewDate": "2016-07-16", "userURL": "http://user.17k.com/48077478", "userReview": "\u7f51\u7edc\u5c0f\u8bf4\uff0c\u4ee4\u4eba\u6fc0\u60c5\u3002\u4f5c\u8005\u7684\u5c0f\u8bf4\uff0c\u66f4\u662f\u8ba9\u6211\u6df1\u6709\u4f53\u4f1a\uff0c\u643a\u4e66\u6765\u8bbf\uff0c\u4e00\u4e2a\u662f\u4e8e\u5df1\u7684\u79c1\uff0c\u4e5f\u662f\u5bf9\u4f5c\u8005\u6587\u7b14\u7684\u559c\u6b22\uff1b<a target='_blank' href='http://www.17k.com/book/1983638.html'>\u300a\u7ff0\u865a\u4e00\u751f\u300b</a>\u5c11\u5973\uff0c\u80fd\u5426\u987a\u5229\u8715\u53d8\u6210\u5f3a\u8005\u5462\uff1f\u55ef\u3002"}, {"userName": "\u7389\u66ae", "userReviewDate": "2016-07-16", "userURL": "http://user.17k.com/45080779", "userReview": "\u52a0\u6cb9"}, {"userName": "Wking\u9748", "userReviewDate": "2016-07-16", "userURL": "http://user.17k.com/45063699", "userReview": "<a target='_blank' href='http://www.17k.com/book/1981374.html'>\u300a\u9b3c\u7075\u5951\u7ea6\u300b</a>\u6765\u8bbf\uff0c\u671b\u56de\u8bbf\u4e00\u4e0b\uff0c\u76f8\u4e92\u52a0\u6cb9\u5427~"}, {"userName": "\u6587\u4e88\u68ee", "userReviewDate": "2016-07-15", "userURL": "http://user.17k.com/47995883", "userReview": "\u7ba1\u4e0d\u4f4fde\u624b\u643a<a target='_blank' href='http://www.17k.com/book/1975172.html'>\u300a\u6e21\u5c3d\u82cd\u5929\u300b</a>\u6765\u8bbf\uff01\u671b\u5404\u4f4d\u9053\u53cb\u79fb\u6b65\u4e00\u89c2\u3002\u795d<a target='_blank' href='http://www.17k.com/book/1646589.html'>\u300a\u4e00\u4e16\u72ec\u5ba0\u4e4b\u6bd2\u5983\u91cd\u751f\u300b</a>\u5927\u5356\uff0c\u7279\u5356\uff01"}, {"userName": "\u51b0\u6cc9\u5c0f\u6653\u751f", "userReviewDate": "2016-07-14", "userURL": "http://user.17k.com/45764518", "userReview": "\u90a3\u5e74\u7684\u68a6\u4e2d\u4e0e\u4f60\u9082\u9005\uff0c\u90a3\u5e74\u7684\u9752\u6625\u5374\u4e0e\u4ed6\u76f8\u9047\u2026\u2026\u3002<a target='_blank' href='http://www.17k.com/book/1845164.html'>\u300a\u672b\u53f6\u68e0\u6b87\u300b</a>\u529b\u633a\u5927\u5927\uff01"}, {"userName": "\u6cab\u5f71\u6c90\u989c", "userReviewDate": "2016-07-14", "userURL": "http://user.17k.com/44536585", "userReview": "\u51cc\u96ea\u6765\u8bbf\uff0c\u5927\u5927\u771f\u7684\u597d\u5389\u5bb3\uff0c\u52a0\u6cb9\uff01\u671b\u56de\u8bbf<a target='_blank' href='http://www.17k.com/book/1716247.html'>\u300a\u8179\u9ed1\u795e\u533b\u4e09\u5c0f\u59d0\u300b</a>(^_^)"}, {"userName": "\u5feb\u4e50\u5b66\u5f92", "userReviewDate": "2016-07-14", "userURL": "http://user.17k.com/47540705", "userReview": "<a target='_blank' href='http://www.17k.com/book/1932544.html'>\u300a\u9f99\u4e4b\u707e\u300b</a>\u6765\u8bbf\uff0c\u6b22\u8fce\u5927\u5bb6\u9605\u8bfb\uff0c\u8c22\u8c22\u5927\u5927\u652f\u6301\uff0c\u559c\u6b22\u7684\u8bdd\u8bf7\u7ed9\u6211\u4e00\u7968\uff0c\u4e48\u4e48\u54d2\uff0c\u4e00\u8d77\u52aa\u529b\uff0c\u52a0\u6cb9(\u2267\u25bd\u2266)"}, {"userName": "1yVbtar1ch96uJ83", "userReviewDate": "2016-07-14", "userURL": "http://user.17k.com/48194480", "userReview": "[\u6253\u8d4f]\u6211\u6253\u8d4f\u4e861785\u5143\u7ea2\u5305\uff01\uff01"}, {"userName": "\u661f\u661f\u4f60\u4e2b\u5c11\u70b9\u6843\u82b1", "userReviewDate": "2016-07-10", "userURL": "http://user.17k.com/47824081", "userReview": "\u652f\u6301\u5462"}, {"userName": "\u6d1b\u503e\u73a5", "userReviewDate": "2016-06-22", "userURL": "http://user.17k.com/46999863", "userReview": "\u5f88\u597d"}, {"userName": "\u9e4f\u8dc3963942920", "userReviewDate": "2016-06-14", "userURL": "http://user.17k.com/47503192", "userReview": "[\u6253\u8d4f]\u6211\u6253\u8d4f\u4e868\u5143\u7ea2\u5305\uff01\uff01"}, {"userName": "\u5200\u5c16\u8214\u8840\u4e00\u4e2a\u5e9f\u4eba", "userReviewDate": "2016-04-09", "userURL": "http://user.17k.com/45964840", "userReview": "\u989d\u5475\u5475\u5475\u3002\u3002\u3002\u8fd8\u597d"}, {"userName": "\u9752\u72d0520", "userReviewDate": "2016-04-02", "userURL": "http://user.17k.com/45838411", "userReview": "\u6c83\u8fd8\u6728\u770b....&#55357;&#56384; \u4e0d\u8fc7\u52a0\u6cb9 \u652f\u6301\u53cb\u53cb"}], "description": "\u5728\u574e\u5777\u7684\u590d\u4ec7\u4e4b\u8def\u4e2d\uff0c\u60c5\u7684\u51fa\u73b0\u70b9\u71c3\u4e86\u7231\u4e0e\u6068\u4e4b\u95f4\u7684\u706b\u82b1\uff0c\u96ea\u5f71\u4e4b\u604b\u6c38\u65e0\u5c3d\u5934\uff0c\u5728\u300a\u6bd2\u5983\u91cd\u751f\u300b\u4e2d\u4e0e\u73a5\u5b81\u4e00\u8d77\u89c1\u8bc1\u96ea\u5f71\u4e4b\u604b\u5982\u4f55\u70b9\u4eae\u7231\u4e0e\u6068\u4e4b\u95f4\u7684\u706b\u82b1\u5427!", "title": "\u4e00\u4e16\u72ec\u5ba0\u4e4b\u6bd2\u5983\u91cd\u751f", "url": "http://www.17k.com/book/1646589.html", "average": -1.0, "cover": "http://img.17k.com/images/bookcover/2016/8232/41/1646589-1455849333000.jpg", "reviews": 18971, "authors": [{"url": "http://www.17k.com/zuozhe/44911361", "name": "\u73a5\u5b81\u51b0\u5fc3\u68a6"}], "type": ["\u53e4\u4ee3\u91cd\u751f"], "outlinks": ["http://www.17k.com/book/2794982.html", "http://www.17k.com/book/2801292.html", "http://www.17k.com/book/2816318.html", "http://www.17k.com/book/2797575.html", "http://www.17k.com/book/2802516.html", "http://www.17k.com/book/2812195.html", "http://www.17k.com/book/2820143.html", "http://www.17k.com/book/2807943.html", "http://www.17k.com/book/2813457.html", "http://www.17k.com/book/2798058.html", "http://www.17k.com/book/2815617.html", "http://www.17k.com/book/2805259.html", "http://www.17k.com/book/2760255.html", "http://www.17k.com/book/2686894.html", "http://www.17k.com/book/2797016.html", "http://www.17k.com/book/2767246.html", "http://www.17k.com/book/2764239.html", "http://www.17k.com/book/2754498.html", "http://www.17k.com/book/2754900.html", "http://www.17k.com/book/2625740.html", "http://www.17k.com/book/2213315.html", "http://www.17k.com/book/2402178.html", "http://www.17k.com/book/2691221.html", "http://www.17k.com/book/2210699.html", "http://www.17k.com/book/1797752.html", "http://www.17k.com/book/2575507.html", "http://www.17k.com/book/2705181.html", "http://www.17k.com/book/2702539.html", "http://www.17k.com/book/2474887.html", "http://www.17k.com/book/2674733.html", "http://www.17k.com/book/2822076.html", "http://www.17k.com/book/2809894.html", "http://www.17k.com/book/2822077.html", "http://www.17k.com/book/2811930.html", "http://www.17k.com/book/2815548.html", "http://www.17k.com/book/2819620.html", "http://www.17k.com/book/2809964.html", "http://www.17k.com/book/2808200.html", "http://www.17k.com/book/2820100.html", "http://www.17k.com/book/2822978.html", "http://www.17k.com/book/2804337.html", "http://www.17k.com/book/2798814.html", "http://www.17k.com/book/2785153.html", "http://www.17k.com/book/2731559.html", "http://www.17k.com/book/2722533.html", "http://www.17k.com/book/2458377.html", "http://www.17k.com/book/2743300.html", "http://www.17k.com/book/973809.html", "http://www.17k.com/book/2651367.html", "http://www.17k.com/book/2726194.html", "http://www.17k.com/book/2790214.html", "http://www.17k.com/book/493239.html", "http://www.17k.com/book/108821.html", "http://www.17k.com/book/1398783.html", "http://www.17k.com/book/83528.html", "http://www.17k.com/book/1859126.html", "http://www.17k.com/book/1741975.html", "http://www.17k.com/book/192453.html", "http://www.17k.com/book/2459058.html", "http://www.17k.com/book/1050747.html", "http://www.17k.com/book/2700315.html", "http://www.17k.com/book/2818940.html", "http://www.17k.com/book/2819519.html", "http://www.17k.com/book/2816390.html", "http://www.17k.com/book/2819588.html", "http://www.17k.com/book/2813768.html", "http://www.17k.com/book/2822406.html", "http://www.17k.com/book/2772164.html", "http://www.17k.com/book/2784023.html", "http://www.17k.com/book/2811877.html", "http://www.17k.com/book/2809119.html", "http://www.17k.com/book/2803700.html", "http://www.17k.com/book/2819561.html", "http://www.17k.com/book/2746506.html", "http://www.17k.com/book/2811836.html", "http://www.17k.com/book/2614810.html", "http://www.17k.com/book/1592435.html", "http://www.17k.com/book/1949748.html", "http://www.17k.com/book/2265802.html", "http://www.17k.com/book/2743240.html", "http://www.17k.com/book/2657437.html", "http://www.17k.com/book/2644502.html", "http://www.17k.com/book/2199900.html", "http://www.17k.com/book/2725436.html", "http://www.17k.com/book/2629978.html"]}