{"ratings": -1, "userreviews": [{"userName": "\u5e03\u5e03\u5c0f\u7c73\u7c92", "userReviewDate": "2018-05-14", "userURL": "http://user.17k.com/61592436", "userReview": "\u4ec0\u4e48\u65f6\u5019\u624d\u66f4\u65b0\u554a\uff1f"}], "description": "\u7fa4\u96c4\u9010\u9e7f\u4e8e\u4e71\u4e16\uff0c\u7eb7\u4e89\u56db\u8d77\u3002\u3000\u3000\u800c\u6b64\u65f6\u4e00\u4eba\u6a2a\u7a7a\u51fa\u4e16\uff0c\u4ed6\u7684\u4e00\u98a6\u4e00\u7b11\u633d\u8d77\u4e86\u8bf8\u56fd\u7684\u6ee1\u57ce\u70df\u6c99\u3002\u3000\u3000\u4ed6\u4eff\u82e5\u5ae1\u4ed9\u7684\u4eba\u513f\uff0c\u591a\u5c11\u4eba\u4e3a\u4ed6\u524d\u8d74\u540e\u7ee7\uff0c\u8c31\u5199\u51fa\u4e00\u5e55\u5e55\u6f78\u7136\u6cea\u4e0b\u7684\u7231\u6068\u8fc7\u5f80\uff0c\u6f14\u7ece\u7740\u8361\u6c14\u56de\u80a0\u7684\u5bb6\u56fd\u7ea0\u845b\u3002\u3000\u3000\u4ed6\u5c31\u662f\u82cf\u6cab\uff0c\u4ed6\u4f17\u661f\u62f1\u6708\u4f46\u53c8\u5982\u968f\u98ce\u67f3\u7d6e\u3002\u3000\u3000\u6d6e\u751f\u51e0\u4f55\uff1f\u82cf\u6cab\u53ea\u8f7b\u7b11\u4e0d\u8bed\u3002\u3000\u3000\u51b7\u9177\u6df1\u6c89\u7684\u8427\u5141\u6052\uff0c\u8179\u9ed1\u591a\u53d8\u7684\u4e34\u9521\u57ce\uff0c\u5b64\u50b2\u90aa\u9b45\u7684\u675c\u85b0\u94c9\uff0c\u667a\u52c7\u65e0\u53cc\u7684\u82cf\u9038\u6e05\uff0c\u6e29\u6696\u65e0\u79c1\u7684\u8036\u5f8b\u5915\u592a\u591a\u592a\u591a\u3002\u3000\u3000\u4efb\u51ed\u4e16\u95f4\u51b7\u6696\u65e0\u5e38\uff0c\u5929\u6daf\u6ca6\u843d\uff0c\u82cf\u6cab\u4ed6\u60c5\u9501\u541b\u5fc3\uff0c\u5f53\u8fc7\u5f80\u53ea\u6210\u8ffd\u5fc6\u85cf\u7559\u4e8e\u638c\u5fc3\u7684\u662f\u6eda\u70eb\u7684\u71e5\u70ed\uff1f\u8fd8\u662f\u601d\u5982\u68a6\u7684\u5bc2\u5be5\uff1f", "title": "\u4e00\u4e16\u60c5\u8ff7", "url": "http://www.17k.com/book/1238814.html", "average": -1.0, "cover": "http://img.17k.com/images/bookcover/2016/6194/30/1238814-1458531917000.jpg", "reviews": 3967238, "authors": [{"url": "http://www.17k.com/zuozhe/38562021", "name": "\u9ed1\u591c\u4e2d\u534a\u53ea\u70df"}], "type": ["\u552f\u7f8e\u7eaf\u7231"], "outlinks": ["http://www.17k.com/book/2794982.html", "http://www.17k.com/book/2801292.html", "http://www.17k.com/book/2816318.html", "http://www.17k.com/book/2797575.html", "http://www.17k.com/book/2802516.html", "http://www.17k.com/book/2812195.html", "http://www.17k.com/book/2820143.html", "http://www.17k.com/book/2807943.html", "http://www.17k.com/book/2813457.html", "http://www.17k.com/book/2798058.html", "http://www.17k.com/book/2815617.html", "http://www.17k.com/book/2805259.html", "http://www.17k.com/book/2760255.html", "http://www.17k.com/book/2686894.html", "http://www.17k.com/book/2797016.html", "http://www.17k.com/book/2767246.html", "http://www.17k.com/book/2764239.html", "http://www.17k.com/book/2754498.html", "http://www.17k.com/book/2754900.html", "http://www.17k.com/book/2625740.html", "http://www.17k.com/book/2213315.html", "http://www.17k.com/book/2402178.html", "http://www.17k.com/book/2691221.html", "http://www.17k.com/book/2210699.html", "http://www.17k.com/book/1797752.html", "http://www.17k.com/book/2575507.html", "http://www.17k.com/book/2705181.html", "http://www.17k.com/book/2702539.html", "http://www.17k.com/book/2474887.html", "http://www.17k.com/book/2674733.html", "http://www.17k.com/book/2822076.html", "http://www.17k.com/book/2809894.html", "http://www.17k.com/book/2822077.html", "http://www.17k.com/book/2811930.html", "http://www.17k.com/book/2815548.html", "http://www.17k.com/book/2819620.html", "http://www.17k.com/book/2809964.html", "http://www.17k.com/book/2808200.html", "http://www.17k.com/book/2820100.html", "http://www.17k.com/book/2822978.html", "http://www.17k.com/book/2804337.html", "http://www.17k.com/book/2798814.html", "http://www.17k.com/book/2785153.html", "http://www.17k.com/book/2731559.html", "http://www.17k.com/book/2722533.html", "http://www.17k.com/book/2458377.html", "http://www.17k.com/book/2743300.html", "http://www.17k.com/book/973809.html", "http://www.17k.com/book/2651367.html", "http://www.17k.com/book/2726194.html", "http://www.17k.com/book/2790214.html", "http://www.17k.com/book/493239.html", "http://www.17k.com/book/108821.html", "http://www.17k.com/book/1398783.html", "http://www.17k.com/book/83528.html", "http://www.17k.com/book/1859126.html", "http://www.17k.com/book/1741975.html", "http://www.17k.com/book/192453.html", "http://www.17k.com/book/2459058.html", "http://www.17k.com/book/1050747.html", "http://www.17k.com/book/2700315.html", "http://www.17k.com/book/2818940.html", "http://www.17k.com/book/2819519.html", "http://www.17k.com/book/2816390.html", "http://www.17k.com/book/2819588.html", "http://www.17k.com/book/2813768.html", "http://www.17k.com/book/2822406.html", "http://www.17k.com/book/2772164.html", "http://www.17k.com/book/2784023.html", "http://www.17k.com/book/2811877.html", "http://www.17k.com/book/2809119.html", "http://www.17k.com/book/2803700.html", "http://www.17k.com/book/2819561.html", "http://www.17k.com/book/2746506.html", "http://www.17k.com/book/2811836.html", "http://www.17k.com/book/2614810.html", "http://www.17k.com/book/1592435.html", "http://www.17k.com/book/1949748.html", "http://www.17k.com/book/2265802.html", "http://www.17k.com/book/2743240.html", "http://www.17k.com/book/2657437.html", "http://www.17k.com/book/2644502.html", "http://www.17k.com/book/2199900.html", "http://www.17k.com/book/2725436.html", "http://www.17k.com/book/2629978.html"]}