{"ratings": -1, "userreviews": [{"userName": "\u7eb3\u5170\u6d77\u6620", "userReviewDate": "2014-05-05", "userURL": "http://user.17k.com/3610816", "userReview": "\u63a8\u8350\u7eb3\u5170\u6b63\u5728\u706b\u70ed\u8fde\u8f7d\u7684\u65b0\u6587\uff0c<a target='_blank' href='http://www.17k.com/book/353250.html'>\u300a\u524d\u59bb\uff0c\u8bb8\u4f60\u4e00\u4e16\u5ba0\u300b</a>\u548c<a target='_blank' href='http://www.17k.com/book/502446.html'>\u300a\u9082\u9005\u795e\u79d8BOSS\u300b</a>\uff0c\u8bf7\u4eb2\u4eec\u591a\u591a\u652f\u6301\uff0c\u7ee7\u7eed\u79ef\u6781\u8ba2\u9605\uff0c\u7ee7\u7eed\u8e0a\u8dc3\u7559\u8a00\uff0c\u8c22\u8c22\u5927\u5bb6\u4e86\u3002"}, {"userName": "Blaze\u8587\u62c9", "userReviewDate": "2013-11-20", "userURL": "http://user.17k.com/32448081", "userReview": "\u5199\u5f97\u5f88\u597d\u2026\u2026-_-||\u5c31\u662f\u6545\u4e8b\u597d\u957f\u2026\u2026\u2026\u2026-_-||\u6211\u770b\u4e86\u4e00\u5929\u4e00\u591c\u52a0\u7b2c\u4e8c\u5929\u4e0a\u5348\u2026\u2026\u88ab\u8001\u516c\u9a82\u4e86\uff0c\u8bf4\u6211\u8f90\u5c04\u5d3d\u5d3d\u592a\u4e45\u4e86\u2026\u2026\n(\u6765\u81eaAndroid\u5ba2\u6237\u7aef)"}, {"userName": "\u7eb3\u5170\u6d77\u6620", "userReviewDate": "2013-07-31", "userURL": "http://user.17k.com/3610816", "userReview": "\u672c\u6587\u5728\u7ed3\u5c40\u4e4b\u9645\uff0c\u611f\u8c22\u4eb2\u4eec\u5bf9<a target='_blank' href='http://www.17k.com/book/177707.html'>\u300a\u4e00\u543b\u6210\u763e\u300b</a>\u7684\u89c2\u770b\u3002\u73b0\u5728\u76d6\u4e00\u4e2a\u697c\uff0c\u5f81\u96c6\u4e00\u4e0b\u670b\u53cb\u4eec\u5bf9\u6587\u4e2d\u4e3b\u89d2\u970d\u4ea6\u6cfd\u548c\u7ae5\u9ea6\u4e24\u4e2a\u89d2\u8272\u770b\u6cd5\u7684\u4e66\u8bc4\uff0c\u4e5f\u8c08\u4e00\u8c08\u4f60\u5bf9\u672c\u4e66\u7684\u4e00\u4e9b\u60f3\u6cd5\uff0c\u8bf7\u4eb2\u7231\u7684\u4eec\u8e0a\u8dc3\u7ed9\u7eb3\u5170\u4e66\u8bc4\u54df\u3002"}, {"userName": "maggiehsiao", "userReviewDate": "2013-05-17", "userURL": "http://user.17k.com/15893396", "userReview": "\u559c\u6b61\u4f60\uff01\u8b1d\u8b1d\u4f60\u7d66\u6211\u7684\u529b\u91cf\uff01"}, {"userName": "\u7f8e\u4eba\u9c7c88", "userReviewDate": "2013-05-15", "userURL": "http://user.17k.com/4547260", "userReview": "\u5199\u7684\u633a\u4e0d\u9519\uff0c\u4e0d\u7f57\u55e6\uff01\uff01\uff01"}, {"userName": "\u4e91\u4e0a\u7684\u65e5\u5b50803023134", "userReviewDate": "2018-05-27", "userURL": "http://user.17k.com/59960783", "userReview": "\u771f\u5fc3\u7684\u770b\u4e0d\u4e0b\u53bb\uff0c\u4e3a\u4ec0\u4e48\u628a\u5973\u4eba\u5199\u7684\u8fd9\u4e48\u6076\u52a3"}, {"userName": "\u9999\u9999$", "userReviewDate": "2018-05-18", "userURL": "http://user.17k.com/61327873", "userReview": "[\u6253\u8d4f]\u6211\u6253\u8d4f\u4e861\u5143\u7ea2\u5305\uff01\uff01"}, {"userName": "17K\u4e66\u53cb06AVXPIA", "userReviewDate": "2018-03-23", "userURL": "http://user.17k.com/59463268", "userReview": "\u7ec8\u4e8e\u8bfb\u5b8c\u4e86\uff0c\u4e0d\u9519"}, {"userName": "\u6885\uff0c\u5df2\u903a\u96e2\u4e56", "userReviewDate": "2018-03-23", "userURL": "http://user.17k.com/51714259", "userReview": "\u4e0d\u9519\u4e0d\u9519\uff01"}, {"userName": "17K\u4e66\u53cb06AVXPIA", "userReviewDate": "2018-03-20", "userURL": "http://user.17k.com/59463268", "userReview": "\u5199\u5f97\u4e0d\u9519 \uff0c\u6700\u8ba8\u538c\u5c39"}, {"userName": "17K\u4e66\u53cb06AVXPIA", "userReviewDate": "2018-03-19", "userURL": "http://user.17k.com/59463268", "userReview": "\u5199\u7684\u5f88\u597d\uff01"}, {"userName": "\u6885\uff0c\u5df2\u903a\u96e2\u4e56", "userReviewDate": "2018-03-19", "userURL": "http://user.17k.com/51714259", "userReview": "\u4e0d\u9519\u4e0d\u9519\uff01"}, {"userName": "17K\u4e66\u53cb06AVXPIA", "userReviewDate": "2018-03-18", "userURL": "http://user.17k.com/59463268", "userReview": "\u5199\u7684\u597d\uff0c\u652f\u6301\uff01"}, {"userName": "17K\u4e66\u53cb06AVXPIA", "userReviewDate": "2018-03-17", "userURL": "http://user.17k.com/59463268", "userReview": "\u4e0d\u9519\uff0c\u503c\u5f97\u5165\u5751"}, {"userName": "\u6885\uff0c\u5df2\u903a\u96e2\u4e56", "userReviewDate": "2018-03-17", "userURL": "http://user.17k.com/51714259", "userReview": "\u4e0d\u9519\u4e0d\u9519\uff0c\u5f88\u597d\u770b\uff01"}, {"userName": "17K\u4e66\u53cb06AVXPIA", "userReviewDate": "2018-03-15", "userURL": "http://user.17k.com/59463268", "userReview": "\u5199\u5f97\u4e0d\u9519\uff01"}, {"userName": "\u7a7a\u8c37\u7559\u60c5", "userReviewDate": "2018-03-14", "userURL": "http://user.17k.com/45016341", "userReview": "\u4e00\u672c\u597d\u770b\u7684\u4e66<a target='_blank' href='http://www.17k.com/book/2790998.html'>\u300a\u9738\u9053\u4e13\u5c5e\u300b</a>\u6821\u56ed\u603b\u88c1\u957f\u817f\u738b\u5b50\u3001\u9752\u6885\u7af9\u9a6c\u6587<a target='_blank' href='http://www.17k.com/book/2790998.html'>\u300a\u9738\u9053\u4e13\u5c5e\u300b</a>\u524d\u6765\u652f\u6301\uff0c\u559c\u6b22\u7684\u53ef\u4ee5\u6536\u85cf\u8fd8\u6709\u6295\u7968\uff0c\u8c22\u8c22\u3002\u7b80\u4ecb\uff1a\u65bd\u96e8\u7af9\u76ee\u5149\u5446\u6ede\u5730\u770b\u7740\u957f\u817f\u5e05\u54e5\u5149\u7740\u7684\u4e0a\u534a\u8eab\u597d\u534a\u664c\uff0c\u56de\u8fc7\u795e\u6765\u540e\u4f38\u624b\u64e6\u4e86\u64e6\u5634\u89d2\u6839\u672c\u4e0d\u5b58\u5728\u7684\u53e3\u6c34\uff0c\u5979\u662f\u5e94\u8be5\u8d81\u673a\u628a\u5bf9\u65b9\u7684\u4e0a\u8863\u90fd\u8131\u5149\u5462\uff0c\u8fd8\u662f\u5c31\u8fd9\u4e48\u5e2e\u5bf9\u65b9\u64e6\u4e00\u4e0b\u4e0a\u8eab\u7ee7\u7eed\u7a7f\u56de\u53bb\uff1f"}, {"userName": "17K\u4e66\u53cb06AVXPIA", "userReviewDate": "2018-03-14", "userURL": "http://user.17k.com/59463268", "userReview": "\u5199\u7684\u4e0d\u9519\uff0c\u652f\u6301"}, {"userName": "\u6885\uff0c\u5df2\u903a\u96e2\u4e56", "userReviewDate": "2018-03-14", "userURL": "http://user.17k.com/51714259", "userReview": "\u4e0d\u9519\uff0c\u503c\u5f97\u5165\u5751\uff01"}, {"userName": "\u6885\uff0c\u5df2\u903a\u96e2\u4e56", "userReviewDate": "2018-03-09", "userURL": "http://user.17k.com/51714259", "userReview": "\u521a\u5165\u5751\uff0c\u4e0d\u9519\uff01"}], "description": "\u539f\u4e66\u540d\u300a\u4e00\u591c\u7f20\u60c5\uff1a\u5973\u4eba\uff0c\u8981\u5b9a\u4f60\uff01\u300b\u3000\u3000\u5728\u5145\u6ee1\u4e86\u66a7\u6627\uff0c\u6d6a\u6f2b\u6c14\u606f\u7684\u4f26\u6566\uff0c\u90a3\u4e00\u591c\uff0c\u5979\u505a\u4e86\u4e00\u6b21\u5927\u80c6\u70ed\u8fa3\u7684\u5973\u4eba\u3002\u3000\u3000\u3010\u6210\u5e74\u4e86\u5417\uff1f\u3011\u4ed6\u73a9\u5473\u7684\u773c\u795e\u5ba1\u8bfb\u7740\u5979\uff0c\u4e0d\u6cbe\u67d3\u672a\u6210\u5e74\uff0c\u8fd9\u662f\u4ed6\u7684\u5e95\u7ebf\u3002\u3000\u3000\u539f\u672c\u4ee5\u4e3a\u4e00\u8f88\u5b50\u4e0d\u4f1a\u518d\u6709\u4ea4\u96c6\u7684\u4e24\u4e2a\u4eba\uff0c\u3000\u3000\u5728\u5979\u56de\u56fd\u540e\uff0c\u4ed6\u4eec\u518d\u4e00\u6b21\u76f8\u9047\uff1a\u3000\u3000\u5979\u800d\u624b\u6bb5\uff0c\u73a9\u9634\u8c0b\uff0c\u8086\u65e0\u5fcc\u60ee\u7684\u60f9\u6012\u4ed6\uff0c\u4e0d\u77e5\u6536\u655b\uff0c\u6700\u540e\uff0c\u624d\u77e5\u9053\u81ea\u5df1\u60f9\u4e0d\u8d77\u4ed6\u3002\u3000\u3000\u3010\u4e00\u5343\u4e07\uff0c\u8fd9\u4e9b\u94b1\uff0c\u591f\u73a9\u4f60\u4e00\u6b21\u5427\uff01\u3011\u4ed6\u6b65\u6b65\u7d27\u903c\u7740\u5979\uff0c\u719f\u6089\u7684\u5473\u9053\uff0c\u719f\u6089\u7684\u6e29\u5ea6\uff0c\u719f\u6089\u7684\u5fc3\u8df3\uff0c\u4e00\u5207\u90fd\u5728\u4e0d\u505c\u7684\u52fe\u51fa\u4f26\u6566\u4e00\u591c\u7684\u56de\u5fc6\u3002\u3000\u3000\u5979\u662f\u4ed6\u73a9\u8fc7\u7684\u5973\u4eba\uff0c\u53ef\u8fd9\u4e00\u8f88\u5b50\uff0c\u4ed6\u60f3\u73a9\u7684\u5973\u4eba\u5374\u53ea\u6709\u5979\u4e00\u4e2a\u2026\u2026\u3000\u3000\u3010\u63a8\u8350\u7eb3\u5170\u7684\u706b\u70ed\u8fde\u8f7d\u6587\u300a\u524d\u59bb\uff0c\u8bb8\u4f60\u4e00\u4e16\u5ba0\u300b\uff0c\u300a\u751c\u59bb\u70ed\u604b\u4e2d\u300b\u4eb2\u4eec\u8bf7\u591a\u591a\u652f\u6301\uff01\u3011", "title": "\u4e00\u543b\u6210\u763e", "url": "http://www.17k.com/book/177707.html", "average": -1.0, "cover": "http://img.17k.com/images/bookcover/2013/888/4/177707-1371559919000.jpg", "reviews": 49566370, "authors": [{"url": "http://www.17k.com/zuozhe/3610816", "name": "\u7eb3\u5170\u6d77\u6620"}], "type": ["\u603b\u88c1\u8c6a\u95e8"], "outlinks": ["http://www.17k.com/book/2794982.html", "http://www.17k.com/book/2801292.html", "http://www.17k.com/book/2816318.html", "http://www.17k.com/book/2797575.html", "http://www.17k.com/book/2802516.html", "http://www.17k.com/book/2812195.html", "http://www.17k.com/book/2820143.html", "http://www.17k.com/book/2807943.html", "http://www.17k.com/book/2813457.html", "http://www.17k.com/book/2798058.html", "http://www.17k.com/book/2815617.html", "http://www.17k.com/book/2805259.html", "http://www.17k.com/book/2760255.html", "http://www.17k.com/book/2686894.html", "http://www.17k.com/book/2797016.html", "http://www.17k.com/book/2767246.html", "http://www.17k.com/book/2764239.html", "http://www.17k.com/book/2754498.html", "http://www.17k.com/book/2754900.html", "http://www.17k.com/book/2625740.html", "http://www.17k.com/book/2213315.html", "http://www.17k.com/book/2402178.html", "http://www.17k.com/book/2691221.html", "http://www.17k.com/book/2210699.html", "http://www.17k.com/book/1797752.html", "http://www.17k.com/book/2575507.html", "http://www.17k.com/book/2705181.html", "http://www.17k.com/book/2702539.html", "http://www.17k.com/book/2474887.html", "http://www.17k.com/book/2674733.html", "http://www.17k.com/book/2822076.html", "http://www.17k.com/book/2809894.html", "http://www.17k.com/book/2822077.html", "http://www.17k.com/book/2811930.html", "http://www.17k.com/book/2815548.html", "http://www.17k.com/book/2819620.html", "http://www.17k.com/book/2809964.html", "http://www.17k.com/book/2808200.html", "http://www.17k.com/book/2820100.html", "http://www.17k.com/book/2822978.html", "http://www.17k.com/book/2804337.html", "http://www.17k.com/book/2798814.html", "http://www.17k.com/book/2785153.html", "http://www.17k.com/book/2731559.html", "http://www.17k.com/book/2722533.html", "http://www.17k.com/book/2458377.html", "http://www.17k.com/book/2743300.html", "http://www.17k.com/book/973809.html", "http://www.17k.com/book/2651367.html", "http://www.17k.com/book/2726194.html", "http://www.17k.com/book/2790214.html", "http://www.17k.com/book/493239.html", "http://www.17k.com/book/108821.html", "http://www.17k.com/book/1398783.html", "http://www.17k.com/book/83528.html", "http://www.17k.com/book/1859126.html", "http://www.17k.com/book/1741975.html", "http://www.17k.com/book/192453.html", "http://www.17k.com/book/2459058.html", "http://www.17k.com/book/1050747.html", "http://www.17k.com/book/2700315.html", "http://www.17k.com/book/2818940.html", "http://www.17k.com/book/2819519.html", "http://www.17k.com/book/2816390.html", "http://www.17k.com/book/2819588.html", "http://www.17k.com/book/2813768.html", "http://www.17k.com/book/2822406.html", "http://www.17k.com/book/2772164.html", "http://www.17k.com/book/2784023.html", "http://www.17k.com/book/2811877.html", "http://www.17k.com/book/2809119.html", "http://www.17k.com/book/2803700.html", "http://www.17k.com/book/2819561.html", "http://www.17k.com/book/2746506.html", "http://www.17k.com/book/2811836.html", "http://www.17k.com/book/2614810.html", "http://www.17k.com/book/1592435.html", "http://www.17k.com/book/1949748.html", "http://www.17k.com/book/2265802.html", "http://www.17k.com/book/2743240.html", "http://www.17k.com/book/2657437.html", "http://www.17k.com/book/2644502.html", "http://www.17k.com/book/2199900.html", "http://www.17k.com/book/2725436.html", "http://www.17k.com/book/2629978.html"]}