{"ratings": -1, "userreviews": [{"userName": "17K\u4e66\u53cbDZ5Q5HYD", "userReviewDate": "2018-06-08", "userURL": "http://user.17k.com/62563846", "userReview": "[\u6253\u8d4f]\u6211\u6253\u8d4f\u4e861\u5143\u7ea2\u5305\uff01\uff01"}, {"userName": "17K\u4e66\u53cbB7AVZCVH", "userReviewDate": "2018-06-07", "userURL": "http://user.17k.com/62570702", "userReview": "[\u6253\u8d4f]\u6211\u6253\u8d4f\u4e861\u5143\u7ea2\u5305\uff01\uff01"}, {"userName": "17K\u4e66\u53cbjs76r39e", "userReviewDate": "2018-06-06", "userURL": "http://user.17k.com/62158440", "userReview": "[\u6253\u8d4f]\u6211\u6253\u8d4f\u4e862\u5143\u7ea2\u5305\uff01\uff01"}, {"userName": "\u8377\u82b1\u4e0a\u7684\u83b2\u5b50", "userReviewDate": "2018-06-05", "userURL": "http://user.17k.com/62012520", "userReview": "[\u6253\u8d4f]\u6211\u6253\u8d4f\u4e861\u5143\u7ea2\u5305\uff01\uff01"}, {"userName": "\u7ea2\u53f6\u968f\u98ce\u98d8", "userReviewDate": "2018-06-05", "userURL": "http://user.17k.com/49559961", "userReview": "[\u6253\u8d4f]\u6211\u6253\u8d4f\u4e861\u5143\u7ea2\u5305\uff01\uff01"}, {"userName": "17K\u4e66\u53cbA1BZ63S1", "userReviewDate": "2018-06-03", "userURL": "http://user.17k.com/62431895", "userReview": "[\u6253\u8d4f]\u6211\u6253\u8d4f\u4e861\u5143\u7ea2\u5305\uff01\uff01"}, {"userName": "\u987e\u9752\u8317", "userReviewDate": "2018-05-31", "userURL": "http://user.17k.com/59275610", "userReview": "\u6bcf\u5929\u51cc\u66680\u70b9\u51c6\u65f6\u66f4\u65b0\uff0c\u6b22\u8fce\u5404\u4f4d\u5927\u5927\u9605\u8bfb~"}, {"userName": "\u8377\u82b1\u4e0a\u7684\u83b2\u5b50", "userReviewDate": "2018-05-31", "userURL": "http://user.17k.com/62012520", "userReview": "[\u6253\u8d4f]\u6211\u6253\u8d4f\u4e861\u5143\u7ea2\u5305\uff01\uff01"}, {"userName": "\u4f73\u4f73492660319", "userReviewDate": "2018-05-30", "userURL": "http://user.17k.com/61177433", "userReview": "\u50ac\u66f4\u50ac\u66f4\uff0c"}, {"userName": "17K\u4e66\u53cb88IVXRO8", "userReviewDate": "2018-05-29", "userURL": "http://user.17k.com/62163328", "userReview": "[\u6253\u8d4f]\u6211\u6253\u8d4f\u4e861\u4e2a'\u5c0f\u5fc3\u5fc3'\uff01\uff01"}, {"userName": "17K\u4e66\u53cbLJESOO7Z", "userReviewDate": "2018-05-28", "userURL": "http://user.17k.com/56485116", "userReview": "\u975e\u5e38\u597d\u770b\u7684\u6587\u7ae0"}, {"userName": "17K\u4e66\u53cbo3mmijhq", "userReviewDate": "2018-05-27", "userURL": "http://user.17k.com/62156875", "userReview": "\u771f\u7684\u5f88\u597d\u770b\u554a\u554a\u554a \u60f3\u770b\u5341\u4e09\u7237\u548c\u6c60"}, {"userName": "17K\u4e66\u53cb6KUF9QEA", "userReviewDate": "2018-05-27", "userURL": "http://user.17k.com/61948503", "userReview": "[\u6253\u8d4f]\u6211\u6253\u8d4f\u4e862\u5143\u7ea2\u5305\uff01\uff01"}, {"userName": "\u897f\u7c73\u9171\u9171", "userReviewDate": "2018-05-26", "userURL": "http://user.17k.com/62217511", "userReview": "\u559c\u6b22\uff0c\u597d\u597d\u770b\u554a\uff01"}, {"userName": "\u7ea2\u53f6\u968f\u98ce\u98d8", "userReviewDate": "2018-05-25", "userURL": "http://user.17k.com/49559961", "userReview": "[\u6253\u8d4f]\u6211\u6253\u8d4f\u4e861\u5143\u7ea2\u5305\uff01\uff01"}, {"userName": "17K\u4e66\u53cbWW8D87IN", "userReviewDate": "2018-05-24", "userURL": "http://user.17k.com/61783883", "userReview": "[\u6253\u8d4f]\u6211\u6253\u8d4f\u4e861\u5143\u7ea2\u5305\uff01\uff01"}, {"userName": "\u6625\u6625088594901", "userReviewDate": "2018-05-15", "userURL": "http://user.17k.com/60208617", "userReview": "[\u6253\u8d4f]\u6211\u6253\u8d4f\u4e862\u5143\u7ea2\u5305\uff01\uff01"}, {"userName": "17K\u4e66\u53cbzmrhli41", "userReviewDate": "2018-05-06", "userURL": "http://user.17k.com/60974808", "userReview": "[\u6253\u8d4f]\u6211\u6253\u8d4f\u4e862\u5143\u7ea2\u5305\uff01\uff01"}, {"userName": "17K\u4e66\u53cbINDETRFY", "userReviewDate": "2018-05-05", "userURL": "http://user.17k.com/61479354", "userReview": "\u8fd8\u6ca1\u770b\uff0c\u5e0c\u671b\u4e0d\u4f1a\u4ee4\u6211\u5931\u671b"}, {"userName": "17K\u4e66\u53cbWIP94AEG", "userReviewDate": "2018-04-28", "userURL": "http://user.17k.com/58129450", "userReview": "\u5439\u66f4\u50ac\u66f4\uff01"}], "description": "\u4e09\u5e74\u524d\uff0c\u674e\u552f\u897f\u7684\u7236\u4eb2\u56e0\u51fa\u8f66\u7978\u5165\u9662\uff0c\u516c\u53f8\u843d\u5165\u5f53\u4e86\u674e\u552f\u897f\u516d\u5e74\u7684\u7ee7\u6bcd\u624b\u4e2d\uff0c\u4ece\u6b64\u674e\u552f\u897f\u9677\u5165\u4e86\u5730\u72f1\u4e00\u822c\u7684\u751f\u6d3b\u4e2d\u3002\u3000\u3000\u201c\u4f60\u8981\u662f\u6ca1\u5fc3\u51fa\u6765\u5356\uff01\u4e0d\u5982\u81ea\u5df1\u53bb\u8c08\u751f\u610f\u597d\u4e86\uff1f\u4f46\u662f\u4f60\u914d\u5417\uff1f\uff01\u201d\u7ee7\u6bcd\u6beb\u4e0d\u987e\u5fcc\u5979\u7684\u989c\u9762\u8bf4\u9053\u3002\u3000\u3000\u5979\u60f3\u54ed\u3002\u3000\u3000\u773c\u89d2\u5df2\u7ecf\u6d78\u6e7f\u4e86\uff0c\u4e0d\u77e5\u9053\u662f\u4e0d\u662f\u56e0\u4e3a\u5fc3\u60c5\u6c89\u95f7\u5730\u539f\u56e0\uff0c\u5979\u7a81\u7136\u89c9\u5f97\u6d51\u8eab\u7a81\u7136\u53d1\u70ed\u8d77\u6765\u3002\u3000\u3000\u201c\u4f60\u662f\u8c01\uff1f\u201d\u3000\u3000\u201c\u6211\u53eb\u6797\u4e00\uff0c\u8bb0\u4f4f\u6211\u7684\u540d\u5b57\uff0c\u674e\u552f\u897f\u3002\u201d\u3000\u3000\u5979\uff0c\u5979\u4ed6\u4ed6\u5979\uff0c\u5979\u7761\u9519\u4eba\u4e86\uff1f\u3000\u3000\u7b2c\u4e00\u6b21\u63a5\u89e6\u5979\u540e\u53d1\u73b0\u81ea\u5df1\u6212\u4e0d\u6389\u8fd9\u4e2a\u6bd2\u4e86\uff0c\u5e72\u8106\u628a\u5979\u4e70\u4e0b\u6210\u4e3a\u81ea\u5df1\u7684\u5974\u96b6\u3002", "title": "\u4e00\u591c\u5b9a\u60c5\uff1a\u5e1d\u5c11\u7684\u5929\u4ef7\u65b0\u5a18", "url": "http://www.17k.com/book/2754900.html", "average": -1.0, "cover": "http://img.17k.com/images/bookcover/2018/13774/68/2754900-1516626790000.jpg", "reviews": 83917, "authors": [{"url": "http://www.17k.com/zuozhe/59275610", "name": "\u987e\u9752\u8317"}], "type": ["\u603b\u88c1\u8c6a\u95e8"], "outlinks": ["http://www.17k.com/book/2794982.html", "http://www.17k.com/book/2801292.html", "http://www.17k.com/book/2816318.html", "http://www.17k.com/book/2797575.html", "http://www.17k.com/book/2802516.html", "http://www.17k.com/book/2812195.html", "http://www.17k.com/book/2820143.html", "http://www.17k.com/book/2807943.html", "http://www.17k.com/book/2813457.html", "http://www.17k.com/book/2798058.html", "http://www.17k.com/book/2815617.html", "http://www.17k.com/book/2805259.html", "http://www.17k.com/book/2760255.html", "http://www.17k.com/book/2686894.html", "http://www.17k.com/book/2797016.html", "http://www.17k.com/book/2767246.html", "http://www.17k.com/book/2764239.html", "http://www.17k.com/book/2754498.html", "http://www.17k.com/book/2754900.html", "http://www.17k.com/book/2625740.html", "http://www.17k.com/book/2213315.html", "http://www.17k.com/book/2402178.html", "http://www.17k.com/book/2691221.html", "http://www.17k.com/book/2210699.html", "http://www.17k.com/book/1797752.html", "http://www.17k.com/book/2575507.html", "http://www.17k.com/book/2705181.html", "http://www.17k.com/book/2702539.html", "http://www.17k.com/book/2474887.html", "http://www.17k.com/book/2674733.html", "http://www.17k.com/book/2822076.html", "http://www.17k.com/book/2809894.html", "http://www.17k.com/book/2822077.html", "http://www.17k.com/book/2811930.html", "http://www.17k.com/book/2815548.html", "http://www.17k.com/book/2819620.html", "http://www.17k.com/book/2809964.html", "http://www.17k.com/book/2808200.html", "http://www.17k.com/book/2820100.html", "http://www.17k.com/book/2822978.html", "http://www.17k.com/book/2804337.html", "http://www.17k.com/book/2798814.html", "http://www.17k.com/book/2785153.html", "http://www.17k.com/book/2731559.html", "http://www.17k.com/book/2722533.html", "http://www.17k.com/book/2458377.html", "http://www.17k.com/book/2743300.html", "http://www.17k.com/book/973809.html", "http://www.17k.com/book/2651367.html", "http://www.17k.com/book/2726194.html", "http://www.17k.com/book/2790214.html", "http://www.17k.com/book/493239.html", "http://www.17k.com/book/108821.html", "http://www.17k.com/book/1398783.html", "http://www.17k.com/book/83528.html", "http://www.17k.com/book/1859126.html", "http://www.17k.com/book/1741975.html", "http://www.17k.com/book/192453.html", "http://www.17k.com/book/2459058.html", "http://www.17k.com/book/1050747.html", "http://www.17k.com/book/2700315.html", "http://www.17k.com/book/2818940.html", "http://www.17k.com/book/2819519.html", "http://www.17k.com/book/2816390.html", "http://www.17k.com/book/2819588.html", "http://www.17k.com/book/2813768.html", "http://www.17k.com/book/2822406.html", "http://www.17k.com/book/2772164.html", "http://www.17k.com/book/2784023.html", "http://www.17k.com/book/2811877.html", "http://www.17k.com/book/2809119.html", "http://www.17k.com/book/2803700.html", "http://www.17k.com/book/2819561.html", "http://www.17k.com/book/2746506.html", "http://www.17k.com/book/2811836.html", "http://www.17k.com/book/2614810.html", "http://www.17k.com/book/1592435.html", "http://www.17k.com/book/1949748.html", "http://www.17k.com/book/2265802.html", "http://www.17k.com/book/2743240.html", "http://www.17k.com/book/2657437.html", "http://www.17k.com/book/2644502.html", "http://www.17k.com/book/2199900.html", "http://www.17k.com/book/2725436.html", "http://www.17k.com/book/2629978.html"]}