{"ratings": -1, "userreviews": [{"userName": "\u8749\u4e4b\u6b4c", "userReviewDate": "2018-06-03", "userURL": "http://user.17k.com/61352902", "userReview": "\u5927\u5927\uff0c\u4e00\u8d77\u52a0\u6cb9\u5427\uff01\u5c0f\u6b4c\u5f88\u770b\u597d\u4f60\u54e6\uff01\u5e0c\u671b\u4f60\u7684\u4e66\u53ef\u4ee5\u5927\u5356\u7279\u5356\uff0c\u563b\u563b\uff01"}, {"userName": "\u6708\u843d\u68a6\u8ffd\u5fc6", "userReviewDate": "2018-06-02", "userURL": "http://user.17k.com/57478135", "userReview": "\u5199\u4e66\u4e0d\u6613\uff0c\u8ffd\u5fc6\u524d\u6765\u52a9\u9635\uff0c\u5f3a\u52bf\u652f\u6301"}, {"userName": "\u7af9\u4e0b\u661f\u67f3", "userReviewDate": "2018-05-28", "userURL": "http://user.17k.com/56040077", "userReview": "\u52a0\u6cb9\uff01\u518d\u63a5\u518d\u52b1\uff01"}, {"userName": "\u65f6\u65f6\u96e8\u96e8", "userReviewDate": "2018-05-26", "userURL": "http://user.17k.com/62102185", "userReview": "\u52a0\u6cb9~\u600e\u4e48\u4e0d\u66f4\u5566"}], "description": "\u5fc3\u7231\u7684\u8868\u54e5\u88ab\u81ea\u5df1\u7684\u7687\u59d0\u62a2\u4e86\u6210\u4e86\u81ea\u5df1\u7684\u59d0\u592b\uff0c\u9057\u73e0\u5728\u4ed6\u5927\u5a5a\u4e4b\u591c\u5973\u626e\u7537\u88c5\u51fa\u5bab\u559d\u9152\u4e70\u9189\u3002\u4e0d\u6599\u78b0\u4e0a\u4e00\u4e2a\u65ad\u81c2\u5c71\u7684\u3002\u4e00\u591c\u60c5\u8ff7\u4e4b\u540e\u53d1\u73b0\uff0c\u90a3\u7537\u4eba\u5c45\u7136\u662f\u81ea\u5df1\u7684\u7687\u5144\uff1f\u3000\u3000\u5979\u60f3\u9003\u5979\u4e0d\u627f\u8ba4\uff0c\u53ef\u4ed6\u5c06\u5979\u538b\u81f3\u5986\u5941\uff0c\u6697\u8bed\u63d0\u9192\uff1a\u201c\u6628\u591c\u4f60\u53ef\u662f\u70ed\u60c5\u5f97\u5f88\u3002\u201d\u3000\u3000\u9057\u73e0\u5446\u6123\u4f4f\uff0c\u83ab\u540d\u7684\u611f\u89c9\u5230\u81ea\u5df1\u6389\u5165\u4e00\u4e2a\u4e07\u52ab\u4e0d\u590d\u7684\u6df1\u6e0a\u91cc\u3002\u3000\u3000\u5979\u62fc\u547d\u5730\u60f3\u62d2\u7edd\u8fd9\u79cd\u6709\u8fdd\u5e38\u4f26\u7684\u611f\u60c5\uff0c\u4ed6\u5c06\u5979\u62b5\u5728\u5899\u58c1\u4e0a\uff0c\u53d1\u51fa\u4f4e\u6c89\u800c\u9b45\u60d1\u7684\u55d3\u97f3\uff0c\u201c\u65e2\u7136\u9003\u4e0d\u4e86\uff0c\u4f55\u4e0d\u5c1d\u8bd5\u4e00\u4e0b\u5f00\u59cb\uff1f\u201d\u3000\u3000\u53ef\u662f\uff0c\u5728\u5979\u771f\u6b63\u5730\u79bb\u4e0d\u5f00\u4ed6\u65f6\uff0c\u4ed6\u5374\u662f\u5c06\u5979\u8fdc\u5ac1\u4ed6\u56fd\u2026\u2026", "title": "\u4e00\u591c\u7687\u5983", "url": "http://www.17k.com/book/2809108.html", "average": -1.0, "cover": "http://img.17k.com/images/bookcover/2018/14045/70/2809108-1528187919000.jpg", "reviews": 1552, "authors": [{"url": "http://www.17k.com/zuozhe/54149500", "name": "\u82cf\u6597\u513f"}], "type": ["\u5bab\u5ef7\u8d35\u65cf"], "outlinks": ["http://www.17k.com/book/2794982.html", "http://www.17k.com/book/2801292.html", "http://www.17k.com/book/2816318.html", "http://www.17k.com/book/2797575.html", "http://www.17k.com/book/2802516.html", "http://www.17k.com/book/2812195.html", "http://www.17k.com/book/2820143.html", "http://www.17k.com/book/2807943.html", "http://www.17k.com/book/2813457.html", "http://www.17k.com/book/2798058.html", "http://www.17k.com/book/2815617.html", "http://www.17k.com/book/2805259.html", "http://www.17k.com/book/2760255.html", "http://www.17k.com/book/2686894.html", "http://www.17k.com/book/2797016.html", "http://www.17k.com/book/2767246.html", "http://www.17k.com/book/2764239.html", "http://www.17k.com/book/2754498.html", "http://www.17k.com/book/2754900.html", "http://www.17k.com/book/2625740.html", "http://www.17k.com/book/2213315.html", "http://www.17k.com/book/2402178.html", "http://www.17k.com/book/2691221.html", "http://www.17k.com/book/2210699.html", "http://www.17k.com/book/1797752.html", "http://www.17k.com/book/2575507.html", "http://www.17k.com/book/2705181.html", "http://www.17k.com/book/2702539.html", "http://www.17k.com/book/2474887.html", "http://www.17k.com/book/2674733.html", "http://www.17k.com/book/2822076.html", "http://www.17k.com/book/2809894.html", "http://www.17k.com/book/2822077.html", "http://www.17k.com/book/2811930.html", "http://www.17k.com/book/2815548.html", "http://www.17k.com/book/2819620.html", "http://www.17k.com/book/2809964.html", "http://www.17k.com/book/2808200.html", "http://www.17k.com/book/2820100.html", "http://www.17k.com/book/2822978.html", "http://www.17k.com/book/2804337.html", "http://www.17k.com/book/2798814.html", "http://www.17k.com/book/2785153.html", "http://www.17k.com/book/2731559.html", "http://www.17k.com/book/2722533.html", "http://www.17k.com/book/2458377.html", "http://www.17k.com/book/2743300.html", "http://www.17k.com/book/973809.html", "http://www.17k.com/book/2651367.html", "http://www.17k.com/book/2726194.html", "http://www.17k.com/book/2790214.html", "http://www.17k.com/book/493239.html", "http://www.17k.com/book/108821.html", "http://www.17k.com/book/1398783.html", "http://www.17k.com/book/83528.html", "http://www.17k.com/book/1859126.html", "http://www.17k.com/book/1741975.html", "http://www.17k.com/book/192453.html", "http://www.17k.com/book/2459058.html", "http://www.17k.com/book/1050747.html", "http://www.17k.com/book/2700315.html", "http://www.17k.com/book/2818940.html", "http://www.17k.com/book/2819519.html", "http://www.17k.com/book/2816390.html", "http://www.17k.com/book/2819588.html", "http://www.17k.com/book/2813768.html", "http://www.17k.com/book/2822406.html", "http://www.17k.com/book/2772164.html", "http://www.17k.com/book/2784023.html", "http://www.17k.com/book/2811877.html", "http://www.17k.com/book/2809119.html", "http://www.17k.com/book/2803700.html", "http://www.17k.com/book/2819561.html", "http://www.17k.com/book/2746506.html", "http://www.17k.com/book/2811836.html", "http://www.17k.com/book/2614810.html", "http://www.17k.com/book/1592435.html", "http://www.17k.com/book/1949748.html", "http://www.17k.com/book/2265802.html", "http://www.17k.com/book/2743240.html", "http://www.17k.com/book/2657437.html", "http://www.17k.com/book/2644502.html", "http://www.17k.com/book/2199900.html", "http://www.17k.com/book/2725436.html", "http://www.17k.com/book/2629978.html"]}