{"ratings": -1, "userreviews": [{"userName": "\u5e03\u60ca\u4e91\u5416", "userReviewDate": "2018-04-25", "userURL": "http://user.17k.com/60612004", "userReview": "\u60f3\u4e0d\u60f3\u8ba9\u4f60\u7684\u540d\u5b57\u51fa\u73b0\u5728\u5c0f\u8bf4\u91cc\u9762\u5462\uff1f\u4e0d\u7ba1\u662f\u6b63\u9762\u8fd8\u662f\u53cd\u9762\uff0c\u90fd\u53ef\u4ee5\u54e6\u3002\u683c\u5f0f\u4e3a\uff1a\u59d3\u540d+\u5e74\u9f84+\u6027\u522b+\u6027\u683c+\u6b63\u9762\u4eba\u7269/\u53cd\u9762\u4eba\u7269\u3002\u60f3\u8981\u9f99\u5957\u89d2\u8272\u7684\u8bf7\u7559\u8a00\uff0cvip\u8bfb\u8005\uff0c\u6253\u8d4f\u591a\u7684\u8bfb\u8005\u4f18\u5148\u91c7\u7528\u54e6\uff01"}, {"userName": "\u5e03\u60ca\u4e91\u5416", "userReviewDate": "2018-04-13", "userURL": "http://user.17k.com/60612004", "userReview": "\u5404\u4f4d\u6253\u5e7f\u544a\u7684\u670b\u53cb\u4eec\u8bf7\u5728\u6b64\u697c\u53d1\uff01\u6211\u5e0c\u671b\u4e66\u8bc4\u533a\u66f4\u591a\u7684\u662f\u4e2d\u80af\u7684\u5efa\u8bae\uff01\u8bf7\u5927\u5bb6\u914d\u5408\u5c0f\u5e03\uff01\u5e0c\u671b\u4e00\u8d77\u6210\u957f\uff01\uff01\uff01\uff08\u4ee5\u540e\u518d\u518d\u4e66\u8bc4\u533a\u53d1\u5e7f\u544a\u53ef\u80fd\u4f1a\u5220\u9664\uff09"}, {"userName": "\u5e03\u60ca\u4e91\u5416", "userReviewDate": "2018-04-13", "userURL": "http://user.17k.com/60612004", "userReview": "\u611f\u8c22\u534a\u4e2a\u6708\u4ee5\u6765\u8bfb\u8005\u4eec\u7684\u652f\u6301\uff0c\u611f\u8c22\u4f60\u4eec\u6253\u8d4f\u7684\u7ea2\u5305\u4e0e\u9c9c\u82b1\uff0c\u6709\u4f60\u4eec\u7684\u652f\u6301\u6211\u4f1a\u4e0d\u61c8\u52aa\u529b\uff0c\u540c\u65f6\u5e0c\u671b\u8bfb\u8005\u4eec\u591a\u7d66\u6211\u63d0\u63d0\u4e2d\u80af\u7684\u610f\u89c1\uff0c\u5e0c\u671b\u4f60\u4eec\u770b\u5230\u5c0f\u5e03\u7684\u6210\u957f\uff0c\u7b49\u5f85\u4f60\u4eec\u7684\u4e66\u8bc4\u3002"}, {"userName": "\u6625\u5929\u7684\u96e8121967246", "userReviewDate": "2018-06-07", "userURL": "http://user.17k.com/59864103", "userReview": "dgv\u6fc0\u7d20\u836f"}, {"userName": "qiuy\u6587", "userReviewDate": "2018-06-05", "userURL": "http://user.17k.com/61568380", "userReview": "[\u6253\u8d4f]\u6211\u6253\u8d4f\u4e861\u5143\u7ea2\u5305\uff01\uff01"}, {"userName": "\u03b6\u0e31\u0361\u0793\u0787\u0787\u0787\u0e53&ordm;\u2665\u4e36\u84dd\u2026", "userReviewDate": "2018-06-05", "userURL": "http://user.17k.com/59801492", "userReview": "666666"}, {"userName": "17K\u4e66\u53cbaxrthl6f", "userReviewDate": "2018-06-04", "userURL": "http://user.17k.com/62298101", "userReview": "\u5367\u69fd\uff0c\u4f5c\u8005\u8111\u888b\u662f\u4e0d\u662f\u88ab\u95e8\u6324\u4e86\uff0c\u8fd9\u672c\u4e66\u5c31\u8fd9\u4e48\u8349\u7387\u7684\u7ed3\u5c3e\u4e86\uff1f"}, {"userName": "17K\u4e66\u53cb5j6acpcj", "userReviewDate": "2018-06-03", "userURL": "http://user.17k.com/62491304", "userReview": "\u521a\u5f00\u59cb\u770b\uff0c\u611f\u89c9\u8282\u594f\u611f\u53ef\u4ee5"}, {"userName": "\u9633\u5149950731989", "userReviewDate": "2018-06-03", "userURL": "http://user.17k.com/59797498", "userReview": "666666"}, {"userName": "\u03b6\u0e31\u0361\u0793\u0787\u0787\u0787\u0e53&ordm;\u2665\u4e36\u84dd\u2026", "userReviewDate": "2018-06-03", "userURL": "http://user.17k.com/59801492", "userReview": "\u5566\u54af\u662f\u82f1\u8bed"}, {"userName": "17K\u4e66\u53cbHMWXYU7V", "userReviewDate": "2018-06-02", "userURL": "http://user.17k.com/61422050", "userReview": "\u5c0f\u8bf4\u5f88\u597d\u770b\u3002"}, {"userName": "17K\u4e66\u53cbUB7Q8EMF", "userReviewDate": "2018-06-02", "userURL": "http://user.17k.com/55639470", "userReview": "\u8d5e\u8d5e\u8d5e\u8d5e\u8d5e\u8d5e\u8d5e\u8d5e"}, {"userName": "17K\u4e66\u53cbAU6BIRDD", "userReviewDate": "2018-06-01", "userURL": "http://user.17k.com/55410929", "userReview": "\u6709\u5f00\u59cb\uff0c\u6ca1\u7ed3\u5c40\u3002\u3002"}, {"userName": "17K\u4e66\u53cbAU6BIRDD", "userReviewDate": "2018-06-01", "userURL": "http://user.17k.com/55410929", "userReview": "\u6709\u5f00\u59cb\uff0c\u6ca1\u7ed3\u5c40\u3002\u3002"}, {"userName": "\u8fdc\u884c740847230", "userReviewDate": "2018-05-30", "userURL": "http://user.17k.com/62015265", "userReview": "\u6211\u4e5f\u662f\u9189\u4e86\uff0c\u8fd9\u5c31\u5b8c\u4e86"}, {"userName": "\u798f\u81f3\u4eba\u5fc3", "userReviewDate": "2018-05-30", "userURL": "http://user.17k.com/61635536", "userReview": "\u624d\u5f00\u59cb\u770b\uff0c\u5148\u770b\u770b\u518d\u8bf4\u5427"}, {"userName": "\u81ea\u7531\u98de\u7fd4289938939", "userReviewDate": "2018-05-30", "userURL": "http://user.17k.com/61167353", "userReview": "666666"}, {"userName": "17K\u4e66\u53cb4drwgvgh", "userReviewDate": "2018-05-30", "userURL": "http://user.17k.com/58052223", "userReview": "124658"}, {"userName": "17K\u4e66\u53cb1SYBO5B7", "userReviewDate": "2018-05-28", "userURL": "http://user.17k.com/62242219", "userReview": "\u4e0d\u4f1a\u5199\u5c31\u522b\u5199\u4e86"}, {"userName": "\u81ea\u7531\u98de\u7fd4289938939", "userReviewDate": "2018-05-28", "userURL": "http://user.17k.com/61167353", "userReview": "\uff1f\uff1f\uff1f\uff1f\uff1f\uff01"}], "description": "\u4ed6\u51fa\u8eab\u4e0d\u51e1,\u5374\u6ca6\u4e3a\u4e00\u540d\u9000\u4f0d\u519b\u4eba,\u4e3a\u56fd\u6d41\u8840\uff0c\u5b81\u6b7b\u4e0d\u6094\u3002\u4e0d\u8bba\u662f\u6740\u573a\u8fd8\u662f\u7e41\u534e\u90fd\u5e02\uff0c\u4ed6\u90fd\u662f\u6700\u5f3a\u608d\u7684\u7537\u4eba\uff0c\u6700\u7889\u5821\u7684\u6218\u58eb", "title": "\u4e00\u53f7\u5175\u738b", "url": "http://www.17k.com/book/2801336.html", "average": -1.0, "cover": "http://img.17k.com/images/bookcover/2018/14006/70/2801336-1522654619000.jpg", "reviews": 372089, "authors": [{"url": "http://www.17k.com/zuozhe/60612004", "name": "\u5e03\u60ca\u4e91"}], "type": ["\u90fd\u5e02\u751f\u6d3b"], "outlinks": ["http://www.17k.com/book/2794982.html", "http://www.17k.com/book/2801292.html", "http://www.17k.com/book/2816318.html", "http://www.17k.com/book/2797575.html", "http://www.17k.com/book/2802516.html", "http://www.17k.com/book/2812195.html", "http://www.17k.com/book/2820143.html", "http://www.17k.com/book/2807943.html", "http://www.17k.com/book/2813457.html", "http://www.17k.com/book/2798058.html", "http://www.17k.com/book/2815617.html", "http://www.17k.com/book/2805259.html", "http://www.17k.com/book/2760255.html", "http://www.17k.com/book/2686894.html", "http://www.17k.com/book/2797016.html", "http://www.17k.com/book/2767246.html", "http://www.17k.com/book/2764239.html", "http://www.17k.com/book/2754498.html", "http://www.17k.com/book/2754900.html", "http://www.17k.com/book/2625740.html", "http://www.17k.com/book/2213315.html", "http://www.17k.com/book/2402178.html", "http://www.17k.com/book/2691221.html", "http://www.17k.com/book/2210699.html", "http://www.17k.com/book/1797752.html", "http://www.17k.com/book/2575507.html", "http://www.17k.com/book/2705181.html", "http://www.17k.com/book/2702539.html", "http://www.17k.com/book/2474887.html", "http://www.17k.com/book/2674733.html", "http://www.17k.com/book/2822076.html", "http://www.17k.com/book/2809894.html", "http://www.17k.com/book/2822077.html", "http://www.17k.com/book/2811930.html", "http://www.17k.com/book/2815548.html", "http://www.17k.com/book/2819620.html", "http://www.17k.com/book/2809964.html", "http://www.17k.com/book/2808200.html", "http://www.17k.com/book/2820100.html", "http://www.17k.com/book/2822978.html", "http://www.17k.com/book/2804337.html", "http://www.17k.com/book/2798814.html", "http://www.17k.com/book/2785153.html", "http://www.17k.com/book/2731559.html", "http://www.17k.com/book/2722533.html", "http://www.17k.com/book/2458377.html", "http://www.17k.com/book/2743300.html", "http://www.17k.com/book/973809.html", "http://www.17k.com/book/2651367.html", "http://www.17k.com/book/2726194.html", "http://www.17k.com/book/2790214.html", "http://www.17k.com/book/493239.html", "http://www.17k.com/book/108821.html", "http://www.17k.com/book/1398783.html", "http://www.17k.com/book/83528.html", "http://www.17k.com/book/1859126.html", "http://www.17k.com/book/1741975.html", "http://www.17k.com/book/192453.html", "http://www.17k.com/book/2459058.html", "http://www.17k.com/book/1050747.html", "http://www.17k.com/book/2700315.html", "http://www.17k.com/book/2818940.html", "http://www.17k.com/book/2819519.html", "http://www.17k.com/book/2816390.html", "http://www.17k.com/book/2819588.html", "http://www.17k.com/book/2813768.html", "http://www.17k.com/book/2822406.html", "http://www.17k.com/book/2772164.html", "http://www.17k.com/book/2784023.html", "http://www.17k.com/book/2811877.html", "http://www.17k.com/book/2809119.html", "http://www.17k.com/book/2803700.html", "http://www.17k.com/book/2819561.html", "http://www.17k.com/book/2746506.html", "http://www.17k.com/book/2811836.html", "http://www.17k.com/book/2614810.html", "http://www.17k.com/book/1592435.html", "http://www.17k.com/book/1949748.html", "http://www.17k.com/book/2265802.html", "http://www.17k.com/book/2743240.html", "http://www.17k.com/book/2657437.html", "http://www.17k.com/book/2644502.html", "http://www.17k.com/book/2199900.html", "http://www.17k.com/book/2725436.html", "http://www.17k.com/book/2629978.html"]}