{"ratings": -1, "userreviews": [{"userName": "\u6211\u4f5b\u6148\u60b200", "userReviewDate": "2018-06-08", "userURL": "http://user.17k.com/33334645", "userReview": "[\u6253\u8d4f]\u6211\u6253\u8d4f\u4e862\u5143\u7ea2\u5305\uff01\uff01"}, {"userName": "\u81f4\u547d\u9ed1\u7403", "userReviewDate": "2018-06-08", "userURL": "http://user.17k.com/61085360", "userReview": "\u5b9e\u5728\u62b1\u6b49\u62d6\u6c93\u4e24\u5929\u4e86\uff0c\u5bb6\u91cc\u6025\u4e8b\u5f04\u5f97\u65e0\u5fc3\u7801\u5b57\uff0c\u5c3d\u5feb\u5904\u7406\u597d\uff0c\u611f\u8c22\u5404\u4f4d\uff01"}, {"userName": "17K\u4e66\u53cbUCUU844Z", "userReviewDate": "2018-06-08", "userURL": "http://user.17k.com/60278698", "userReview": "\u597d\u4e66\u4e00\u8d77\u6765\u770b\u3002"}, {"userName": "17K\u4e66\u53cbITQRQ8S3", "userReviewDate": "2018-06-08", "userURL": "http://user.17k.com/60371503", "userReview": "\u770b\u4e66\u4e86\u6765\u554a\u6765\u554a"}, {"userName": "17K\u4e66\u53cb6NDCZZPX", "userReviewDate": "2018-06-08", "userURL": "http://user.17k.com/60054810", "userReview": "\u597d\u4e66\u8d5e\u4e00\u4e2a\u597d\u4e66\u8d5e\u4e00\u4e2a"}, {"userName": "17K\u4e66\u53cbo7wo0suv", "userReviewDate": "2018-06-08", "userURL": "http://user.17k.com/60037416", "userReview": "\u770b\u4e66\u4e86\u8d76\u7d27\u7684"}, {"userName": "Eeri007", "userReviewDate": "2018-06-08", "userURL": "http://user.17k.com/58287614", "userReview": "\u6c42\u89e3\u4e00\u4e0b\uff0c\u66f4\u65b0\u5728\u54ea"}, {"userName": "\u559c\u6b22\u6447\u6eda\u7684\u8001\u5934", "userReviewDate": "2018-06-07", "userURL": "http://user.17k.com/53183319", "userReview": "&#55357;&#56397;&#55357;&#56397;&#55357;&#56397;&#55357;&#56397;&#55357;&#56397;&#55357;&#56397;&#55357;&#56397;"}, {"userName": "17K\u4e66\u53cb62CLDI2X", "userReviewDate": "2018-06-07", "userURL": "http://user.17k.com/57925024", "userReview": "\u597d\u4e66\u8d5e\u4e00\u4e2a\u597d\u4e66"}, {"userName": "17K\u4e66\u53cbJED00I8R", "userReviewDate": "2018-06-07", "userURL": "http://user.17k.com/57758905", "userReview": "\u66f4\u65b0\u3002\u3002\u3002"}, {"userName": "\u7f18\u6765\u4fc2\u4f60", "userReviewDate": "2018-06-06", "userURL": "http://user.17k.com/60297414", "userReview": "\u5feb\u5feb\u66f4\u65b0\u554a"}, {"userName": "17K\u4e66\u53cbEI9S1D0Z", "userReviewDate": "2018-06-06", "userURL": "http://user.17k.com/58234261", "userReview": "\u597d\u4e66\u8d5e\u4e00\u4e2a\u597d\u4e66\u3002"}, {"userName": "17K\u4e66\u53cb37ex3qje", "userReviewDate": "2018-06-06", "userURL": "http://user.17k.com/56797868", "userReview": "\u65b0\u4e66\u4e0a\u67b6\u4e00\u5b9a\u706b&#55357;&#56613;"}, {"userName": "\u4eba\u751f\u56db\u5927\u60b2\u5267", "userReviewDate": "2018-06-06", "userURL": "http://user.17k.com/55996798", "userReview": "\u5199\u7684\u8fd8\u4e0d\u9519"}, {"userName": "\u6781\u54c1\u8840\u67ad\u96c4", "userReviewDate": "2018-06-06", "userURL": "http://user.17k.com/43047912", "userReview": "\u597d\u597d\u597d\u597d\u597d\u597d"}, {"userName": "\u8d64\u884021", "userReviewDate": "2018-06-05", "userURL": "http://user.17k.com/13302030", "userReview": "6666666666"}, {"userName": "March into the future", "userReviewDate": "2018-06-05", "userURL": "http://user.17k.com/59660714", "userReview": "66666"}, {"userName": "A\u8881\u6167\u5764", "userReviewDate": "2018-06-05", "userURL": "http://user.17k.com/60446824", "userReview": "666666"}, {"userName": "17K\u4e66\u53cbevns06sp", "userReviewDate": "2018-06-05", "userURL": "http://user.17k.com/60376052", "userReview": "\u597d\u4e66\u4e00\u5b9a\u706b\u3002"}, {"userName": "17K\u4e66\u53cb62CLDI2X", "userReviewDate": "2018-06-05", "userURL": "http://user.17k.com/57925024", "userReview": "\u597d\u4e66\u4e00\u8d77\u6765\u770b\u3002"}], "description": "\u4e00\u54c1\u5175\u738b\u6797\u70fd\u56de\u4e61\u63a2\u4eb2\uff0c\u4e0d\u6599\u6380\u8d77\u5c42\u5c42\u98ce\u6ce2\u3002\u4e0d\u65ad\u6597\u667a\u6597\u52c7\uff0c\u65e0\u60e7\u8fce\u9762\u800c\u6765\u7684\u79cd\u79cd\u56f0\u96be\uff0c\u9010\u6b65\u8e0f\u4e0a\u5dc5\u5cf0\uff01", "title": "\u4e00\u54c1\u5175\u738b", "url": "http://www.17k.com/book/2811930.html", "average": -1.0, "cover": "http://img.17k.com/images/bookcover/2018/14059/70/2811930-1526283612000.jpg", "reviews": 122468, "authors": [{"url": "http://www.17k.com/zuozhe/61085360", "name": "\u81f4\u547d\u9ed1\u7403"}], "type": ["\u90fd\u5e02\u751f\u6d3b"], "outlinks": ["http://www.17k.com/book/2794982.html", "http://www.17k.com/book/2801292.html", "http://www.17k.com/book/2816318.html", "http://www.17k.com/book/2797575.html", "http://www.17k.com/book/2802516.html", "http://www.17k.com/book/2812195.html", "http://www.17k.com/book/2820143.html", "http://www.17k.com/book/2807943.html", "http://www.17k.com/book/2813457.html", "http://www.17k.com/book/2798058.html", "http://www.17k.com/book/2815617.html", "http://www.17k.com/book/2805259.html", "http://www.17k.com/book/2760255.html", "http://www.17k.com/book/2686894.html", "http://www.17k.com/book/2797016.html", "http://www.17k.com/book/2767246.html", "http://www.17k.com/book/2764239.html", "http://www.17k.com/book/2754498.html", "http://www.17k.com/book/2754900.html", "http://www.17k.com/book/2625740.html", "http://www.17k.com/book/2213315.html", "http://www.17k.com/book/2402178.html", "http://www.17k.com/book/2691221.html", "http://www.17k.com/book/2210699.html", "http://www.17k.com/book/1797752.html", "http://www.17k.com/book/2575507.html", "http://www.17k.com/book/2705181.html", "http://www.17k.com/book/2702539.html", "http://www.17k.com/book/2474887.html", "http://www.17k.com/book/2674733.html", "http://www.17k.com/book/2822076.html", "http://www.17k.com/book/2809894.html", "http://www.17k.com/book/2822077.html", "http://www.17k.com/book/2811930.html", "http://www.17k.com/book/2815548.html", "http://www.17k.com/book/2819620.html", "http://www.17k.com/book/2809964.html", "http://www.17k.com/book/2808200.html", "http://www.17k.com/book/2820100.html", "http://www.17k.com/book/2822978.html", "http://www.17k.com/book/2804337.html", "http://www.17k.com/book/2798814.html", "http://www.17k.com/book/2785153.html", "http://www.17k.com/book/2731559.html", "http://www.17k.com/book/2722533.html", "http://www.17k.com/book/2458377.html", "http://www.17k.com/book/2743300.html", "http://www.17k.com/book/973809.html", "http://www.17k.com/book/2651367.html", "http://www.17k.com/book/2726194.html", "http://www.17k.com/book/2790214.html", "http://www.17k.com/book/493239.html", "http://www.17k.com/book/108821.html", "http://www.17k.com/book/1398783.html", "http://www.17k.com/book/83528.html", "http://www.17k.com/book/1859126.html", "http://www.17k.com/book/1741975.html", "http://www.17k.com/book/192453.html", "http://www.17k.com/book/2459058.html", "http://www.17k.com/book/1050747.html", "http://www.17k.com/book/2700315.html", "http://www.17k.com/book/2818940.html", "http://www.17k.com/book/2819519.html", "http://www.17k.com/book/2816390.html", "http://www.17k.com/book/2819588.html", "http://www.17k.com/book/2813768.html", "http://www.17k.com/book/2822406.html", "http://www.17k.com/book/2772164.html", "http://www.17k.com/book/2784023.html", "http://www.17k.com/book/2811877.html", "http://www.17k.com/book/2809119.html", "http://www.17k.com/book/2803700.html", "http://www.17k.com/book/2819561.html", "http://www.17k.com/book/2746506.html", "http://www.17k.com/book/2811836.html", "http://www.17k.com/book/2614810.html", "http://www.17k.com/book/1592435.html", "http://www.17k.com/book/1949748.html", "http://www.17k.com/book/2265802.html", "http://www.17k.com/book/2743240.html", "http://www.17k.com/book/2657437.html", "http://www.17k.com/book/2644502.html", "http://www.17k.com/book/2199900.html", "http://www.17k.com/book/2725436.html", "http://www.17k.com/book/2629978.html"]}