{"ratings": -1, "userreviews": [{"userName": "\u6708\u9615", "userReviewDate": "2018-01-12", "userURL": "http://user.17k.com/55309042", "userReview": "\u300a\u5e7f\u544a\u8d34\u300b\u5404\u4f4d\u6253\u5e7f\u544a\u7684\u4eb2\u4eec\uff0c\u6b64\u8d34\u7559\u8a00\u54c8\uff0c\u51e1\u6709\u7559\u8a00\uff0c\u4e00\u5b9a\u56de\u8bbf\u3002\u6b64\u8d34\u4ee5\u5916\u7684\u5e7f\u544a\uff0c\u4e00\u5f8b\u5220\u8d34\u54c8\u3002"}, {"userName": "\u8bb8\u5965**\uff0c\u817e\u4fe1\u7535\u8111\u2026", "userReviewDate": "2018-05-27", "userURL": "http://user.17k.com/62238988", "userReview": "\u633a\u597d\u7684\u52a0\u6cb9"}, {"userName": "\u65e0\u4eba\u53ca\u4ed6i \u9e4f", "userReviewDate": "2018-05-19", "userURL": "http://user.17k.com/61916589", "userReview": "\u4e3b\u89d2\u5149\u73af\u592a\u5f3a\u5927\uff0c\u8fd9\u6837\u90fd\u80fd\u4e0d\u6b7b\u3002\u8fd8\u6709\u4e3b\u89d2\u4e0d\u662f\u4e8c\u5973\u513f\u4e48\u600e\u4e48\u5c31\u6210\u4e86\u59d0\u59d0\u3002\u539f\u8c05\u6211\u5b9e\u5728\u662f\u50bb\u50bb\u5206\u4e0d\u6e05"}, {"userName": "\u5e05\u70b8\u82cd\u7a79\u7684\u82cf\u9177", "userReviewDate": "2018-05-06", "userURL": "http://user.17k.com/51553324", "userReview": "\u611f\u89c9\u82cf\u4f9d\u4f9d\u6709\u70b9\u50bb\uff1f\uff1f\uff1f\uff1f\u5e38\u777f\u597d\u5e05\u554a\u554a\u554a"}, {"userName": "\u5e05\u70b8\u82cd\u7a79\u7684\u82cf\u9177", "userReviewDate": "2018-04-20", "userURL": "http://user.17k.com/51553324", "userReview": "\u819c\u62dc\u5927\u795e"}, {"userName": "\u6101\u80a0\u4e00\u5bf8", "userReviewDate": "2018-04-17", "userURL": "http://user.17k.com/42858097", "userReview": "<a target='_blank' href='http://www.17k.com/book/1404452.html'>\u300a\u4f34\u7b11\u6d6e\u751f\u68a6\u300b</a>\u6765\u8bbf\uff0c\u5411\u5927\u5927\u5b66\u4e60\uff0c\u732e\u82b1\u5566~"}, {"userName": "\u4e54\u5b9d\u513f", "userReviewDate": "2018-03-20", "userURL": "http://user.17k.com/45522746", "userReview": "\u4e5f\u662f\u9189\u4e86\uff0c\u65e2\u7136\u4e0d\u662f\u771f\u592a\u76d1\u3002\u4e3a\u4ec0\u4e48\u8981\u7528\u8721\u70db\uff1f\u8fd9\u4e0d\u662f\u5f71\u54cd\u5973\u4e3b\u7b2c\u4e00\u6b21\u7684\u7f8e\u597d\u4f53\u9a8c\u561b"}, {"userName": "kool\u6377", "userReviewDate": "2018-03-01", "userURL": "http://user.17k.com/56730892", "userReview": "2018\u63a8\u8350\u4e00\u672c\u597d\u770b\u7684\u4e66<a target='_blank' href='http://www.17k.com/book/2728167.html'>\u300a\u6211\u548c\u5996\u517d\u6709\u4e2a\u7ea6\u4f1a\u300b</a>,\u5929\u5929\u66f4\u65b0\uff0c\u8bf7\u591a\u5173\u7167\uff0c\u6765\u4e2a\u6536\u85cf\u554a!\uff0c\u70b9\u51fb\u4e66\u540d\u5c31\u53ef\u4ee5\u770b\u5230\u4e66\u4e86\u3002"}, {"userName": "A\u725b\u9b54\u738b", "userReviewDate": "2018-02-24", "userURL": "http://user.17k.com/56738425", "userReview": "\u597d\u4e66\u9700\u8981\u63a8\u5e7f\uff0c\u6b63\u80fd\u91cf!2018\u63a8\u8350\u4e00\u672c\u597d\u770b\u7684\u4e66<a target='_blank' href='http://www.17k.com/book/2551937.html'>\u300a\u8d85\u65b0\u4eba\u300b</a>\uff0c\u60ca\u9669\u523a\u6fc0\uff0c\u6d6a\u6f2b\u6ee1\u5c4b\uff0c\u70ed\u8840\u683c\u6597\uff0c\u751f\u6b7b\u7231\u604b\uff0c\u6696\u6627\u4e0d\u65ad\uff0c\u5929\u5929\u66f4\u65b0\uff0c\u8bf7\u591a\u5173\u7167\uff0c\u6765\u4e2a\u6536\u85cf\u554a!\uff0c\u70b9\u51fb\u4e66\u540d\u5c31\u53ef\u4ee5\u770b\u5230\u4e66\u4e86\u3002"}, {"userName": "\u94b0\u96ef533", "userReviewDate": "2018-02-23", "userURL": "http://user.17k.com/52200506", "userReview": "\u8d85\u7ea7\u559c\u6b22\u8fd9\u6837\u7684\uff0c\u989c\u503c\u8650\u604b\u90fd\u8981\uff0c\u523a\u6fc0\u30fd(\u2022\u0300\u03c9\u2022\u0301 )\u309d"}, {"userName": "\u9ec4\u74dc\u7684\u5bbf\u547d", "userReviewDate": "2018-02-09", "userURL": "http://user.17k.com/53195742", "userReview": "<a target='_blank' href='http://www.17k.com/book/2377865.html'>\u300a\u81f3\u9738\u82cd\u751f\u8bc0\u300b</a>\u6765\u8bbf\uff0c\u6c42\u652f\u6301\u6c42\u6269\u6563\uff0c\u87f9\u87f9\u3002"}, {"userName": "\u5e05\u70b8\u82cd\u7a79\u7684\u82cf\u9177", "userReviewDate": "2017-12-16", "userURL": "http://user.17k.com/51553324", "userReview": "\u54c7\uff0c\u5389\u5bb3\u5389\u5bb3\uff0c\u9f13\u638c\uff0c\u5927\u5927\u52a0\u6cb9\uff0c\u5348\u5b89"}, {"userName": "\u601d\u8336\u6de1\u996e", "userReviewDate": "2017-12-12", "userURL": "http://user.17k.com/58446922", "userReview": "\u725b\u903c\uff0c\u592a\u76d1\u8fd9\u9898\u6750\u4e5f\u60f3\u7684\u51fa\uff0c\u4e3a\u4f60\u7684\u60f3\u6cd5\u70b9\u4e2a\u8d5e\u3002"}, {"userName": "17K\u4e66\u53cbjvrwxot3", "userReviewDate": "2017-12-07", "userURL": "http://user.17k.com/58768401", "userReview": "\u4e3a\u4ec0\u4e48\u5168\u662f\u5047\u592a\u76d1\uff1f\u6bd4\u4e86\u72d7"}, {"userName": "17K\u4e66\u53cbxe03encg", "userReviewDate": "2017-08-14", "userURL": "http://user.17k.com/56774835", "userReview": "\u6bcf\u5929\u66f4\u65b0\u4e00\u96c6\uff0c\u4e0d\u8fc7\u763e"}, {"userName": "17K\u4e66\u53cbxe03encg", "userReviewDate": "2017-08-07", "userURL": "http://user.17k.com/56774835", "userReview": "\u5feb\u5feb\u66f4\u65b0\u5440"}, {"userName": "\u5919\u8c16", "userReviewDate": "2017-07-23", "userURL": "http://user.17k.com/54470498", "userReview": "\u5927\u5927\u52a0\u6cb9\u2196(^\u03c9^)\u2197\uff01\u6545\u4e8b\u5f88\u4e0d\u9519\u54e6\uff01"}, {"userName": "\u56fe\u683c\u529b\u963f", "userReviewDate": "2017-07-16", "userURL": "http://user.17k.com/52791598", "userReview": "\u4e00\u5806\u5fc3\u7406\u4e0d\u6b63\u5e38\u7684\u4eba\u7269"}, {"userName": "\u71ce\u51b0\u539f", "userReviewDate": "2017-07-16", "userURL": "http://user.17k.com/56374709", "userReview": "[\u6253\u8d4f]\u6211\u6253\u8d4f\u4e862\u5143\u7ea2\u5305\uff01\uff01"}, {"userName": "\u6cb3\u4e1c\u4e66\u751f", "userReviewDate": "2017-07-16", "userURL": "http://user.17k.com/56372872", "userReview": "\u65e2\u7136\u7537\u4e3b\u90fd\u4e0d\u662f\u592a\u76d1\uff0c\u90a3\u4ed6\u6709\u4ec0\u4e48\u597d\u6c14\u7684?\u660e\u660e\u662f\u4ed6\u81ea\u5df1\u9690\u85cf\u8eab\u4efd\uff0c\u6b3a\u4e0a\u7792\u4e0b\uff0c\u8fd8\u504f\u504f\u4e3a\u96be\u4e00\u4e2a\u5f31\u5973\u5b50\uff01\uff01\uff01"}], "description": "\u82cf\u4f9d\u4f9d\u4e00\u671d\u7a7f\u8d8a\uff0c\u7adf\u6210\u4e86\u4e00\u4e2a\u81ea\u6740\u672a\u9042\u7684\u592a\u76d1\u59bb\u5b50\u3000\u3000\u6b63\u5728\u53cd\u5e94\u4e4b\u9645\uff0c\u4e00\u4e2a\u957f\u76f8\u6781\u5176\u5996\u5b7d\u7684\u7537\u4eba\u8d70\u4e86\u8fdb\u6765\uff0c\u7c97\u66b4\u7684\u7528\u7ea2\u70db\u7834\u4e86\u5979\u7684\u8eab\u3000\u3000\u90a3\u665a\uff0c\u6210\u4e86\u5979\u6765\u5230\u5f02\u4e16\u7b2c\u4e00\u5929\u7684\u4e00\u4e2a\u5669\u68a6\uff0c\u81ea\u6b64\u6240\u6709\u4eba\u90fd\u89c6\u5979\u4e3a\u6d2a\u6c34\u731b\u517d\u3000\u3000\u8ddf\u7edd\u671b\u7684\u662f\u81ea\u5df1\u7684\u8eab\u4e16\uff0c\u7236\u4eb2\u4e3a\u4e86\u52a0\u5b98\u8fdb\u7235\uff0c\u7adf\u662f\u628a\u5979\u5ac1\u7ed9\u4e86\u592a\u76d1\u5e38\u777f\u3000\u3000\u5e38\u777f\u4eba\u524d\u548c\u5584\u6148\u7965\uff0c\u4eba\u540e\u5374\u767e\u822c\u6298\u78e8\u82cf\u4f9d\u4f9d\u3000\u3000\u7528\u4ed6\u7684\u8bdd\u8bf4\uff0c\u6211\u5728\u4eba\u524d\u88ab\u8df5\u8e0f\u7684\u5c0a\u4e25\u90fd\u8981\u5728\u4f60\u8fd9\u4e2a\u8d31\u5a62\u8eab\u4e0a\u627e\u56de\u6765\u3000\u3000\u65e2\u6765\u4e4b\uff0c\u5219\u5b89\u4e4b\uff0c\u53d7\u591f\u4e86\u4e5f\u53ea\u80fd\u8fd9\u6837\u81ea\u6211\u5b89\u6170\u3000\u3000\u53ea\u60f3\u89c4\u89c4\u77e9\u77e9\uff0c\u670d\u670d\u5e16\u5e16\u7684\u4f8d\u5bdd\uff0c\u80fd\u5c11\u53d7\u70b9\u6298\u78e8\u5c31\u5c11\u70b9\u3000\u3000\u53ef\u90a3\u4e00\u591c\uff0c\u4ed6\u7b11\u7740\u8ddf\u6211\u8bf4\uff0c\u6211\u4eec\u7ec8\u4e8e\u4e0d\u7528\u5728\u6f14\u620f\u4e86\uff0c\u4eca\u665a\u5c31\u8ba9\u4f60\u5c1d\u5c1d\u505a\u5e38\u777f\u5973\u4eba\u7684\u5e78\u798f\u3000\u3000\u201c\u4ec0\u4e48\uff0c\u4ec0\u4e48\uff0c\u522b\u626f\u6211\u8863\u670d\uff1f\u201d\u3000\u3000\u201c\u5a18\u5b50\uff0c\u6211\u4e0d\u626f\u4f60\u8863\u670d\u626f\u8c01\u8863\u670d\u554a\uff1f\u201d\u3000\u3000\u201c\u90a3\u4e2a\uff0c\u90a3\u4e2a\uff0c\u4f60\u4e0d\u662f\u592a\u76d1\u5417\uff1f\u201d\u3000\u3000\u5e38\u777f\u72e1\u9ee0\u4e00\u7b11\uff1a\u201c\u8c01\u544a\u8bc9\u4f60\u6211\u662f\u592a\u76d1\u3002\u201d\u3000\u3000\u8bf4\u7f62\uff0c\u5982\u997f\u72fc\u822c\u6251\u4e86\u4e0a\u53bb\u2026\u2026", "title": "\u4e00\u5ac1\u592a\u76d1\u8bef\u7ec8\u751f", "url": "http://www.17k.com/book/2506818.html", "average": -1.0, "cover": "http://img.17k.com/images/bookcover/2017/12534/62/2506818-1499762538000.jpg", "reviews": 93814, "authors": [{"url": "http://www.17k.com/zuozhe/55309042", "name": "\u6708\u9615"}], "type": ["\u5bab\u5ef7\u8d35\u65cf"], "outlinks": ["http://www.17k.com/book/2794982.html", "http://www.17k.com/book/2801292.html", "http://www.17k.com/book/2816318.html", "http://www.17k.com/book/2797575.html", "http://www.17k.com/book/2802516.html", "http://www.17k.com/book/2812195.html", "http://www.17k.com/book/2820143.html", "http://www.17k.com/book/2807943.html", "http://www.17k.com/book/2813457.html", "http://www.17k.com/book/2798058.html", "http://www.17k.com/book/2815617.html", "http://www.17k.com/book/2805259.html", "http://www.17k.com/book/2760255.html", "http://www.17k.com/book/2686894.html", "http://www.17k.com/book/2797016.html", "http://www.17k.com/book/2767246.html", "http://www.17k.com/book/2764239.html", "http://www.17k.com/book/2754498.html", "http://www.17k.com/book/2754900.html", "http://www.17k.com/book/2625740.html", "http://www.17k.com/book/2213315.html", "http://www.17k.com/book/2402178.html", "http://www.17k.com/book/2691221.html", "http://www.17k.com/book/2210699.html", "http://www.17k.com/book/1797752.html", "http://www.17k.com/book/2575507.html", "http://www.17k.com/book/2705181.html", "http://www.17k.com/book/2702539.html", "http://www.17k.com/book/2474887.html", "http://www.17k.com/book/2674733.html", "http://www.17k.com/book/2822076.html", "http://www.17k.com/book/2809894.html", "http://www.17k.com/book/2822077.html", "http://www.17k.com/book/2811930.html", "http://www.17k.com/book/2815548.html", "http://www.17k.com/book/2819620.html", "http://www.17k.com/book/2809964.html", "http://www.17k.com/book/2808200.html", "http://www.17k.com/book/2820100.html", "http://www.17k.com/book/2822978.html", "http://www.17k.com/book/2804337.html", "http://www.17k.com/book/2798814.html", "http://www.17k.com/book/2785153.html", "http://www.17k.com/book/2731559.html", "http://www.17k.com/book/2722533.html", "http://www.17k.com/book/2458377.html", "http://www.17k.com/book/2743300.html", "http://www.17k.com/book/973809.html", "http://www.17k.com/book/2651367.html", "http://www.17k.com/book/2726194.html", "http://www.17k.com/book/2790214.html", "http://www.17k.com/book/493239.html", "http://www.17k.com/book/108821.html", "http://www.17k.com/book/1398783.html", "http://www.17k.com/book/83528.html", "http://www.17k.com/book/1859126.html", "http://www.17k.com/book/1741975.html", "http://www.17k.com/book/192453.html", "http://www.17k.com/book/2459058.html", "http://www.17k.com/book/1050747.html", "http://www.17k.com/book/2700315.html", "http://www.17k.com/book/2818940.html", "http://www.17k.com/book/2819519.html", "http://www.17k.com/book/2816390.html", "http://www.17k.com/book/2819588.html", "http://www.17k.com/book/2813768.html", "http://www.17k.com/book/2822406.html", "http://www.17k.com/book/2772164.html", "http://www.17k.com/book/2784023.html", "http://www.17k.com/book/2811877.html", "http://www.17k.com/book/2809119.html", "http://www.17k.com/book/2803700.html", "http://www.17k.com/book/2819561.html", "http://www.17k.com/book/2746506.html", "http://www.17k.com/book/2811836.html", "http://www.17k.com/book/2614810.html", "http://www.17k.com/book/1592435.html", "http://www.17k.com/book/1949748.html", "http://www.17k.com/book/2265802.html", "http://www.17k.com/book/2743240.html", "http://www.17k.com/book/2657437.html", "http://www.17k.com/book/2644502.html", "http://www.17k.com/book/2199900.html", "http://www.17k.com/book/2725436.html", "http://www.17k.com/book/2629978.html"]}