{"ratings": -1, "userreviews": [], "description": "\u4e16\u754c\u4e0e\u4e00\u591c\u4e4b\u95f4\u53d1\u751f\u5929\u7ffb\u5730\u8986\u7684\u53d8\u5316\uff0c\u8eab\u8fb9\u7684\u4eba\u4eec\u90fd\u53d8\u6210\u4e86\u62e9\u4eba\u800c\u566c\u7684\u4e27\u5c38\uff0c\u6e29\u987a\u4e56\u5de7\u7684\u5c0f\u52a8\u7269\u4e5f\u53d8\u5f97\u5de8\u5927\u51f6\u731b\uff0c\u751a\u81f3\u5c31\u8fde\u690d\u7269\u90fd\u6709\u4e86\u53ef\u6015\u7684\u653b\u51fb\u6027\u3002\u5730\u7403\u5df2\u7ecf\u4e0d\u518d\u662f\u517b\u80b2\u4eba\u7c7b\u7684\u6e29\u5ba4\uff0c\u800c\u662f\u4eba\u7c7b\u7684\u5c60\u6740\u573a\u3002\u3000\u3000\u94f6\u5b87\uff0c\u533a\u533a\u4e00\u4e2a\u666e\u901a\u7684\u5927\u5b66\u751f\u800c\u5df2\uff0c\u5982\u4f55\u6210\u4e3a\u4e00\u53f7\u9996\u957f\uff0c\u5e26\u9886\u8eab\u8fb9\u7684\u4eba\u4e43\u81f3\u5168\u4eba\u7c7b\u8d70\u5411\u5d1b\u8d77\u4e4b\u8def\u3002\u3000\u3000\u5728\u8fd9\u4e2a\u98ce\u8d77\u4e91\u6d8c\u7684\u672b\u4e16\u91cc\uff0c\u8981\u9632\u5907\u7684\u4e0d\u4ec5\u4ec5\u662f\u5404\u79cd\u8fdb\u5316\u7684\u4e27\u5c38\u3001\u52a8\u7269\u548c\u690d\u7269\uff0c\u66f4\u91cd\u8981\u7684\u8fd8\u6709\u5728\u672b\u4e16\u91cc\u5de8\u53d8\u7684\u4eba\u5fc3\u3002\u3000\u3000\u201c\u8bf7\u8bb0\u4f4f\uff0c\u4f60\u5df2\u6323\u624e\u4e8e\u672b\u4e16\uff0c\u4e07\u4e07\u4e0d\u53ef\u653e\u677e\u8b66\u60d5\uff0c\u80fd\u76f8\u4fe1\u7684\uff0c\u5c31\u53ea\u6709\u4f60\u81ea\u5df1\u624b\u4e2d\u7684\u6b66\u5668\u3002\u201d", "title": "\u4e00\u53f7\u9996\u957f", "url": "http://www.17k.com/book/2220695.html", "average": -1.0, "cover": "http://img.17k.com/images/bookcover/default_cover1.jpg", "reviews": 38556, "authors": [{"url": "http://www.17k.com/zuozhe/50950823", "name": "\u51b7\u591c\u4f2f\u7235"}], "type": ["\u672b\u4e16\u5371\u673a"], "outlinks": ["http://www.17k.com/book/2794982.html", "http://www.17k.com/book/2801292.html", "http://www.17k.com/book/2816318.html", "http://www.17k.com/book/2797575.html", "http://www.17k.com/book/2802516.html", "http://www.17k.com/book/2812195.html", "http://www.17k.com/book/2820143.html", "http://www.17k.com/book/2807943.html", "http://www.17k.com/book/2813457.html", "http://www.17k.com/book/2798058.html", "http://www.17k.com/book/2815617.html", "http://www.17k.com/book/2805259.html", "http://www.17k.com/book/2760255.html", "http://www.17k.com/book/2686894.html", "http://www.17k.com/book/2797016.html", "http://www.17k.com/book/2767246.html", "http://www.17k.com/book/2764239.html", "http://www.17k.com/book/2754498.html", "http://www.17k.com/book/2754900.html", "http://www.17k.com/book/2625740.html", "http://www.17k.com/book/2213315.html", "http://www.17k.com/book/2402178.html", "http://www.17k.com/book/2691221.html", "http://www.17k.com/book/2210699.html", "http://www.17k.com/book/1797752.html", "http://www.17k.com/book/2575507.html", "http://www.17k.com/book/2705181.html", "http://www.17k.com/book/2702539.html", "http://www.17k.com/book/2474887.html", "http://www.17k.com/book/2674733.html", "http://www.17k.com/book/2822076.html", "http://www.17k.com/book/2809894.html", "http://www.17k.com/book/2822077.html", "http://www.17k.com/book/2811930.html", "http://www.17k.com/book/2815548.html", "http://www.17k.com/book/2819620.html", "http://www.17k.com/book/2809964.html", "http://www.17k.com/book/2808200.html", "http://www.17k.com/book/2820100.html", "http://www.17k.com/book/2822978.html", "http://www.17k.com/book/2804337.html", "http://www.17k.com/book/2798814.html", "http://www.17k.com/book/2785153.html", "http://www.17k.com/book/2731559.html", "http://www.17k.com/book/2722533.html", "http://www.17k.com/book/2458377.html", "http://www.17k.com/book/2743300.html", "http://www.17k.com/book/973809.html", "http://www.17k.com/book/2651367.html", "http://www.17k.com/book/2726194.html", "http://www.17k.com/book/2790214.html", "http://www.17k.com/book/493239.html", "http://www.17k.com/book/108821.html", "http://www.17k.com/book/1398783.html", "http://www.17k.com/book/83528.html", "http://www.17k.com/book/1859126.html", "http://www.17k.com/book/1741975.html", "http://www.17k.com/book/192453.html", "http://www.17k.com/book/2459058.html", "http://www.17k.com/book/1050747.html", "http://www.17k.com/book/2700315.html", "http://www.17k.com/book/2818940.html", "http://www.17k.com/book/2819519.html", "http://www.17k.com/book/2816390.html", "http://www.17k.com/book/2819588.html", "http://www.17k.com/book/2813768.html", "http://www.17k.com/book/2822406.html", "http://www.17k.com/book/2772164.html", "http://www.17k.com/book/2784023.html", "http://www.17k.com/book/2811877.html", "http://www.17k.com/book/2809119.html", "http://www.17k.com/book/2803700.html", "http://www.17k.com/book/2819561.html", "http://www.17k.com/book/2746506.html", "http://www.17k.com/book/2811836.html", "http://www.17k.com/book/2614810.html", "http://www.17k.com/book/1592435.html", "http://www.17k.com/book/1949748.html", "http://www.17k.com/book/2265802.html", "http://www.17k.com/book/2743240.html", "http://www.17k.com/book/2657437.html", "http://www.17k.com/book/2644502.html", "http://www.17k.com/book/2199900.html", "http://www.17k.com/book/2725436.html", "http://www.17k.com/book/2629978.html"]}