{"ratings": -1, "userreviews": [{"userName": "\u98de\u96ea\u4e71\u6e05\u98ce", "userReviewDate": "2017-12-27", "userURL": "http://user.17k.com/45159154", "userReview": "<a target='_blank' href='http://www.17k.com/book/2677053.html'>\u300a\u9b54\u5984\u300b</a>\u6765\u8bbf\uff0c\u5348\u597d\uff0c\u554a\u6635"}], "description": "\u5a5a\u524d\u662f\u8fd9\u6837\u7684\uff1a\u3000\u3000\u201c\u4e3a\u4ec0\u4e48\u5ac1\u7ed9\u6211\uff1f\u201d\u4ed6\u5c06\u5979\u549a\u5728\u5899\u4e0a\uff0c\u7738\u4e2d\u95ea\u7740\u5149\u3002\u3000\u3000\u5979\u522b\u8fc7\u5934\uff1a\u201c\u56e0\u4e3a\u542c\u8bf4\u4f60\u559c\u6b22\u7537\u4eba\u3002\u90a3\u4f60\u53c8\u4e3a\u4ec0\u4e48\u5a36\u6211\uff1f\u201d\u3000\u3000\u4ed6\u7684\u5507\u8f7b\u8f7b\u64e6\u8fc7\u5979\u7684\u8138\u988a\uff1a\u201c\u56e0\u4e3a\u77e5\u9053\u4f60\u559c\u6b22\u5973\u4eba\uff01\u201d\u3000\u3000\u6240\u4ee5\u4ed6\u4eec\u9686\u91cd\u7ed3\u5a5a\uff0c\u7136\u800c\u5a5a\u540e\u7684\u7ed3\u679c\u5374\u662f\u8fd9\u6837\u7684\u3000\u3000\u201c\u7237\uff0c\u5c11\u5976\u5976\u5728\u516c\u53f8\u88ab\u522b\u7684\u7537\u4eba\u8868\u767d\u4e86\u3002\u3000\u3000\u67d0\u7237\u6012\uff1a\u201c\u628a\u516c\u53f8\u62c6\u4e86\uff0c\u7537\u4eba\u5173\u4e86\u3002\u201d\u3000\u3000\u201c\u7237\uff0c\u5c11\u5976\u5976\u5e26\u7740\u522b\u7684\u7537\u4eba\u56deC\u5e02\u8fc7\u591c\u4e86\u3002\u201d\u3000\u3000\u67d0\u7237\u51b7\u8138\uff1a\u201c\u628aC\u5e02\u70b8\u4e86\uff0c\u7537\u4eba\u9609\u4e86\u3002\u201d\u3000\u3000\u201c\u7237\uff0c\u5c11\u5976\u5976\u628a\u4f60\u7684\u5c0f\u60c5\u4eba\u9001\u7ed9\u5979\u54e5\u54e5\u4e86\u3002\u201d\u3000\u3000\u67d0\u7237\u8e59\u7709\uff1a\u201c\u5c0f\u60c5\u4eba\u662f\u4ec0\u4e48\u9b3c\uff1f\u7ed9\u5c0f\u8205\u5b50\u591a\u6311\u51e0\u4e2a\u59ff\u8272\u597d\u70b9\u7684\u9001\u53bb\u3002\u201d\u3000\u3000\u201c\u7237\uff0c\u5c11\u5976\u5976\u628a\u4f60\u7684\u9752\u6885\u7af9\u9a6c\u4e22\u6e56\u91cc\u4e86\u3002\u201d\u3000\u3000\u67d0\u7237\u8e59\u7709\uff0c\u201c\u5c11\u5976\u5976\u6709\u6ca1\u6709\u53d7\u4f24\uff1f\u201d\u3000\u3000\u4f63\u4eba\u6c57\uff0c\u8fd9\u662f\u8981\u5ba0\u4e0a\u5929\u7684\u8282\u594f\u2026\u2026", "title": "\u4e00\u5a5a\u518d\u660f\uff1a\u51f6\u731b\u519b\u957f\u60f9\u4e0a\u50b2\u5a07\u5c0f\u8001\u5a46", "url": "http://www.17k.com/book/2702227.html", "average": -1.0, "cover": "http://img.17k.com/images/bookcover/partner/22/27/2702227/2702227.jpg", "reviews": 34549, "authors": [{"url": "http://www.17k.com/zuozhe/56805906", "name": "\u554a\u6635"}], "type": ["\u6e38\u620f\u751f\u6daf"], "outlinks": ["http://www.17k.com/book/2794982.html", "http://www.17k.com/book/2801292.html", "http://www.17k.com/book/2816318.html", "http://www.17k.com/book/2797575.html", "http://www.17k.com/book/2802516.html", "http://www.17k.com/book/2812195.html", "http://www.17k.com/book/2820143.html", "http://www.17k.com/book/2807943.html", "http://www.17k.com/book/2813457.html", "http://www.17k.com/book/2798058.html", "http://www.17k.com/book/2815617.html", "http://www.17k.com/book/2805259.html", "http://www.17k.com/book/2760255.html", "http://www.17k.com/book/2686894.html", "http://www.17k.com/book/2797016.html", "http://www.17k.com/book/2767246.html", "http://www.17k.com/book/2764239.html", "http://www.17k.com/book/2754498.html", "http://www.17k.com/book/2754900.html", "http://www.17k.com/book/2625740.html", "http://www.17k.com/book/2213315.html", "http://www.17k.com/book/2402178.html", "http://www.17k.com/book/2691221.html", "http://www.17k.com/book/2210699.html", "http://www.17k.com/book/1797752.html", "http://www.17k.com/book/2575507.html", "http://www.17k.com/book/2705181.html", "http://www.17k.com/book/2702539.html", "http://www.17k.com/book/2474887.html", "http://www.17k.com/book/2674733.html", "http://www.17k.com/book/2822076.html", "http://www.17k.com/book/2809894.html", "http://www.17k.com/book/2822077.html", "http://www.17k.com/book/2811930.html", "http://www.17k.com/book/2815548.html", "http://www.17k.com/book/2819620.html", "http://www.17k.com/book/2809964.html", "http://www.17k.com/book/2808200.html", "http://www.17k.com/book/2820100.html", "http://www.17k.com/book/2822978.html", "http://www.17k.com/book/2804337.html", "http://www.17k.com/book/2798814.html", "http://www.17k.com/book/2785153.html", "http://www.17k.com/book/2731559.html", "http://www.17k.com/book/2722533.html", "http://www.17k.com/book/2458377.html", "http://www.17k.com/book/2743300.html", "http://www.17k.com/book/973809.html", "http://www.17k.com/book/2651367.html", "http://www.17k.com/book/2726194.html", "http://www.17k.com/book/2790214.html", "http://www.17k.com/book/493239.html", "http://www.17k.com/book/108821.html", "http://www.17k.com/book/1398783.html", "http://www.17k.com/book/83528.html", "http://www.17k.com/book/1859126.html", "http://www.17k.com/book/1741975.html", "http://www.17k.com/book/192453.html", "http://www.17k.com/book/2459058.html", "http://www.17k.com/book/1050747.html", "http://www.17k.com/book/2700315.html", "http://www.17k.com/book/2818940.html", "http://www.17k.com/book/2819519.html", "http://www.17k.com/book/2816390.html", "http://www.17k.com/book/2819588.html", "http://www.17k.com/book/2813768.html", "http://www.17k.com/book/2822406.html", "http://www.17k.com/book/2772164.html", "http://www.17k.com/book/2784023.html", "http://www.17k.com/book/2811877.html", "http://www.17k.com/book/2809119.html", "http://www.17k.com/book/2803700.html", "http://www.17k.com/book/2819561.html", "http://www.17k.com/book/2746506.html", "http://www.17k.com/book/2811836.html", "http://www.17k.com/book/2614810.html", "http://www.17k.com/book/1592435.html", "http://www.17k.com/book/1949748.html", "http://www.17k.com/book/2265802.html", "http://www.17k.com/book/2743240.html", "http://www.17k.com/book/2657437.html", "http://www.17k.com/book/2644502.html", "http://www.17k.com/book/2199900.html", "http://www.17k.com/book/2725436.html", "http://www.17k.com/book/2629978.html"]}