{"ratings": -1, "userreviews": [{"userName": "\u5764\u5b9d039582640", "userReviewDate": "2018-02-16", "userURL": "http://user.17k.com/60006397", "userReview": "@\u4f0f\u5bb6\u5c11\u7237\u59b9\u59b9\u6765\u770b\u4e66\u4e86"}, {"userName": "\u5c71\u6709\u6843\u592d", "userReviewDate": "2018-02-05", "userURL": "http://user.17k.com/59815114", "userReview": "\u513f\u5b50\u771f\u662f\u68d2\u68d2\u54d2"}, {"userName": "\u4f0f\u5bb6\u5c11\u7237", "userReviewDate": "2018-02-05", "userURL": "http://user.17k.com/55633062", "userReview": "\u8fd9\u4e00\u6bb5\u65f6\u95f4\u53ef\u80fd\u6bcf\u5929\u4e00\u66f4\uff0c\u56e0\u4e3a\u8003\u7814\u6210\u7ee9\u51fa\u6765\u4e86\uff0c\u5927\u5927\u8fd9\u51e0\u5929\u5fc3\u60c5\u4e0d\u5927\u597d\uff0c\u4e5f\u5728\u52aa\u529b\u8c03\u6574\uff0c\u4e00\u8d77\u52a0\u6cb9"}, {"userName": "\u4f0f\u5bb6\u5c11\u7237", "userReviewDate": "2017-09-20", "userURL": "http://user.17k.com/55633062", "userReview": "\u5176\u5b9e\u6211\u5e0c\u671b\u5927\u5bb6\u63d0\u70b9\u610f\u89c1\u4ec0\u4e48\u7684\uff0c\u4e0d\u7136\u4f5c\u8005\u5927\u5927\u771f\u4e0d\u77e5\u9053\u81ea\u5df1\u5199\u7684\u600e\u4e48\u6837\u3002\u3002\u3002\u3002"}, {"userName": "_\u4e5d\u5e7d\u51a5\u5c0a_", "userReviewDate": "2018-06-02", "userURL": "http://user.17k.com/54351721", "userReview": "\u6df1\u591c\u6765\u8bbf\uff0c\u9ed8\u9ed8\u770b\u4e66\u3002\u2229_\u2229"}, {"userName": "_\u4e5d\u5e7d\u51a5\u5c0a_", "userReviewDate": "2018-05-22", "userURL": "http://user.17k.com/54351721", "userReview": "\u591c\u665a\u6765\u88ad\u2229_\u2229"}, {"userName": "_\u4e5d\u5e7d\u51a5\u5c0a_", "userReviewDate": "2018-05-14", "userURL": "http://user.17k.com/54351721", "userReview": "\u65b0\u4e00\u5468\u7684\u5f00\u59cb\uff0c\u6109\u5feb\uff01\u4e66\u9ed8\u9ed8\u7684\u5e26\u8d70\u4e86\u2229_\u2229"}, {"userName": "_\u4e5d\u5e7d\u51a5\u5c0a_", "userReviewDate": "2018-05-07", "userURL": "http://user.17k.com/54351721", "userReview": "\u5348\u597d\uff0c\u524d\u6765\u62dc\u8bbf( &acute;\u25bd` )"}, {"userName": "_\u4e5d\u5e7d\u51a5\u5c0a_", "userReviewDate": "2018-05-01", "userURL": "http://user.17k.com/54351721", "userReview": "\u4e94\u4e00\u5feb\u4e50( &acute;\u25bd` )"}, {"userName": "\u671b\u660e\u5c0f\u4fa0", "userReviewDate": "2018-04-26", "userURL": "http://user.17k.com/58680368", "userReview": "\u4f5c\u8005\u4f60\u597d\uff0c\u4eca\u5929\u6211\u770b\u4e86\u4f60\u7684\u7b2c\u4e00\u7ae0\uff0c\u5c31\u6765\u8bf4\u4e00\u8bf4\u6211\u7684\u611f\u60f3\u5427\uff0c\u6211\u89c9\u5f97\u4f60\u5199\u7684\u5f88\u5438\u5f15\u4eba\uff0c\u901a\u4fd7\u6613\u61c2\uff0c\u4e0d\u50cf\u522b\u7684\u90a3\u4e48\u96be\u4ee5\u7406\u89e3\uff0c\u6587\u7b14\u4e5f\u5f88\u4e0d\u9519\uff0c\u8bed\u8a00\u4e30\u5bcc\uff0c\u6700\u91cd\u8981\u7684\u662f\u8bfb\u8d77\u6765\u7279\u522b\u987a\uff0c\u5f88\u7b26\u5408\u7f51\u6587\u7684\u7279\u6027\uff0c\u53cd\u6b63\u6211\u662f\u6709\u5174\u8da3\u8bfb\u4e0b\u53bb\u7684\u3002\u6211\u89c9\u5f97\u4f60\u8981\u662f\u575a\u6301\u5199\u4e0b\u53bb\u7684\u8bdd\uff0c\u6210\u4e3a\u5927\u795e\u53ea\u662f\u8fdf\u65e9\u7684\u4e8b\u3002\u7136\u540e\u5728\u63d0\u70b9\u5efa\u8bae\uff0c\u56e0\u4e3a\u6211\u53ea\u770b\u4e86\u7b2c\u4e00\u7ae0\uff0c\u6240\u4ee5\u4e5f\u4e0d\u6562\u591a\u8bf4\u4ec0\u4e48\uff0c\u6211\u89c9\u5f97\u5e94\u8be5\u90a3\u4e2a\u5c11\u5e74\u8001\u5e08\u7684\u540d\u5b57\u4e00\u5f00\u59cb\u5c31\u5148\u8bf4\u51fa\u6765\u4e3a\u597d\uff0c\u5f53\u7136\u8fd9\u53ea\u662f\u6211\u81ea\u5df1\u7684\u60f3\u6cd5\uff0c\u8bf7\u52ff\u89c1\u602a\u3002\u6700\u540e\uff0c\u8bf7\u4f5c\u8005\u5927\u5927\u53ef\u4ee5\u56de\u8bbf\u4e00\u4e0b\uff0c\u4e3a\u6211\u7684\u4e5f\u63d0\u70b9\u5efa\u8bae\u3002"}, {"userName": "_\u4e5d\u5e7d\u51a5\u5c0a_", "userReviewDate": "2018-04-22", "userURL": "http://user.17k.com/54351721", "userReview": "\u591a\u65e5\u4e0d\u89c1\u5192\u4e2a\u6ce1\uff01\u2229_\u2229\u5237\u5237\u5b58\u5728\u611f\uff01"}, {"userName": "_\u4e5d\u5e7d\u51a5\u5c0a_", "userReviewDate": "2018-04-13", "userURL": "http://user.17k.com/54351721", "userReview": "\u665a\u5b89\u5566\u5927\u5927\uff01\u4e66\u6211\u9759\u9759\u7684\u62a5\u8d70\u5566\u2229_\u2229"}, {"userName": "_\u4e5d\u5e7d\u51a5\u5c0a_", "userReviewDate": "2018-04-05", "userURL": "http://user.17k.com/54351721", "userReview": "\u597d\u4e66\uff0c\u62b1\u8d70\u4e86\uff01\u5047\u671f\u6109\u5feb\uff01\u2229_\u2229"}, {"userName": "_\u4e5d\u5e7d\u51a5\u5c0a_", "userReviewDate": "2018-04-01", "userURL": "http://user.17k.com/54351721", "userReview": "\u6708\u521d\u7b7e\u5230\uff01\u611a\u4eba\u8282\u5feb\u4e50( &acute;\u25bd` )"}, {"userName": "_\u4e5d\u5e7d\u51a5\u5c0a_", "userReviewDate": "2018-03-29", "userURL": "http://user.17k.com/54351721", "userReview": "\u591c\u665a\u6765\u88ad\uff0c\u5192\u4e2a\u6ce1\u8bc1\u660e\u4e00\u4e0b\u5b58\u5728\u611f\u3002\u2229_\u2229"}, {"userName": "_\u4e5d\u5e7d\u51a5\u5c0a_", "userReviewDate": "2018-03-22", "userURL": "http://user.17k.com/54351721", "userReview": "\u4e0d\u5b9a\u65f6\u51fa\u73b0\u7684\u6211\u6765\u5192\u6ce1\u5566\u3002\u652f\u6301\u4e0d\u53d8\uff01\u65e9\u5b89\uff01\u2229_\u2229"}, {"userName": "\u7a7a\u8c37\u7559\u60c5", "userReviewDate": "2018-03-16", "userURL": "http://user.17k.com/45016341", "userReview": "\u65e9\u4e0a\u7b7e\u5230"}, {"userName": "\u7a7a\u8c37\u7559\u60c5", "userReviewDate": "2018-03-15", "userURL": "http://user.17k.com/45016341", "userReview": "\u518d\u6b21\u6765\u8bbf"}, {"userName": "\u7a7a\u8c37\u7559\u60c5", "userReviewDate": "2018-03-15", "userURL": "http://user.17k.com/45016341", "userReview": "\u6765\u8bbf\u7b7e\u5230"}, {"userName": "\u7a7a\u8c37\u7559\u60c5", "userReviewDate": "2018-03-14", "userURL": "http://user.17k.com/45016341", "userReview": "<a target='_blank' href='http://www.17k.com/book/2790998.html'>\u300a\u9738\u9053\u4e13\u5c5e\u300b</a>\u6765\u8bbf\uff0c\u5927\u5927\u5199\u5f97\u5f88\u597d\uff0c\u5df2\u7ecf\u6536\u85cf\uff0c\u671f\u5f85\u56de\u8bbf\u548c\u6536\u85cf"}], "description": "\u4ece\u4e5d\u9ece\u5c71\u51fa\u6765\u7684\u5c11\u5e74\u5148\u751f\uff0c\u53ea\u559c\u6b22\u8bfb\u4e66\u5199\u5b57\uff0c\u6240\u6709\u4eba\u90fd\u5728\u8ffd\u6c42\u4fee\u4ed9\u5927\u9053\uff0c\u4e66\u51e1\u5374\u662f\u51ed\u501f\u4e00\u7b14\u4e00\u753b\u8d70\u4e0a\u4e86\u4e0d\u4e00\u6837\u7684\u8def\u3002\u3000\u3000\u6709\u4eba\u8bf4\uff0c\u4e66\u6cd5\u7684\u9053\u97f5\uff0c\u662f\u4e07\u7269\u751f\u957f\uff0c\u662f\u6625\u534e\u79cb\u5b9e\u3002\u4e66\u51e1\u7684\u7b14\u58a8\u6d41\u8f6c\uff0c\u5219\u662f\u6df7\u6c8c\u91cd\u5b9a\u3002\u3000\u3000\u90a3\u4f20\u8bf4\u4e2d\u7684\u795e\u79d8\u4e5d\u5e7d\u5927\u5e1d\uff0c\u7834\u788e\u7684\u7b2c\u4e00\u4e16\u754c\uff0c\u4eba\u65cf\u7684\u4e09\u7687\u4e94\u5e1d\uff0c\u8fd8\u6709\u51a5\u754c\u7684\u751f\u6b7b\u7c3f\uff0c\u5929\u5730\u81f3\u5b9d\u4e7e\u5764\u7b14\uff0c\u6240\u6709\u7684\u6545\u4e8b\u90fd\u4ece\u8fd9\u91cc\u5f00\u59cb\u3002", "title": "\u4e00\u5b57\u5c01\u4ed9", "url": "http://www.17k.com/book/2544715.html", "average": -1.0, "cover": "http://img.17k.com/images/bookcover/2017/12723/63/2544715-1501139529000.jpg", "reviews": 36732, "authors": [{"url": "http://www.17k.com/zuozhe/55633062", "name": "\u4f0f\u5bb6\u5c11\u7237"}], "type": ["\u53e4\u5178\u4ed9\u4fa0"], "outlinks": ["http://www.17k.com/book/2794982.html", "http://www.17k.com/book/2801292.html", "http://www.17k.com/book/2816318.html", "http://www.17k.com/book/2797575.html", "http://www.17k.com/book/2802516.html", "http://www.17k.com/book/2812195.html", "http://www.17k.com/book/2820143.html", "http://www.17k.com/book/2807943.html", "http://www.17k.com/book/2813457.html", "http://www.17k.com/book/2798058.html", "http://www.17k.com/book/2815617.html", "http://www.17k.com/book/2805259.html", "http://www.17k.com/book/2760255.html", "http://www.17k.com/book/2686894.html", "http://www.17k.com/book/2797016.html", "http://www.17k.com/book/2767246.html", "http://www.17k.com/book/2764239.html", "http://www.17k.com/book/2754498.html", "http://www.17k.com/book/2754900.html", "http://www.17k.com/book/2625740.html", "http://www.17k.com/book/2213315.html", "http://www.17k.com/book/2402178.html", "http://www.17k.com/book/2691221.html", "http://www.17k.com/book/2210699.html", "http://www.17k.com/book/1797752.html", "http://www.17k.com/book/2575507.html", "http://www.17k.com/book/2705181.html", "http://www.17k.com/book/2702539.html", "http://www.17k.com/book/2474887.html", "http://www.17k.com/book/2674733.html", "http://www.17k.com/book/2822076.html", "http://www.17k.com/book/2809894.html", "http://www.17k.com/book/2822077.html", "http://www.17k.com/book/2811930.html", "http://www.17k.com/book/2815548.html", "http://www.17k.com/book/2819620.html", "http://www.17k.com/book/2809964.html", "http://www.17k.com/book/2808200.html", "http://www.17k.com/book/2820100.html", "http://www.17k.com/book/2822978.html", "http://www.17k.com/book/2804337.html", "http://www.17k.com/book/2798814.html", "http://www.17k.com/book/2785153.html", "http://www.17k.com/book/2731559.html", "http://www.17k.com/book/2722533.html", "http://www.17k.com/book/2458377.html", "http://www.17k.com/book/2743300.html", "http://www.17k.com/book/973809.html", "http://www.17k.com/book/2651367.html", "http://www.17k.com/book/2726194.html", "http://www.17k.com/book/2790214.html", "http://www.17k.com/book/493239.html", "http://www.17k.com/book/108821.html", "http://www.17k.com/book/1398783.html", "http://www.17k.com/book/83528.html", "http://www.17k.com/book/1859126.html", "http://www.17k.com/book/1741975.html", "http://www.17k.com/book/192453.html", "http://www.17k.com/book/2459058.html", "http://www.17k.com/book/1050747.html", "http://www.17k.com/book/2700315.html", "http://www.17k.com/book/2818940.html", "http://www.17k.com/book/2819519.html", "http://www.17k.com/book/2816390.html", "http://www.17k.com/book/2819588.html", "http://www.17k.com/book/2813768.html", "http://www.17k.com/book/2822406.html", "http://www.17k.com/book/2772164.html", "http://www.17k.com/book/2784023.html", "http://www.17k.com/book/2811877.html", "http://www.17k.com/book/2809119.html", "http://www.17k.com/book/2803700.html", "http://www.17k.com/book/2819561.html", "http://www.17k.com/book/2746506.html", "http://www.17k.com/book/2811836.html", "http://www.17k.com/book/2614810.html", "http://www.17k.com/book/1592435.html", "http://www.17k.com/book/1949748.html", "http://www.17k.com/book/2265802.html", "http://www.17k.com/book/2743240.html", "http://www.17k.com/book/2657437.html", "http://www.17k.com/book/2644502.html", "http://www.17k.com/book/2199900.html", "http://www.17k.com/book/2725436.html", "http://www.17k.com/book/2629978.html"]}