{"ratings": -1, "userreviews": [{"userName": "\u9cb8\u9c7c\u5f80\u5929\u4e0a\u55b7\u6c34", "userReviewDate": "2018-05-22", "userURL": "http://user.17k.com/58827323", "userReview": "\u4f60\u4eec\u4e3a\u4ec0\u4e48\u4e0d\u548c\u6211\u73a9\u2026\u2026"}, {"userName": "\u6728\u5934\u6b27\u5f0f\u5efa\u7b51", "userReviewDate": "2018-02-06", "userURL": "http://user.17k.com/49844264", "userReview": "\u5440\u2026\u2026\u2026\u2026\u2026\u2026\u2026\u2026\u2026"}, {"userName": "\u9cb8\u9c7c\u5f80\u5929\u4e0a\u55b7\u6c34", "userReviewDate": "2018-02-05", "userURL": "http://user.17k.com/58827323", "userReview": "\u554a\uff0c\u6709\u5565\u60f3\u6cd5\u8bf7\u548c\u6211\u8bf4\uff0c\u8bf7\u52a1\u5fc5\u548c\u6211\u8bf4\uff0c\u591a\u96be\u542c\u90fd\u6ca1\u5173\u7cfb\uff01\uff01"}, {"userName": "\u6728\u5934\u6b27\u5f0f\u5efa\u7b51", "userReviewDate": "2018-01-31", "userURL": "http://user.17k.com/49844264", "userReview": "[\u6253\u8d4f]\u6211\u6253\u8d4f\u4e861\u5143\u7ea2\u5305\uff01\uff01"}, {"userName": "K\u5c0f\u5f00", "userReviewDate": "2018-01-30", "userURL": "http://user.17k.com/58509881", "userReview": "<a target='_blank' href='http://www.17k.com/book/2724684.html'>\u300a\u4e00\u5ff5\u539f\u7f6a\u300b</a>\u524d\u6765\u62dc\u8bfb\u4f73\u4f5c\uff01\u5929\u5bd2\u4e86\uff0c\u5927\u5927\u6ce8\u610f\u4fdd\u6696\uff01"}, {"userName": "GO\ue32e", "userReviewDate": "2018-01-28", "userURL": "http://user.17k.com/59632036", "userReview": "[\u6253\u8d4f]\u6211\u6253\u8d4f\u4e862\u5143\u7ea2\u5305\uff01\uff01"}, {"userName": "\u6728\u5934\u6b27\u5f0f\u5efa\u7b51", "userReviewDate": "2018-01-25", "userURL": "http://user.17k.com/49844264", "userReview": "\u505a\u7b49\u66f4\u65b0\u4e86\u3002"}, {"userName": "\u5176\u97f3", "userReviewDate": "2018-01-22", "userURL": "http://user.17k.com/58976519", "userReview": "<a target='_blank' href='http://www.17k.com/book/2750422.html'>\u300a\u9189\u751f\u6b4c\u300b</a>\u62dc\u8bbf\u795e\u4f5c"}, {"userName": "\u8d75\u5377\u5377", "userReviewDate": "2018-01-21", "userURL": "http://user.17k.com/58859113", "userReview": "\u5377\u5377\u5e26\u7740\u300a104\u53f7\u8bd5\u9a8c\u300b\u6765\u4e86\uff0c\u652f\u6301\u5927\u5927"}, {"userName": "\u6728\u5934\u6b27\u5f0f\u5efa\u7b51", "userReviewDate": "2018-01-19", "userURL": "http://user.17k.com/49844264", "userReview": "\u4f60\u662f\u4e2a\u4ec0\u4e48\u610f\u601d\uff1f\u4e0d\u66f4\u65b0\u4e86\u5417\uff1f\u505c\u6b62\u4e86\u5417\uff1f"}, {"userName": "\u6211\u5934\u4e0a\u957f\u7284\u89d2", "userReviewDate": "2018-01-18", "userURL": "http://user.17k.com/53332423", "userReview": "\u5f88\u53ef\u7231"}, {"userName": "\u6728\u5934\u6b27\u5f0f\u5efa\u7b51", "userReviewDate": "2018-01-16", "userURL": "http://user.17k.com/49844264", "userReview": "[\u6253\u8d4f]\u6211\u6253\u8d4f\u4e861\u5143\u7ea2\u5305\uff01\uff01"}, {"userName": "\u6728\u5934\u6b27\u5f0f\u5efa\u7b51", "userReviewDate": "2018-01-14", "userURL": "http://user.17k.com/49844264", "userReview": "\u4ec0\u4e48\u610f\u601d\uff1f\u4e0d\u66f4\u65b0\u4e86\uff1f"}, {"userName": "\u8d75\u5377\u5377", "userReviewDate": "2018-01-10", "userURL": "http://user.17k.com/58859113", "userReview": "\u5927\u5927\uff0c\u652f\u6301\u4f60\uff01\u5377\u5377\u7684<a target='_blank' href='http://www.17k.com/book/2739286.html'>\u300a104\u53f7\u5b9e\u9a8c\u300b</a>\u4e5f\u9700\u8981\u5927\u5927\u7684\u6307\u70b9\uff01"}, {"userName": "\u7af9\u4e0b\u661f\u67f3", "userReviewDate": "2018-01-10", "userURL": "http://user.17k.com/56040077", "userReview": "\u5c0f\u67f3\u513f\u4eca\u5929\u624d\u521b\u5efa\u7684\u65b0\u77ed\u7bc7\u5c0f\u8bf4\u4f53\u9a8c\u7248<a target='_blank' href='http://www.17k.com/book/2754974.html'>\u300a\u518d\u8bb8\u4e00\u4e16\u5ae3\u7136\u300b</a>\u4e0a\u4f20\u7ae0\u8282\u5566\uff01\u5e0c\u671b\u5404\u4f4d\u80fd\u6765\u54e6\uff0c\u518d\u7eed\u767d\u5ae3\u4e0e\u695a\u662d\u4e91\u7684\u51c4\u7f8e\u7edd\u604b\uff0c\u4e0e\u8427\u5b50\u7136\u7684\u4e00\u4e16\u5ae3\u7136\u3002\uff08\u4e0d\u8981\u602a\u6211\u6ca1\u66f4\u65b0\u5176\u4ed6\u5c0f\u8bf4\u54e6\uff0c\u771f\u7684\u6ca1\u6709\u65f6\u95f4\u2026\u2026\u6ca1\u66f4\u5e76\u4e0d\u4ee3\u8868\u653e\u5f03\u3002\u53ea\u602a\u67f3\u513f\u5f53\u521d\u8111\u5b50\u8fdb\u6c34\uff0c\u7adf\u53bb\u5199\u957f\u7bc7\u5c0f\u8bf4\u3002\uff09"}, {"userName": "\u6728\u5934\u6b27\u5f0f\u5efa\u7b51", "userReviewDate": "2018-01-10", "userURL": "http://user.17k.com/49844264", "userReview": "\u597d\u6349\u6025\u963f\u2026\u5feb\u70b9\u66f4\u5427\uff01"}, {"userName": "\u54c8\u5c14\u6ee8\u9152\u5e84", "userReviewDate": "2018-01-09", "userURL": "http://user.17k.com/58993154", "userReview": "[\u6253\u8d4f]\u6211\u6253\u8d4f\u4e868\u5143\u7ea2\u5305\uff01\uff01"}, {"userName": "\u54c8\u5c14\u6ee8\u9152\u5e84", "userReviewDate": "2018-01-09", "userURL": "http://user.17k.com/58993154", "userReview": "[\u6253\u8d4f]\u6211\u6253\u8d4f\u4e862\u5143\u7ea2\u5305\uff01\uff01"}, {"userName": "\u8d75\u5377\u5377", "userReviewDate": "2018-01-07", "userURL": "http://user.17k.com/58859113", "userReview": "\u5927\u5927\u4f60\u597d\uff0c<a target='_blank' href='http://www.17k.com/book/2739286.html'>\u300a104\u53f7\u5b9e\u9a8c\u300b</a>\u6765\u8bbf\uff0c\u671f\u5f85\u4f60\u7684\u6307\u70b9"}, {"userName": "\u6728\u5934\u6b27\u5f0f\u5efa\u7b51", "userReviewDate": "2018-01-05", "userURL": "http://user.17k.com/49844264", "userReview": "[\u6253\u8d4f]\u6211\u6253\u8d4f\u4e861\u5143\u7ea2\u5305\uff01\uff01"}], "description": "\u6211\u7684\u4e00\u751f\u5f88\u957f\uff0c\u6ca1\u6709\u5c3d\u5934\uff0c\u800c\u6700\u7f8e\u597d\uff0c\u6700\u5feb\u4e50\u7684\u65f6\u5149\uff0c\u5374\u5168\u5728\u56de\u5fc6\u91cc\u3002\u3000\u3000\u6211\u8de8\u8fc7\u5343\u5c71\u4e07\u6c34\u800c\u6765\uff0c\u53ea\u4e3a\u4e0e\u4f60\u5728\u8fd9\u4e00\u4e16\u76f8\u9047\u3002", "title": "\u4e00\u5ddd\u4e8c\u4e95", "url": "http://www.17k.com/book/2738077.html", "average": -1.0, "cover": "http://img.17k.com/images/bookcover/2017/13690/68/2738077-1514504509000.jpg", "reviews": 2952, "authors": [{"url": "http://www.17k.com/zuozhe/58827323", "name": "\u9cb8\u9c7c\u5f80\u5929\u4e0a\u55b7\u6c34"}], "type": ["\u524d\u4e16\u4eca\u751f"], "outlinks": ["http://www.17k.com/book/2794982.html", "http://www.17k.com/book/2801292.html", "http://www.17k.com/book/2816318.html", "http://www.17k.com/book/2797575.html", "http://www.17k.com/book/2802516.html", "http://www.17k.com/book/2812195.html", "http://www.17k.com/book/2820143.html", "http://www.17k.com/book/2807943.html", "http://www.17k.com/book/2813457.html", "http://www.17k.com/book/2798058.html", "http://www.17k.com/book/2815617.html", "http://www.17k.com/book/2805259.html", "http://www.17k.com/book/2760255.html", "http://www.17k.com/book/2686894.html", "http://www.17k.com/book/2797016.html", "http://www.17k.com/book/2767246.html", "http://www.17k.com/book/2764239.html", "http://www.17k.com/book/2754498.html", "http://www.17k.com/book/2754900.html", "http://www.17k.com/book/2625740.html", "http://www.17k.com/book/2213315.html", "http://www.17k.com/book/2402178.html", "http://www.17k.com/book/2691221.html", "http://www.17k.com/book/2210699.html", "http://www.17k.com/book/1797752.html", "http://www.17k.com/book/2575507.html", "http://www.17k.com/book/2705181.html", "http://www.17k.com/book/2702539.html", "http://www.17k.com/book/2474887.html", "http://www.17k.com/book/2674733.html", "http://www.17k.com/book/2822076.html", "http://www.17k.com/book/2809894.html", "http://www.17k.com/book/2822077.html", "http://www.17k.com/book/2811930.html", "http://www.17k.com/book/2815548.html", "http://www.17k.com/book/2819620.html", "http://www.17k.com/book/2809964.html", "http://www.17k.com/book/2808200.html", "http://www.17k.com/book/2820100.html", "http://www.17k.com/book/2822978.html", "http://www.17k.com/book/2804337.html", "http://www.17k.com/book/2798814.html", "http://www.17k.com/book/2785153.html", "http://www.17k.com/book/2731559.html", "http://www.17k.com/book/2722533.html", "http://www.17k.com/book/2458377.html", "http://www.17k.com/book/2743300.html", "http://www.17k.com/book/973809.html", "http://www.17k.com/book/2651367.html", "http://www.17k.com/book/2726194.html", "http://www.17k.com/book/2790214.html", "http://www.17k.com/book/493239.html", "http://www.17k.com/book/108821.html", "http://www.17k.com/book/1398783.html", "http://www.17k.com/book/83528.html", "http://www.17k.com/book/1859126.html", "http://www.17k.com/book/1741975.html", "http://www.17k.com/book/192453.html", "http://www.17k.com/book/2459058.html", "http://www.17k.com/book/1050747.html", "http://www.17k.com/book/2700315.html", "http://www.17k.com/book/2818940.html", "http://www.17k.com/book/2819519.html", "http://www.17k.com/book/2816390.html", "http://www.17k.com/book/2819588.html", "http://www.17k.com/book/2813768.html", "http://www.17k.com/book/2822406.html", "http://www.17k.com/book/2772164.html", "http://www.17k.com/book/2784023.html", "http://www.17k.com/book/2811877.html", "http://www.17k.com/book/2809119.html", "http://www.17k.com/book/2803700.html", "http://www.17k.com/book/2819561.html", "http://www.17k.com/book/2746506.html", "http://www.17k.com/book/2811836.html", "http://www.17k.com/book/2614810.html", "http://www.17k.com/book/1592435.html", "http://www.17k.com/book/1949748.html", "http://www.17k.com/book/2265802.html", "http://www.17k.com/book/2743240.html", "http://www.17k.com/book/2657437.html", "http://www.17k.com/book/2644502.html", "http://www.17k.com/book/2199900.html", "http://www.17k.com/book/2725436.html", "http://www.17k.com/book/2629978.html"]}