{"ratings": -1, "userreviews": [{"userName": "\u5de6\u624b\u7b14\u58a8", "userReviewDate": "2015-05-24", "userURL": "http://user.17k.com/37290431", "userReview": "<span style='color:red'>\u3010\u63a8\u8350\u697c\u3011\u5927\u795e\u4f5c<a target='_blank' href='http://www.17k.com/book/705692.html'>\u300a\u795e\u9b54\u9738\u4f53\u300b</a><a target='_blank' href='http://www.17k.com/book/1058323.html'>\u300a\u9e92\u9e9f\u6b66\u795e\u300b</a><a target='_blank' href='http://www.17k.com/book/1036200.html'>\u300a\u6253\u7206\u5929\u4e0b\u300b</a><a target='_blank' href='http://www.17k.com/book/1025265.html'>\u300a\u5288\u5929\u65a9\u795e\u300b</a><a target='_blank' href='http://www.17k.com/book/975062.html'>\u300a\u795e\u846c\u516b\u8352\u300b</a>\u300a\u7696\u5188\u5927\u9646\u300b<a target='_blank' href='http://www.17k.com/book/1165510.html'>\u300a\u9668\u706d\u7687\u62f3\u300b</a><a target='_blank' href='http://www.17k.com/book/1215627.html'>\u300a\u6c14\u7eb5\u5929\u4e0b\u300b</a>\u5973\u9891<a target='_blank' href='http://www.17k.com/book/1050190.html'>\u300a\u53e4\u5893\u51f0\u5973\u300b</a><a target='_blank' href='http://www.17k.com/book/1067071.html'>\u300a\u541b\u5fc3\u96be\u9011\u300b</a><a target='_blank' href='http://www.17k.com/book/1103107.html'>\u300a\u51e4\u4e3b\u6d2a\u8352\u300b</a><a target='_blank' href='http://www.17k.com/book/1039087.html'>\u300a\u5929\u4ef7\u840c\u59bb\u300b</a><a target='_blank' href='http://www.17k.com/book/1051260.html'>\u300a\u7075\u9b42\u7981\u533a\u300b</a><a target='_blank' href='http://www.17k.com/book/1096446.html'>\u300a\u6b7b\u795e\u4ee3\u7406\u4eba\u300b</a><a target='_blank' href='http://www.17k.com/book/1232674.html'>\u300a\u8bd5\u80c6\u6e38\u620f\u300b</a></span>"}, {"userName": "\u8863\u51a0\u80dc\u96eaz", "userReviewDate": "2015-03-18", "userURL": "http://user.17k.com/37632901", "userReview": "\u5f3a\u5927\u7684\u4e66\u540d\uff0c\u7edd\u5bf9\u7684\u6c34\u51c6\uff0c\u52a0\u6cb9\uff0c\u5927\u7ea2\u5927\u7d2b\uff01"}, {"userName": "\u5de6\u624b\u7b14\u58a8", "userReviewDate": "2015-02-02", "userURL": "http://user.17k.com/37290431", "userReview": "<span style='color:blue'>\u3010\u89d2\u8272\u5f81\u96c6\u5e16\u3011\u8981\u89d2\u8272\u7684\u9700\u8981\u6709\u4ee5\u4e0b\u4fe1\u606f\uff1a\u59d3\u540d\uff0c\u6027\u522b\uff0c\u6027\u683c\uff0c\u5176\u4ed6\u7684\u8d8a\u8be6\u7ec6\u8d8a\u597d\uff0c\u6ca1\u6709\u7684\u8bdd\u6211\u5c31\u76f4\u63a5\u52a0\u4e86\u3002</span>"}, {"userName": "\u5929\u6daf\u5b50\u58a8", "userReviewDate": "2015-01-05", "userURL": "http://user.17k.com/16402508", "userReview": "<span style='color:blue'>\u3010\u5e7f\u544a\u697c\u3011\u6240\u6709\u6253\u5e7f\u544a\u7684\u4f5c\u8005\u5168\u90e8\u628a\u5e7f\u544a\u585e\u8fdb\u6b64\u697c\uff0c\u5916\u9762\u7684\u5168\u90e8\u5220\u9664\u5e76\u4e14\u4e0d\u4f1a\u56de\u8bbf\uff0c\u6b64\u8d34\u5916\u9762\u4e0d\u8981\u51fa\u73b0\u4efb\u4f55\u4e66\u540d\u548c\u94fe\u63a5\uff0c\u4e00\u65e6\u53d1\u73b0\u6709\u4eba\u5728\u522b\u7684\u4e66\u8bc4\u91cc\u9762\u6253\u5e7f\u544a\uff0c\u76f4\u63a5\u7981\u8a00\u3002\u6bcf\u4e2a\u4f5c\u8005\u90fd\u5f88\u8f9b\u82e6\uff0c\u6240\u4ee5\u8fd8\u5e0c\u671b\u5927\u5bb6\u80fd\u914d\u5408\u4e00\u70b9\uff0c\u5220\u5e7f\u544a\u4e5f\u662f\u9700\u8981\u65f6\u95f4\u7684\u3002_________________________________________________________________________________________________________________________________________________________________________________...</span>"}, {"userName": "\u6653\u6d45\u4e36", "userReviewDate": "2014-11-10", "userURL": "http://user.17k.com/34498477", "userReview": "\u8fd9\u662f\u8981\u5c01\u795e\u7684\u8282\u594f\uff0c\u795d\u5927\u5356\u3002"}, {"userName": "\u4e91\u9706\u9601\ufe3b$\u4e91\u9706\u98de", "userReviewDate": "2014-11-10", "userURL": "http://user.17k.com/337329", "userReview": "\u725b\u6c14\u51b2\u5929\uff01\u4e00\u98de\u51b2\u5929\uff01\uff01"}, {"userName": "\u5317\u5cb8", "userReviewDate": "2014-11-10", "userURL": "http://user.17k.com/1890640", "userReview": "\u8bbe\u5b9a\u5b8f\u5927\uff0c\u4e0d\u660e\u89c9\u5389\uff0c\u517d\u795e\u5c01\u5929\uff0c\u4e00\u4e66\u5c01\u795e\uff01"}, {"userName": "17k\u7d2b\u85af", "userReviewDate": "2014-11-10", "userURL": "http://user.17k.com/5345779", "userReview": "\u9738\u6c14\u7684\u4e66\u540d\uff0c\u9884\u6d4b\u5927\u706b"}, {"userName": "\u9646\u6653\u75af", "userReviewDate": "2017-08-13", "userURL": "http://user.17k.com/14776216", "userReview": "<a target='_blank' href='http://www.17k.com/book/2410552.html'>\u300a\u76d7\u4ed9\u8bb0\u300b</a>\u98de\u6765\u3002"}, {"userName": "\u6c6a\u5e0c\u4ed1", "userReviewDate": "2017-07-08", "userURL": "http://user.17k.com/54807641", "userReview": "\u6765\u62dc\u8bfb\u4e00\u4e0b\uff0c\u4f69\u670d\uff0c\u5411\u4f60\u5b66\u4e60\uff01"}, {"userName": "\u6728\u5b50\u5929\u4fdd", "userReviewDate": "2017-01-07", "userURL": "http://user.17k.com/50620214", "userReview": "2017 \u5fc5\u662f\u597d\u597d\u5e74\uff0c\u5927\u5bb6\u4e00\u8d77\u52aa\u529b\uff0c\u52a0\u6cb9\u3002 \u574f\u679c\u4ec1 \u643a\u300a\u597d\u8fd0\u627e\u4e0a\u4e86\u738b\u5bb6\u9a79\u300b\u6765\u6c42\u6559\u6c42\u8bc4\u3002"}, {"userName": "\u5a9b\u5c11i", "userReviewDate": "2016-07-11", "userURL": "http://user.17k.com/48098572", "userReview": "\u5a9b\u5c11\u643a<a target='_blank' href='http://www.17k.com/book/1985887.html'>\u300a\u65e0\u826f\u5c0f\u8d3c\u4e4b\u8349\u5305\u4e94\u5c0f\u59d0\u300b</a>\u6765\u8bbf\uff0c\u6c42\u5173\u6ce8\u63d0\u9ad8\u8bbf\u95ee\u91cf\uff0c\u6c42\u6536\u85cf\uff0c"}, {"userName": "\u871c\u871c\u9f20", "userReviewDate": "2016-06-22", "userURL": "http://user.17k.com/43630190", "userReview": "<span style='color:black'>\u9ad8\u7ea7\u5c0f\u8bf4\u4f5c\u8005\u5c31\u662f\u4e0d\u4e00\u6837\uff0c\u6211\u662f\u65b0\u624b\uff0c\u6c42\u7f69\uff0c\u5f00\u73a9\u7b11\u7684\uff0c\u597d\u5427\uff01\u6211\u662f\u6765\u63a8\u5e7f<a target='_blank' href='http://www.17k.com/book/1845932.html'>\u300a\u4e00\u5ff5\u5982\u65af\u300b</a>fffff<a target='_blank' href='http://user.17k.com/37290431'>@\u5de6\u624b\u7b14\u58a8</a></span>"}, {"userName": "\u6768\u7fdb\u6657", "userReviewDate": "2016-04-21", "userURL": "http://user.17k.com/45852130", "userReview": "\u65b0\u4eba\u643a\u4e66<a target='_blank' href='http://www.17k.com/book/1819862.html'>\u300a\u6218\u6597\u662f\u6211\u7684\u5bbf\u547d\u300b</a>\u524d\u6765\u62a5\u9053\uff0c\u671b\u5927\u4eba\u660e\u9274\uff0c\u5a01\u6b66\uff01"}, {"userName": "\u4e36\u90aa\u5343\u7fbd", "userReviewDate": "2016-02-27", "userURL": "http://user.17k.com/45378522", "userReview": "\u5343\u7fbd\u6765\u9632\uff0c\u53ea\u4e0d\u8fc7\u662f\u65b0\u4eba\uff0c\u6ca1\u6709\u82b1\u82b1\uff0c\u8fd9\u662f\u6211\u7684\u4e66\u7684\u94fe\u63a5\uff0c\u6ca1\u4e8b\u7ed9\u70b9\u5b9d\u8d35\u7684\u5efa\u8bae\u548c\u8bc4\u8bbahttp://www.17k.com/list/1714687.html"}, {"userName": "\u543e\u4e43\u5c0f\u5b87\u5927\u795e\u662f\u4e5f", "userReviewDate": "2016-01-25", "userURL": "http://user.17k.com/43538699", "userReview": "<a target='_blank' href='http://www.17k.com/book/1535941.html'>\u300a\u592a\u53e4\u5929\u9b54\u300b</a>\u6765\u8bbf\uff0c\u6c42\u5927\u5927\u63a8\u8350\u6253\u8d4f\u6536\u85cf\u4e00\u4e0b\u3002\u795d\u5927\u5927\u7684\u4e66\u8d8a\u5199\u8d8a\u706b<a target='_blank' href='http://user.17k.com/37290431'>@\u5de6\u624b\u7b14\u58a8</a> <a target='_blank' href='http://user.17k.com/37290431'>@\u5de6\u624b\u7b14\u58a8</a> <a target='_blank' href='http://user.17k.com/37290431'>@\u5de6\u624b\u7b14\u58a8</a> <a target='_blank' href='http://user.17k.com/37290431'>@\u5de6\u624b\u7b14\u58a8</a> <a target='_blank' href='http://user.17k.com/37290431'>@\u5de6\u624b\u7b14\u58a8</a> <a target='_blank' href='http://user.17k.com/37290431'>@\u5de6\u624b\u7b14\u58a8</a> <a target='_blank' href='http://user.17k.com/37290431'>@\u5de6\u624b\u7b14\u58a8</a> <a target='_blank' href='http://user.17k.com/37290431'>@\u5de6\u624b\u7b14\u58a8</a> <a target='_blank' href='http://user.17k.com/37290431'>@\u5de6\u624b\u7b14\u58a8</a> <a target='_blank' href='http://user.17k.com/37290431'>@\u5de6\u624b\u7b14\u58a8</a> <a target='_blank' href='http://user.17k.com/37290431'>@\u5de6\u624b\u7b14\u58a8</a> <a target='_blank' href='http://user.17k.com/37290431'>@\u5de6\u624b\u7b14\u58a8</a> <a target='_blank' href='http://user.17k.com/37290431'>@\u5de6\u624b\u7b14\u58a8</a> <a target='_blank' href='http://user.17k.com/37290431'>@\u5de6\u624b\u7b14\u58a8</a> [@..."}, {"userName": "\u7483\u8bd7\u513f", "userReviewDate": "2016-01-18", "userURL": "http://user.17k.com/41456912", "userReview": "<span style='color:green'><a target='_blank' href='http://www.17k.com/book/1599476.html'>\u300a\u51cc\u98de\u7684\u82b1\u74e3\u300b</a>\u6765\u8bbf\u4f5c\u8005\u52a0\u6cb9\u54e6<a target='_blank' href='http://user.17k.com/37290431'>@\u5de6\u624b\u7b14\u58a8</a></span>"}, {"userName": "\u5929\u77e5\u5426", "userReviewDate": "2016-01-03", "userURL": "http://user.17k.com/38662911", "userReview": "\u90fd\u5b8c\u672c\u4e86\uff0c\u6211\u80fd\u8bf4\u4ec0\u4e48\u3002\u3002\u3002"}, {"userName": "\u6c38\u5c9b", "userReviewDate": "2015-12-17", "userURL": "http://user.17k.com/43051629", "userReview": "\u6211\u4e5f\u6765\u4e86 \u4e48\u4e48\u54d2 \u563f\u563f"}, {"userName": "\u4eca\u751f\u4eca\u4e16\u91d1\u79c0\u8d24#^_^#", "userReviewDate": "2015-12-01", "userURL": "http://user.17k.com/43948414", "userReview": "\u6211\u662f\u5510\u5c0f\uff0c\u627e\u4e86\u4e2a\u522b\u4eba\u7684\u624b\u673a\u7ed9\u4f60\u6295\uff0c\u6211\u591f\u4e49\u6c14\u5427\uff01\u52a0\u6cb9\uff01"}], "description": "\u5728\u4e0a\u53e4\u5e74\u95f4\uff0c\u66fe\u6709\u4e00\u652f\u540d\u4e3a\u4e5d\u5929\u9cb2\u9e4f\u7684\u517d\u65cf\uff1b\u56e0\u8840\u8109\u4e4b\u529b\u7a00\u6709\uff0c\u4ee4\u4eba\u7c7b\u5782\u6d8e\u591a\u5e74\uff01\u3000\u3000\u7ec8\u6709\u4e00\u65e5\uff0c\u5927\u6218\u7206\u53d1\uff0c\u4eba\u7c7b\u534f\u540c\u5176\u4ed6\u517d\u65cf\u5c06\u9cb2\u9e4f\u4e00\u65cf\u5c3d\u6570\u6b8b\u6740\uff0c\u82df\u5ef6\u6b8b\u5598\u800c\u4e0b\u7684\u5be5\u5be5\u65e0\u51e0\u3002\u3000\u3000\u6570\u4e07\u5e74\u540e\uff0c\u5728\u540d\u66f0\u6a2a\u7405\u5c71\u8109\u4e4b\u5730\uff0c\u6709\u4e00\u540d\u5f02\u6837\u5c11\u5e74\u3002\u3000\u3000\u4ed6\uff0c\u56e0\u4e0d\u540c\u4e8e\u522b\u4eba\uff0c\u6240\u4ee5\u88ab\u4ed6\u4eba\u7b11\u4e3a\u602a\u7269\u3002\u3000\u3000\u4ed6\uff0c\u56e0\u6709\u7f8e\u5973\u8ffd\u968f\uff0c\u6240\u4ee5\u88ab\u4ed6\u4eba\u89c6\u4e3a\u60c5\u654c\u3002\u3000\u3000\u4ed6\uff0c\u53ef\u4ee5\u4fef\u89c6\u82cd\u7a79\uff0c\u53ea\u56e0\u4ed6\u4e43\u662f\u795e\u517d\u540e\u88d4\u3002\u3000\u3000\u4ed6\u662f\u4e0a\u5929\u9057\u7559\u800c\u4e0b\u7684\u5e78\u8fd0\u4e4b\u4eba\uff0c\u6ce8\u5b9a\u8981\u5b8c\u6210\u5b88\u62a4\u5927\u9646\u7684\u8270\u96be\u4f7f\u547d\uff01\u3000\u3000\u3010\u62fe\u5fc6\u6587\u5b66\u793e\uff1a301594067\uff0c\u4f5c\u8005\u8fdb\u3011", "title": "\u4e00\u6012\u5c01\u5929", "url": "http://www.17k.com/book/1036175.html", "average": -1.0, "cover": "http://img.17k.com/images/bookcover/2015/5180/25/1036175-1428578250000.jpg", "reviews": 1153830, "authors": [{"url": "http://www.17k.com/zuozhe/37290431", "name": "\u5de6\u624b\u7b14\u58a8"}], "type": ["\u5f02\u754c\u5927\u9646"], "outlinks": ["http://www.17k.com/book/2794982.html", "http://www.17k.com/book/2801292.html", "http://www.17k.com/book/2816318.html", "http://www.17k.com/book/2797575.html", "http://www.17k.com/book/2802516.html", "http://www.17k.com/book/2812195.html", "http://www.17k.com/book/2820143.html", "http://www.17k.com/book/2807943.html", "http://www.17k.com/book/2813457.html", "http://www.17k.com/book/2798058.html", "http://www.17k.com/book/2815617.html", "http://www.17k.com/book/2805259.html", "http://www.17k.com/book/2760255.html", "http://www.17k.com/book/2686894.html", "http://www.17k.com/book/2797016.html", "http://www.17k.com/book/2767246.html", "http://www.17k.com/book/2764239.html", "http://www.17k.com/book/2754498.html", "http://www.17k.com/book/2754900.html", "http://www.17k.com/book/2625740.html", "http://www.17k.com/book/2213315.html", "http://www.17k.com/book/2402178.html", "http://www.17k.com/book/2691221.html", "http://www.17k.com/book/2210699.html", "http://www.17k.com/book/1797752.html", "http://www.17k.com/book/2575507.html", "http://www.17k.com/book/2705181.html", "http://www.17k.com/book/2702539.html", "http://www.17k.com/book/2474887.html", "http://www.17k.com/book/2674733.html", "http://www.17k.com/book/2822076.html", "http://www.17k.com/book/2809894.html", "http://www.17k.com/book/2822077.html", "http://www.17k.com/book/2811930.html", "http://www.17k.com/book/2815548.html", "http://www.17k.com/book/2819620.html", "http://www.17k.com/book/2809964.html", "http://www.17k.com/book/2808200.html", "http://www.17k.com/book/2820100.html", "http://www.17k.com/book/2822978.html", "http://www.17k.com/book/2804337.html", "http://www.17k.com/book/2798814.html", "http://www.17k.com/book/2785153.html", "http://www.17k.com/book/2731559.html", "http://www.17k.com/book/2722533.html", "http://www.17k.com/book/2458377.html", "http://www.17k.com/book/2743300.html", "http://www.17k.com/book/973809.html", "http://www.17k.com/book/2651367.html", "http://www.17k.com/book/2726194.html", "http://www.17k.com/book/2790214.html", "http://www.17k.com/book/493239.html", "http://www.17k.com/book/108821.html", "http://www.17k.com/book/1398783.html", "http://www.17k.com/book/83528.html", "http://www.17k.com/book/1859126.html", "http://www.17k.com/book/1741975.html", "http://www.17k.com/book/192453.html", "http://www.17k.com/book/2459058.html", "http://www.17k.com/book/1050747.html", "http://www.17k.com/book/2700315.html", "http://www.17k.com/book/2818940.html", "http://www.17k.com/book/2819519.html", "http://www.17k.com/book/2816390.html", "http://www.17k.com/book/2819588.html", "http://www.17k.com/book/2813768.html", "http://www.17k.com/book/2822406.html", "http://www.17k.com/book/2772164.html", "http://www.17k.com/book/2784023.html", "http://www.17k.com/book/2811877.html", "http://www.17k.com/book/2809119.html", "http://www.17k.com/book/2803700.html", "http://www.17k.com/book/2819561.html", "http://www.17k.com/book/2746506.html", "http://www.17k.com/book/2811836.html", "http://www.17k.com/book/2614810.html", "http://www.17k.com/book/1592435.html", "http://www.17k.com/book/1949748.html", "http://www.17k.com/book/2265802.html", "http://www.17k.com/book/2743240.html", "http://www.17k.com/book/2657437.html", "http://www.17k.com/book/2644502.html", "http://www.17k.com/book/2199900.html", "http://www.17k.com/book/2725436.html", "http://www.17k.com/book/2629978.html"]}