{"ratings": -1, "userreviews": [{"userName": "\u672a\u6765\u8001\u9f20", "userReviewDate": "2018-05-23", "userURL": "http://user.17k.com/46396493", "userReview": "\u5927\u5927\uff0c\u6211\u60f3\u8981\u89d2\u8272\uff0c\u543c\u543c\u543c\u3002"}, {"userName": "\u7ec6\u4e3a", "userReviewDate": "2018-05-21", "userURL": "http://user.17k.com/43247856", "userReview": "\u4e0d\u5199\u4e86\uff1f"}, {"userName": "\u7ec6\u4e3a", "userReviewDate": "2018-05-15", "userURL": "http://user.17k.com/43247856", "userReview": "\u4ec0\u4e48\u65f6\u5019\u66f4\u65b0\uff1f\u4e00\u5929\u51e0\u7ae0\uff1f"}, {"userName": "\u6668\u7fb2\u8f7d\u66dc\u4e07\u7269\u54b8\u89a9", "userReviewDate": "2018-05-13", "userURL": "http://user.17k.com/61540781", "userReview": "\u6709\u60f3\u8981\u89d2\u8272\u7684\uff0c\u53ef\u4ee5\u5728\u8fd9\u91cc\u7559\u8a00"}, {"userName": "\u6668\u7fb2\u8f7d\u66dc\u4e07\u7269\u54b8\u89a9", "userReviewDate": "2018-05-13", "userURL": "http://user.17k.com/61540781", "userReview": "\u4e00\u68a6\u5341\u8f7d\u56de\u5f52\u5f80\u4e8b\uff0c\u6709\u4ec0\u4e48\u6094\u6068\u7684\u4e8b\u60c5\u5927\u5bb6\u5728\u8bc4\u8bba\u91cc\uff0c\u5728\u4e66\u91cc\u6539\u5199\u8fc7\u53bb\u7684\u4e8b\u60c5\u3002"}], "description": "\u6768\u6668\u4e00\u4e2a\u91d1\u878d\u884c\u4e1a\u7684\u4e00\u4e2a\u6700\u5e95\u5c42\uff0c\u7a81\u7136\u6709\u4e00\u5929\u53d1\u73b0\u81ea\u5df1\u53ef\u4ee5\u505a\u68a6\u56de\u5230\u5341\u5e74\u524d\u6539\u53d8\u81ea\u5df1\u7684\u547d\u8fd0\uff0c\u3000\u3000\u7ae5\u5e74\u540e\u6094\u7684\u4e8b\u60c5\u5c06\u4e0d\u518d\u4f1a\u6709\uff0c\u3000\u3000\u672a\u6765\u53d1\u751f\u7684\u4e8b\u60c5\u5c06\u56e0\u6768\u6668\u800c\u6539\u53d8\u3000\u3000\u6469\u6839\uff0c\u6d1b\u514b\u83f2\u52d2\uff0c\u5df4\u83f2\u7279\uff0c\u7d22\u7f57\u65af\u8fd9\u4e9b\u4e00\u4e2a\u4e2a\u65f6\u4ee3\u7684\u5de8\u9cc4\uff0c\u90fd\u8981\u7edf\u7edf\u5728\u6211\u7684\u5149\u73af\u4e0b\u3002\u3000\u3000\u6768\u6668\u5fc3\u91cc\u9ed8\u9ed8\u7684\u60f3\u5230....\u3000\u3000\u751a\u81f3\u6768\u6668\u5fc3\u91cc\u8fd8\u6709\u4e00\u4e2a\u66f4\u5927\u7684\u91ce\u671b", "title": "\u4e00\u68a6\u5341\u8f7d", "url": "http://www.17k.com/book/2821527.html", "average": -1.0, "cover": "http://img.17k.com/images/bookcover/default_cover1.jpg", "reviews": 452, "authors": [{"url": "http://www.17k.com/zuozhe/61540781", "name": "\u6625\u68a6\u5982\u98ce"}], "type": ["\u90fd\u5e02\u751f\u6d3b"], "outlinks": ["http://www.17k.com/book/2794982.html", "http://www.17k.com/book/2801292.html", "http://www.17k.com/book/2816318.html", "http://www.17k.com/book/2797575.html", "http://www.17k.com/book/2802516.html", "http://www.17k.com/book/2812195.html", "http://www.17k.com/book/2820143.html", "http://www.17k.com/book/2807943.html", "http://www.17k.com/book/2813457.html", "http://www.17k.com/book/2798058.html", "http://www.17k.com/book/2815617.html", "http://www.17k.com/book/2805259.html", "http://www.17k.com/book/2760255.html", "http://www.17k.com/book/2686894.html", "http://www.17k.com/book/2797016.html", "http://www.17k.com/book/2767246.html", "http://www.17k.com/book/2764239.html", "http://www.17k.com/book/2754498.html", "http://www.17k.com/book/2754900.html", "http://www.17k.com/book/2625740.html", "http://www.17k.com/book/2213315.html", "http://www.17k.com/book/2402178.html", "http://www.17k.com/book/2691221.html", "http://www.17k.com/book/2210699.html", "http://www.17k.com/book/1797752.html", "http://www.17k.com/book/2575507.html", "http://www.17k.com/book/2705181.html", "http://www.17k.com/book/2702539.html", "http://www.17k.com/book/2474887.html", "http://www.17k.com/book/2674733.html", "http://www.17k.com/book/2822076.html", "http://www.17k.com/book/2809894.html", "http://www.17k.com/book/2822077.html", "http://www.17k.com/book/2811930.html", "http://www.17k.com/book/2815548.html", "http://www.17k.com/book/2819620.html", "http://www.17k.com/book/2809964.html", "http://www.17k.com/book/2808200.html", "http://www.17k.com/book/2820100.html", "http://www.17k.com/book/2822978.html", "http://www.17k.com/book/2804337.html", "http://www.17k.com/book/2798814.html", "http://www.17k.com/book/2785153.html", "http://www.17k.com/book/2731559.html", "http://www.17k.com/book/2722533.html", "http://www.17k.com/book/2458377.html", "http://www.17k.com/book/2743300.html", "http://www.17k.com/book/973809.html", "http://www.17k.com/book/2651367.html", "http://www.17k.com/book/2726194.html", "http://www.17k.com/book/2790214.html", "http://www.17k.com/book/493239.html", "http://www.17k.com/book/108821.html", "http://www.17k.com/book/1398783.html", "http://www.17k.com/book/83528.html", "http://www.17k.com/book/1859126.html", "http://www.17k.com/book/1741975.html", "http://www.17k.com/book/192453.html", "http://www.17k.com/book/2459058.html", "http://www.17k.com/book/1050747.html", "http://www.17k.com/book/2700315.html", "http://www.17k.com/book/2818940.html", "http://www.17k.com/book/2819519.html", "http://www.17k.com/book/2816390.html", "http://www.17k.com/book/2819588.html", "http://www.17k.com/book/2813768.html", "http://www.17k.com/book/2822406.html", "http://www.17k.com/book/2772164.html", "http://www.17k.com/book/2784023.html", "http://www.17k.com/book/2811877.html", "http://www.17k.com/book/2809119.html", "http://www.17k.com/book/2803700.html", "http://www.17k.com/book/2819561.html", "http://www.17k.com/book/2746506.html", "http://www.17k.com/book/2811836.html", "http://www.17k.com/book/2614810.html", "http://www.17k.com/book/1592435.html", "http://www.17k.com/book/1949748.html", "http://www.17k.com/book/2265802.html", "http://www.17k.com/book/2743240.html", "http://www.17k.com/book/2657437.html", "http://www.17k.com/book/2644502.html", "http://www.17k.com/book/2199900.html", "http://www.17k.com/book/2725436.html", "http://www.17k.com/book/2629978.html"]}