{"ratings": -1, "userreviews": [{"userName": "\u6843\u5b50000864450", "userReviewDate": "2016-04-20", "userURL": "http://user.17k.com/43568052", "userReview": "<span style='color:blue'>\u867e\u7c73\uff1f\u5927\u5bb6\u559c\u6b22\u8fd9\u672c\u4e66\u4e48\uff1f\u559c\u6b22\u5c31\u52a0\u6728\u6728\u59d0\u7684\u8bfb\u8005\u7fa4:375685279\u3002\u6728\u6728\u59d0\u7684\u65b0\u6d6a\u5fae\u535a:\u6211\u662f\u6728\u6728kk\uff0c\u6728\u6728\u59d0\u7684\u5fae\u4fe1\u516c\u4f17\u53f7:\u6211\u662f\u6728\u6728\u3002\u54d2\u54d2\u54d2\uff0c\u672c\u5b9d\u5b9d\u8868\u793a\uff0c\u5fae\u4fe1\u516c\u4f17\u53f7\u91cc\u6709\u5f88\u591a\u6728\u6728\u59d0\u63a8\u8350\u7684\u597d\u770b\u7684\u5c0f\u8bf4\uff0cqq\u4e5f\u4e00\u6837\uff0c\u4f60\u8fd8\u5728\u7b49\u4ec0\u4e48...\u8fd8\u4e0d\u53bb\u770b\u770b\uff0c\u563f\u563f\uff0c\u7edd\u903c\u4f1a\u5413\u4f60\u4e00\u5927\u8df3!!!(\u56e0\u4e3a\u5b9e\u5728\u5f88\u597d\u770b\u561b~)\u6728\u6728\u59d0\u4f5c\u54c1\u96c6:<a target='_blank' href='http://www.17k.com/book/386846.html'>\u300a\u5929\u624d\u5b9d\u5b9d\uff0c\u4e70\u4e00\u9001\u4e00\u300b</a><a target='_blank' href='http://www.17k.com/book/783637.html'>\u300a\u751c\u5ba0\u8d34\u8eab\u8fa3\u59bb\u300b</a><a target='_blank' href='http://www.17k.com/book/302067.html'>\u300a\u603b\u88c1\u4e00\u543b\u597d\u7f9e\u7f9e\u300b</a><a target='_blank' href='http://www.17k.com/book/602300.html'>\u300a\u4e00\u7b49\u5eb6\u5973\u300b</a>\u70b9\u51fb\u4e66\u540d\u5c31\u53ef\u4ee5\u8fdb\u5165\u4e66\u90fd\u9875\u9762\u5566!\u6700\u540e\uff0c\u6728\u6728\u59d0\u56db\u672c\u4e66\u5404\u79cd\u6c42\u6253\u8d4f!\u6c42\u70b9\u51fb!\u6c42\u8bc4\u8bba!</span>"}, {"userName": "\u6211\u662f\u6728\u6728\uff08\u5929\u624d\u5b9d\u5b9d\uff09", "userReviewDate": "2013-08-23", "userURL": "http://user.17k.com/10088093", "userReview": "<span style='color:red'><img src='http://img.17k.com/images/face/106mj.gif' />\u4eb2\u4eec\uff0c\u4f60\u4eec\u5e0c\u671b\u5c0f\u5c9a\u5c9a\u6700\u7ec8\u548c\u8c01\u5728\u4e00\u8d77\uff1f</span>"}, {"userName": "\u6211\u662f\u6728\u6728\uff08\u5929\u624d\u5b9d\u5b9d\uff09", "userReviewDate": "2013-07-29", "userURL": "http://user.17k.com/10088093", "userReview": "\u5e7f\u544a\u697c\uff01\u53d1\u5916\u9762\u4e00\u5f8b\u5220\uff01<img src='http://img.17k.com/images/face/105qin.gif' /><img src='http://img.17k.com/images/face/105qin.gif' />"}, {"userName": "synge595221426", "userReviewDate": "2018-06-07", "userURL": "http://user.17k.com/56198983", "userReview": "\u554a\u554a\u554a&#55357;&#56881;\u559c\u6b22\u54e6"}, {"userName": "synge595221426", "userReviewDate": "2018-06-06", "userURL": "http://user.17k.com/56198983", "userReview": "\u86ee\u4e0d\u9519\u7684\u54e6\uff0c\u52a0\u6cb9\uff01\uff01"}, {"userName": "\u4fd0445617494", "userReviewDate": "2018-05-19", "userURL": "http://user.17k.com/60991431", "userReview": "\u597d\u770b\uff01\uff01\uff01\uff01"}, {"userName": "\u4fd0445617494", "userReviewDate": "2018-05-19", "userURL": "http://user.17k.com/60991431", "userReview": "\u597d\u770b\uff01\uff01\uff01\uff01"}, {"userName": "\u767d\u4e91\u6df1\u5904400791023", "userReviewDate": "2018-05-06", "userURL": "http://user.17k.com/51440946", "userReview": "\u597d\u770b\uff01\uff0c\uff01\uff01\uff01\uff01"}, {"userName": "\u4fd0445617494", "userReviewDate": "2018-04-30", "userURL": "http://user.17k.com/60991431", "userReview": "\u548c\u957f\u5b89\u5728\u4e00\u8d77\u5427"}, {"userName": "17K\u4e66\u53cblfsmr0mq", "userReviewDate": "2018-04-29", "userURL": "http://user.17k.com/59522040", "userReview": "\u6b64\u4e66\u8fd8\u6709\u70b9\u770b\u5934"}, {"userName": "fairy507231475", "userReviewDate": "2018-04-25", "userURL": "http://user.17k.com/54916568", "userReview": "&#55357;&#56397;&#55357;&#56397;&#55357;&#56397;&#55357;&#56397;&#55357;&#56397;&#55357;&#56397;"}, {"userName": "\u4f73\u4f735858", "userReviewDate": "2018-03-30", "userURL": "http://user.17k.com/37619340", "userReview": "\u9519\u5b57\u8fde\u7bc7\uff0c\u4eba\u540d\u90fd\u7ecf\u5e38\u5199\u9519\uff0c\u5199\u6df7\uff01\u60c5\u8282\u5343\u7bc7\u4e00\u5f8b\uff0c\u4e0d\u662f\u6389\u843d\u60ac\u5d16\u5c31\u662f\u5931\u5fc6\uff0c\u4e09\u4e2a\u4e3b\u4eba\u516c\u90fd\u6389\u5d16\u8fc7\uff0c\u6bcf\u6b21\u6389\u843d\u60ac\u5d16\u8fd8\u90fd\u6b7b\u4e0d\u4e86\uff0c\u5176\u4e2d\u4e24\u4e2a\u90fd\u5931\u5fc6\u4e86\uff01\uff01\uff01\u670d\u4e86\uff0c\u524d\u9762\u770b\u7740\u8fd8\u884c\uff0c\u8d8a\u5f80\u540e\u770b\u8d8a\u6ca1\u610f\u601d"}, {"userName": "17K\u4e66\u53cbBLO346P7", "userReviewDate": "2018-03-23", "userURL": "http://user.17k.com/60333647", "userReview": "\u6728\u6728\u7684\u4e66\u597d\u770b\u5230\u820d\u4e0d\u5f97\u653e\u4e0b\u624b\uff0c\u5185\u5bb9\u66f2\u6298\u5f15\u4eba\u5165\u5883\u3002"}, {"userName": "\u6f2b\u6b65\u4e91\u7aef567748823", "userReviewDate": "2018-03-19", "userURL": "http://user.17k.com/59396711", "userReview": "\u52a0\u6cb9\uff0c\u597d\u770b\uff0c\u7ee7\u7eed\u52aa\u529b\u5427"}, {"userName": "\u7a7a\u8c37\u7559\u60c5", "userReviewDate": "2018-03-14", "userURL": "http://user.17k.com/45016341", "userReview": "\u4e00\u672c\u597d\u770b\u7684\u4e66<a target='_blank' href='http://www.17k.com/book/2790998.html'>\u300a\u9738\u9053\u4e13\u5c5e\u300b</a>\u6821\u56ed\u603b\u88c1\u957f\u817f\u738b\u5b50\u3001\u9752\u6885\u7af9\u9a6c\u6587<a target='_blank' href='http://www.17k.com/book/2790998.html'>\u300a\u9738\u9053\u4e13\u5c5e\u300b</a>\u524d\u6765\u652f\u6301\uff0c\u559c\u6b22\u7684\u53ef\u4ee5\u6536\u85cf\u8fd8\u6709\u6295\u7968\uff0c\u8c22\u8c22\u3002\u7b80\u4ecb\uff1a\u65bd\u96e8\u7af9\u76ee\u5149\u5446\u6ede\u5730\u770b\u7740\u957f\u817f\u5e05\u54e5\u5149\u7740\u7684\u4e0a\u534a\u8eab\u597d\u534a\u664c\uff0c\u56de\u8fc7\u795e\u6765\u540e\u4f38\u624b\u64e6\u4e86\u64e6\u5634\u89d2\u6839\u672c\u4e0d\u5b58\u5728\u7684\u53e3\u6c34\uff0c\u5979\u662f\u5e94\u8be5\u8d81\u673a\u628a\u5bf9\u65b9\u7684\u4e0a\u8863\u90fd\u8131\u5149\u5462\uff0c\u8fd8\u662f\u5c31\u8fd9\u4e48\u5e2e\u5bf9\u65b9\u64e6\u4e00\u4e0b\u4e0a\u8eab\u7ee7\u7eed\u7a7f\u56de\u53bb\uff1f"}, {"userName": "A\u661f\u661f\u70b9\u706f", "userReviewDate": "2018-03-12", "userURL": "http://user.17k.com/55972875", "userReview": "2018\u63a8\u8350\u4e00\u672c\u597d\u770b\u7684\u4e66<a target='_blank' href='http://www.17k.com/book/2728167.html'>\u300a\u6211\u548c\u5996\u517d\u6709\u4e2a\u7ea6\u4f1a\u300b</a>\uff0c\u60ca\u9669\u523a\u6fc0\uff0c\u6d6a\u6f2b\u6ee1\u5c4b\uff0c\u70ed\u8840\u683c\u6597\uff0c\u751f\u6b7b\u7231\u604b\uff0c\u6696\u6627\u4e0d\u65ad\uff0c\u5929\u5929\u66f4\u65b0\uff0c\u8bf7\u591a\u5173\u7167\uff0c\u6765\u4e2a\u6536\u85cf\u554a!\uff0c\u70b9\u51fb\u4e66\u540d\u5c31\u53ef\u4ee5\u770b\u5230\u4e66\u4e86\u3002"}, {"userName": "\u79bb\u5706", "userReviewDate": "2018-03-03", "userURL": "http://user.17k.com/60223838", "userReview": "\u6811\u6960\u65b0\u4eba\u5e26\u65b0\u4e66\uff0c\u5927\u5927\u53cb\u4eba\u591a\u6307\u70b9\u3002<a target='_blank' href='http://www.17k.com/book/2787076.html'>\u300a\u91cd\u751f\u4e4b\u5f71\u5e1d\u7684\u72ec\u5ba0\u300b</a>"}, {"userName": "\u94b0\u96ef533", "userReviewDate": "2018-02-23", "userURL": "http://user.17k.com/52200506", "userReview": "\u63a8\u8350\u4e00\u672c\u597d\u4e66<a target='_blank' href='http://www.17k.com/book/2610081.html'>\u300a\u519b\u5e08\u5927\u4eba\u8981\u51fa\u5899\u300b</a>"}, {"userName": "\u7ea4\u5c71@&copy;\u59734", "userReviewDate": "2018-02-21", "userURL": "http://user.17k.com/59525655", "userReview": "[\u6253\u8d4f]\u6211\u6253\u8d4f\u4e861\u5143\u7ea2\u5305\uff01\uff01"}, {"userName": "A\u661f\u661f\u70b9\u706f", "userReviewDate": "2018-02-20", "userURL": "http://user.17k.com/55972875", "userReview": "\u63a8\u8350\u4e00\u672c\u597d\u770b\u7684\u4e66<a target='_blank' href='http://www.17k.com/book/2728167.html'>\u300a\u6211\u548c\u5996\u517d\u6709\u4e2a\u7ea6\u4f1a\u300b</a>\uff0c\u60ca\u9669\u523a\u6fc0\uff0c\u6d6a\u6f2b\u6ee1\u5c4b\uff0c\u70ed\u8840\u683c\u6597\uff0c\u751f\u6b7b\u7231\u604b\uff0c\u6696\u6627\u4e0d\u65ad\uff0c\u5929\u5929\u66f4\u65b0\uff0c\u8bf7\u591a\u5173\u7167\uff0c\u6765\u4e2a\u6536\u85cf\u554a!\uff0c\u70b9\u51fb\u4e66\u540d\u5c31\u53ef\u4ee5\u770b\u5230\u4e66\u4e86\u3002"}], "description": "\u7b2c\u4e00\u6740\u624b\u7a7f\u8d8a\u5230\u5317\u5b81\u56fd\u7b2c\u4e00\u8349\u5305\u7f8e\u4eba\u767e\u91cc\u5c9a\u7684\u8eab\u4f53\u91cc\u3002\u3000\u3000\u5f03\u5983\uff1f\u5eb6\u5973\uff1f\u5632\u7b11\uff1f\u90a3\u53c8\u5982\u4f55\uff1f\u4ece\u6765\u53ea\u6709\u5979\u5bb0\u4eba\uff0c\u4f55\u65f6\u8f6e\u5230\u4ed6\u4eec\u56a3\u5f20\u4e86\uff01\u3000\u3000\u51a0\u76d6\u6ee1\u4eac\u534e\uff0c\u4f17\u4eba\u50bb\u773c\uff0c\u5e9f\u6750\u539f\u662f\u8868\u8c61\uff0c\u8fd9\u5b9a\u5357\u738b\u5eb6\u5973\u5f53\u771f\u4e43\u5929\u4eba\uff01\u3000\u3000\u5c06\u519b\u738b\u7237\u516c\u5b50\u7eb7\u7eb7\u4e0a\u95e8\uff0c\u6c42\u4eb2\u7684\u4eba\u8e0f\u7834\u95e8\u69db\uff0c\u800c\u5979\u5374\u8896\u624b\u4e00\u6307\uff0c\u504f\u504f\u9009\u4e2d\u4e86\u2026\u2026\u3000\u3000\u661f\u6708\u5f53\u7a7a\uff0c\u6708\u4e0b\u5fae\u51c9\uff0c\u4ed6\u95ee\uff0c\"\u4e3a\u4f55\u60f3\u8981\u5ac1\u7ed9\u6211\uff1f\"\u3000\u3000\u5979\u72e1\u9ee0\u4e00\u7b11\uff0c\u8584\u5507\u8f7b\u542f\uff0c\"\u4f60\u770b\u8d77\u6765\u6bd4\u8f83\u597d\u9a97\uff01\"\u3000\u3000\u5ac1\u5165\u738b\u5e9c\uff0c\u6b65\u6b65\u60ca\u5fc3\uff0c\u5979\u624d\u53d1\u89c9\u8fd9\u7537\u4eba\uff0c\u67d4\u5f31\u53ea\u662f\u8868\u9762\uff0c\u771f\u5b9e\u8eab\u4efd\u5c45\u7136\u662f\u2026\u2026\u3000\u3000\u8179\u9ed1\u649e\u4e0a\u8179\u9ed1\uff0c\u62fc\u7684\u662f\u6f14\u6280\uff0c\u5979\u88c5\uff0c\u4ed6\u6bd4\u5979\u66f4\u4f1a\u88c5\uff0c\u770b\u8c01\u6280\u9ad8\u4e00\u7b79\uff01\u770b\u8c01\u5148\u5403\u6389\u8c01\uff01", "title": "\u4e00\u7b49\u5eb6\u5973", "url": "http://www.17k.com/book/602300.html", "average": -1.0, "cover": "http://img.17k.com/images/bookcover/2013/3011/15/602300-1376983132000.jpg", "reviews": 6520674, "authors": [{"url": "http://www.17k.com/zuozhe/10088093", "name": "\u6211\u662f\u6728\u6728"}], "type": ["\u7a7f\u8d8a\u65f6\u7a7a"], "outlinks": ["http://www.17k.com/book/2794982.html", "http://www.17k.com/book/2801292.html", "http://www.17k.com/book/2816318.html", "http://www.17k.com/book/2797575.html", "http://www.17k.com/book/2802516.html", "http://www.17k.com/book/2812195.html", "http://www.17k.com/book/2820143.html", "http://www.17k.com/book/2807943.html", "http://www.17k.com/book/2813457.html", "http://www.17k.com/book/2798058.html", "http://www.17k.com/book/2815617.html", "http://www.17k.com/book/2805259.html", "http://www.17k.com/book/2760255.html", "http://www.17k.com/book/2686894.html", "http://www.17k.com/book/2797016.html", "http://www.17k.com/book/2767246.html", "http://www.17k.com/book/2764239.html", "http://www.17k.com/book/2754498.html", "http://www.17k.com/book/2754900.html", "http://www.17k.com/book/2625740.html", "http://www.17k.com/book/2213315.html", "http://www.17k.com/book/2402178.html", "http://www.17k.com/book/2691221.html", "http://www.17k.com/book/2210699.html", "http://www.17k.com/book/1797752.html", "http://www.17k.com/book/2575507.html", "http://www.17k.com/book/2705181.html", "http://www.17k.com/book/2702539.html", "http://www.17k.com/book/2474887.html", "http://www.17k.com/book/2674733.html", "http://www.17k.com/book/2822076.html", "http://www.17k.com/book/2809894.html", "http://www.17k.com/book/2822077.html", "http://www.17k.com/book/2811930.html", "http://www.17k.com/book/2815548.html", "http://www.17k.com/book/2819620.html", "http://www.17k.com/book/2809964.html", "http://www.17k.com/book/2808200.html", "http://www.17k.com/book/2820100.html", "http://www.17k.com/book/2822978.html", "http://www.17k.com/book/2804337.html", "http://www.17k.com/book/2798814.html", "http://www.17k.com/book/2785153.html", "http://www.17k.com/book/2731559.html", "http://www.17k.com/book/2722533.html", "http://www.17k.com/book/2458377.html", "http://www.17k.com/book/2743300.html", "http://www.17k.com/book/973809.html", "http://www.17k.com/book/2651367.html", "http://www.17k.com/book/2726194.html", "http://www.17k.com/book/2790214.html", "http://www.17k.com/book/493239.html", "http://www.17k.com/book/108821.html", "http://www.17k.com/book/1398783.html", "http://www.17k.com/book/83528.html", "http://www.17k.com/book/1859126.html", "http://www.17k.com/book/1741975.html", "http://www.17k.com/book/192453.html", "http://www.17k.com/book/2459058.html", "http://www.17k.com/book/1050747.html", "http://www.17k.com/book/2700315.html", "http://www.17k.com/book/2818940.html", "http://www.17k.com/book/2819519.html", "http://www.17k.com/book/2816390.html", "http://www.17k.com/book/2819588.html", "http://www.17k.com/book/2813768.html", "http://www.17k.com/book/2822406.html", "http://www.17k.com/book/2772164.html", "http://www.17k.com/book/2784023.html", "http://www.17k.com/book/2811877.html", "http://www.17k.com/book/2809119.html", "http://www.17k.com/book/2803700.html", "http://www.17k.com/book/2819561.html", "http://www.17k.com/book/2746506.html", "http://www.17k.com/book/2811836.html", "http://www.17k.com/book/2614810.html", "http://www.17k.com/book/1592435.html", "http://www.17k.com/book/1949748.html", "http://www.17k.com/book/2265802.html", "http://www.17k.com/book/2743240.html", "http://www.17k.com/book/2657437.html", "http://www.17k.com/book/2644502.html", "http://www.17k.com/book/2199900.html", "http://www.17k.com/book/2725436.html", "http://www.17k.com/book/2629978.html"]}