{"ratings": -1, "userreviews": [{"userName": "17K\u4e66\u53cbg95gzw2x", "userReviewDate": "2018-05-22", "userURL": "http://user.17k.com/55639681", "userReview": "\u4e0d\u9519\u7684\u6545\u4e8b"}, {"userName": "\u503e\u57ce\u2121", "userReviewDate": "2018-04-12", "userURL": "http://user.17k.com/51535271", "userReview": "\u597d\u770b\u597d\u770b\uff0c\u559c\u6b22\u8fd9\u4e2a\u7c7b\u578b"}, {"userName": "&#55357;&#56847;968146408", "userReviewDate": "2018-03-26", "userURL": "http://user.17k.com/59107658", "userReview": "\u80fd\u4e0d\u80fd\u8bbe\u4e3a\u514d\u8d39"}, {"userName": "\u9752\u79be\u5c9a", "userReviewDate": "2018-03-24", "userURL": "http://user.17k.com/60354568", "userReview": "\u52a0\u6cb9\u5927\u5927"}, {"userName": "\u574f\u5c0f\u5b50\u7684\u7eaf\u60c5", "userReviewDate": "2018-03-22", "userURL": "http://user.17k.com/60383691", "userReview": "<a target='_blank' href='http://www.17k.com/book/2798234.html'>\u300a\u90aa\u6027\u6b8b\u60c5\u300b</a>\u8e6d\u8e6d\u70ed\u5ea6\uff0c\u5927\u5927\u7b14\u4e0b\u5999\u7b14\u751f\u82b1\uff0c\u732e\u4e11\u4e86\u3002"}, {"userName": "\u5f20\u7b11\u8473", "userReviewDate": "2018-03-18", "userURL": "http://user.17k.com/59636672", "userReview": "&#55357;&#56842;&#55357;&#56842;&#55357;&#56842;"}, {"userName": "kool\u6377", "userReviewDate": "2018-02-27", "userURL": "http://user.17k.com/56730892", "userReview": "2018\u63a8\u8350\u4e00\u672c\u597d\u770b\u7684\u4e66<a target='_blank' href='http://www.17k.com/book/2728167.html'>\u300a\u6211\u548c\u5996\u517d\u6709\u4e2a\u7ea6\u4f1a\u300b</a>\uff0c\u60ca\u9669\u523a\u6fc0\uff0c\u6d6a\u6f2b\u6ee1\u5c4b\uff0c\u70ed\u8840\u683c\u6597\uff0c\u751f\u6b7b\u7231\u604b\uff0c\u6696\u6627\u4e0d\u65ad\uff0c\u5929\u5929\u66f4\u65b0\uff0c\u8bf7\u591a\u5173\u7167\uff0c\u6765\u4e2a\u6536\u85cf\u554a!\uff0c\u70b9\u51fb\u4e66\u540d\u5c31\u53ef\u4ee5\u770b\u5230\u4e66\u4e86\u3002"}, {"userName": "A\u725b\u9b54\u738b", "userReviewDate": "2018-02-26", "userURL": "http://user.17k.com/56738425", "userReview": "\u597d\u4e66\u9700\u8981\u63a8\u5e7f\uff0c\u6b63\u80fd\u91cf!2018\u63a8\u8350\u4e00\u672c\u597d\u770b\u7684\u4e66<a target='_blank' href='http://www.17k.com/book/2551937.html'>\u300a\u8d85\u65b0\u4eba\u300b</a>\uff0c\u60ca\u9669\u523a\u6fc0\uff0c\u6d6a\u6f2b\u6ee1\u5c4b\uff0c\u70ed\u8840\u683c\u6597\uff0c\u751f\u6b7b\u7231\u604b\uff0c\u6696\u6627\u4e0d\u65ad\uff0c\u5929\u5929\u66f4\u65b0\uff0c\u8bf7\u591a\u5173\u7167\uff0c\u6765\u4e2a\u6536\u85cf\u554a!\uff0c\u70b9\u51fb\u4e66\u540d\u5c31\u53ef\u4ee5\u770b\u5230\u4e66\u4e86\u3002"}, {"userName": "\u8bb8\u4f60\u4e00\u4e16\u6e05\u6b22\u68a6", "userReviewDate": "2018-02-26", "userURL": "http://user.17k.com/57322701", "userReview": "<a target='_blank' href='http://www.17k.com/book/2653379.html'>\u300a\u8bf7\u53eb\u6211\u4ed9\u5fcd\u5927\u4eba\u300b</a>\u6d41\u5e74\u6765\u5927\u5927\u7684\u4e66\u5ea7\u559d\u676f\u8336\uff0c2018\u5e74\u6211\u4eec\u5de5\u4f5c\u4e00\u8d77\u52aa\u529b\uff0c\u5199\u4e66\u4e00\u540c\u575a\u6301\uff0c\u68a6\u60f3\u4e00\u8d77\u5b9e\u73b0\uff012018 \u6211\u4eec\u4e0d\u4e00\u6837\uff01\uff01\uff01"}, {"userName": "\u963f\u62c9\u7684\u82b1", "userReviewDate": "2018-02-25", "userURL": "http://user.17k.com/58629809", "userReview": "<a target='_blank' href='http://www.17k.com/book/2738241.html'>\u300a\u63a8\u80cc\u56fe\u6f14\u4e49\u300b</a>\u524d\u6765\u5b66\u4e60\u6307\u70b9\u4e00\u4e0b\u8c22\u8c22\uff01"}, {"userName": "kool\u6377", "userReviewDate": "2018-02-24", "userURL": "http://user.17k.com/56730892", "userReview": "2018\u63a8\u8350\u4e00\u672c\u597d\u770b\u7684\u4e66<a target='_blank' href='http://www.17k.com/book/2728167.html'>\u300a\u6211\u548c\u5996\u517d\u6709\u4e2a\u7ea6\u4f1a\u300b</a>\uff0c\u60ca\u9669\u523a\u6fc0\uff0c\u6d6a\u6f2b\u6ee1\u5c4b\uff0c\u70ed\u8840\u683c\u6597\uff0c\u751f\u6b7b\u7231\u604b\uff0c\u6696\u6627\u4e0d\u65ad\uff0c\u5929\u5929\u66f4\u65b0\uff0c\u8bf7\u591a\u5173\u7167\uff0c\u6765\u4e2a\u6536\u85cf\u554a!\uff0c\u70b9\u51fb\u4e66\u540d\u5c31\u53ef\u4ee5\u770b\u5230\u4e66\u4e86\u3002"}, {"userName": "\u6de1\u7b11\u770b\u4eba\u751f", "userReviewDate": "2018-02-23", "userURL": "http://user.17k.com/45473276", "userReview": "<a target='_blank' href='http://www.17k.com/book/1728734.html'>\u300a\u8d5a\u94b1\u8bb0\u300b</a>\u795d\u5927\u5927\u521d\u516b\u4e50\u5f00\u6000\u3002"}, {"userName": "A\u725b\u9b54\u738b", "userReviewDate": "2018-02-23", "userURL": "http://user.17k.com/56738425", "userReview": "\u63a8\u8350\u4e00\u672c\u597d\u770b\u7684\u4e66<a target='_blank' href='http://www.17k.com/book/2728167.html'>\u300a\u6211\u548c\u5996\u517d\u6709\u4e2a\u7ea6\u4f1a\u300b</a>\uff0c\u60ca\u9669\u523a\u6fc0\uff0c\u6d6a\u6f2b\u6ee1\u5c4b\uff0c\u70ed\u8840\u683c\u6597\uff0c\u751f\u6b7b\u7231\u604b\uff0c\u6696\u6627\u4e0d\u65ad\uff0c\u5929\u5929\u66f4\u65b0\uff0c\u8bf7\u591a\u5173\u7167\uff0c\u6765\u4e2a\u6536\u85cf\u554a!\uff0c\u70b9\u51fb\u4e66\u540d\u5c31\u53ef\u4ee5\u770b\u5230\u4e66\u4e86\u3002"}, {"userName": "\u6c34\u84dd\u8272\u56de\u5fc6", "userReviewDate": "2018-02-23", "userURL": "http://user.17k.com/57853039", "userReview": "\u5c0f\u767d\u6c42\u8d35\u5b9d\u5730\u63a8\u5e7f\u4e00\u4e0b\u539f\u521b\u5c0f\u8bf4<a target='_blank' href='http://www.17k.com/book/2783150.html'>\u300a\u4e5d\u751f\u4e5d\u4e16\u52ab\u300b</a>\uff0c\u8bf4\u597d\u6211\u4eec\u53ea\u8c08\u60c5\u4e0d\u4fee\u884c\uff01\u5728\u6b64\u7279\u795d\u5927\u5927\u4f5c\u54c1\u8d8a\u6765\u8d8a\u597d\uff0c\u5927\u5356"}, {"userName": "\u6d77\u4e4b\u70750", "userReviewDate": "2018-02-21", "userURL": "http://user.17k.com/43483568", "userReview": "\u72d7\u5e74\u5409\u7965\uff01\u6765\u652f\u6301\u5927\u5927"}, {"userName": "\u4e0d\u505c\u5199", "userReviewDate": "2018-02-18", "userURL": "http://user.17k.com/58210152", "userReview": "\u795d\u613f\u5927\u5927\u65b0\u6625\u5feb\u4e50\uff0c\u7801\u5b57\u7cbe\u795e"}, {"userName": "A\u725b\u9b54\u738b", "userReviewDate": "2018-02-17", "userURL": "http://user.17k.com/56738425", "userReview": "2018\u63a8\u8350\u4e00\u672c\u597d\u770b\u7684\u4e66<a target='_blank' href='http://www.17k.com/book/2551937.html'>\u300a\u8d85\u65b0\u4eba\u300b</a>\uff0c\u60ca\u9669\u523a\u6fc0\uff0c\u6d6a\u6f2b\u6ee1\u5c4b\uff0c\u70ed\u8840\u683c\u6597\uff0c\u751f\u6b7b\u7231\u604b\uff0c\u6696\u6627\u4e0d\u65ad\uff0c\u5929\u5929\u66f4\u65b0\uff0c\u8bf7\u591a\u5173\u7167\uff0c\u6765\u4e2a\u6536\u85cf\u554a!\uff0c\u70b9\u51fb\u4e66\u540d\u5c31\u53ef\u4ee5\u770b\u5230\u4e66\u4e86\u3002"}, {"userName": "K\u5c0f\u5f00", "userReviewDate": "2018-02-15", "userURL": "http://user.17k.com/58509881", "userReview": "\u4eca\u5929\u9664\u5915\uff0c<a target='_blank' href='http://www.17k.com/book/2724684.html'>\u300a\u4e00\u5ff5\u539f\u7f6a\u300b</a>\u6765\u62dc\u5e74\u4e86\uff01\u72d7\u5e74\u5927\u5409\uff01\u795d\u5927\u5927\u6765\u5e74\u8d22\u6e90\u6eda\u6eda\uff0c\u559c\u4e50\u5b89\u5eb7\uff01"}, {"userName": "K\u5c0f\u5f00", "userReviewDate": "2018-02-14", "userURL": "http://user.17k.com/58509881", "userReview": "\u4e0b\u5348\u597d\uff0c\u60c5\u4eba\u8282\u5feb\u4e50\uff01&#55357;&#56842;&#55357;&#56842;"}, {"userName": "17K\u4e66\u53cbg95gzw2x", "userReviewDate": "2018-02-13", "userURL": "http://user.17k.com/55639681", "userReview": "\u597d\u770b\u7684\u6545\u4e8b"}], "description": "\u7537\u53cb\u5288\u817f\uff0c\u5c0f\u4e09\u5802\u59d0\u4e3a\u4e86\u6c38\u7edd\u540e\u60a3\u7adf\u7136\u5c06\u5979\u9001\u4e0a\u964c\u751f\u7537\u4eba\u7684\u5e8a\uff01\u3000\u3000\u4e54\u4e00\u6657\u60f3\u5c3d\u529e\u6cd5\u9003\u8131\uff0c\u5374\u8bef\u95ef\u4e86A\u5e02\u7b2c\u4e00\u5c11\u4e1c\u7684\u623f\u95f4\uff0c\u3000\u3000\u611f\u8c22\u7684\u8bdd\u8fd8\u6ca1\u8bf4\u51fa\u53e3\uff0c\u3000\u3000\u8fd9\u5c11\u4e1c\u7adf\u7136\u62ff\u5979\u6321\u6843\u82b1\uff1f\u3000\u3000\u8fd8\u4e00\u8a00\u4e0d\u5408\u5c31\u8981\u7ed3\u5a5a\uff01\u3000\u3000\u201c\u987e\u603b\uff0c\u6211\u4eec\u8bf4\u597d\u7684\u5951\u7ea6\u5a5a\u59fb\uff0c\u4f60\u4e0d\u4f1a\u7231\u4e0a\u6211\u4e86\u5427\uff1f\u201d\u3000\u3000\u51e0\u6b21\u7f20\u7ef5\u4e4b\u540e\uff0c\u4e54\u4e00\u6657\u7ec8\u4e8e\u9f13\u8d77\u52c7\u6c14\u95ee\u9053\u3002\u3000\u3000\u201c\u7231\u4e0a\u4f60\uff1f\u201d\u3000\u3000\u7537\u4eba\u5378\u8086\u4e00\u7b11\uff0c\u4f4e\u6c89\u843d\u5728\u5979\u7684\u8033\u8fb9\uff1a\u201c\u4e0d\uff0c\u662f\u7231\u2014\u2014\u4e0a\u4f60\u3002\u201d", "title": "\u4e00\u8bfa\u6210\u5a5a", "url": "http://www.17k.com/book/2712385.html", "average": -1.0, "cover": "http://img.17k.com/images/bookcover/2017/13561/67/2712385-1511850138000.jpg", "reviews": 193663, "authors": [{"url": "http://www.17k.com/zuozhe/58260306", "name": "\u6021\u9999\u513f"}], "type": ["\u603b\u88c1\u8c6a\u95e8"], "outlinks": ["http://www.17k.com/book/2794982.html", "http://www.17k.com/book/2801292.html", "http://www.17k.com/book/2816318.html", "http://www.17k.com/book/2797575.html", "http://www.17k.com/book/2802516.html", "http://www.17k.com/book/2812195.html", "http://www.17k.com/book/2820143.html", "http://www.17k.com/book/2807943.html", "http://www.17k.com/book/2813457.html", "http://www.17k.com/book/2798058.html", "http://www.17k.com/book/2815617.html", "http://www.17k.com/book/2805259.html", "http://www.17k.com/book/2760255.html", "http://www.17k.com/book/2686894.html", "http://www.17k.com/book/2797016.html", "http://www.17k.com/book/2767246.html", "http://www.17k.com/book/2764239.html", "http://www.17k.com/book/2754498.html", "http://www.17k.com/book/2754900.html", "http://www.17k.com/book/2625740.html", "http://www.17k.com/book/2213315.html", "http://www.17k.com/book/2402178.html", "http://www.17k.com/book/2691221.html", "http://www.17k.com/book/2210699.html", "http://www.17k.com/book/1797752.html", "http://www.17k.com/book/2575507.html", "http://www.17k.com/book/2705181.html", "http://www.17k.com/book/2702539.html", "http://www.17k.com/book/2474887.html", "http://www.17k.com/book/2674733.html", "http://www.17k.com/book/2822076.html", "http://www.17k.com/book/2809894.html", "http://www.17k.com/book/2822077.html", "http://www.17k.com/book/2811930.html", "http://www.17k.com/book/2815548.html", "http://www.17k.com/book/2819620.html", "http://www.17k.com/book/2809964.html", "http://www.17k.com/book/2808200.html", "http://www.17k.com/book/2820100.html", "http://www.17k.com/book/2822978.html", "http://www.17k.com/book/2804337.html", "http://www.17k.com/book/2798814.html", "http://www.17k.com/book/2785153.html", "http://www.17k.com/book/2731559.html", "http://www.17k.com/book/2722533.html", "http://www.17k.com/book/2458377.html", "http://www.17k.com/book/2743300.html", "http://www.17k.com/book/973809.html", "http://www.17k.com/book/2651367.html", "http://www.17k.com/book/2726194.html", "http://www.17k.com/book/2790214.html", "http://www.17k.com/book/493239.html", "http://www.17k.com/book/108821.html", "http://www.17k.com/book/1398783.html", "http://www.17k.com/book/83528.html", "http://www.17k.com/book/1859126.html", "http://www.17k.com/book/1741975.html", "http://www.17k.com/book/192453.html", "http://www.17k.com/book/2459058.html", "http://www.17k.com/book/1050747.html", "http://www.17k.com/book/2700315.html", "http://www.17k.com/book/2818940.html", "http://www.17k.com/book/2819519.html", "http://www.17k.com/book/2816390.html", "http://www.17k.com/book/2819588.html", "http://www.17k.com/book/2813768.html", "http://www.17k.com/book/2822406.html", "http://www.17k.com/book/2772164.html", "http://www.17k.com/book/2784023.html", "http://www.17k.com/book/2811877.html", "http://www.17k.com/book/2809119.html", "http://www.17k.com/book/2803700.html", "http://www.17k.com/book/2819561.html", "http://www.17k.com/book/2746506.html", "http://www.17k.com/book/2811836.html", "http://www.17k.com/book/2614810.html", "http://www.17k.com/book/1592435.html", "http://www.17k.com/book/1949748.html", "http://www.17k.com/book/2265802.html", "http://www.17k.com/book/2743240.html", "http://www.17k.com/book/2657437.html", "http://www.17k.com/book/2644502.html", "http://www.17k.com/book/2199900.html", "http://www.17k.com/book/2725436.html", "http://www.17k.com/book/2629978.html"]}