{"ratings": -1, "userreviews": [{"userName": "17k\u4e66\u53cbp83ybfyxz", "userReviewDate": "2018-05-25", "userURL": "http://user.17k.com/62182885", "userReview": "[\u6253\u8d4f]\u6211\u6253\u8d4f\u4e862\u5143\u7ea2\u5305\uff01\uff01"}, {"userName": "\u4e50\u6587\u8bd1", "userReviewDate": "2018-05-08", "userURL": "http://user.17k.com/43439315", "userReview": "\u4e66\u6709\u4e00\u79cd\u606c\u6de1\u4e2d\u5e26\u7740\u70b9\u5fe7\u4f24\u7684\u611f\u89c9\uff0c\u5927\u5927\u7684\u6587\u7b14\u5f88\u597d\uff0c\u5b66\u4e60\u4e86"}, {"userName": "\u592e\u5b50\u5440", "userReviewDate": "2018-04-03", "userURL": "http://user.17k.com/60344960", "userReview": "\u597d\u770b"}, {"userName": "17K\u4e66\u53cbyoiibzz9", "userReviewDate": "2018-03-21", "userURL": "http://user.17k.com/60535198", "userReview": "\u597d\u597d\u597d\u597d\u3002"}, {"userName": "A\u661f\u661f\u70b9\u706f", "userReviewDate": "2018-03-19", "userURL": "http://user.17k.com/55972875", "userReview": "2018\u63a8\u8350\u4e00\u672c\u597d\u770b\u7684\u4e66<a target='_blank' href='http://www.17k.com/book/2728167.html'>\u300a\u6211\u548c\u5996\u517d\u6709\u4e2a\u7ea6\u4f1a\u300b</a>\uff0c\u60ca\u9669\u523a\u6fc0\uff0c\u6d6a\u6f2b\u6ee1\u5c4b\uff0c\u70ed\u8840\u683c\u6597\uff0c\u751f\u6b7b\u7231\u604b\uff0c\u6696\u6627\u4e0d\u65ad\uff0c\u5929\u5929\u66f4\u65b0\uff0c\u8bf7\u591a\u5173\u7167\uff0c\u6765\u4e2a\u6536\u85cf\u554a!\uff0c\u70b9\u51fb\u4e66\u540d\u5c31\u53ef\u4ee5\u770b\u5230\u4e66\u4e86\u3002"}, {"userName": "A\u661f\u661f\u70b9\u706f", "userReviewDate": "2018-03-16", "userURL": "http://user.17k.com/55972875", "userReview": "\u597d\u4e66\u9700\u8981\u63a8\u5e7f\uff0c\u6b63\u80fd\u91cf!2018\u63a8\u8350\u4e00\u672c\u597d\u770b\u7684\u4e66<a target='_blank' href='http://www.17k.com/book/2551937.html'>\u300a\u8d85\u65b0\u4eba\u300b</a>\uff0c\u60ca\u9669\u523a\u6fc0\uff0c\u6d6a\u6f2b\u6ee1\u5c4b\uff0c\u70ed\u8840\u683c\u6597\uff0c\u751f\u6b7b\u7231\u604b\uff0c\u6696\u6627\u4e0d\u65ad\uff0c\u5929\u5929\u66f4\u65b0\uff0c\u8bf7\u591a\u5173\u7167\uff0c\u6765\u4e2a\u6536\u85cf\u554a!\uff0c\u70b9\u51fb\u4e66\u540d\u5c31\u53ef\u4ee5\u770b\u5230\u4e66\u4e86\u3002"}, {"userName": "\u6de1\u7b11\u770b\u4eba\u751f", "userReviewDate": "2018-03-13", "userURL": "http://user.17k.com/45473276", "userReview": "<a target='_blank' href='http://www.17k.com/book/1728734.html'>\u300a\u8d5a\u94b1\u8bb0\u300b</a>\u795d\u5927\u5927\u4f5c\u54c1\u5982\u5c71\u6da7\u6e05\u723d\u7684\u98ce\uff0c\u54c1\u8005\u5fc3\u65f7\u795e\u6021\u3002"}, {"userName": "\u8c46\u82b1\u98ce\u94c3", "userReviewDate": "2018-03-12", "userURL": "http://user.17k.com/60168614", "userReview": "\u63a8\u8350\u4e00\u672c\u65b0\u4e66\uff0c<a target='_blank' href='http://www.17k.com/book/2785064.html'>\u300a\u8bb0\u5fc6\u57ce\u5e02\u300b</a>\u5e0c\u671b\u5927\u5bb6\u591a\u591a\u652f\u6301"}, {"userName": "A\u725b\u9b54\u738b", "userReviewDate": "2018-03-12", "userURL": "http://user.17k.com/56738425", "userReview": "\u597d\u4e66\u9700\u8981\u63a8\u5e7f\uff0c\u6b63\u80fd\u91cf!2018\u63a8\u8350\u4e00\u672c\u597d\u770b\u7684\u4e66<a target='_blank' href='http://www.17k.com/book/2551937.html'>\u300a\u8d85\u65b0\u4eba\u300b</a>\uff0c\u60ca\u9669\u523a\u6fc0\uff0c\u6d6a\u6f2b\u6ee1\u5c4b\uff0c\u70ed\u8840\u683c\u6597\uff0c\u751f\u6b7b\u7231\u604b\uff0c\u6696\u6627\u4e0d\u65ad\uff0c\u5929\u5929\u66f4\u65b0\uff0c\u8bf7\u591a\u5173\u7167\uff0c\u6765\u4e2a\u6536\u85cf\u554a!\uff0c\u70b9\u51fb\u4e66\u540d\u5c31\u53ef\u4ee5\u770b\u5230\u4e66\u4e86\u3002"}, {"userName": "ONE465377336", "userReviewDate": "2018-03-11", "userURL": "http://user.17k.com/60373610", "userReview": "[\u6253\u8d4f]\u6211\u6253\u8d4f\u4e861\u5143\u7ea2\u5305\uff01\uff01"}, {"userName": "A\u661f\u661f\u70b9\u706f", "userReviewDate": "2018-03-11", "userURL": "http://user.17k.com/55972875", "userReview": "2018\u63a8\u8350\u4e00\u672c\u597d\u770b\u7684\u4e66<a target='_blank' href='http://www.17k.com/book/2728167.html'>\u300a\u6211\u548c\u5996\u517d\u6709\u4e2a\u7ea6\u4f1a\u300b</a>\uff0c\u60ca\u9669\u523a\u6fc0\uff0c\u6d6a\u6f2b\u6ee1\u5c4b\uff0c\u70ed\u8840\u683c\u6597\uff0c\u751f\u6b7b\u7231\u604b\uff0c\u6696\u6627\u4e0d\u65ad\uff0c\u5929\u5929\u66f4\u65b0\uff0c\u8bf7\u591a\u5173\u7167\uff0c\u6765\u4e2a\u6536\u85cf\u554a!\uff0c\u70b9\u51fb\u4e66\u540d\u5c31\u53ef\u4ee5\u770b\u5230\u4e66\u4e86\u3002"}, {"userName": "\u7136\u6bd5\u590f", "userReviewDate": "2018-03-10", "userURL": "http://user.17k.com/43601038", "userReview": "\u4e2d\u4e8c\u590f\u6c90\u643a\u513f\u5b50<a target='_blank' href='http://www.17k.com/book/2787005.html'>\u300a\u517b\u4e2a\u5f92\u5f1f\u5f53\u592b\u541b\u300b</a>\u6765\u62dc\u8bbf\uff01"}, {"userName": "\u7136\u6bd5\u590f", "userReviewDate": "2018-03-10", "userURL": "http://user.17k.com/43601038", "userReview": "\u4e2d\u4e8c\u590f\u6c90\u643a\u513f\u5b50<a target='_blank' href='http://www.17k.com/book/2787005.html'>\u300a\u517b\u4e2a\u5f92\u5f1f\u5f53\u592b\u541b\u300b</a>\u6765\u62dc\u8bbf\uff01"}, {"userName": "A\u725b\u9b54\u738b", "userReviewDate": "2018-03-07", "userURL": "http://user.17k.com/56738425", "userReview": "\u597d\u4e66\u9700\u8981\u63a8\u5e7f\uff0c\u6b63\u80fd\u91cf!2018\u63a8\u8350\u4e00\u672c\u597d\u770b\u7684\u4e66<a target='_blank' href='http://www.17k.com/book/2551937.html'>\u300a\u8d85\u65b0\u4eba\u300b</a>\uff0c\u60ca\u9669\u523a\u6fc0\uff0c\u6d6a\u6f2b\u6ee1\u5c4b\uff0c\u70ed\u8840\u683c\u6597\uff0c\u751f\u6b7b\u7231\u604b\uff0c\u6696\u6627\u4e0d\u65ad\uff0c\u5929\u5929\u66f4\u65b0\uff0c\u8bf7\u591a\u5173\u7167\uff0c\u6765\u4e2a\u6536\u85cf\u554a!\uff0c\u70b9\u51fb\u4e66\u540d\u5c31\u53ef\u4ee5\u770b\u5230\u4e66\u4e86\u3002"}, {"userName": "17K\u4e66\u53cb6B165G8W", "userReviewDate": "2018-03-04", "userURL": "http://user.17k.com/56755239", "userReview": "\u5b9e\u5728\u6728\u6709\u8010\u5fc3\u8bfb\u4e0b\u53bb\uff0c\u4e0d\u77e5\u9053\u8bb2\u5565\uff0c\u662f\u6211\u7406\u89e3\u80fd\u529b\u5dee\uff1f"}, {"userName": "A\u725b\u9b54\u738b", "userReviewDate": "2018-03-04", "userURL": "http://user.17k.com/56738425", "userReview": "\u597d\u4e66\u9700\u8981\u63a8\u5e7f\uff0c\u6b63\u80fd\u91cf!2018\u63a8\u8350\u4e00\u672c\u597d\u770b\u7684\u4e66<a target='_blank' href='http://www.17k.com/book/2551937.html'>\u300a\u8d85\u65b0\u4eba\u300b</a>\uff0c\u60ca\u9669\u523a\u6fc0\uff0c\u6d6a\u6f2b\u6ee1\u5c4b\uff0c\u70ed\u8840\u683c\u6597\uff0c\u751f\u6b7b\u7231\u604b\uff0c\u6696\u6627\u4e0d\u65ad\uff0c\u5929\u5929\u66f4\u65b0\uff0c\u8bf7\u591a\u5173\u7167\uff0c\u6765\u4e2a\u6536\u85cf\u554a!\uff0c\u70b9\u51fb\u4e66\u540d\u5c31\u53ef\u4ee5\u770b\u5230\u4e66\u4e86\u3002"}, {"userName": "17K\u4e66\u53cb6B165G8W", "userReviewDate": "2018-03-02", "userURL": "http://user.17k.com/56755239", "userReview": "\u4e00\u5f00\u59cb\u4e0d\u77e5\u9053\u6545\u4e8b\u8981\u8bf4\u4ec0\u4e48\uff0c\u5f97\u6709\u8010\u5fc3\u53bb\u8bfb"}, {"userName": "\u20ac\u5be1", "userReviewDate": "2018-03-02", "userURL": "http://user.17k.com/58278203", "userReview": "<span style='color:blue'>\u597d\u770b\uff0c\u5927\u5927\u6709\u65b0\u4e66\u5417\uff1f &nbsp;</span>"}, {"userName": "A\u725b\u9b54\u738b", "userReviewDate": "2018-03-02", "userURL": "http://user.17k.com/56738425", "userReview": "\u597d\u4e66\u9700\u8981\u63a8\u5e7f\uff0c\u6b63\u80fd\u91cf!2018\u63a8\u8350\u4e00\u672c\u597d\u770b\u7684\u4e66<a target='_blank' href='http://www.17k.com/book/2551937.html'>\u300a\u8d85\u65b0\u4eba\u300b</a>\uff0c\u60ca\u9669\u523a\u6fc0\uff0c\u6d6a\u6f2b\u6ee1\u5c4b\uff0c\u70ed\u8840\u683c\u6597\uff0c\u751f\u6b7b\u7231\u604b\uff0c\u6696\u6627\u4e0d\u65ad\uff0c\u5929\u5929\u66f4\u65b0\uff0c\u8bf7\u591a\u5173\u7167\uff0c\u6765\u4e2a\u6536\u85cf\u554a!\uff0c\u70b9\u51fb\u4e66\u540d\u5c31\u53ef\u4ee5\u770b\u5230\u4e66\u4e86\u3002"}, {"userName": "\u6de1\u7b11\u770b\u4eba\u751f", "userReviewDate": "2018-03-01", "userURL": "http://user.17k.com/45473276", "userReview": "<a target='_blank' href='http://www.17k.com/book/1728734.html'>\u300a\u8d5a\u94b1\u8bb0\u300b</a>\u795d\u5927\u5927\u4f5c\u54c1\u52c7\u6500\u66f4\u9ad8\u5c71\u5cf0\u3002"}], "description": "\u5df2\u6539\u7f16\u6210\u540c\u540d\u7535\u89c6\u5267\u300a\u4e00\u8def\u7e41\u82b1\u76f8\u9001\u300b\uff0c\u7531\u949f\u6c49\u826f\u3001\u6c5f\u758f\u5f71\u3001\u708e\u4e9a\u7eb6\u3001\u674e\u665f\u9886\u8854\u4e3b\u6f14\u3002\u4ece\u5979\u7b2c\u4e00\u6b21\u543b\u4e0a\u4ed6\u7684\u5507\uff0c\u6d41\u5e74\u5077\u6362\uff0c\u7269\u662f\u4eba\u975e\uff0c\u4e00\u5207\u90fd\u5df2\u4e0d\u590d\u5f53\u521d\u3002\u4ed6\u5b8c\u5168\u4e0d\u66fe\u60f3\u5230\uff0c\u8fd9\u4e00\u522b\u5c31\u662f\u4e03\u5e74\u3002\u90a3\u4e2a\u6709\u4e9b\u4e0d\u7f81\u7684\u4efb\u6027\u5c11\u5973\u5982\u4eca\u5df2\u7ecf\u5b66\u4f1a\u4e86\u4e0e\u8fd9\u4e2a\u4e16\u754c\u6240\u6709\u7684\u4e0d\u5982\u610f\u548c\u5e73\u76f8\u5904\uff0c\u53ea\u6709\u4ed6\u77e5\u9053\u8fd9\u4e2a\u8fc7\u7a0b\u6709\u591a\u8270\u96be\u3002\u7e41\u82b1\u6d88\u901d\uff0c\u5c11\u5e74\u4f1a\u8001\uff0c\u7231\u5374\u4e0d\u4f1a\u3002\u6ca1\u6709\u4e00\u4e2a\u56de\u5fc6\u5e94\u8be5\u6c38\u8fdc\u76d8\u6853\u4e0d\u53bb\uff0c\u53ea\u662f\u9664\u4e86\u5979\u2026\u2026\u4f60\u7231\u5f97\u8086\u610f\u52c7\u6562\uff0c\u6211\u5b66\u7740\u54ed\u7b11\u968f\u884c\u3002\u76f8\u604b\u76f4\u5230\u767d\u5934\uff0c\u4e00\u8def\u7e41\u82b1\u76f8\u9001\u3002", "title": "\u4e00\u8def\u7e41\u82b1\u76f8\u9001", "url": "http://www.17k.com/book/2485377.html", "average": -1.0, "cover": "http://img.17k.com/images/bookcover/2017/12426/62/2485377-1493975731000.jpg", "reviews": 4605036, "authors": [{"url": "http://www.17k.com/zuozhe/3655827", "name": "\u9752\u886b\u843d\u62d3"}], "type": ["\u5a5a\u604b\u7231\u60c5"], "outlinks": ["http://www.17k.com/book/2794982.html", "http://www.17k.com/book/2801292.html", "http://www.17k.com/book/2816318.html", "http://www.17k.com/book/2797575.html", "http://www.17k.com/book/2802516.html", "http://www.17k.com/book/2812195.html", "http://www.17k.com/book/2820143.html", "http://www.17k.com/book/2807943.html", "http://www.17k.com/book/2813457.html", "http://www.17k.com/book/2798058.html", "http://www.17k.com/book/2815617.html", "http://www.17k.com/book/2805259.html", "http://www.17k.com/book/2760255.html", "http://www.17k.com/book/2686894.html", "http://www.17k.com/book/2797016.html", "http://www.17k.com/book/2767246.html", "http://www.17k.com/book/2764239.html", "http://www.17k.com/book/2754498.html", "http://www.17k.com/book/2754900.html", "http://www.17k.com/book/2625740.html", "http://www.17k.com/book/2213315.html", "http://www.17k.com/book/2402178.html", "http://www.17k.com/book/2691221.html", "http://www.17k.com/book/2210699.html", "http://www.17k.com/book/1797752.html", "http://www.17k.com/book/2575507.html", "http://www.17k.com/book/2705181.html", "http://www.17k.com/book/2702539.html", "http://www.17k.com/book/2474887.html", "http://www.17k.com/book/2674733.html", "http://www.17k.com/book/2822076.html", "http://www.17k.com/book/2809894.html", "http://www.17k.com/book/2822077.html", "http://www.17k.com/book/2811930.html", "http://www.17k.com/book/2815548.html", "http://www.17k.com/book/2819620.html", "http://www.17k.com/book/2809964.html", "http://www.17k.com/book/2808200.html", "http://www.17k.com/book/2820100.html", "http://www.17k.com/book/2822978.html", "http://www.17k.com/book/2804337.html", "http://www.17k.com/book/2798814.html", "http://www.17k.com/book/2785153.html", "http://www.17k.com/book/2731559.html", "http://www.17k.com/book/2722533.html", "http://www.17k.com/book/2458377.html", "http://www.17k.com/book/2743300.html", "http://www.17k.com/book/973809.html", "http://www.17k.com/book/2651367.html", "http://www.17k.com/book/2726194.html", "http://www.17k.com/book/2790214.html", "http://www.17k.com/book/493239.html", "http://www.17k.com/book/108821.html", "http://www.17k.com/book/1398783.html", "http://www.17k.com/book/83528.html", "http://www.17k.com/book/1859126.html", "http://www.17k.com/book/1741975.html", "http://www.17k.com/book/192453.html", "http://www.17k.com/book/2459058.html", "http://www.17k.com/book/1050747.html", "http://www.17k.com/book/2700315.html", "http://www.17k.com/book/2818940.html", "http://www.17k.com/book/2819519.html", "http://www.17k.com/book/2816390.html", "http://www.17k.com/book/2819588.html", "http://www.17k.com/book/2813768.html", "http://www.17k.com/book/2822406.html", "http://www.17k.com/book/2772164.html", "http://www.17k.com/book/2784023.html", "http://www.17k.com/book/2811877.html", "http://www.17k.com/book/2809119.html", "http://www.17k.com/book/2803700.html", "http://www.17k.com/book/2819561.html", "http://www.17k.com/book/2746506.html", "http://www.17k.com/book/2811836.html", "http://www.17k.com/book/2614810.html", "http://www.17k.com/book/1592435.html", "http://www.17k.com/book/1949748.html", "http://www.17k.com/book/2265802.html", "http://www.17k.com/book/2743240.html", "http://www.17k.com/book/2657437.html", "http://www.17k.com/book/2644502.html", "http://www.17k.com/book/2199900.html", "http://www.17k.com/book/2725436.html", "http://www.17k.com/book/2629978.html"]}