{"ratings": -1, "userreviews": [], "description": "\u6e23\u7537\u5288\u817f\uff0c\u5c0f\u4e09\u8f6c\u6b63\uff0c\u7529\u5979\u4e00\u5f20\u5927\u7ea2\u8ba2\u5a5a\u8bf7\u67ec\uff0c\u5a76\u53ef\u5fcd\uff0c\u53d4\u4e0d\u53ef\u5fcd\uff01\u3000\u3000\u72e0\u5fc3\u5272\u8089\uff0c\u62db\u5951\u7ea6\u8001\u516c\u4e00\u679a\u3002\u3000\u3000\u5374\u4e0d\u60f3\u4e00\u9189\u4e4b\u4e0b\u7ed3\u9519\u4e86\u4eba\uff0c\u597d\u5427\uff0c\u53cd\u6b63\u662f\u4e2a\u7537\u4eba\u5c31\u884c\uff0c\u5979\u8ba4\u4e86\uff01\u3000\u3000\u67d0\u7537\u867d\u7136\u6ca1\u94b1\u6ca1\u52bf\uff0c\u6ca1\u8f66\u6ca1\u623f\uff0c\u6ca1\u7968\u5b50\uff0c\u4f46\u81f3\u5c11\u5e05\u5f97\u5929\u6012\u4eba\u6028\uff0c\u7529\u90a3\u6e23\u7537\u4e00\u767e\u96f6\u516b\u6761\u8857\uff0c\u5374\u4e1d\u6beb\u6ca1\u6709\u88ab\u5305\u517b\u7684\u81ea\u89c9\u610f\u8bc6\u3002\u3000\u3000\u5927\u53d4\uff0c\u641e\u6e05\u695a\u72b6\u51b5\u597d\u4e0d\uff0c\u5979\u624d\u662f\u82b1\u4e86\u94b1\u7684\u91d1\u4e3b\uff0c\u505a\u4e0d\u505a\uff0c\u5979\u8bf4\u4e86\u7b97\uff0c\u201c\u4e0d\u505a\uff01\u201d\u3000\u3000\u67d0\u7537\u6b3a\u8eab\u538b\u4e0b\uff0c\u201c\u8001\u5a46\uff0c\u4e0d\u662f\u4f60\u8bf4\u7684\u94b1\u90fd\u82b1\u4e86\uff0c\u591a\u505a\u4e00\u6b21\u8d5a\u4e00\u6b21\uff0c\u8001\u516c\u8fd9\u4e0d\u662f\u6015\u4f60\u5403\u4e8f\u561b\uff01\u201d\u3000\u3000\u201c\u8001\u516c\uff0c\u4f60\u4e0d\u662f\u6ca1\u5de5\u4f5c\u4e86\u5417\uff1f\u90a3\u8fd9\u5de5\u8d44\u5361\u4e0a\u7684\u94b1\u600e\u4e48\u6bcf\u5929\u90fd\u5f80\u4e0a\u6da8\uff1f\u201d\u3000\u3000\u201c\u6709\u94b1\u4f60\u5c31\u53ea\u7ba1\u82b1\uff0c\u90a3\u662f\u9884\u652f\u7684\u9000\u4f11\u517b\u8001\u91d1\uff0c\u6240\u4ee5\u8001\u5a46\uff0c\u4ee5\u540e\u8001\u4e86\u4f60\u53ef\u8981\u517b\u6211\u3002\u201d\u3000\u3000\u201c\u8001\u516c\u201d\u67d0\u5973\u772f\u773c\u574f\u7b11\u5bf9\u67d0\u7537\u52fe\u624b\uff0c\u201c\u4eca\u4e00\u767d\u5bcc\u7f8e\uff0c\u7529\u4e86\u6211\u4e00\u5343\u4e07\u652f\u7968\uff0c\u8ba9\u6211\u548c\u4eac\u90fd\u9996\u5bcc\u97e9\u5bb6\u4e09\u5c11\u79bb\u5a5a\uff0c\u6211\u600e\u4e48\u4e0d\u77e5\u9053\u81ea\u5df1\u4ec0\u4e48\u65f6\u5019\u548c\u8fd9\u4ec0\u4e48\u4e09\u5c11\u7ed3\u5a5a\u4e86\uff1f\u201d\u3000\u3000\u201c\u54e6\uff1f\u90a3\u4f60\u5e94\u8be5\u8ba9\u5979\u53bb\u770b\u770b\u773c\u775b\uff0c\u4f60\u8001\u516c\u6211\u53ef\u6bd4\u90a3\u4e09\u5c11\u5e05\u591a\u4e86\uff01\u201d", "title": "\u4e00\u9189\u6210\u5a5a\uff1a\u9519\u60f9\u51b7\u60c5\u5927boss", "url": "http://www.17k.com/book/2691415.html", "average": -1.0, "cover": "http://img.17k.com/images/bookcover/partner/14/15/2691415/2691415.jpg", "reviews": 25535, "authors": [{"url": "http://www.17k.com/zuozhe/56805969", "name": "\u9738\u738b\u7199"}], "type": ["\u603b\u88c1\u8c6a\u95e8"], "outlinks": ["http://www.17k.com/book/2794982.html", "http://www.17k.com/book/2801292.html", "http://www.17k.com/book/2816318.html", "http://www.17k.com/book/2797575.html", "http://www.17k.com/book/2802516.html", "http://www.17k.com/book/2812195.html", "http://www.17k.com/book/2820143.html", "http://www.17k.com/book/2807943.html", "http://www.17k.com/book/2813457.html", "http://www.17k.com/book/2798058.html", "http://www.17k.com/book/2815617.html", "http://www.17k.com/book/2805259.html", "http://www.17k.com/book/2760255.html", "http://www.17k.com/book/2686894.html", "http://www.17k.com/book/2797016.html", "http://www.17k.com/book/2767246.html", "http://www.17k.com/book/2764239.html", "http://www.17k.com/book/2754498.html", "http://www.17k.com/book/2754900.html", "http://www.17k.com/book/2625740.html", "http://www.17k.com/book/2213315.html", "http://www.17k.com/book/2402178.html", "http://www.17k.com/book/2691221.html", "http://www.17k.com/book/2210699.html", "http://www.17k.com/book/1797752.html", "http://www.17k.com/book/2575507.html", "http://www.17k.com/book/2705181.html", "http://www.17k.com/book/2702539.html", "http://www.17k.com/book/2474887.html", "http://www.17k.com/book/2674733.html", "http://www.17k.com/book/2822076.html", "http://www.17k.com/book/2809894.html", "http://www.17k.com/book/2822077.html", "http://www.17k.com/book/2811930.html", "http://www.17k.com/book/2815548.html", "http://www.17k.com/book/2819620.html", "http://www.17k.com/book/2809964.html", "http://www.17k.com/book/2808200.html", "http://www.17k.com/book/2820100.html", "http://www.17k.com/book/2822978.html", "http://www.17k.com/book/2804337.html", "http://www.17k.com/book/2798814.html", "http://www.17k.com/book/2785153.html", "http://www.17k.com/book/2731559.html", "http://www.17k.com/book/2722533.html", "http://www.17k.com/book/2458377.html", "http://www.17k.com/book/2743300.html", "http://www.17k.com/book/973809.html", "http://www.17k.com/book/2651367.html", "http://www.17k.com/book/2726194.html", "http://www.17k.com/book/2790214.html", "http://www.17k.com/book/493239.html", "http://www.17k.com/book/108821.html", "http://www.17k.com/book/1398783.html", "http://www.17k.com/book/83528.html", "http://www.17k.com/book/1859126.html", "http://www.17k.com/book/1741975.html", "http://www.17k.com/book/192453.html", "http://www.17k.com/book/2459058.html", "http://www.17k.com/book/1050747.html", "http://www.17k.com/book/2700315.html", "http://www.17k.com/book/2818940.html", "http://www.17k.com/book/2819519.html", "http://www.17k.com/book/2816390.html", "http://www.17k.com/book/2819588.html", "http://www.17k.com/book/2813768.html", "http://www.17k.com/book/2822406.html", "http://www.17k.com/book/2772164.html", "http://www.17k.com/book/2784023.html", "http://www.17k.com/book/2811877.html", "http://www.17k.com/book/2809119.html", "http://www.17k.com/book/2803700.html", "http://www.17k.com/book/2819561.html", "http://www.17k.com/book/2746506.html", "http://www.17k.com/book/2811836.html", "http://www.17k.com/book/2614810.html", "http://www.17k.com/book/1592435.html", "http://www.17k.com/book/1949748.html", "http://www.17k.com/book/2265802.html", "http://www.17k.com/book/2743240.html", "http://www.17k.com/book/2657437.html", "http://www.17k.com/book/2644502.html", "http://www.17k.com/book/2199900.html", "http://www.17k.com/book/2725436.html", "http://www.17k.com/book/2629978.html"]}