{"ratings": -1, "userreviews": [{"userName": "\u4e94\u5473\u4eba\u751f239473982", "userReviewDate": "2018-06-02", "userURL": "http://user.17k.com/61173367", "userReview": "\u6b22\u8fce\u5404\u4f4d\u4eb2\u52a0\u5165\u6211\u7684qq\uff0c\u8bc4\u8bba\u6307\u5bfc\uff0c\u6211\u7684qq\u53f7\u7801239473982"}, {"userName": "17k\u4e66\u53cbonfhm296q", "userReviewDate": "2018-05-13", "userURL": "http://user.17k.com/61763700", "userReview": "[\u6253\u8d4f]\u6211\u6253\u8d4f\u4e862\u5143\u7ea2\u5305\uff01\uff01"}], "description": "\u4e09\u6d41\u7f16\u8f91\u5415\u5982\u751f\u5916\u51fa\u91c7\u98ce\uff0c\u591c\u5bbf\u5e9f\u56ed\uff0c\u5076\u9047\u4e00\u4e2a\u53eb\u82b1\u5996\u7684\u795e\u79d8\u5973\u4eba\uff0c\u7559\u5bbf\u5415\u5982\u751f\u4e5d\u591c\uff0c\u4e5d\u4e2a\u795e\u79d8\u5973\u5b50\uff0c\u76f8\u7ee7\u51fa\u73b0\uff0c\u4f34\u4ed6\u8d70\u8fc7\u4e5d\u6bb5\u4e0d\u540c\u7684\u7cbe\u5f69\u4eba\u751f\u3002\u6c89\u6eba\u7ea2\u5c18\uff0c\u51b7\u773c\u89c2\u4eba\uff0c\u8eab\u5728\u5176\u4e2d\uff0c\u65e0\u5173\u98ce\u6708\u3002\u3000\u3000\u7b2c\u4e00\u591c------\u3000\u3000\u90a3\u4e2a\u82b1\u6837\u5973\u5b50\u56e0\u4e3a\u4ed6\u7684\u8ff7\u604b\uff0c\u6c38\u8fdc\u7684\u79bb\u5f00\u4e86\u3002\u3000\u3000\u5a18\u4eb2\u56e0\u4e3a\u5bf9\u4ed6\u7684\u7231\uff0c\u4e3a\u4ed6\u8fce\u5a36\u4e86\u7b2c\u4e8c\u5177\u51b0\u51b7\u7684\u5c38\u4f53\u3002\u3000\u3000\u4ed6\u7684\u7236\u4eb2\u5374\u56e0\u4e3a\u5bf9\u4ed6\u5207\u9f7f\u7684\u6068\uff0c\u4e3a\u4ed6\u5b9a\u4eb2\u9762\u82e5\u592d\u6843\u7684\u7eaa\u7b2c\u82b1\u3002", "title": "\u4e00\u9a91\u6e05\u5c18\u5982\u971e\u70df", "url": "http://www.17k.com/book/2814749.html", "average": -1.0, "cover": "http://img.17k.com/images/bookcover/default_cover1.jpg", "reviews": 1917, "authors": [{"url": "http://www.17k.com/zuozhe/61173367", "name": "\u4e00\u9a91\u6e05\u5c18"}], "type": ["\u90fd\u5e02\u91cd\u751f"], "outlinks": ["http://www.17k.com/book/2794982.html", "http://www.17k.com/book/2801292.html", "http://www.17k.com/book/2816318.html", "http://www.17k.com/book/2797575.html", "http://www.17k.com/book/2802516.html", "http://www.17k.com/book/2812195.html", "http://www.17k.com/book/2820143.html", "http://www.17k.com/book/2807943.html", "http://www.17k.com/book/2813457.html", "http://www.17k.com/book/2798058.html", "http://www.17k.com/book/2815617.html", "http://www.17k.com/book/2805259.html", "http://www.17k.com/book/2760255.html", "http://www.17k.com/book/2686894.html", "http://www.17k.com/book/2797016.html", "http://www.17k.com/book/2767246.html", "http://www.17k.com/book/2764239.html", "http://www.17k.com/book/2754498.html", "http://www.17k.com/book/2754900.html", "http://www.17k.com/book/2625740.html", "http://www.17k.com/book/2213315.html", "http://www.17k.com/book/2402178.html", "http://www.17k.com/book/2691221.html", "http://www.17k.com/book/2210699.html", "http://www.17k.com/book/1797752.html", "http://www.17k.com/book/2575507.html", "http://www.17k.com/book/2705181.html", "http://www.17k.com/book/2702539.html", "http://www.17k.com/book/2474887.html", "http://www.17k.com/book/2674733.html", "http://www.17k.com/book/2822076.html", "http://www.17k.com/book/2809894.html", "http://www.17k.com/book/2822077.html", "http://www.17k.com/book/2811930.html", "http://www.17k.com/book/2815548.html", "http://www.17k.com/book/2819620.html", "http://www.17k.com/book/2809964.html", "http://www.17k.com/book/2808200.html", "http://www.17k.com/book/2820100.html", "http://www.17k.com/book/2822978.html", "http://www.17k.com/book/2804337.html", "http://www.17k.com/book/2798814.html", "http://www.17k.com/book/2785153.html", "http://www.17k.com/book/2731559.html", "http://www.17k.com/book/2722533.html", "http://www.17k.com/book/2458377.html", "http://www.17k.com/book/2743300.html", "http://www.17k.com/book/973809.html", "http://www.17k.com/book/2651367.html", "http://www.17k.com/book/2726194.html", "http://www.17k.com/book/2790214.html", "http://www.17k.com/book/493239.html", "http://www.17k.com/book/108821.html", "http://www.17k.com/book/1398783.html", "http://www.17k.com/book/83528.html", "http://www.17k.com/book/1859126.html", "http://www.17k.com/book/1741975.html", "http://www.17k.com/book/192453.html", "http://www.17k.com/book/2459058.html", "http://www.17k.com/book/1050747.html", "http://www.17k.com/book/2700315.html", "http://www.17k.com/book/2818940.html", "http://www.17k.com/book/2819519.html", "http://www.17k.com/book/2816390.html", "http://www.17k.com/book/2819588.html", "http://www.17k.com/book/2813768.html", "http://www.17k.com/book/2822406.html", "http://www.17k.com/book/2772164.html", "http://www.17k.com/book/2784023.html", "http://www.17k.com/book/2811877.html", "http://www.17k.com/book/2809119.html", "http://www.17k.com/book/2803700.html", "http://www.17k.com/book/2819561.html", "http://www.17k.com/book/2746506.html", "http://www.17k.com/book/2811836.html", "http://www.17k.com/book/2614810.html", "http://www.17k.com/book/1592435.html", "http://www.17k.com/book/1949748.html", "http://www.17k.com/book/2265802.html", "http://www.17k.com/book/2743240.html", "http://www.17k.com/book/2657437.html", "http://www.17k.com/book/2644502.html", "http://www.17k.com/book/2199900.html", "http://www.17k.com/book/2725436.html", "http://www.17k.com/book/2629978.html"]}