{"ratings": -1, "userreviews": [{"userName": "\u4e28\u5151\u4e28", "userReviewDate": "2015-01-29", "userURL": "http://user.17k.com/4985000", "userReview": "\u540c\u4e3a\u68a6\u60f3\uff0c\u627f\u8f7d\u4e0d\u540c\uff0c\u5fc5\u6709\u53d6\u820d\uff01\u6682\u65f6\u505c\u7b14\uff0c\u6b49\u610f\u975e\u5e38\uff01\uff01\uff01"}, {"userName": "\u9ec4\u74dc\u7684\u5bbf\u547d", "userReviewDate": "2018-02-09", "userURL": "http://user.17k.com/53195742", "userReview": "<a target='_blank' href='http://www.17k.com/book/2377865.html'>\u300a\u81f3\u9738\u82cd\u751f\u8bc0\u300b</a>\u6765\u8bbf\uff0c\u6c42\u652f\u6301\u6c42\u6269\u6563\uff0c\u87f9\u87f9\u3002"}, {"userName": "\u5ca9\u6cca", "userReviewDate": "2018-01-05", "userURL": "http://user.17k.com/52703967", "userReview": "\u5199\u7684\u771f\u597d\uff0c\u529b\u633a\u5927\u5927\u65e9\u65e5\u6210\u795e\u3002\u5ca9\u6cca\u643a<a target='_blank' href='http://www.17k.com/book/2388836.html'>\u300a\u7fa3\u4ed9\u9b54\u5f71\u300b</a><a target='_blank' href='http://www.17k.com/book/2347646.html'>\u300a\u7f8e\u4e3d\u65e0\u754c\u300b</a>\u6765\u8bbf\uff0c\u671b\u5927\u5927\u4eec\u524d\u53bb\u6e9c\u8fbe\u4e00\u5708\uff0c\u559c\u6b22\u5c31\u6536\u85cf\u4e00\u4e0b\uff0c\u5c0f\u5ca9\u611f\u8c22\u60a8\u7684\u5927\u9a7e\u5149\u4e34\uff01"}, {"userName": "\u6587\u6b66\u4e0d\u51e1", "userReviewDate": "2017-10-07", "userURL": "http://user.17k.com/57258208", "userReview": "<a target='_blank' href='http://www.17k.com/book/2650786.html'>\u300a\u6597\u7834\u9b54\u4ed9\u754c\u300b</a>\u5e26\u4f60\u4eec\u8fdb\u5165\u4e00\u4e2a\u5168\u65b0\u7684\u9b54\u4ed9\u4e16\u754c\uff0c\u9b54\u4ed9\u5f3a\u8005\u5982\u4e91\uff0c\u9b54\u4ed9\u6cd5\u5b9d\u6570\u4e0d\u80dc\u6570\u3002"}, {"userName": "\u9189\u68a6\u4e00\u66f2", "userReviewDate": "2016-11-06", "userURL": "http://user.17k.com/45503706", "userReview": "\u9001\u82b1\u6765\u4e86<a target='_blank' href='http://www.17k.com/book/1971220.html'>\u300a\u5723\u9053\u533b\u795e\u300b</a>"}, {"userName": "\u6d1b\u5c14\u6587", "userReviewDate": "2016-08-26", "userURL": "http://user.17k.com/49198265", "userReview": "\u559c\u6b22\u6b64\u4e66\u7684\uff0c\u53ef\u4ee5\u770b\u770b<a target='_blank' href='http://www.17k.com/book/2090825.html'>\u300a\u8f6e\u56de\u5e7b\u300b</a>\u8c22\u8c22\u4f60\u7684\u6765\u8bbf"}, {"userName": "\u4e00\u6735\u83dc", "userReviewDate": "2016-01-24", "userURL": "http://user.17k.com/37389786", "userReview": "<a target='_blank' href='http://www.17k.com/book/1409047.html'>\u300a\u6d1b\u8a00\u4f50\u300b</a><a target='_blank' href='http://www.17k.com/book/1045490.html'>\u300a\u6211\u548c\u9ca8\u9c7c\u7684\u7ea6\u5b9a\u300b</a>\u6765\u62dc\u8bbf\u5927\u5927\uff0c\u4e48\u4e48\u54d2"}, {"userName": "\u4e22\u4e22\u4eba\u513f", "userReviewDate": "2015-11-17", "userURL": "http://user.17k.com/43082234", "userReview": "\u4f5c\u8005\u541b\u6587\u7b14\u592a\u68d2\u4e86\u3002\u643a\u4e66<a target='_blank' href='http://www.17k.com/book/1419031.html'>\u300a\u5728\u4f60\u8bf4\u7684\u5929\u957f\u5730\u4e45\u91cc\u300b</a>\u524d\u6765\u62dc\u8bbf\u5b66\u4e60~~"}, {"userName": "\u53cc\u4e4b\u66ae\u6668", "userReviewDate": "2015-11-09", "userURL": "http://user.17k.com/38580484", "userReview": "<a target='_blank' href='http://www.17k.com/book/1185685.html'>\u300a\u4ed9\u8005\u6e05\u98ce\u300b</a>\u6765\u8bbf"}, {"userName": "\u4f46\u613f\u65e0\u6127", "userReviewDate": "2015-10-15", "userURL": "http://user.17k.com/32845976", "userReview": "\u8fd8\u4f1a\u56de\u6765\u5417\uff1f"}, {"userName": "\u8001\u5a46\u7ed9\u6211\u51b2\u9e21\u86cb", "userReviewDate": "2015-10-11", "userURL": "http://user.17k.com/35229551", "userReview": "\u5927\u4f5c\u65e9\u5c31\u6536\u85cf\u62dc\u8bfb\u3002\u7b49\u5f85\u5927\u795e\u5f52\u4f4d\uff0c\u501f\u5b9d\u5730\u7559\u4e2a\u811a\u5370\uff0c<a target='_blank' href='http://www.17k.com/book/944460.html'>\u300a\u4e5d\u6b7b\u75af\u9b54\u300b</a>\u6b22\u8fce\u5404\u4f4d\u6765\u8bbf\uff01"}, {"userName": "\u4e94\u5473\u9f50\u5168", "userReviewDate": "2015-08-21", "userURL": "http://user.17k.com/37729267", "userReview": "\u55ef \u559c\u6b22\u8bd7\u8bcd \u6709\u8bd7\u8bcd\u8005\uff0c\u5c82\u6709\u65e0\u652f\u6301\u4e4b\u9053\u7406\u516e~~~"}, {"userName": "\u7fbd\u7fbd\u7fbd\u795e", "userReviewDate": "2015-06-16", "userURL": "http://user.17k.com/40735439", "userReview": "\u6700\u723d\u4ed9\u4fa0\u6587<a target='_blank' href='http://www.17k.com/book/1239963.html'>\u300a\u795e\u7fbd\u7eaa\u300b</a>\u6765\u8bbf\uff0c\u6c42\u8d35\u5bbe"}, {"userName": "\u4e66\u53cb1815454015", "userReviewDate": "2015-06-14", "userURL": "http://user.17k.com/38937980", "userReview": "\u4e3a\u5927\u5bb6\u63a8\u8350\u4e00\u672c\u7384\u5e7b\u597d\u4e66<a target='_blank' href='http://www.17k.com/book/1215877.html'>\u300a\u8840\u9f99\u6b66\u795e\u300b</a>\uff0c\u4e0d\u4e00\u6837\u7684\u98ce\u683c\uff0c\u4e0d\u4e00\u6837\u7684\u70ed\u8840\u3002\u6c42\u6536\u85cf\uff0c\u52a0\u5165\u4e66\u67b6\uff0c\u6253\u8d4f\uff0c"}, {"userName": "\u7206\u5f39\u5927\u5e08", "userReviewDate": "2015-06-06", "userURL": "http://user.17k.com/40750252", "userReview": "\u6162\u70ed\u7684\u4f5c\u54c1\u90fd\u662f\u975e\u5e38\u7cbe\u5f69\u7684\u3002\u652f\u6301\u5927\u5927\u7684\u521b\u4f5c\u3002 <a target='_blank' href='http://user.17k.com/40750252'>@\u7206\u5f39\u5927\u5e08</a> \u643a\u65b0\u4f5c<a target='_blank' href='http://www.17k.com/book/1241878.html'>\u300a\u8d85\u8d8a\u65b0\u4e16\u754c\u300b</a>\u5165\u9a7b17K\uff0c\u8fd8\u671b\u8001\u5e08\u80fd\u56de\u8bbf\u6307\u70b9\u4e00\u4e8c\uff0c\u539a\u989c\u6c42\u4e0b\u9c9c\u82b1\u63a8\u8350\uff0c\u4e0d\u80dc\u611f\u6fc0"}, {"userName": "\u82cf\u5357\u9640", "userReviewDate": "2015-06-04", "userURL": "http://user.17k.com/38753833", "userReview": "<span style='color:green'>\u5996\u4e4b\u5927\u8005\uff0c\u541e\u5929\u98df\u5730\u3002\u4e00\u7247\u68ee\u6797\u3001\u4e00\u6761\u5c71\u8109\u3001\u4e00\u7247\u6c99\u6f20\u7686\u53ef\u6210\u7cbe\uff0c\u6210\u5c31\u5c71\u6d77\u5927\u5996\u3002\u5feb\u6765\u968f<a target='_blank' href='http://www.17k.com/book/1189329.html'>\u300a\u5c71\u6d77\u4ee4\u300b</a>\u4e00\u8d77\u8d70\u8fc7\u65e0\u5c3d\u5c71\u6d77\uff0c\u76ee\u7779\u9a6e\u7740\u4e00\u53ea\u56fd\u5bb6\u7684\u5de8\u9f9f\u3001\u8179\u4e2d\u85cf\u6709\u4e00\u4e2a\u754c\u9762\u7684\u8703\u9f99\u3001\u6210\u4e86\u7cbe\u7684\u6c99\u6f20\u3001\u901a\u4e86\u7075\u7684\u68ee\u6797\u3001\u6709\u4e86\u610f\u8bc6\u7684\u5927\u6d77\u3002\u4e0e\u4e3b\u89d2\u4e00\u8d77\u70f9\u9f99\u716e\u51e4\uff0c\u5c60\u4ed9\u5f11\u795e\uff0c\u53f7\u4ee4\u5c71\u6d77\u5427\u3002</span>"}, {"userName": "\u7b14\u540d\u53f7", "userReviewDate": "2015-05-24", "userURL": "http://user.17k.com/34294378", "userReview": "<a target='_blank' href='http://www.17k.com/book/1215877.html'>\u300a\u8840\u9f99\u6b66\u795e\u300b</a>\u524d\u6765\u62dc\u8bbf\uff0c\u5927\u5927\u7684\u6587\u6587\u7b80\u76f4\u662f\u795e\u6765\u4e4b\u7b14\uff0c\u4eba\u7269\u523b\u753b\u6829\u6829\u5982\u751f\uff0c\u52a0\u6cb9\u66f4\u65b0\uff0c\u6210\u5c31\u4e00\u4ee3\u65b0\u795e\uff01\u8fd8\u671b\u5927\u5927\u56de\u8bbf\uff0c\u6307\u5bfc\uff0c\u6536\u85cf\uff0c\u6253\u8d4f\u82b1\u82b1"}, {"userName": "\u695a\u5f66\u672a", "userReviewDate": "2015-05-14", "userURL": "http://user.17k.com/39866021", "userReview": "\u65b0\u4eba\u643a\u65b0\u4e66<a target='_blank' href='http://www.17k.com/book/1231514.html'>\u300a\u543e\u4e3a\u6c5d\u5251\u300b</a>\uff0c\u6c42\u6536\u85cf\uff0c\u6c42\u70b9\u51fb\uff0c\u6709\u7a7a\u7684\u670b\u53cb\u53ef\u4ee5\u770b\u4e00\u770b\u3002 http://www.17k.com/book/1231514.html \uff08\u4f5c\u8005\u5927\u5927\uff0c\u4e0d\u597d\u610f\u601d\uff0c\u6253\u4e2a\u5e7f\u544a\uff0c\u5982\u82e5\u4e0d\u559c\u8bf7\u5220\u9664\uff0c\u6253\u6270\u4e86\uff09.."}, {"userName": "\u4e66\u53cb1815454015", "userReviewDate": "2015-05-14", "userURL": "http://user.17k.com/38937980", "userReview": "<a target='_blank' href='http://www.17k.com/book/1215877.html'>\u300a\u8840\u9f99\u6b66\u795e\u300b</a>\u7384\u5e7b\u5c0f\u8bf4\uff0c\u524d\u6765\u62dc\u8bbf\uff0c\u6c42\u5927\u5927\u6536\u85cf\uff0c\u6253\u8d4f\uff0c"}, {"userName": "\u846c\u7231\u5f11\u60c5", "userReviewDate": "2015-05-03", "userURL": "http://user.17k.com/32304898", "userReview": "\u5c0f\u5e7f\u544a\u6536\u85cf\u9001\u4e0a\u6c42\u6536\u85cf \u65b0\u4eba\u65b0\u4e66 \u591a\u591a\u6307\u6559 \u611f\u6fc0\u4e0d\u5c3d \u846c\u5929\u4ed9\u9014 0.0"}], "description": "\u4fee\u9053\u4e8e\u8eab\u6218\u4e5d\u7687\uff0c\u4e60\u672f\u4e0e\u5df1\u6597\u90aa\u8292\uff1b\u3000\u3000\u5f85\u5f97\u7f18\u9645\u98ce\u4e91\u8d77\uff0c\u643a\u4f17\u91cd\u56de\u7834\u6d2a\u8352\u3002\u3000\u3000\u2014\u2014\u2014\u2014\u2014\u2014\u2014\u2014\u2014\u2014\u2014\u2014\u2014\u2014\u3000\u3000\u4eb2\u60c5\u7231\u60c5\u53cb\u60c5\u2026\u8d23\u4efb\u4eb2\u4efb\u4fe1\u4efb\u2026\u3000\u3000\u2014\u2014\u2014\u2014\u2014\u2014\u2014\u2014\u2014\u2014\u2014\u2014\u2014\u2014\u3000\u3000\u6df7\u6c8c\u521d\u5f00\u65e5\u6708\u73b0\uff0c\u9e3f\u8499\u59cb\u7834\u6e05\u6d4a\u8fa9\uff1b\u3000\u3000\u5143\u51e4\u7956\u9f99\u59cb\u9e92\u9e9f\uff0c\u4e09\u65cf\u5171\u53d1\u6d2a\u8352\u96be\u3002\u3000\u3000\u542b\u7b11\u5c01\u5370\u507f\u9668\u843d\uff0c\u5929\u5c0a\u6b62\u52ab\u4e8e\u9f99\u6c49\uff1b\u3000\u3000\u5343\u53e4\u4ec7\u6068\u4e07\u4e16\u6069\uff0c\u4e03\u51e4\u4e5d\u51f0\u5f00\u65b0\u7bc7\u3002\u3000\u3000\u2014\u2014\u2014\u2014\u2014\u2014\u2014\u2014\u2014\u2014\u2014\u2014\u2014\u2014\u3000\u3000\u3010\u6b64\u4e66\u6162\u70ed\uff0c\u6e10\u5165\u4f73\u5883\u3011", "title": "\u4e03\u51e4\u4e5d\u51f0", "url": "http://www.17k.com/book/878654.html", "average": -1.0, "cover": "http://img.17k.com/images/bookcover/2014/4393/21/878654-1405245425000.jpg", "reviews": 1105212, "authors": [{"url": "http://www.17k.com/zuozhe/4985000", "name": "\u7d2b\u4e39\u5c45"}], "type": ["\u6d2a\u8352\u5c01\u795e"], "outlinks": ["http://www.17k.com/book/2794982.html", "http://www.17k.com/book/2801292.html", "http://www.17k.com/book/2816318.html", "http://www.17k.com/book/2797575.html", "http://www.17k.com/book/2802516.html", "http://www.17k.com/book/2812195.html", "http://www.17k.com/book/2820143.html", "http://www.17k.com/book/2807943.html", "http://www.17k.com/book/2813457.html", "http://www.17k.com/book/2798058.html", "http://www.17k.com/book/2815617.html", "http://www.17k.com/book/2805259.html", "http://www.17k.com/book/2760255.html", "http://www.17k.com/book/2686894.html", "http://www.17k.com/book/2797016.html", "http://www.17k.com/book/2767246.html", "http://www.17k.com/book/2764239.html", "http://www.17k.com/book/2754498.html", "http://www.17k.com/book/2754900.html", "http://www.17k.com/book/2625740.html", "http://www.17k.com/book/2213315.html", "http://www.17k.com/book/2402178.html", "http://www.17k.com/book/2691221.html", "http://www.17k.com/book/2210699.html", "http://www.17k.com/book/1797752.html", "http://www.17k.com/book/2575507.html", "http://www.17k.com/book/2705181.html", "http://www.17k.com/book/2702539.html", "http://www.17k.com/book/2474887.html", "http://www.17k.com/book/2674733.html", "http://www.17k.com/book/2822076.html", "http://www.17k.com/book/2809894.html", "http://www.17k.com/book/2822077.html", "http://www.17k.com/book/2811930.html", "http://www.17k.com/book/2815548.html", "http://www.17k.com/book/2819620.html", "http://www.17k.com/book/2809964.html", "http://www.17k.com/book/2808200.html", "http://www.17k.com/book/2820100.html", "http://www.17k.com/book/2822978.html", "http://www.17k.com/book/2804337.html", "http://www.17k.com/book/2798814.html", "http://www.17k.com/book/2785153.html", "http://www.17k.com/book/2731559.html", "http://www.17k.com/book/2722533.html", "http://www.17k.com/book/2458377.html", "http://www.17k.com/book/2743300.html", "http://www.17k.com/book/973809.html", "http://www.17k.com/book/2651367.html", "http://www.17k.com/book/2726194.html", "http://www.17k.com/book/2790214.html", "http://www.17k.com/book/493239.html", "http://www.17k.com/book/108821.html", "http://www.17k.com/book/1398783.html", "http://www.17k.com/book/83528.html", "http://www.17k.com/book/1859126.html", "http://www.17k.com/book/1741975.html", "http://www.17k.com/book/192453.html", "http://www.17k.com/book/2459058.html", "http://www.17k.com/book/1050747.html", "http://www.17k.com/book/2700315.html", "http://www.17k.com/book/2818940.html", "http://www.17k.com/book/2819519.html", "http://www.17k.com/book/2816390.html", "http://www.17k.com/book/2819588.html", "http://www.17k.com/book/2813768.html", "http://www.17k.com/book/2822406.html", "http://www.17k.com/book/2772164.html", "http://www.17k.com/book/2784023.html", "http://www.17k.com/book/2811877.html", "http://www.17k.com/book/2809119.html", "http://www.17k.com/book/2803700.html", "http://www.17k.com/book/2819561.html", "http://www.17k.com/book/2746506.html", "http://www.17k.com/book/2811836.html", "http://www.17k.com/book/2614810.html", "http://www.17k.com/book/1592435.html", "http://www.17k.com/book/1949748.html", "http://www.17k.com/book/2265802.html", "http://www.17k.com/book/2743240.html", "http://www.17k.com/book/2657437.html", "http://www.17k.com/book/2644502.html", "http://www.17k.com/book/2199900.html", "http://www.17k.com/book/2725436.html", "http://www.17k.com/book/2629978.html"]}