{"ratings": -1, "userreviews": [{"userName": "\u832b\u832b\u7136\u540e", "userReviewDate": "2018-06-04", "userURL": "http://user.17k.com/62117150", "userReview": "\u52a0\u6cb9\u3001\u3001\u3001"}], "description": "\u4e09\u4e07\u516d\u5343\u5e74\u524d\uff0c\u8fd1\u53e4\u4e03\u5723\u4e8e\u4e24\u754c\u5c71\u98de\u5347\u5929\u754c\u4e4b\u540e\uff0c\u539f\u672c\u5e73\u5e73\u65e0\u5947\u7684\u4e24\u754c\u5c71\u8109\u5374\u5728\u4e00\u591c\u95f4\u51ed\u7a7a\u957f\u51fa\u4e03\u5ea7\u901a\u5929\u5de8\u5cf0\uff0c\u8fd9\u4e03\u5ea7\u5de8\u5cf0\u4e5f\u88ab\u540e\u4eba\u79f0\u4e3a\u4e03\u5723\u5c71\uff0c\u81ea\u6b64\u4e03\u5723\u5c71\u4e5f\u6210\u4e3a\u4e86\u4fee\u884c\u4e4b\u4eba\u7684\u671d\u5723\u4e4b\u5730\u3002\u800c\u5173\u4e8e\u4e03\u5723\u5c71\u51fa\u73b0\u7684\u539f\u56e0\u4fee\u884c\u754c\u4e5f\u662f\u4f17\u8bf4\u7eb7\u7ead\uff0c\u6709\u4eba\u8bf4\u4e03\u5723\u5c71\u662f\u4e03\u5723\u7559\u5728\u4e0b\u754c\u7684\u4f20\u627f\uff0c\u4ee5\u5f85\u6709\u7f18\u3002\u4e5f\u6709\u4eba\u8bf4\u4e03\u5723\u5c71\u662f\u4e03\u5723\u7684\u5316\u8eab\u6240\u73b0\uff0c\u5176\u76ee\u7684\u4fbf\u662f\u5b88\u62a4\u4eba\u95f4\uff0c\u4ee5\u9632\u90aa\u9b54\u5165\u4fb5\u3002\u8fd8\u6709\u4eba\u8bf4\u2026\u2026", "title": "\u4e03\u5723\u5c71", "url": "http://www.17k.com/book/2832456.html", "average": -1.0, "cover": "http://img.17k.com/images/bookcover/2018/14162/70/2832456-1528086768000.jpg", "reviews": 428, "authors": [{"url": "http://www.17k.com/zuozhe/62331019", "name": "\u53e4\u98ce\u672a\u5bd2"}], "type": ["\u4e1c\u65b9\u7384\u5e7b"], "outlinks": ["http://www.17k.com/book/2794982.html", "http://www.17k.com/book/2801292.html", "http://www.17k.com/book/2816318.html", "http://www.17k.com/book/2797575.html", "http://www.17k.com/book/2802516.html", "http://www.17k.com/book/2812195.html", "http://www.17k.com/book/2820143.html", "http://www.17k.com/book/2807943.html", "http://www.17k.com/book/2813457.html", "http://www.17k.com/book/2798058.html", "http://www.17k.com/book/2815617.html", "http://www.17k.com/book/2805259.html", "http://www.17k.com/book/2760255.html", "http://www.17k.com/book/2686894.html", "http://www.17k.com/book/2797016.html", "http://www.17k.com/book/2767246.html", "http://www.17k.com/book/2764239.html", "http://www.17k.com/book/2754498.html", "http://www.17k.com/book/2754900.html", "http://www.17k.com/book/2625740.html", "http://www.17k.com/book/2213315.html", "http://www.17k.com/book/2402178.html", "http://www.17k.com/book/2691221.html", "http://www.17k.com/book/2210699.html", "http://www.17k.com/book/1797752.html", "http://www.17k.com/book/2575507.html", "http://www.17k.com/book/2705181.html", "http://www.17k.com/book/2702539.html", "http://www.17k.com/book/2474887.html", "http://www.17k.com/book/2674733.html", "http://www.17k.com/book/2822076.html", "http://www.17k.com/book/2809894.html", "http://www.17k.com/book/2822077.html", "http://www.17k.com/book/2811930.html", "http://www.17k.com/book/2815548.html", "http://www.17k.com/book/2819620.html", "http://www.17k.com/book/2809964.html", "http://www.17k.com/book/2808200.html", "http://www.17k.com/book/2820100.html", "http://www.17k.com/book/2822978.html", "http://www.17k.com/book/2804337.html", "http://www.17k.com/book/2798814.html", "http://www.17k.com/book/2785153.html", "http://www.17k.com/book/2731559.html", "http://www.17k.com/book/2722533.html", "http://www.17k.com/book/2458377.html", "http://www.17k.com/book/2743300.html", "http://www.17k.com/book/973809.html", "http://www.17k.com/book/2651367.html", "http://www.17k.com/book/2726194.html", "http://www.17k.com/book/2790214.html", "http://www.17k.com/book/493239.html", "http://www.17k.com/book/108821.html", "http://www.17k.com/book/1398783.html", "http://www.17k.com/book/83528.html", "http://www.17k.com/book/1859126.html", "http://www.17k.com/book/1741975.html", "http://www.17k.com/book/192453.html", "http://www.17k.com/book/2459058.html", "http://www.17k.com/book/1050747.html", "http://www.17k.com/book/2700315.html", "http://www.17k.com/book/2818940.html", "http://www.17k.com/book/2819519.html", "http://www.17k.com/book/2816390.html", "http://www.17k.com/book/2819588.html", "http://www.17k.com/book/2813768.html", "http://www.17k.com/book/2822406.html", "http://www.17k.com/book/2772164.html", "http://www.17k.com/book/2784023.html", "http://www.17k.com/book/2811877.html", "http://www.17k.com/book/2809119.html", "http://www.17k.com/book/2803700.html", "http://www.17k.com/book/2819561.html", "http://www.17k.com/book/2746506.html", "http://www.17k.com/book/2811836.html", "http://www.17k.com/book/2614810.html", "http://www.17k.com/book/1592435.html", "http://www.17k.com/book/1949748.html", "http://www.17k.com/book/2265802.html", "http://www.17k.com/book/2743240.html", "http://www.17k.com/book/2657437.html", "http://www.17k.com/book/2644502.html", "http://www.17k.com/book/2199900.html", "http://www.17k.com/book/2725436.html", "http://www.17k.com/book/2629978.html"]}