{"ratings": -1, "userreviews": [], "description": "\u201c\u4e03\u5e74\u4e94\u73ed\uff0c\u4f60\u4eec\u662f\u51c6\u5907\u6bcf\u5929\u65e9\u64cd\u90fd\u8fd9\u4e48\u6162\u5417\uff1f\u53c8\u662f\u5012\u6570\u7b2c\u4e00\u4e2a\u4e0b\u6765\u201d\u201c\u522b\u7070\u5fc3\u5440\u540c\u5b66\u4eec\uff0c\u867d\u7136\u6211\u4eec\u65e9\u64cd\u8fdf\u5230\uff0c\u4f46\u662f\u5728\u8d85\u8fc7\u8bfe\u5802\u65f6\u95f4\u7684\u65f6\u5019\u83b7\u5f97\u4e86\u77e5\u8bc6\u5440\u3002\u201d\u5168\u573a\u6c57\u989c\uff0c\u8001\u73ed\u4f60\u6bcf\u6b21\u90fd\u628a\u62d6\u5802\u8bf4\u7684\u90a3\u4e48\u6e05\u65b0\u8131\u4fd7\u5417\u3002\u3000\u3000\u201c\u5f90\u6653\u540c\u5b66\uff0c\u6211\u786e\u5b9e\u4f69\u670d\u4f60\uff0c\u770b\u4ec0\u4e48\u4e0d\u597d\uff0c\u770b\u300a\u57ae\u6389\u7684\u4e00\u4ee3\u300b\uff0c\u6211\u770b\u4f60\u786e\u5b9e\u662f\u57ae\u6389\u7684\u4e00\u4ee3\u3002\u201d", "title": "\u4e03\u5e74\u4e94\u73ed\u7684\u5927\u4e8b\u5c0f\u4e8b", "url": "http://www.17k.com/book/2819261.html", "average": -1.0, "cover": "http://img.17k.com/images/bookcover/default_cover.jpg", "reviews": 13, "authors": [{"url": "http://www.17k.com/zuozhe/54906429", "name": "\u79cb\u96e8\u516e"}], "type": ["\u73b0\u5b9e\u7206\u7b11"], "outlinks": ["http://www.17k.com/book/2794982.html", "http://www.17k.com/book/2801292.html", "http://www.17k.com/book/2816318.html", "http://www.17k.com/book/2797575.html", "http://www.17k.com/book/2802516.html", "http://www.17k.com/book/2812195.html", "http://www.17k.com/book/2820143.html", "http://www.17k.com/book/2807943.html", "http://www.17k.com/book/2813457.html", "http://www.17k.com/book/2798058.html", "http://www.17k.com/book/2815617.html", "http://www.17k.com/book/2805259.html", "http://www.17k.com/book/2760255.html", "http://www.17k.com/book/2686894.html", "http://www.17k.com/book/2797016.html", "http://www.17k.com/book/2767246.html", "http://www.17k.com/book/2764239.html", "http://www.17k.com/book/2754498.html", "http://www.17k.com/book/2754900.html", "http://www.17k.com/book/2625740.html", "http://www.17k.com/book/2213315.html", "http://www.17k.com/book/2402178.html", "http://www.17k.com/book/2691221.html", "http://www.17k.com/book/2210699.html", "http://www.17k.com/book/1797752.html", "http://www.17k.com/book/2575507.html", "http://www.17k.com/book/2705181.html", "http://www.17k.com/book/2702539.html", "http://www.17k.com/book/2474887.html", "http://www.17k.com/book/2674733.html", "http://www.17k.com/book/2822076.html", "http://www.17k.com/book/2809894.html", "http://www.17k.com/book/2822077.html", "http://www.17k.com/book/2811930.html", "http://www.17k.com/book/2815548.html", "http://www.17k.com/book/2819620.html", "http://www.17k.com/book/2809964.html", "http://www.17k.com/book/2808200.html", "http://www.17k.com/book/2820100.html", "http://www.17k.com/book/2822978.html", "http://www.17k.com/book/2804337.html", "http://www.17k.com/book/2798814.html", "http://www.17k.com/book/2785153.html", "http://www.17k.com/book/2731559.html", "http://www.17k.com/book/2722533.html", "http://www.17k.com/book/2458377.html", "http://www.17k.com/book/2743300.html", "http://www.17k.com/book/973809.html", "http://www.17k.com/book/2651367.html", "http://www.17k.com/book/2726194.html", "http://www.17k.com/book/2790214.html", "http://www.17k.com/book/493239.html", "http://www.17k.com/book/108821.html", "http://www.17k.com/book/1398783.html", "http://www.17k.com/book/83528.html", "http://www.17k.com/book/1859126.html", "http://www.17k.com/book/1741975.html", "http://www.17k.com/book/192453.html", "http://www.17k.com/book/2459058.html", "http://www.17k.com/book/1050747.html", "http://www.17k.com/book/2700315.html", "http://www.17k.com/book/2818940.html", "http://www.17k.com/book/2819519.html", "http://www.17k.com/book/2816390.html", "http://www.17k.com/book/2819588.html", "http://www.17k.com/book/2813768.html", "http://www.17k.com/book/2822406.html", "http://www.17k.com/book/2772164.html", "http://www.17k.com/book/2784023.html", "http://www.17k.com/book/2811877.html", "http://www.17k.com/book/2809119.html", "http://www.17k.com/book/2803700.html", "http://www.17k.com/book/2819561.html", "http://www.17k.com/book/2746506.html", "http://www.17k.com/book/2811836.html", "http://www.17k.com/book/2614810.html", "http://www.17k.com/book/1592435.html", "http://www.17k.com/book/1949748.html", "http://www.17k.com/book/2265802.html", "http://www.17k.com/book/2743240.html", "http://www.17k.com/book/2657437.html", "http://www.17k.com/book/2644502.html", "http://www.17k.com/book/2199900.html", "http://www.17k.com/book/2725436.html", "http://www.17k.com/book/2629978.html"]}