{"ratings": -1, "userreviews": [{"userName": "\u4e0d\u4e8c \u3002", "userReviewDate": "2018-05-30", "userURL": "http://user.17k.com/62328043", "userReview": "\u5f88\u68d2\uff01\u52a0\u6cb9\u54e6\uff01"}, {"userName": "\u7edd\u8272\u70df\u67f3", "userReviewDate": "2018-05-19", "userURL": "http://user.17k.com/61176384", "userReview": "\u5206\u6bb5\u6709\u95ee\u9898\u3002\u7b2c\u4e09\u6bb5\u5c31\u53eb\u4eba\u770b\u5f97\u4e91\u91cc\u96fe\u91cc\u7684\uff0c\u800c\u4e14\u6807\u70b9\u7b26\u53f7\u8fd0\u7528\u6709\u9519\u8bef\u3002\u597d\u50cf\u6709\u70b9\u770b\u4e0d\u4e0b\u53bb\u7684\u611f\u89c9\u3002"}, {"userName": "\u554a\uff01\u5446", "userReviewDate": "2018-05-09", "userURL": "http://user.17k.com/61171890", "userReview": "\u592a\u60b2\u4f24\u4e86\uff0c\u98ce\u7b5d\u6ce8\u5b9a\u8981\u968f\u98ce\u800c\u53bb\u5417\uff1f"}], "description": "\u6c90\u9633\u548c\u5c91\u5a67\u90fd\u4ea4\u5f80\u4e86\u5f88\u591a\u5bf9\u8c61\uff0c\u4ed6\u4eec\u4e00\u76f4\u90fd\u5728\u5bfb\u6c42\u771f\u7231\u7684\u9053\u8def\u4e0a\uff0c\u4ece\u672a\u505c\u6b62\u8fc7\u8ffd\u9010\u771f\u7231\u7684\u811a\u6b65\u3002\u5176\u5b9e\u771f\u7231\u53c8\u5728\u54ea\u91cc\u5462\uff1f\u6709\u4e9b\u4eba\u6bd5\u751f\u6240\u6c42\uff0c\u6700\u540e\u5728\u7231\u91cc\u5374\u597d\u50cf\u4e00\u65e0\u6240\u6709\u3002\u3000\u3000\u5728\u4ea4\u5f80\u5bf9\u8c61\u65f6\uff0c\u6c38\u8fdc\u90fd\u6d3b\u5728\u4e0e\u524d\u4efb\u7684\u6545\u4e8b\u91cc\uff0c\u524d\u4efb\u4e0d\u65ad\u53d8\u4e3a\u524d\u524d\u4efb\u3002\u6bcf\u4e2a\u4eba\u90fd\u60f3\u8981\u7231\u4e0e\u88ab\u7231\uff0c\u5374\u4e0d\u662f\u6bcf\u4e2a\u4eba\u90fd\u61c2\u5f97\u7231\uff0c\u4e5f\u4e0d\u662f\u6240\u6709\u4eba\u90fd\u80fd\u6709\u60c5\u4eba\u7ec8\u6210\u7737\u5c5e\u3002\u3000\u3000\u6700\u540e\u591c\u591c\u540c\u7720\u7684\u90a3\u4e2a\u4eba\uff0c\u662f\u5426\u662f\u4f60\u68a6\u91cc\u7684\u90a3\u4e2a\u4eba\u5462\uff1f", "title": "\u4e03\u53cb\u8bb0", "url": "http://www.17k.com/book/2816867.html", "average": -1.0, "cover": "http://img.17k.com/images/bookcover/default_cover1.jpg", "reviews": 134, "authors": [{"url": "http://www.17k.com/zuozhe/61171890", "name": "\u5a67\u5a67\u548c\u82b1\u82b1"}], "type": ["\u5a5a\u604b\u60c5\u611f"], "outlinks": ["http://www.17k.com/book/2794982.html", "http://www.17k.com/book/2801292.html", "http://www.17k.com/book/2816318.html", "http://www.17k.com/book/2797575.html", "http://www.17k.com/book/2802516.html", "http://www.17k.com/book/2812195.html", "http://www.17k.com/book/2820143.html", "http://www.17k.com/book/2807943.html", "http://www.17k.com/book/2813457.html", "http://www.17k.com/book/2798058.html", "http://www.17k.com/book/2815617.html", "http://www.17k.com/book/2805259.html", "http://www.17k.com/book/2760255.html", "http://www.17k.com/book/2686894.html", "http://www.17k.com/book/2797016.html", "http://www.17k.com/book/2767246.html", "http://www.17k.com/book/2764239.html", "http://www.17k.com/book/2754498.html", "http://www.17k.com/book/2754900.html", "http://www.17k.com/book/2625740.html", "http://www.17k.com/book/2213315.html", "http://www.17k.com/book/2402178.html", "http://www.17k.com/book/2691221.html", "http://www.17k.com/book/2210699.html", "http://www.17k.com/book/1797752.html", "http://www.17k.com/book/2575507.html", "http://www.17k.com/book/2705181.html", "http://www.17k.com/book/2702539.html", "http://www.17k.com/book/2474887.html", "http://www.17k.com/book/2674733.html", "http://www.17k.com/book/2822076.html", "http://www.17k.com/book/2809894.html", "http://www.17k.com/book/2822077.html", "http://www.17k.com/book/2811930.html", "http://www.17k.com/book/2815548.html", "http://www.17k.com/book/2819620.html", "http://www.17k.com/book/2809964.html", "http://www.17k.com/book/2808200.html", "http://www.17k.com/book/2820100.html", "http://www.17k.com/book/2822978.html", "http://www.17k.com/book/2804337.html", "http://www.17k.com/book/2798814.html", "http://www.17k.com/book/2785153.html", "http://www.17k.com/book/2731559.html", "http://www.17k.com/book/2722533.html", "http://www.17k.com/book/2458377.html", "http://www.17k.com/book/2743300.html", "http://www.17k.com/book/973809.html", "http://www.17k.com/book/2651367.html", "http://www.17k.com/book/2726194.html", "http://www.17k.com/book/2790214.html", "http://www.17k.com/book/493239.html", "http://www.17k.com/book/108821.html", "http://www.17k.com/book/1398783.html", "http://www.17k.com/book/83528.html", "http://www.17k.com/book/1859126.html", "http://www.17k.com/book/1741975.html", "http://www.17k.com/book/192453.html", "http://www.17k.com/book/2459058.html", "http://www.17k.com/book/1050747.html", "http://www.17k.com/book/2700315.html", "http://www.17k.com/book/2818940.html", "http://www.17k.com/book/2819519.html", "http://www.17k.com/book/2816390.html", "http://www.17k.com/book/2819588.html", "http://www.17k.com/book/2813768.html", "http://www.17k.com/book/2822406.html", "http://www.17k.com/book/2772164.html", "http://www.17k.com/book/2784023.html", "http://www.17k.com/book/2811877.html", "http://www.17k.com/book/2809119.html", "http://www.17k.com/book/2803700.html", "http://www.17k.com/book/2819561.html", "http://www.17k.com/book/2746506.html", "http://www.17k.com/book/2811836.html", "http://www.17k.com/book/2614810.html", "http://www.17k.com/book/1592435.html", "http://www.17k.com/book/1949748.html", "http://www.17k.com/book/2265802.html", "http://www.17k.com/book/2743240.html", "http://www.17k.com/book/2657437.html", "http://www.17k.com/book/2644502.html", "http://www.17k.com/book/2199900.html", "http://www.17k.com/book/2725436.html", "http://www.17k.com/book/2629978.html"]}