{"ratings": -1, "userreviews": [{"userName": "\u4f4e\u8c03\u30fe\u4e5f\u662f\u4e00\u79cd\u5938\u8000128147872", "userReviewDate": "2018-05-22", "userURL": "http://user.17k.com/62049188", "userReview": "\u643a<a target='_blank' href='http://www.17k.com/book/2828665.html'>\u300a\u85cf\u6708\u7a7a\u51a5\u300b</a>\u524d\u6765\u9020\u8bbf\uff0c\u52a0\u6cb9\uff01"}, {"userName": "\u4e07\u8c61\u5929\u6dfc", "userReviewDate": "2018-03-06", "userURL": "http://user.17k.com/59853875", "userReview": "\u840c\u65b0\u5e26<a target='_blank' href='http://www.17k.com/book/2773979.html'>\u300a\u65f6\u7a7a\u795e\u8bb0\u300b</a>\u524d\u6765\u819c\u62dc\u5927\u4f6c\uff0c\u4e0b\u5348\u597d\uff0c\u708e\u51c9\u5927\u5927\u3002"}, {"userName": "\u6708\u843d\u4e4c\u557c\u53f6\u5bd2\u679d", "userReviewDate": "2018-02-24", "userURL": "http://user.17k.com/59916996", "userReview": "\u52a0\u6cb9~\uff01\u665a\u4e0a\u7b7e\u5230"}, {"userName": "\u597d\u591a\u7684\u4e8b\u60f3\u7684\u592a\u591a", "userReviewDate": "2018-02-13", "userURL": "http://user.17k.com/15886402", "userReview": "\u571f\u8c46\u643a\u5e26<a target='_blank' href='http://www.17k.com/book/2774545.html'>\u300a\u795e\u9014\u7075\u6b66\u300b</a>\u524d\u6765\u62dc\u8bbf\u5927\u5927\u795e\u4f5c\u3002"}, {"userName": "\u4e00\u53ea\u5c0f\u756a\u8304", "userReviewDate": "2018-01-23", "userURL": "http://user.17k.com/58994284", "userReview": "\u643a\u672c\u4eba\u65b0\u4f5c<a target='_blank' href='http://www.17k.com/book/2762662.html'>\u300a\u7b2c\u4e00\u6b21\u7a7f\u8d8a\u300b</a>\u524d\u6765\u62dc\u8bfb"}, {"userName": "\u8bf8\u845b\u71d5\u4e66", "userReviewDate": "2018-01-16", "userURL": "http://user.17k.com/54287471", "userReview": "\u6536\u85cf\uff01"}, {"userName": "\u98de\u96ea\u4e71\u6e05\u98ce", "userReviewDate": "2017-12-29", "userURL": "http://user.17k.com/45159154", "userReview": "<a target='_blank' href='http://www.17k.com/book/2677053.html'>\u300a\u9b54\u5984\u300b</a>\u6765\u8bbf\uff0c\u5348\u597d\uff0c\u708e\u51c9"}, {"userName": "\u5927\u65f6\u4ee3\u2026\u2026\u8fc7\u540e", "userReviewDate": "2017-12-17", "userURL": "http://user.17k.com/58495265", "userReview": "\u4f60\u597d\uff0c\u4f60\u600e\u4e48\u4e0d\u5206\u6bb5\u5440\uff0c\u8bf7\u6536\u85cf\uff0c\u51b0\u5c01\u5251\u795e\uff0c\u8c22\u8c22"}, {"userName": "\u8d8a\u5357\u59d1\u7237", "userReviewDate": "2017-09-08", "userURL": "http://user.17k.com/57337899", "userReview": "\u672c\u738b\u6765\u770b\u770b\uff0c\u5f31\u5f31\u5730\u95ee\u4e00\u4e0b\uff0c\u8fd9\u672c\u4e66\u4e3a\u4ec0\u4e48\u4e0d\u7b7e\u7ea6\uff0c17\u7b7e\u7ea6\u662f\u4e0d\u662f\u5f88\u96be\uff1f"}, {"userName": "\u76db\u4e16\u5fae\u5c18", "userReviewDate": "2017-08-31", "userURL": "http://user.17k.com/57165350", "userReview": "<a target='_blank' href='http://www.17k.com/book/2645985.html'>\u300a\u795e\u65cf\u5d1b\u8d77\u300b</a>\u6765\u8bbf\uff0c\u52a0\u6cb9\uff01"}, {"userName": "\u667a\u6d45\u65e7\u4e66", "userReviewDate": "2017-07-05", "userURL": "http://user.17k.com/52039909", "userReview": "\u6709\u4e2a\u4e8b\u60f3\u8981\u9ebb\u70e6\u4f60\uff0c\u6700\u8fd1\u6211\u65b0\u5199\u4e86\u4e00\u90e8\u4e66<a target='_blank' href='http://www.17k.com/book/2559049.html'>\u300a\u65e7\u4e66\u7684\u4e66\u7b7e\u300b</a>\uff0c\u56e0\u4e3a\u4e0d\u77e5\u9053\u5199\u7684\u54ea\u91cc\u597d\uff0c\u5199\u7684\u54ea\u91cc\u4e0d\u597d\u3002\u6240\u4ee5\u60f3\u8bf7\u5927\u5927\u53ef\u4ee5\u53bb\u770b\u770b\uff0c\u53cd\u6b63\u5199\u7684\u4e5f\u4e0d\u591a\u5c31\u51e0\u4e2a\u7ae0\u8282\uff0c\u8bf7\u5927\u5927\u8010\u5fc3\u8bfb\u5b8c\u540e\u5199\u70b9\u4e66\u8bc4\u7ed9\u6211\u70b9\u610f\u89c1\u5457!\u5f1f\u5b50\u5728\u6b64\u8c22\u8fc7\u5566\u3002"}, {"userName": "\u5e05\u6c14\u7684\u5de7\u62d9\u516c\u5b50", "userReviewDate": "2017-06-17", "userURL": "http://user.17k.com/55370488", "userReview": "\u8001\u5144\u5e94\u8be5\u662f\u53ef\u4ee5\u7b7e\u7ea6\u4e0a\u67b6\u4e86\u5427\uff01\u600e\u4e48\u90fd\u6ca1\u5462\uff1f\u4e0d\u8fc7\u9ad8\u624b\u5728\u6c11\u95f4\uff0c\u52a0\u6cb9\uff0c\u4f1a\u51fa\u5934\u7684\uff01\u70b9\u4e2a\u6536\u85cf"}, {"userName": "\u53f6\u843d\u5b50\u75d5", "userReviewDate": "2017-06-01", "userURL": "http://user.17k.com/33080428", "userReview": "\u5348\u597d\uff01<a target='_blank' href='http://www.17k.com/book/2452410.html'>\u300a\u4e03\u4ed9\u5251\u4f20\u300b</a>\u6765\u8bbf\u770b\u4e66\u652f\u6301\uff01"}, {"userName": "\u74aa\u68a6\u4eba", "userReviewDate": "2017-04-26", "userURL": "http://user.17k.com/54744142", "userReview": "\u5927\u5927\u52a0\u6cb9"}, {"userName": "mk\u7530\u7530", "userReviewDate": "2017-04-02", "userURL": "http://user.17k.com/52035501", "userReview": "&nbsp;\u7a7f\u8d8a\uff0c\u91cd\u751f\uff0c\u8f6e\u56de\uff0c\u4fee\u771f\uff0c\u4e89\u9738\uff0c\u6cd5\u5b9d\uff0c\u4e39\u836f\uff0c\u529f\u6cd5\uff0c\u4f4d\u9762.......\u8be5\u6709\u7684\u90fd\u6709\uff0c<a target='_blank' href='http://www.17k.com/book/2277558.html'>\u300a\u5f02\u4e16\u4e4b\u8f6e\u56de\u4ed9\u8def\u300b</a>\u5df2\u7b7e\u7ea6\uff0c\u6709\u65f6\u95f4\u7684\u4e66\u53cb\u5173\u6ce8\u4e00\u4e0b\u54af"}, {"userName": "\u7a46\u7a46\u718a", "userReviewDate": "2017-03-07", "userURL": "http://user.17k.com/53730269", "userReview": "<span style='color:green'>\u671f\u5f85\u5927\u5927\u4f5c\u54c1\uff01\u5927\u5927\u8981\u65e5\u66f4\u54df\uff01 \u6211\u662f\u5927\u5927\u7684\u5c0f\u8ff7\u59b9<a target='_blank' href='http://www.17k.com/book/2397014.html'>\u300a\u8fd9\u4e2a\u6740\u624b\u662f\u5973\u795e\u300b</a><a target='_blank' href='http://user.17k.com/43949376'>@\u4ee5\u6b81\u708e\u51c9\u6bbf</a></span>"}, {"userName": "\u6587\u66f2\u624d\u5973", "userReviewDate": "2017-02-12", "userURL": "http://user.17k.com/38137434", "userReview": "\u5973\u751f\u5199\u8fd9\u7c7b\u4e66\uff0c\u5389\u5bb3\uff01<a target='_blank' href='http://www.17k.com/book/2266364.html'>\u300a\u8be1\u5f02\u9752\u6625\u300b</a>\u62dc\u8bbf"}, {"userName": "\u5fe7\u4f24\u7684\u8bdd\u5f88\u5fe7\u4f24", "userReviewDate": "2016-12-04", "userURL": "http://user.17k.com/50253667", "userReview": "<a target='_blank' href='http://www.17k.com/book/2177431.html'>\u300a\u81f3\u5c0a\u60c5\u4ed9\u300b</a>\u6765\u8bbf\uff0c\u6c42\u652f\u6301\uff01\uff01"}, {"userName": "\u5b64\u72ec\u8005\u7684\u5bc2\u5bde", "userReviewDate": "2016-11-18", "userURL": "http://user.17k.com/44146353", "userReview": "\u4e00\u767e\u591a\u4e07\u5b57\uff0c\u600e\u4e48\u6ca1\u7b7e\u7ea6"}, {"userName": "\u6211\u662f\u79cb\u51a5", "userReviewDate": "2016-10-21", "userURL": "http://user.17k.com/43202116", "userReview": "<a target='_blank' href='http://www.17k.com/book/2035485.html'>\u300a\u5c18\u4e16\u9690\u6740\u300b</a>\u6765\u8bbf\uff0c\u9c9c\u82b1\u652f\u6301\uff0c\u52a0\u6cb9"}], "description": "\u539f\u540d\u300a\u6b8b\u5f71\u65ad\u9b42\u52ab\u300b\u3002\u6e05\u521d\u4e71\u4e16\uff0c\u5404\u65b9\u52bf\u529b\u7fa4\u8d77\uff0c\u9010\u9e7f\u4e2d\u539f\u3002\u4f20\u8a00\u4e2d\u7684\u6b66\u6797\u81f3\u5b9d\u518d\u5ea6\u73b0\u8eab\u6c5f\u6e56\u3002\u6380\u8d77\u65b0\u4e00\u8f6e\u8840\u96e8\u8165\u98ce\u3002\u5929\u4e0b\u4e4b\u96be\uff0c\u82cd\u751f\u4e4b\u52ab\uff01\u3000\u3000\u4e3a\u593a\u52bf\uff0c\u4ed6\u5fc3\u72e0\u624b\u8fa3\uff0c\u65e0\u6076\u4e0d\u4f5c\uff0c\u8a93\u8981\u4e0e\u5929\u76f8\u6297\uff1b\u4e3a\u590d\u4ec7\uff0c\u5979\u673a\u5173\u7b97\u5c3d\uff0c\u4ee5\u5f04\u6743\u4e3a\u57fa\u77f3\uff0c\u4ee5\u7231\u60c5\u4e3a\u5de5\u5177\u3002\u3000\u3000\u56e0\u7f18\u9645\u4f1a\u4e4b\u4e0b\uff0c\u5f53\u4e00\u4e2a\u751f\u6027\u7eaf\u6734\u7684\u6b63\u6d3e\u5f1f\u5b50\u5377\u5165\u4e86\u8fd9\u573a\u60ca\u5929\u9634\u8c0b\uff0c\u6d89\u4e16\u4e4b\u521d\u7684\u4ed6\uff0c\u53d7\u4eba\u8499\u853d\uff0c\u4e3a\u4eba\u68cb\u5b50\u3002\u5f53\u4ed6\u4e00\u6b65\u6b65\u8d70\u5411\u5dc5\u5cf0\uff0c\u624d\u77e5\u9053\u8fd9\u4e00\u5207\u7684\u4e00\u5207\uff0c\u90fd\u4e0d\u8fc7\u662f\u4e00\u4e2a\u9a97\u5c40\u3002\u79c1\u5fc3\u4e0e\u9053\u4e49\uff0c\u4ed6\u5c06\u5982\u4f55\u53d6\u820d\uff1f\u3000\u3000\u9634\u8c0b\u73af\u73af\u76f8\u6263\uff0c\u5c40\u4e2d\u66f4\u85cf\u8ff7\u5c40\u3002\u87b3\u8782\u6355\u8749\uff0c\u9ec4\u96c0\u5728\u540e\u3002\u770b\u7231\u6068\u60c5\u4ec7\u4e91\u6d88\u96e8\u6563\uff0c\u770b\u6743\u6b32\u91ce\u5fc3\u7070\u98de\u70df\u706d\u3002\u5728\u8be1\u8ba1\u4e0e\u9634\u8c0b\uff0c\u60c5\u611f\u4e0e\u4ec7\u6068\u4ea4\u7ec7\u4e0b\uff0c\u5b9d\u7269\u7ec8\u5c06\u5982\u4f55\u5f52\u5c5e\uff0c\u6069\u6028\u53c8\u8be5\u5982\u4f55\u4e86\u7ed3\uff1f\u5728\u8fd9\u7247\u72fc\u70df\u56db\u8d77\u3001\u6ee1\u76ee\u75ae\u75cd\u7684\u571f\u5730\u4e0a\uff0c\u4e3a\u60a8\u4e0a\u6f14\u4e00\u573a\u8840\u706b\u6d17\u793c\u7684\u5dc5\u5cf0\u5927\u620f\uff01", "title": "\u4e03\u715e\u90aa\u5c0a", "url": "http://www.17k.com/book/1541253.html", "average": -1.0, "cover": "http://img.17k.com/images/bookcover/2016/7706/38/1541253-1453690537000.jpg", "reviews": 18498, "authors": [{"url": "http://www.17k.com/zuozhe/43949376", "name": "\u4ee5\u6b81\u708e\u51c9\u6bbf"}], "type": ["\u4f20\u7edf\u6b66\u4fa0"], "outlinks": ["http://www.17k.com/book/2794982.html", "http://www.17k.com/book/2801292.html", "http://www.17k.com/book/2816318.html", "http://www.17k.com/book/2797575.html", "http://www.17k.com/book/2802516.html", "http://www.17k.com/book/2812195.html", "http://www.17k.com/book/2820143.html", "http://www.17k.com/book/2807943.html", "http://www.17k.com/book/2813457.html", "http://www.17k.com/book/2798058.html", "http://www.17k.com/book/2815617.html", "http://www.17k.com/book/2805259.html", "http://www.17k.com/book/2760255.html", "http://www.17k.com/book/2686894.html", "http://www.17k.com/book/2797016.html", "http://www.17k.com/book/2767246.html", "http://www.17k.com/book/2764239.html", "http://www.17k.com/book/2754498.html", "http://www.17k.com/book/2754900.html", "http://www.17k.com/book/2625740.html", "http://www.17k.com/book/2213315.html", "http://www.17k.com/book/2402178.html", "http://www.17k.com/book/2691221.html", "http://www.17k.com/book/2210699.html", "http://www.17k.com/book/1797752.html", "http://www.17k.com/book/2575507.html", "http://www.17k.com/book/2705181.html", "http://www.17k.com/book/2702539.html", "http://www.17k.com/book/2474887.html", "http://www.17k.com/book/2674733.html", "http://www.17k.com/book/2822076.html", "http://www.17k.com/book/2809894.html", "http://www.17k.com/book/2822077.html", "http://www.17k.com/book/2811930.html", "http://www.17k.com/book/2815548.html", "http://www.17k.com/book/2819620.html", "http://www.17k.com/book/2809964.html", "http://www.17k.com/book/2808200.html", "http://www.17k.com/book/2820100.html", "http://www.17k.com/book/2822978.html", "http://www.17k.com/book/2804337.html", "http://www.17k.com/book/2798814.html", "http://www.17k.com/book/2785153.html", "http://www.17k.com/book/2731559.html", "http://www.17k.com/book/2722533.html", "http://www.17k.com/book/2458377.html", "http://www.17k.com/book/2743300.html", "http://www.17k.com/book/973809.html", "http://www.17k.com/book/2651367.html", "http://www.17k.com/book/2726194.html", "http://www.17k.com/book/2790214.html", "http://www.17k.com/book/493239.html", "http://www.17k.com/book/108821.html", "http://www.17k.com/book/1398783.html", "http://www.17k.com/book/83528.html", "http://www.17k.com/book/1859126.html", "http://www.17k.com/book/1741975.html", "http://www.17k.com/book/192453.html", "http://www.17k.com/book/2459058.html", "http://www.17k.com/book/1050747.html", "http://www.17k.com/book/2700315.html", "http://www.17k.com/book/2818940.html", "http://www.17k.com/book/2819519.html", "http://www.17k.com/book/2816390.html", "http://www.17k.com/book/2819588.html", "http://www.17k.com/book/2813768.html", "http://www.17k.com/book/2822406.html", "http://www.17k.com/book/2772164.html", "http://www.17k.com/book/2784023.html", "http://www.17k.com/book/2811877.html", "http://www.17k.com/book/2809119.html", "http://www.17k.com/book/2803700.html", "http://www.17k.com/book/2819561.html", "http://www.17k.com/book/2746506.html", "http://www.17k.com/book/2811836.html", "http://www.17k.com/book/2614810.html", "http://www.17k.com/book/1592435.html", "http://www.17k.com/book/1949748.html", "http://www.17k.com/book/2265802.html", "http://www.17k.com/book/2743240.html", "http://www.17k.com/book/2657437.html", "http://www.17k.com/book/2644502.html", "http://www.17k.com/book/2199900.html", "http://www.17k.com/book/2725436.html", "http://www.17k.com/book/2629978.html"]}