{"ratings": -1, "userreviews": [{"userName": "\u309b\u4f60\u82e5\u5b89\u597d\u309d\u6211\u4e0d\u6253\u6270", "userReviewDate": "2016-02-21", "userURL": "http://user.17k.com/43916108", "userReview": "<span style='color:red'>\u5e84\u5468\u6709\u68a6\uff0c\u4e0d\u77e5\u4e91\u4e91\uff0c\u4f20\u4e3a\u5343\u53e4\u7f8e\u8c08\uff0c\u8001\u53cb\u68a6\u91cc\u6709\u68a6\uff0c\u5bd3\u610f\u6df1\u8fdc\uff0c\u5df2\u4eba\u4e4b\u5ff5\u5199\u4eba\u5fc3\u5584\u6076\uff0c\u8c31\u4f73\u4f5c\u7f8e\u8c08\uff0c\u5306\u5fd9\u7684\u4e00\u77a5\uff0c\u5374\u5728\u65e0\u6cd5\u5c06\u76ee\u5149\u79fb\u5f00\u5206\u6beb\uff0c\u6709\u97f5\u5473\u7684\u5f00\u5934\uff0c\u6070\u5230\u597d\u5904\u7684\u63cf\u5199\uff0c\u5c06\u6211\u6df1\u6df1\u7684\u62c9\u5165\u4e86\u8fdb\u53bb\uff0c\u867d\u662f\u6587\u5b57\u5230\u6709\u4e00\u79cd\u5728\u8336\u8086\uff0c\u54c1\u8fd9\u6e05\u8336\uff0c\u542c\u7740\u5148\u751f\u6742\u8c08\u7684\u5473\u9053\uff0c\u65f6\u800c\u4e3a\u5176\u5fe7\uff0c\u65f6\u800c\u4e3a\u5176\u559c\uff0c\u6216\u8bb8\u90a3\u4fbf\u662f\u68a6\u5427\uff0c\u91cc\u9762\u4f3c\u4e4e\u8fd8\u9690\u85cf\u8fd9\u8bb8\u591a\u7684\u4e1c\u897f\uff0c\u7b49\u7740\u6211\u6162\u6162\u53bb\u53d1\u6398\uff0c\u53bb\u4f53\u609f...\u987a\u4fbf\u5728\u63a8\u8350\u4e00\u4e0b\u4e2a\u4eba\u62d9\u4f5c<a target='_blank' href='http://www.17k.com/book/1531064.html'>\u300a\u5929\u7f5a\u5f15\u300b</a>\u4ed9\u4fa0\u53e4\u98ce\u5c0f\u8bf4\uff0c\u559c\u6b22\u7684\u53ef\u4ee5\u5e2e\u5fd9\u70b9\u9605\u4e00\u4e0b\u54e6\u3002</span>"}, {"userName": "\u661f\u62f1\u5317", "userReviewDate": "2016-02-04", "userURL": "http://user.17k.com/44077265", "userReview": "\u7b80\u4ecb\u5199\u5f97\u4ee4\u4eba\u8d5e\u53f9\u5e76\u550f\u5618\uff0c\u8fd8\u6ca1\u770b\u6587\uff0c\u5df2\u77e5\u8fd9\u662f\u4e00\u4e2a\u597d\u6545\u4e8b\u3002\u82e5\u771f\u6709\u5982\u6b64\u4eba\u751f\uff0c\u5b9a\u662f\u597d\u620f\u8fde\u53f0\uff0c\u4f46\u540c\u65f6\u80af\u5b9a\u53c8\u9ad8\u5904\u4e0d\u80dc\u5bd2\u3002\u5f00\u5934\u5c31\u5f88\u65b0\u9896\uff0c\u5438\u5f15\u4eba\u4e00\u76f4\u8bfb\u4e0b\u53bb\uff0c\u800c\u4e14\u6211\u5f88\u559c\u6b22\u7cbe\u5f69\u60c5\u8282\u4e2d\u81ea\u7136\u7a7f\u63d2\u7684\u9053\u7406\u2014\u2014\u6709\u65f6\u5019\uff0c\u65bd\u6069\u4e0d\u89c1\u5f97\u5c31\u80fd\u5f97\u5230\u597d\u62a5\uff0c\u4e0d\u6069\u5c06\u4ec7\u62a5\u5c31\u5df2\u7ecf\u4e0d\u9519\u4e86......\u8fd8\u6709\uff0c\u9b54\u754c\u516b\u516c\u5b50\u7fd4\u4e91\u89c9\u5f97\uff0c\u836f\u5f69\u80fd\u8ba9\u4ed6\u7167\u987e\uff0c\u5c31\u662f\u4ed6\u7684\u4e00\u79cd\u5e78\u798f\u2014\u2014\u771f\u5207\u5e73\u5b9e\u7684\u52a8\u4eba\uff01\u53e6\u5916\uff0c\u53d1\u73b0\u4f5c\u8005\u4e0e\u6211\u540c\u7231\u8bd7\u8bcd\uff0c\u5e0c\u671b\u6709\u7a7a\u80fd\u591f\u6307\u70b9\u6211\u4e00\u4e8c\uff01"}, {"userName": "\u65ad\u5f26\u60c5\u7f18", "userReviewDate": "2016-01-17", "userURL": "http://user.17k.com/17028358", "userReview": "\u5c0f\u8bf4\u63a8\u8350<a target='_blank' href='http://www.17k.com/book/1484925.html'>\u300a\u7948\u613f\u706f\u4e0b\u7684\u7231\u604b\u300b</a><a target='_blank' href='http://www.17k.com/book/1537412.html'>\u300a\u5996\u5c18\u9e23\u4ed9\u300b</a><a target='_blank' href='http://www.17k.com/book/1193711.html'>\u300a\u4e0d\u706d\u795e\u9014\u300b</a><a target='_blank' href='http://www.17k.com/book/1469562.html'>\u300a\u5973\u603b\u88c1\u7684\u94c1\u8840\u5175\u738b\u300b</a><a target='_blank' href='http://www.17k.com/book/1563713.html'>\u300a\u7231\u6211\u5c31\u8981\u62b1\u62b1\u6211\u300b</a><a target='_blank' href='http://www.17k.com/book/1251678.html'>\u300a\u4ed9\u4fa3\u5c18\u52ab\u300b</a><a target='_blank' href='http://www.17k.com/book/816244.html'>\u300a\u5a5a\u5ba0\u6eba\u7231\u300b</a><a target='_blank' href='http://www.17k.com/book/1076419.html'>\u300a\u60c5\u7275\u4ed9\u5251\u300b</a><a target='_blank' href='http://www.17k.com/book/1541194.html'>\u300a\u53e4\u5893\u7684\u8be1\u5f02\u4e8b\u4ef6\u300b</a>"}, {"userName": "\u65ad\u5f26\u60c5\u7f18", "userReviewDate": "2016-01-17", "userURL": "http://user.17k.com/17028358", "userReview": "\u5c0f\u8bf4\u63a8\u8350<a target='_blank' href='http://www.17k.com/book/1421807.html'>\u300a\u6d6e\u4e16\u7891\u300b</a><a target='_blank' href='http://www.17k.com/book/781823.html'>\u300a\u5384\u96f7\u4f20\u300b</a><a target='_blank' href='http://www.17k.com/book/1562660.html'>\u300a\u8c46\u853b\u5c11\u5973\u300b</a><a target='_blank' href='http://www.17k.com/book/1025265.html'>\u300a\u5288\u5929\u65a9\u795e\u300b</a><a target='_blank' href='http://www.17k.com/book/1502541.html'>\u300a\u8fd9\u4e00\u751f\uff0c\u4f55\u5904\u505c\u9760\u300b</a><a target='_blank' href='http://www.17k.com/book/962798.html'>\u300a\u9b54\u96e8\u5251\u4f20\u8bb0\u300b</a><a target='_blank' href='http://www.17k.com/book/1548116.html'>\u300a\u8001\u5b50\u662f\u5175\u738b\u300b</a><a target='_blank' href='http://www.17k.com/book/1332660.html'>\u300a\u7b11\u50b2\u6c5f\u6e56\u4e4b\u9690\u5f62\u7687\u5e1d\u300b</a><a target='_blank' href='http://www.17k.com/book/35933.html'>\u300a\u4ffa\u662f\u4e00\u4e2a\u8d3c\u300b</a><a target='_blank' href='http://www.17k.com/book/1193478.html'>\u300a\u6211\u662f\u5175\u738b\u5927\u62a4\u6cd5\u300b</a><a target='_blank' href='http://www.17k.com/book/1343723.html'>\u300a\u592a\u53e4\u4e5d\u91cd\u5929\u300b</a><a target='_blank' href='http://www.17k.com/book/1238814.html'>\u300a\u4e00\u4e16\u60c5\u8ff7\u300b</a><a target='_blank' href='http://www.17k.com/book/1277060.html'>\u300a\u9aa8\u58a8\u795e\u9053\u300b</a><a target='_blank' href='http://www.17k.com/book/1480532.html'>\u300a\u5929\u4e0b\u4ed9\u5c40\u300b</a>"}, {"userName": "\u4e0a\u5584\u6728\u5b50", "userReviewDate": "2015-12-23", "userURL": "http://user.17k.com/38708048", "userReview": "\u8d70\u8fc7\u7684\u8def\u6df1\u6df1\u6d45\u6d45\uff0c\u5f80\u6614\u7684\u4e8b\u771f\u771f\u5047\u5047\u2026\u2026\u522b\u4eba\u53c8\u4e0d\u662f\u81ea\u5df1\uff0c\u53c8\u600e\u4e48\u4f1a\u660e\u767d\u4f60\u7684\u8fc7\u5f80\u662f\u6709\u591a\u5c11\u5fc3\u9178\u8840\u6cea\u94fa\u6210\u3002\u5176\u5b9e\u8fd9\u6837\u7684\u8bdd\u662f\u591a\u5c11\u5931\u610f\u7684\u4eba\u5185\u5fc3\u7684\u771f\u5b9e\u5199\u7167\u3002\u9996\u5148\u5f97\u8bf4\uff0c\u4f60\u7684\u5c01\u9762\u771f\u5fc3\u4e0d\u9519\uff0c\u597d\u53e4\u5178\u7684\u68a6\u91cc\u6c34\u4e61\u753b\uff0c\u597d\u6709\u610f\u5883\u3002\u7136\u540e\u770b\u4e86\u4f60\u7684\u5e8f\u8a00\u548c\u6709\u5173\u5c0f\u8bf4\u6d89\u53ca\u7684\u5404\u754c\u5c31\u77e5\u9053\uff0c\u4f60\u53ef\u662f\u4e0b\u4e86\u5f88\u591a\u529f\u592b\u53bb\u7814\u7a76\u4e00\u4e9b\u77e5\u8bc6\u3002\u5728\u4f60\u6587\u4e2d\u63d0\u5230\u4eba\u7684\u4e03\u60c5\u516d\u6b32\u4e94\u6bd2\u7b49\uff0c\u5176\u5b9e\u5c31\u662f\u4ee4\u4eba\u7c7b\u4ea7\u751f\u70e6\u607c\u7684\u6839\u6e90\u3002\u800c\u4f60\u6240\u8c13\u7684\u56e0\u679c\u62a5\u5e94\uff0c\u6211\u4e5f\u662f\u76f8\u4fe1\u7684\u3002\u4f5b\u5bb6\u8bb2\uff1a\u201c\u672a\u9020\u8005\u4e0d\u9047\uff0c\u5df2\u9020\u8005\u4e0d\u574f\u3002\u201d\u6211\u4eec\u6ca1\u6709\u505a\u8fc7\u7684\u4e8b\u60c5\u6c38\u8fdc\u4e0d\u4f1a\u5728\u6211\u4eec\u8eab\u4e0a\u5448\u73b0\u679c\u62a5\uff0c\u800c\u6211\u4eec\u505a\u8fc7\u7684\u4e8b\u60c5\u5c31\u4e00\u5b9a\u4f1a\u81ea\u5df1\u627f\u53d7\u679c\u62a5\u3002\u6240\u4ee5\u4efb\u4f55\u65f6\u5019\u90fd\u4e0d\u7528\u53bb\u6028\u6068\u522b\u4eba\uff0c\u8981\u53bb\u5185\u89c2\u53cd\u7701\u81ea\u5df1\u3002\u8bf4\u9053\u4e3a\u4ec0\u4e48\u6709\u4e9b\u4eba\u5341\u6076\u4e0d\u8d66\u4f46\u8fd8\u4f9d\u7136\u5f88\u6f47\u6d12\u5e78\u798f\u3002\u90a3\u662f\u56e0\u4e3a\u4ed6\u4e4b..."}, {"userName": "\u6700\u7231\u7384\u5e7b\u4e48\u4e48\u54d2", "userReviewDate": "2015-12-19", "userURL": "http://user.17k.com/42444511", "userReview": "<span style='color:blue'><a target='_blank' href='http://user.17k.com/17028358'>@\u65ad\u5f26\u60c5\u7f18</a> \u82b1\u4e86\u4e00\u4e0b\u5348\u7684\u65f6\u95f4\uff0c\u4e00\u53e3\u6c14\u770b\u4e8614\u7ae0\uff0c\u5199\u5f97\u8fd8\u662f\u771f\u5fc3\u4e0d\u9519\u7684\uff0c\u6587\u7b14\u5f88\u597d\uff0c\u5c31\u7b2c\u4e00\u7ae0\u6765\u8bf4\uff0c\u5c31\u53ef\u4ee5\u7ed9\u4eba\u6df1\u6df1\u7684\u4ee3\u5165\u611f\uff0c\u8fd9\u79cd\u4f5c\u54c1\u5f88\u4ee4\u4eba\u8eab\u4e34\u5176\u5883\uff0c\u6240\u63cf\u5199\u51fa\u7684\u610f\u5883\u4e5f\u4ee4\u6211\u6d41\u8fde\u5fd8\u8fd4\uff0c\u8bfb\u8d77\u6765\u6717\u6717\u4e0a\u53e3\uff0c\u751a\u81f3\u662f\u8ba9\u6211\u89c9\u5f97\u65e0\u6cd5\u91ca\u6000\uff0c\u54ac\u6211\u771f\u8bf4\u8d77\u6765\uff0c\u8fd8\u5fc5\u987b\u81ea\u6127\u4e0d\u8bf4\uff0c\u867d\u8bf4\u4f5c\u8005\u7ade\u4e89\u538b\u529b\u5927\uff0c\u4f46\u8fd9\u79cd\u4f5c\u54c1\u662f\u4e0d\u53ef\u591a\u5f97\u7684\u597d\u4e66\uff0c\u5c31\u8fde\u8bfb\u8005\u8bfb\u8d77\u6765\u4e5f\u662f\u68a6\u91cc\u6709\u68a6\uff0c\u6211\u5fc5\u987b\u8bf4\uff0c\u8fd9\u6837\u7684\u4f5c\u54c1\u5fc5\u987b\u8bfb\uff0c\u7ae0\u8282\u7684\u60c5\u8282\u662f\u4e00\u73af\u6263\u4e00\u73af\uff0c\u5149\u6d4f\u89c8\u90fd\u80fd\u8ba9\u4eba\u54c1\u5473\uff0c\u6bcf\u4e00\u7ae0\u7684\u6bcf\u4e00\u53e5\u4e00\u770b\u5c31\u662f\u7ecf\u8fc7\u7ec6\u7ec6\u96d5\u7422\u548c\u54c1\u5473\u7684\uff0c\u8bfb\u8d77\u6765\u53c8\u600e\u4e48\u4e0d\u4ee4\u4eba\u5fc3\u751f\u6109\u60a6\uff1f\u8fd9\u91cc\u7684\u4e3b\u4eba\u516c\u5438\u5f15\u5230\u4e86\u6211\u5417\uff1f\u8fd9\u91cc\u7684\u60c5\u8282\u8ba9\u6211\u559c\u6b22\u5417\uff1f\u8fd9\u91cc\u7684\u4e00\u5207\u90fd\u4f1a\u4f7f\u6211\u65e0\u6cd5\u5fd8\u6000\u5417\uff1f\u4e00\u5207\u7684\u4e00...</span>"}, {"userName": "\u4e94\u5473\u9f50\u5168", "userReviewDate": "2018-04-15", "userURL": "http://user.17k.com/37729267", "userReview": "\u6765\u770b\u770b\u8001\u670b\u53cb\uff0c\u563b\u563b\uff0c\u52a0\u6cb9\u5440~~"}, {"userName": "\u5723\u9690\u5e1d\u5143", "userReviewDate": "2018-03-31", "userURL": "http://user.17k.com/57760595", "userReview": "\u7b7e\u5230\u652f\u6301"}, {"userName": "\u6668\u66e6\u6d77\u5cb8", "userReviewDate": "2018-03-28", "userURL": "http://user.17k.com/55679020", "userReview": "\u9001\u4e0a\u9c9c\u82b1\uff0c\u8868\u793a\u656c\u610f\uff01"}, {"userName": "\u4e91\u5c71\u63fd\u6708\u4eba", "userReviewDate": "2018-03-23", "userURL": "http://user.17k.com/38267891", "userReview": "\u6ca1\u8fd9\u4e48\u591a\u82b1\u82b1\u56de\u54e6\uff01\u4e00\u6735\u82b1\u82b1\u4e0d\u6210\u656c\u610f\uff01\u8bf7\u7b11\u7eb3\u54c8\uff01"}, {"userName": "\u4e91\u5c71\u63fd\u6708\u4eba", "userReviewDate": "2018-03-18", "userURL": "http://user.17k.com/38267891", "userReview": "\u62dc\u8bbf\u5927\u4f5c\uff01\u524d\u8f88\u597d\u5389\u5bb3\u5462\uff01\u8981\u5411\u60a8\u5b66\u4e60"}, {"userName": "\u5343\u6b87\u65e0\u5c3d", "userReviewDate": "2018-03-17", "userURL": "http://user.17k.com/58184210", "userReview": "\u62dc\u8bbf\u5927\u4f5c\uff0c\u52a0\u6cb9\u554a\uff01"}, {"userName": "\u8537\u8587\u73a5\u9171V", "userReviewDate": "2018-03-14", "userURL": "http://user.17k.com/55984899", "userReview": "\u6765\u8bbf\u10da(\u309c\u0434\u309c\u10da)\u652f\u6301"}, {"userName": "\u96e8\u4e2d\u7199\u7199", "userReviewDate": "2018-02-27", "userURL": "http://user.17k.com/57643495", "userReview": "<a target='_blank' href='http://www.17k.com/book/2672666.html'>\u300a\u4e24\u79e6\u76f8\u60a6\u300b</a>\u56de\u8bbf\uff0c\u652f\u6301\u5927\u5927"}, {"userName": "\u9ec4\u74dc\u7684\u5bbf\u547d", "userReviewDate": "2018-02-17", "userURL": "http://user.17k.com/53195742", "userReview": "<a target='_blank' href='http://www.17k.com/book/2377865.html'>\u300a\u81f3\u9738\u82cd\u751f\u8bc0\u300b</a>\u6765\u8bbf\uff0c\u6c42\u652f\u6301\u6c42\u9c9c\u82b1\u7ea2\u5305\uff0c\u563f\u563f\uff0c\u87f9\u87f9\u3002"}, {"userName": "\u4e94\u5473\u9f50\u5168", "userReviewDate": "2018-01-19", "userURL": "http://user.17k.com/37729267", "userReview": "\u8bb8\u4e45\u4e0d\u89c1\uff0c\u652f\u6301&middot;&middot;&middot;"}, {"userName": "\u6728\u5b50\u5929\u4fdd", "userReviewDate": "2017-10-29", "userURL": "http://user.17k.com/50620214", "userReview": "\u4e0a\u5348\u7f8e\u597d\uff01"}, {"userName": "\u9526\u7ee3\u82b3\u83f2", "userReviewDate": "2017-10-12", "userURL": "http://user.17k.com/53849640", "userReview": "\u5728\u770b\u4e66"}, {"userName": "\u90d1\u5c0f\u55b5", "userReviewDate": "2017-07-17", "userURL": "http://user.17k.com/42846256", "userReview": "\u6700\u8fd1\u65ad\u66f4\u4e86\uff0c\u662f\u4e0d\u662f\u8eab\u4f53\u6709\u4e9b\u4e0d\u592a\u9002\u5e94\u4e86\u554a\uff1f\u65ad\u5f26\uff0c\u52a0\u6cb9\u54e6\uff01"}, {"userName": "\u5014\u5f3a\u7684\u897f\u7ea2\u67ff", "userReviewDate": "2017-07-09", "userURL": "http://user.17k.com/55471066", "userReview": "<a target='_blank' href='http://www.17k.com/book/2521521.html'>\u300a\u65e0\u5c3d\u4fee\u884c\u300b</a>\u7279\u6765\u62dc\u8bbf\uff0c\u5e0c\u671b\u5927\u5bb6\u6709\u94b1\u7684\u6367\u4e2a\u94b1\u573a\uff0c\u6ca1\u94b1\u7684\u6367\u4e2a\u4eba\u573a\uff0c\u591a\u591a\u5173\u7167\uff01\u8c22\u8c22\uff01"}], "description": "\u6c89\u7761\u4e03\u4e07\u5e74\uff0c\u4e00\u89c9\u9192\u6765\uff0c\u4e07\u4e8b\u7686\u53d8\u3002\u3000\u3000\u4ed6\u6210\u4e86\u5ff5\u529b\u754c\u7684\u4e3b\uff0c\u638c\u7ba1\u5996\u9b54\u9b3c\u602a\u795e\u4ed9\u4f5b\u7b49\u5404\u754c\u3002\u3000\u3000\u4e03\u4e07\u5e74\u7684\u6c89\u7761\uff0c\u4ed6\u53c8\u68a6\u5230\u4e86\u4ec0\u4e48\uff1f\u3000\u3000\u7eb5\u6a2a\u4e03\u4e07\u5e74\uff0c\u4ece\u53e4\u81f3\u4eca\uff0c\u4ed6\u505a\u8fc7\u5973\u4eba\uff0c\u5f53\u8fc7\u7537\u4eba\u3002\u3000\u3000\u8ba9\u5973\u5b50\u6000\u5b55\uff0c\u81ea\u5df1\u751f\u5b50\u3002\u5f53\u8fc7\u7687\u5e1d\uff0c\u505a\u8fc7\u95f4\u8c0d\u3002\u3000\u3000\u8fd8\u66fe\u7ecf\u4e00\u626b\u7384\u5e7b\u6c5f\u6e56\uff0c\u505a\u4e86\u6b66\u6797\u9738\u4e3b\u3002\u3000\u3000\u5374\u53c8\u843d\u5f97\u4e2a\u6700\u540e\u6210\u4e86\u88ab\u5f03\u7684\u5973\u4eba\uff0c\u9152\u9189\u540e\u88ab\u96f7\u51fb\u6655\u3002\u7ec8\u662f\u9192\u6765\uff0c\u9762\u5bf9\u81ea\u5df1\u4e00\u5207\u7684\u5931\u804c\u2026\u2026\u3000\u3000\u770b\u4e0d\u61c2\u7684\uff0c\u53ef\u4ee5\u76f4\u63a5\u4ece\u7b2c2\u5377\u5f00\u59cb\u770b\uff0c\u6bcf\u4e00\u5377\u90fd\u662f\u4e00\u4e2a\u5b8c\u6574\u7684\u6545\u4e8b\u3002\u5305\u542b\u7384\u5e7b\u3001\u90fd\u5e02\u3001\u67b6\u7a7a\u5386\u53f2\u3001\u8c0d\u6218\u3001\u6b66\u4fa0\uff0c\u60f3\u770b\u4ec0\u4e48\uff0c\u53ef\u4ee5\u81ea\u7531\u9009\u62e9\u3002", "title": "\u4e07\u53e4\u68a6\u8c2d", "url": "http://www.17k.com/book/1517064.html", "average": -1.0, "cover": "http://img.17k.com/images/bookcover/2016/7585/37/1517064-1466258637000.jpg", "reviews": 1058003, "authors": [{"url": "http://www.17k.com/zuozhe/17028358", "name": "\u65ad\u5f26\u60c5\u7f18"}], "type": ["\u7075\u9b42\u8f6c\u6362"], "outlinks": ["http://www.17k.com/book/2794982.html", "http://www.17k.com/book/2801292.html", "http://www.17k.com/book/2816318.html", "http://www.17k.com/book/2797575.html", "http://www.17k.com/book/2802516.html", "http://www.17k.com/book/2812195.html", "http://www.17k.com/book/2820143.html", "http://www.17k.com/book/2807943.html", "http://www.17k.com/book/2813457.html", "http://www.17k.com/book/2798058.html", "http://www.17k.com/book/2815617.html", "http://www.17k.com/book/2805259.html", "http://www.17k.com/book/2760255.html", "http://www.17k.com/book/2686894.html", "http://www.17k.com/book/2797016.html", "http://www.17k.com/book/2767246.html", "http://www.17k.com/book/2764239.html", "http://www.17k.com/book/2754498.html", "http://www.17k.com/book/2754900.html", "http://www.17k.com/book/2625740.html", "http://www.17k.com/book/2213315.html", "http://www.17k.com/book/2402178.html", "http://www.17k.com/book/2691221.html", "http://www.17k.com/book/2210699.html", "http://www.17k.com/book/1797752.html", "http://www.17k.com/book/2575507.html", "http://www.17k.com/book/2705181.html", "http://www.17k.com/book/2702539.html", "http://www.17k.com/book/2474887.html", "http://www.17k.com/book/2674733.html", "http://www.17k.com/book/2822076.html", "http://www.17k.com/book/2809894.html", "http://www.17k.com/book/2822077.html", "http://www.17k.com/book/2811930.html", "http://www.17k.com/book/2815548.html", "http://www.17k.com/book/2819620.html", "http://www.17k.com/book/2809964.html", "http://www.17k.com/book/2808200.html", "http://www.17k.com/book/2820100.html", "http://www.17k.com/book/2822978.html", "http://www.17k.com/book/2804337.html", "http://www.17k.com/book/2798814.html", "http://www.17k.com/book/2785153.html", "http://www.17k.com/book/2731559.html", "http://www.17k.com/book/2722533.html", "http://www.17k.com/book/2458377.html", "http://www.17k.com/book/2743300.html", "http://www.17k.com/book/973809.html", "http://www.17k.com/book/2651367.html", "http://www.17k.com/book/2726194.html", "http://www.17k.com/book/2790214.html", "http://www.17k.com/book/493239.html", "http://www.17k.com/book/108821.html", "http://www.17k.com/book/1398783.html", "http://www.17k.com/book/83528.html", "http://www.17k.com/book/1859126.html", "http://www.17k.com/book/1741975.html", "http://www.17k.com/book/192453.html", "http://www.17k.com/book/2459058.html", "http://www.17k.com/book/1050747.html", "http://www.17k.com/book/2700315.html", "http://www.17k.com/book/2818940.html", "http://www.17k.com/book/2819519.html", "http://www.17k.com/book/2816390.html", "http://www.17k.com/book/2819588.html", "http://www.17k.com/book/2813768.html", "http://www.17k.com/book/2822406.html", "http://www.17k.com/book/2772164.html", "http://www.17k.com/book/2784023.html", "http://www.17k.com/book/2811877.html", "http://www.17k.com/book/2809119.html", "http://www.17k.com/book/2803700.html", "http://www.17k.com/book/2819561.html", "http://www.17k.com/book/2746506.html", "http://www.17k.com/book/2811836.html", "http://www.17k.com/book/2614810.html", "http://www.17k.com/book/1592435.html", "http://www.17k.com/book/1949748.html", "http://www.17k.com/book/2265802.html", "http://www.17k.com/book/2743240.html", "http://www.17k.com/book/2657437.html", "http://www.17k.com/book/2644502.html", "http://www.17k.com/book/2199900.html", "http://www.17k.com/book/2725436.html", "http://www.17k.com/book/2629978.html"]}