{"ratings": -1, "userreviews": [{"userName": "\u843d\u82b1812499678", "userReviewDate": "2018-06-01", "userURL": "http://user.17k.com/62401434", "userReview": "\u4f5c\u8005\u4e0d\u6127\u662f\u8001\u7f51\u6587\u4f5c\u5bb6\uff0c\u8138\u76ae\u591f\u539a"}, {"userName": "\u59b9\u59b9127171824", "userReviewDate": "2018-05-14", "userURL": "http://user.17k.com/60398848", "userReview": "\u770b\u8fd9\u672c\u4e66\u8d8a\u770b\u8d8a\u7740\u6025\uff0c\u53cd\u6b63\u662f\u5f88\u559c\u6b22"}, {"userName": "\u5343\u94b0\u6b92\u6654", "userReviewDate": "2018-03-01", "userURL": "http://user.17k.com/60190087", "userReview": "\u5e0c\u671b\u4f60\u518d\u63a5\u518d\u5389\uff0c\u4f5c\u54c1\u80fd\u5927\u7ea2\u5927\u7d2b\u3002\u7b71\u7b71\u643a\u62d9\u4f5c<a target='_blank' href='http://www.17k.com/book/2785828.html'>\u300a\u68a6\u5883\u7834\u5984\u8005\u300b</a>\u62dc\u8bfb\u4f73\u4f5c"}, {"userName": "\u6697\u591c\u6d41\u661f\u98de", "userReviewDate": "2018-02-28", "userURL": "http://user.17k.com/46865324", "userReview": "<a target='_blank' href='http://www.17k.com/book/2717155.html'>\u300a\u9082\u9005\u5973\u795e\u7231\u4e0a\u6211\u300b</a>\u6765\u8bbf\u5b66\u4e60\uff0c\u5e0c\u671b\u6709\u4eba\u80fd\u770b\u770b\uff0c\u8c22\u8c22\u3002"}, {"userName": "A\u725b\u9b54\u738b", "userReviewDate": "2018-02-17", "userURL": "http://user.17k.com/56738425", "userReview": "2018\u63a8\u8350\u4e00\u672c\u597d\u770b\u7684\u4e66<a target='_blank' href='http://www.17k.com/book/2551937.html'>\u300a\u8d85\u65b0\u4eba\u300b</a>\uff0c\u60ca\u9669\u523a\u6fc0\uff0c\u6d6a\u6f2b\u6ee1\u5c4b\uff0c\u70ed\u8840\u683c\u6597\uff0c\u751f\u6b7b\u7231\u604b\uff0c\u6696\u6627\u4e0d\u65ad\uff0c\u5929\u5929\u66f4\u65b0\uff0c\u8bf7\u591a\u5173\u7167\uff0c\u6765\u4e2a\u6536\u85cf\u554a!\uff0c\u70b9\u51fb\u4e66\u540d\u5c31\u53ef\u4ee5\u770b\u5230\u4e66\u4e86\u3002"}, {"userName": "\u9ec4\u74dc\u7684\u5bbf\u547d", "userReviewDate": "2018-02-09", "userURL": "http://user.17k.com/53195742", "userReview": "<a target='_blank' href='http://www.17k.com/book/2377865.html'>\u300a\u81f3\u9738\u82cd\u751f\u8bc0\u300b</a>\u6765\u8bbf\uff0c\u6c42\u652f\u6301\u6c42\u6269\u6563\uff0c\u87f9\u87f9\u3002"}, {"userName": "xmqhome", "userReviewDate": "2018-01-19", "userURL": "http://user.17k.com/1121751", "userReview": "&nbsp; <a target='_blank' href='http://www.17k.com/book/799926.html'>\u300a\u4ed9\u7f18\u65e0\u9650\u300b</a>\u6765\u8bbf\uff0c\u9001\u82b1\u652f\u6301\uff0c\u597d\u597d\u5199\uff0c\u672a\u6765\u7684\u5927\u795e\u4e2d\u5fc5\u6709\u4f60\u7684\u4e00\u5e2d\u4e4b\u5730\uff01\u540c\u65f6\uff0c\u501f\u8d35\u5b9d\u5730\u6253\u4e2a\u5e7f\u544a\uff0c\u672c\u4eba\u4f5c\u54c1\u6b63\u5728\u8fde\u8f7d\uff0c\u6b22\u8fce\u5404\u4f4d\u6709\u5174\u8da3\u7684\u8bfb\u8005\u591a\u591a\u524d\u5f80\u8ba2\u9605\u652f\u6301\u3002"}, {"userName": "\u5176\u97f3", "userReviewDate": "2018-01-18", "userURL": "http://user.17k.com/58976519", "userReview": "<a target='_blank' href='http://www.17k.com/book/2750422.html'>\u300a\u9189\u751f\u6b4c\u300b</a>\u524d\u6765\u62dc\u8bbf"}, {"userName": "\u8f7b\u98ce\u8bed\u96fe", "userReviewDate": "2018-01-17", "userURL": "http://user.17k.com/58783728", "userReview": "\u9006\u82cd\u5929\uff01\uff01\u8fd9\u4e2a\u4f5c\u8005\u725b\u903c\u4e86\uff0c<a target='_blank' href='http://www.17k.com/book/2736220.html'>\u300a\u91cd\u751f\u7ea8\u7ed4\u81f3\u5c0a\u300b</a>\u524d\u6765\u62dc\u8bbf"}, {"userName": "17K\u4e66\u53cbNMNZWRJD", "userReviewDate": "2018-01-12", "userURL": "http://user.17k.com/59351829", "userReview": "\u7ee7\u7eed\u52a0\u6cb9\uff0c\u9f13\u52b1"}, {"userName": "17K\u4e66\u53cbNMNZWRJD", "userReviewDate": "2018-01-11", "userURL": "http://user.17k.com/59351829", "userReview": "\u52a0\u6cb9\u52a0\u6cb9\u52a0\u6cb9"}, {"userName": "\u98de\u96ea\u4e71\u6e05\u98ce", "userReviewDate": "2017-12-22", "userURL": "http://user.17k.com/45159154", "userReview": "<a target='_blank' href='http://www.17k.com/book/2677053.html'>\u300a\u9b54\u5984\u300b</a>\u6765\u8bbf\uff0c\u5348\u597d\uff0c\u9006\u82cd\u5929"}, {"userName": "\u829d\u5170\u7389\u6811113776312", "userReviewDate": "2017-12-04", "userURL": "http://user.17k.com/54691896", "userReview": "\u4e66\u8352\u7684\u670b\u53cb\uff0c\u6211\u7ed9\u4f60\u63a8\u8350\u4e00\u672c\u4e66<a target='_blank' href='http://www.17k.com/book/2724537.html'>\u300a\u82cd\u7a79\u8427\u5e1d\u300b</a>"}, {"userName": "\u98ce\u95f4\u7409\u6c13", "userReviewDate": "2017-11-18", "userURL": "http://user.17k.com/57356626", "userReview": "\u4e00\u8d77\u52a0\u6cb9\uff0c\u5927\u5927\uff01"}, {"userName": "\u65e0\u8bed740606270", "userReviewDate": "2017-11-15", "userURL": "http://user.17k.com/55830062", "userReview": "[\u6253\u8d4f]\u6211\u6253\u8d4f\u4e861\u5143\u7ea2\u5305\uff01\uff01"}, {"userName": "\u5929\u732b\u4e09\u53f7", "userReviewDate": "2017-10-31", "userURL": "http://user.17k.com/58132164", "userReview": "\u7559\u4e0b\u8db3\u8ff9\uff0c\u672c\u4e66\u6062\u590d\u4eba\u6c14\u8d85\u7ea7\u5927\u706b\uff0c\u6211\u7684<a target='_blank' href='http://www.17k.com/book/2706554.html'>\u300a\u91cd\u751f\u4e4b\u661f\u7403\u5206\u8eab\u300b</a>\u4e5f\u8ddf\u7740\u7ea2"}], "description": "\u592a\u53e4\u65f6\u4ee3\uff0c\u6709\u64ce\u5929\u5de8\u7075\uff0c\u8eab\u5982\u661f\u8fb0\uff0c\u7ff1\u7fd4\u5b99\u5b87\u3002\u3000\u3000\u6709\u8eab\u6000\u5f02\u8840\u7684\u5404\u65cf\u5927\u5c0a\uff0c\u7834\u706d\u865a\u7a7a\uff0c\u518d\u9020\u5929\u5730\uff0c\u6709\u53e4\u70bc\u6c14\u58eb\uff0c\u8fdc\u6e21\u661f\u6cb3\uff0c\u6559\u5316\u4f17\u751f\u3002\u3000\u3000\u4e0d\u77e5\u56e0\u4f55\u539f\u56e0\uff0c\u4e00\u4e2a\u65f6\u4ee3\u6084\u7136\u7ec8\u7ed3\uff0c\u4e07\u57df\u9694\u7edd\uff0c\u592a\u53e4\u5de8\u64ce\u4e00\u4e00\u9500\u58f0\u533f\u8ff9\u3002\u3000\u3000\u65f6\u9694\u591a\u5e74\uff0c\u5c11\u5e74\u8042\u5929\uff0c\u901a\u8fc7\u4e00\u6ef4\u9c9c\u8840\uff0c\u91cd\u56de\u592a\u53e4\u3002\u5fae\u4fe1\u516c\u4f17\u53f7\uff1a\u4f5c\u8005\u9006\u82cd\u5929\u3002(\u4e3b\u89d2\uff1a\u8042\u5929\u88f4\u7426\u7426\u8463\u4e3d)\u3002", "title": "\u4e07\u57df\u4e4b\u738b", "url": "http://www.17k.com/book/2696697.html", "average": -1.0, "cover": "http://img.17k.com/images/bookcover/partner/66/97/2696697/2696697.jpg", "reviews": 86329, "authors": [{"url": "http://www.17k.com/zuozhe/56805591", "name": "\u9006\u82cd\u5929"}], "type": ["\u897f\u65b9\u5947\u5e7b"], "outlinks": ["http://www.17k.com/book/2794982.html", "http://www.17k.com/book/2801292.html", "http://www.17k.com/book/2816318.html", "http://www.17k.com/book/2797575.html", "http://www.17k.com/book/2802516.html", "http://www.17k.com/book/2812195.html", "http://www.17k.com/book/2820143.html", "http://www.17k.com/book/2807943.html", "http://www.17k.com/book/2813457.html", "http://www.17k.com/book/2798058.html", "http://www.17k.com/book/2815617.html", "http://www.17k.com/book/2805259.html", "http://www.17k.com/book/2760255.html", "http://www.17k.com/book/2686894.html", "http://www.17k.com/book/2797016.html", "http://www.17k.com/book/2767246.html", "http://www.17k.com/book/2764239.html", "http://www.17k.com/book/2754498.html", "http://www.17k.com/book/2754900.html", "http://www.17k.com/book/2625740.html", "http://www.17k.com/book/2213315.html", "http://www.17k.com/book/2402178.html", "http://www.17k.com/book/2691221.html", "http://www.17k.com/book/2210699.html", "http://www.17k.com/book/1797752.html", "http://www.17k.com/book/2575507.html", "http://www.17k.com/book/2705181.html", "http://www.17k.com/book/2702539.html", "http://www.17k.com/book/2474887.html", "http://www.17k.com/book/2674733.html", "http://www.17k.com/book/2822076.html", "http://www.17k.com/book/2809894.html", "http://www.17k.com/book/2822077.html", "http://www.17k.com/book/2811930.html", "http://www.17k.com/book/2815548.html", "http://www.17k.com/book/2819620.html", "http://www.17k.com/book/2809964.html", "http://www.17k.com/book/2808200.html", "http://www.17k.com/book/2820100.html", "http://www.17k.com/book/2822978.html", "http://www.17k.com/book/2804337.html", "http://www.17k.com/book/2798814.html", "http://www.17k.com/book/2785153.html", "http://www.17k.com/book/2731559.html", "http://www.17k.com/book/2722533.html", "http://www.17k.com/book/2458377.html", "http://www.17k.com/book/2743300.html", "http://www.17k.com/book/973809.html", "http://www.17k.com/book/2651367.html", "http://www.17k.com/book/2726194.html", "http://www.17k.com/book/2790214.html", "http://www.17k.com/book/493239.html", "http://www.17k.com/book/108821.html", "http://www.17k.com/book/1398783.html", "http://www.17k.com/book/83528.html", "http://www.17k.com/book/1859126.html", "http://www.17k.com/book/1741975.html", "http://www.17k.com/book/192453.html", "http://www.17k.com/book/2459058.html", "http://www.17k.com/book/1050747.html", "http://www.17k.com/book/2700315.html", "http://www.17k.com/book/2818940.html", "http://www.17k.com/book/2819519.html", "http://www.17k.com/book/2816390.html", "http://www.17k.com/book/2819588.html", "http://www.17k.com/book/2813768.html", "http://www.17k.com/book/2822406.html", "http://www.17k.com/book/2772164.html", "http://www.17k.com/book/2784023.html", "http://www.17k.com/book/2811877.html", "http://www.17k.com/book/2809119.html", "http://www.17k.com/book/2803700.html", "http://www.17k.com/book/2819561.html", "http://www.17k.com/book/2746506.html", "http://www.17k.com/book/2811836.html", "http://www.17k.com/book/2614810.html", "http://www.17k.com/book/1592435.html", "http://www.17k.com/book/1949748.html", "http://www.17k.com/book/2265802.html", "http://www.17k.com/book/2743240.html", "http://www.17k.com/book/2657437.html", "http://www.17k.com/book/2644502.html", "http://www.17k.com/book/2199900.html", "http://www.17k.com/book/2725436.html", "http://www.17k.com/book/2629978.html"]}