{"ratings": -1, "userreviews": [{"userName": "\u7ea2\u8272\u9886\u5e26081778060", "userReviewDate": "2018-06-07", "userURL": "http://user.17k.com/61018370", "userReview": "\u6211\u4eca\u5929\u4e0d\u9ad8\u8003\uff0c\u6211\u53ea\u643a\u5e26<a target='_blank' href='http://www.17k.com/book/2836052.html'>\u300a\u542f\u5143\u5927\u9646\u300b</a>\u6765\u8bbf\uff0c\u70b9\u51fb\u52a0\u4e2a\u6536\u85cf\uff0c\u6211\u80d6\u864e\u611f\u6fc0\u4e0d\u5c3d<a target='_blank' href='http://user.17k.com/2128146'>@~</a>@"}, {"userName": "\u5341\u91cc\u5e73\u6e56997453981", "userReviewDate": "2018-05-27", "userURL": "http://user.17k.com/58494805", "userReview": "[\u6253\u8d4f]\u6211\u6253\u8d4f\u4e861\u5143\u7ea2\u5305\uff01\uff01"}, {"userName": "17K\u4e66\u53cbfdghfs45", "userReviewDate": "2018-05-19", "userURL": "http://user.17k.com/58436626", "userReview": "[\u6253\u8d4f]\u6211\u6253\u8d4f\u4e862\u5143\u7ea2\u5305\uff01\uff01"}, {"userName": "\u5723\u9690\u5e1d\u5143", "userReviewDate": "2018-05-19", "userURL": "http://user.17k.com/57760595", "userReview": "\u7b7e\u5230\u652f\u6301"}, {"userName": "\u4e94\u5473\u9f50\u5168", "userReviewDate": "2018-05-13", "userURL": "http://user.17k.com/37729267", "userReview": "20\u82b1\u805a\u9876\u652f\u6301\u5144\u53f0\uff01"}, {"userName": "17K\u4e66\u53cbr9alz82a", "userReviewDate": "2018-05-09", "userURL": "http://user.17k.com/61614098", "userReview": "\u575a\u6301\u7b7e\u5230\u652f\u6301\u652f\u6301"}, {"userName": "\u5355\u5355\u5fc6", "userReviewDate": "2018-05-07", "userURL": "http://user.17k.com/38640968", "userReview": "[\u6253\u8d4f]\u6211\u6253\u8d4f\u4e861\u5143\u7ea2\u5305\uff01\uff01"}, {"userName": "17K\u4e66\u53cbfdghfs45", "userReviewDate": "2018-05-06", "userURL": "http://user.17k.com/58436626", "userReview": "[\u6253\u8d4f]\u6211\u6253\u8d4f\u4e862\u5143\u7ea2\u5305\uff01\uff01"}, {"userName": "17K\u4e66\u53cbfdghfs45", "userReviewDate": "2018-05-06", "userURL": "http://user.17k.com/58436626", "userReview": "[\u6253\u8d4f]\u6211\u6253\u8d4f\u4e862\u5143\u7ea2\u5305\uff01\uff01"}, {"userName": "17K\u4e66\u53cbfdghfs45", "userReviewDate": "2018-05-06", "userURL": "http://user.17k.com/58436626", "userReview": "[\u6253\u8d4f]\u6211\u6253\u8d4f\u4e862\u5143\u7ea2\u5305\uff01\uff01"}, {"userName": "\u5723\u9690\u5e1d\u5143", "userReviewDate": "2018-05-06", "userURL": "http://user.17k.com/57760595", "userReview": "\u7b7e\u5230\u652f\u6301"}, {"userName": "\u4e09\u96f6\u96f6\u4e03", "userReviewDate": "2018-05-03", "userURL": "http://user.17k.com/56148805", "userReview": "\u9001\u4e0a\u9c9c\u82b1\u652f\u6301\u4e00\u4e0b\uff01"}, {"userName": "\u7cd6\u9165\u6392\u9aa8", "userReviewDate": "2018-05-03", "userURL": "http://user.17k.com/32080401", "userReview": "\u819c\u62dc\u5927\u795e\uff0c\u6cbe\u6cbe\u559c\u6c14"}, {"userName": "17K\u4e66\u53cbyzyvxii5", "userReviewDate": "2018-04-30", "userURL": "http://user.17k.com/54991678", "userReview": "\u8fd8\u53ef\u4ee5&#55357;&#56836;"}, {"userName": "\u5e03\u60ca\u4e91\u5416", "userReviewDate": "2018-04-26", "userURL": "http://user.17k.com/60612004", "userReview": "\u4e0d\u9519\u597d\u6587"}, {"userName": "\u79cb\u8273531631282", "userReviewDate": "2018-04-25", "userURL": "http://user.17k.com/61154104", "userReview": "\u66f4\u65b0\u5b8c\u4ee5\u540e\u539f\u6709\u7684\u6570\u636e\u90fd\u4e22\u5931\u4e86"}, {"userName": "\u5e03\u60ca\u4e91\u5416", "userReviewDate": "2018-04-24", "userURL": "http://user.17k.com/60612004", "userReview": "\u652f\u6301\u6960\u795e"}, {"userName": "\u5723\u9690\u5e1d\u5143", "userReviewDate": "2018-04-15", "userURL": "http://user.17k.com/57760595", "userReview": "\u7b7e\u5230\u652f\u6301"}, {"userName": "\u5e03\u60ca\u4e91\u5416", "userReviewDate": "2018-04-13", "userURL": "http://user.17k.com/60612004", "userReview": "\u8c22\u8c22\u5927\u795e\u5173\u987e\uff0c\u652f\u6301\u60a8\uff0c\u8ba2\u9605\u6765\u7684\u66f4\u731b\u70c8\u4e9b\u5427"}, {"userName": "17K\u4e66\u53cb056398WD", "userReviewDate": "2018-04-13", "userURL": "http://user.17k.com/57464383", "userReview": "\u559c\u6b22\u3001\u559c\u6b22"}], "description": "\u7537\u513f\u6709\u5fd7\uff0c\u65a9\u5c3d\u5929\u5730\u4e0d\u5e73\u4e8b\uff1b\u3000\u3000\u5973\u513f\u6709\u60c5\uff0c\u67d4\u80a0\u65ad\u9aa8\u4e3a\u541b\u5bfb\uff1b\u3000\u3000\u56fd\u6068\u5bb6\u4ec7\uff0c\u6012\u53d1\u51b2\u51a0\u9664\u6076\u5c3d\uff1b\u3000\u3000\u78a7\u8840\u4e39\u5fc3\uff0c\u751f\u6b7b\u76f8\u4f9d\u5144\u5f1f\u60c5\u3002\u3000\u3000\u9738\u5929\u7edd\u5730\uff0c\u552f\u6211\u72ec\u5c0a\uff0c\u4e0d\u673d\u4f1f\u7ee9\uff0c\u4e07\u8f7d\u5343\u79cb\uff0c\u4e91\u5bb6\u5b50\u5f1f\uff0c\u6f5c\u9f99\u5d1b\u8d77\uff0c\u62ab\u8346\u65a9\u68d8\uff0c\u6f14\u7ece\u4e00\u4ee3\u5c01\u795e\u4f20\u5947\u3002", "title": "\u4e07\u57df\u5c01\u795e", "url": "http://www.17k.com/book/2663934.html", "average": -1.0, "cover": "http://img.17k.com/images/bookcover/2017/13319/66/2663934-1505896051000.jpg", "reviews": 1061041, "authors": [{"url": "http://www.17k.com/zuozhe/43479253", "name": "\u6960\u795ez"}], "type": ["\u4e1c\u65b9\u7384\u5e7b"], "outlinks": ["http://www.17k.com/book/2794982.html", "http://www.17k.com/book/2801292.html", "http://www.17k.com/book/2816318.html", "http://www.17k.com/book/2797575.html", "http://www.17k.com/book/2802516.html", "http://www.17k.com/book/2812195.html", "http://www.17k.com/book/2820143.html", "http://www.17k.com/book/2807943.html", "http://www.17k.com/book/2813457.html", "http://www.17k.com/book/2798058.html", "http://www.17k.com/book/2815617.html", "http://www.17k.com/book/2805259.html", "http://www.17k.com/book/2760255.html", "http://www.17k.com/book/2686894.html", "http://www.17k.com/book/2797016.html", "http://www.17k.com/book/2767246.html", "http://www.17k.com/book/2764239.html", "http://www.17k.com/book/2754498.html", "http://www.17k.com/book/2754900.html", "http://www.17k.com/book/2625740.html", "http://www.17k.com/book/2213315.html", "http://www.17k.com/book/2402178.html", "http://www.17k.com/book/2691221.html", "http://www.17k.com/book/2210699.html", "http://www.17k.com/book/1797752.html", "http://www.17k.com/book/2575507.html", "http://www.17k.com/book/2705181.html", "http://www.17k.com/book/2702539.html", "http://www.17k.com/book/2474887.html", "http://www.17k.com/book/2674733.html", "http://www.17k.com/book/2822076.html", "http://www.17k.com/book/2809894.html", "http://www.17k.com/book/2822077.html", "http://www.17k.com/book/2811930.html", "http://www.17k.com/book/2815548.html", "http://www.17k.com/book/2819620.html", "http://www.17k.com/book/2809964.html", "http://www.17k.com/book/2808200.html", "http://www.17k.com/book/2820100.html", "http://www.17k.com/book/2822978.html", "http://www.17k.com/book/2804337.html", "http://www.17k.com/book/2798814.html", "http://www.17k.com/book/2785153.html", "http://www.17k.com/book/2731559.html", "http://www.17k.com/book/2722533.html", "http://www.17k.com/book/2458377.html", "http://www.17k.com/book/2743300.html", "http://www.17k.com/book/973809.html", "http://www.17k.com/book/2651367.html", "http://www.17k.com/book/2726194.html", "http://www.17k.com/book/2790214.html", "http://www.17k.com/book/493239.html", "http://www.17k.com/book/108821.html", "http://www.17k.com/book/1398783.html", "http://www.17k.com/book/83528.html", "http://www.17k.com/book/1859126.html", "http://www.17k.com/book/1741975.html", "http://www.17k.com/book/192453.html", "http://www.17k.com/book/2459058.html", "http://www.17k.com/book/1050747.html", "http://www.17k.com/book/2700315.html", "http://www.17k.com/book/2818940.html", "http://www.17k.com/book/2819519.html", "http://www.17k.com/book/2816390.html", "http://www.17k.com/book/2819588.html", "http://www.17k.com/book/2813768.html", "http://www.17k.com/book/2822406.html", "http://www.17k.com/book/2772164.html", "http://www.17k.com/book/2784023.html", "http://www.17k.com/book/2811877.html", "http://www.17k.com/book/2809119.html", "http://www.17k.com/book/2803700.html", "http://www.17k.com/book/2819561.html", "http://www.17k.com/book/2746506.html", "http://www.17k.com/book/2811836.html", "http://www.17k.com/book/2614810.html", "http://www.17k.com/book/1592435.html", "http://www.17k.com/book/1949748.html", "http://www.17k.com/book/2265802.html", "http://www.17k.com/book/2743240.html", "http://www.17k.com/book/2657437.html", "http://www.17k.com/book/2644502.html", "http://www.17k.com/book/2199900.html", "http://www.17k.com/book/2725436.html", "http://www.17k.com/book/2629978.html"]}