{"ratings": -1, "userreviews": [{"userName": "\u8863\u51a0\u80dc\u96eaz", "userReviewDate": "2017-08-20", "userURL": "http://user.17k.com/37632901", "userReview": "<span style='color:red'>\u5e7f\u544a\u697c\uff01\uff01\uff01\u4e3a\u4e86\u4fdd\u6301\u4e66\u8bc4\u533a\u7684\u6e05\u6d01\uff0c\u8bf7\u5404\u4f4d\u4f5c\u8005\u5c06\u5e7f\u544a\u5168\u90e8\u6254\u8fdb\u8fd9\u91cc\u3002\u6bd4\u5982<a target='_blank' href='http://www.17k.com/book/2570494.html'>\u300a\u4e07\u5723\u7eaa\u300b</a>\u3002\u4e66\u8bc4\u533a\u7684\u5e7f\u544a\u5c06\u4f1a\u88ab\u5168\u90e8\u5220\u9664\uff0c\u751a\u81f3\u7981\u8a00~~\u6709\u4e9b\u4eba\u592a\u53ef\u6076\uff0c\u4e00\u6b21\u53d1\u4e94\u6761\u4e00\u6a21\u4e00\u6837\u7684\uff0c\u6574\u7248\u90fd\u6210\u4e86\u4ed6\u7684\u5e7f\u544a\uff0c\u8fde\u4e2a\u6b63\u5e38\u7684\u4e66\u8bc4\u90fd\u770b\u4e0d\u5230\u4e86\u3002</span>"}, {"userName": "\u7b11\u7b11\u661f\u513f", "userReviewDate": "2017-08-16", "userURL": "http://user.17k.com/2606656", "userReview": "\u60ca\u89c1\u96ea\u5927\u65b0\u4e66\uff0c\u7279\u6765\u795d\u8d3a\uff01\uff01\uff01"}, {"userName": "\u5e73\u51e1\u7684\u9b54\u672f\u5e08", "userReviewDate": "2017-08-15", "userURL": "http://user.17k.com/13612658", "userReview": "[\u6253\u8d4f]\u6211\u6253\u8d4f\u4e86100\u5143\u7ea2\u5305\uff01\uff01"}, {"userName": "\u82cf\u6708\u5915", "userReviewDate": "2017-08-15", "userURL": "http://user.17k.com/7257885", "userReview": "[\u6253\u8d4f]\u6211\u6253\u8d4f\u4e86100\u5143\u7ea2\u5305\uff01\uff01"}, {"userName": "\u5584\u826f\u7684\u871c\u8702", "userReviewDate": "2017-08-15", "userURL": "http://user.17k.com/4718065", "userReview": "[\u6253\u8d4f]\u6211\u6253\u8d4f\u4e861000\u5143\u7ea2\u5305\uff01\uff01"}, {"userName": "\u53ea\u9519\u4e00\u6b21", "userReviewDate": "2018-06-08", "userURL": "http://user.17k.com/52167146", "userReview": "\u52a0\u6cb9\u3002\u3002\u3002\u3002\u3002"}, {"userName": "17k\u4e66\u53cbe57cl3avv", "userReviewDate": "2018-06-07", "userURL": "http://user.17k.com/62558943", "userReview": "\u4e0d\u5b9a\u65f6\u66f4\u65b0\uff0c\u4f55\u4ee5\u652f\u6301!"}, {"userName": "\u5434\u521a\u4e00", "userReviewDate": "2018-06-07", "userURL": "http://user.17k.com/51773364", "userReview": "<span style='color:black'>\u518d\u4e00\u4e2a\u8ba2\u9605\u652f\u4ed8\u4e3a\u4ec0\u4e48\u53ea\u662f\u652f\u4ed8\u5b9d\u5462\uff0c\u8fd9\u6837\u4e0d\u65b9\u4fbf\u554a&middot;&middot;&middot;&middot;&middot;</span>"}, {"userName": "\u5434\u521a\u4e00", "userReviewDate": "2018-06-07", "userURL": "http://user.17k.com/51773364", "userReview": "\u6309\u65f6\u66f4\u65b0\u5c31\u597d\uff0c\u4e0d\u7ba1\u591a\u5c11\uff0c\u8bf4\u8bdd\u7b97\u6570\u6bd4\u4ec0\u4e48\u90fd\u5f3a\uff0c"}, {"userName": "\u65e7\u4eba\u65e7\u4e8b\u65e7\u7269", "userReviewDate": "2018-06-06", "userURL": "http://user.17k.com/37915107", "userReview": "[\u6253\u8d4f]\u6211\u6253\u8d4f\u4e861\u4e2a'\u5c0f\u5fc3\u5fc3'\uff01\uff01"}, {"userName": "\u6709\u5996\u6c14933197740", "userReviewDate": "2018-06-06", "userURL": "http://user.17k.com/55007158", "userReview": "\u8ba2\u9605\u4e86\uff0c\u4f5c\u8005\u52a0\u6cb9\uff01"}, {"userName": "yshs211240089", "userReviewDate": "2018-06-06", "userURL": "http://user.17k.com/58181805", "userReview": "\u5947\u8ff9\u5c31\u5728\u8fd9\u91cc"}, {"userName": "\u5e38\u5706", "userReviewDate": "2018-06-06", "userURL": "http://user.17k.com/59570100", "userReview": "\u53eb\u4f60\u6765\u4f60\u4e0d\u6765"}, {"userName": "\u904d\u4f20\u82b3\u9999", "userReviewDate": "2018-06-06", "userURL": "http://user.17k.com/56912547", "userReview": "\u771f\u5fc3\u592a\u597d\u770b\u4e86\uff0c\u5e0c\u671b\u591a\u5229\u591a\u7684\u66f4\u65b0"}, {"userName": "\u5343\u5c71\u8e0f\u96ea795742094", "userReviewDate": "2018-06-06", "userURL": "http://user.17k.com/58740451", "userReview": "[\u6253\u8d4f]\u6211\u6253\u8d4f\u4e861\u4e2a'\u5c0f\u5fc3\u5fc3'\uff01\uff01"}, {"userName": "\u5e38\u5706", "userReviewDate": "2018-06-05", "userURL": "http://user.17k.com/59570100", "userReview": "\u597d\u7684\u30fe(\u0150\u2200\u0150\u0e51)\uff89\u592a\u597d\u60f9"}, {"userName": "Xuping301958019", "userReviewDate": "2018-06-05", "userURL": "http://user.17k.com/52936346", "userReview": "\u80dc\u96ea\u52a0\u6cb9\uff1f\uff01\uff01\uff01\uff01\uff01\uff01"}, {"userName": "\u5e38\u5706", "userReviewDate": "2018-06-04", "userURL": "http://user.17k.com/59570100", "userReview": "\u4f60\u4eec\u4fe9\u90fd\u8981\u6709\u6ca1\u6709\u4eba"}, {"userName": "liaoge72", "userReviewDate": "2018-06-04", "userURL": "http://user.17k.com/51754996", "userReview": "\u5389\u5bb3\u6211\u5c31\u597d\u7684\u4eba"}, {"userName": "17K\u4e66\u53cbs6st8pap", "userReviewDate": "2018-06-03", "userURL": "http://user.17k.com/61158345", "userReview": "[\u6253\u8d4f]\u6211\u6253\u8d4f\u4e861\u5143\u7ea2\u5305\uff01\uff01"}], "description": "\u9053\u6cd5\u672b\u4e16\uff0c\u5143\u6c14\u6e83\u6563\uff0c\u4fee\u9053\u4e4b\u5883\u8d70\u5165\u672b\u9014\u3002\u3000\u3000\u6709\u4e0d\u4e16\u5947\u4eba\uff0c\u521b\u5fc3\u5723\u4e00\u6d3e\uff0c\u6d41\u4f20\u5929\u4e0b\uff0c\u4ee5\u5fc3\u6210\u5723\uff0c\u5fc3\u878d\u4e07\u7269\u3002\u3000\u3000\u53d1\u6398\u5fc3\u4e4b\u529b\u91cf\uff0c\u4e00\u5ff5\u751f\uff0c\u82b1\u5f00\u82b1\u843d\uff0c\u4e00\u5ff5\u706d\uff0c\u8bf8\u5929\u67af\u8363\u3002\u3000\u3000\u5185\u5fc3\u5f3a\u5927\u7684\u4eba\uff0c\u53ef\u4ee5\u7528\u5fc3\u5ff5\u63a7\u5236\u5468\u56f4\u7684\u8d77\u843d\u6210\u8d25\uff0c\u4e00\u5207\u751f\u6b7b\u3002\u5e76\u638c\u63e1\u865a\u7a7a\u632a\u4f4d\uff0c\u4f4d\u9762\u8f6c\u79fb\uff0c\u5fc3\u795e\u5316\u754c\u7b49\u795e\u5947\u529b\u91cf\u3002\u3000\u3000\u552f\u5fc3\u4e4b\u5916\uff0c\u522b\u65e0\u4e8c\u7269\u3002\u3000\u3000\u88ab\u8d76\u51fa\u5bb6\u65cf\u7684\u843d\u9b44\u5c11\u5e74\uff0c\u5076\u4e8e\u4e66\u9601\u62fe\u83b7\u4e00\u679a\u65e0\u540d\u6728\u9c7c\uff0c\u4e00\u5207\u4ece\u6b64\u53d1\u751f\u6539\u53d8\u3002\u3000\u3000\u2026\u2026\u3000\u3000\u8863\u51a0\u80dc\u96ea\u5fae\u4fe1\u516c\u4f17\u53f7\uff1aygsx1987\uff0c\u6b22\u8fce\u5927\u5bb6\u5173\u6ce8\uff01", "title": "\u4e07\u5723\u7eaa", "url": "http://www.17k.com/book/2570494.html", "average": -1.0, "cover": "http://img.17k.com/images/bookcover/2017/12852/64/2570494-1502763083000.jpg", "reviews": 2899194, "authors": [{"url": "http://www.17k.com/zuozhe/37632901", "name": "\u8863\u51a0\u80dc\u96ea"}], "type": ["\u4e1c\u65b9\u7384\u5e7b"], "outlinks": ["http://www.17k.com/book/2794982.html", "http://www.17k.com/book/2801292.html", "http://www.17k.com/book/2816318.html", "http://www.17k.com/book/2797575.html", "http://www.17k.com/book/2802516.html", "http://www.17k.com/book/2812195.html", "http://www.17k.com/book/2820143.html", "http://www.17k.com/book/2807943.html", "http://www.17k.com/book/2813457.html", "http://www.17k.com/book/2798058.html", "http://www.17k.com/book/2815617.html", "http://www.17k.com/book/2805259.html", "http://www.17k.com/book/2760255.html", "http://www.17k.com/book/2686894.html", "http://www.17k.com/book/2797016.html", "http://www.17k.com/book/2767246.html", "http://www.17k.com/book/2764239.html", "http://www.17k.com/book/2754498.html", "http://www.17k.com/book/2754900.html", "http://www.17k.com/book/2625740.html", "http://www.17k.com/book/2213315.html", "http://www.17k.com/book/2402178.html", "http://www.17k.com/book/2691221.html", "http://www.17k.com/book/2210699.html", "http://www.17k.com/book/1797752.html", "http://www.17k.com/book/2575507.html", "http://www.17k.com/book/2705181.html", "http://www.17k.com/book/2702539.html", "http://www.17k.com/book/2474887.html", "http://www.17k.com/book/2674733.html", "http://www.17k.com/book/2822076.html", "http://www.17k.com/book/2809894.html", "http://www.17k.com/book/2822077.html", "http://www.17k.com/book/2811930.html", "http://www.17k.com/book/2815548.html", "http://www.17k.com/book/2819620.html", "http://www.17k.com/book/2809964.html", "http://www.17k.com/book/2808200.html", "http://www.17k.com/book/2820100.html", "http://www.17k.com/book/2822978.html", "http://www.17k.com/book/2804337.html", "http://www.17k.com/book/2798814.html", "http://www.17k.com/book/2785153.html", "http://www.17k.com/book/2731559.html", "http://www.17k.com/book/2722533.html", "http://www.17k.com/book/2458377.html", "http://www.17k.com/book/2743300.html", "http://www.17k.com/book/973809.html", "http://www.17k.com/book/2651367.html", "http://www.17k.com/book/2726194.html", "http://www.17k.com/book/2790214.html", "http://www.17k.com/book/493239.html", "http://www.17k.com/book/108821.html", "http://www.17k.com/book/1398783.html", "http://www.17k.com/book/83528.html", "http://www.17k.com/book/1859126.html", "http://www.17k.com/book/1741975.html", "http://www.17k.com/book/192453.html", "http://www.17k.com/book/2459058.html", "http://www.17k.com/book/1050747.html", "http://www.17k.com/book/2700315.html", "http://www.17k.com/book/2818940.html", "http://www.17k.com/book/2819519.html", "http://www.17k.com/book/2816390.html", "http://www.17k.com/book/2819588.html", "http://www.17k.com/book/2813768.html", "http://www.17k.com/book/2822406.html", "http://www.17k.com/book/2772164.html", "http://www.17k.com/book/2784023.html", "http://www.17k.com/book/2811877.html", "http://www.17k.com/book/2809119.html", "http://www.17k.com/book/2803700.html", "http://www.17k.com/book/2819561.html", "http://www.17k.com/book/2746506.html", "http://www.17k.com/book/2811836.html", "http://www.17k.com/book/2614810.html", "http://www.17k.com/book/1592435.html", "http://www.17k.com/book/1949748.html", "http://www.17k.com/book/2265802.html", "http://www.17k.com/book/2743240.html", "http://www.17k.com/book/2657437.html", "http://www.17k.com/book/2644502.html", "http://www.17k.com/book/2199900.html", "http://www.17k.com/book/2725436.html", "http://www.17k.com/book/2629978.html"]}