{"ratings": -1, "userreviews": [{"userName": "\u5976\u8336\u7684\u60b2\u54c0", "userReviewDate": "2015-11-05", "userURL": "http://user.17k.com/14190060", "userReview": "\u7c89\u4e1d\u7fa4\uff1a203169912"}, {"userName": "\u9ec4\u74dc\u7684\u5bbf\u547d", "userReviewDate": "2018-02-10", "userURL": "http://user.17k.com/53195742", "userReview": "<a target='_blank' href='http://www.17k.com/book/2377865.html'>\u300a\u81f3\u9738\u82cd\u751f\u8bc0\u300b</a>\u6765\u8bbf\uff0c\u6c42\u652f\u6301\u6c42\u6269\u6563\uff0c\u87f9\u87f9\u3002"}, {"userName": "\u6625\u79cb\u5144", "userReviewDate": "2017-12-25", "userURL": "http://user.17k.com/58519982", "userReview": "\u6625\u79cb\u5144\u643a\u5e26<a target='_blank' href='http://www.17k.com/book/2731490.html'>\u300a\u5fa1\u6b66\u5f11\u5929\u300b</a>\u524d\u6765\u652f\u6301\u5927\u5927\uff01\uff01\u52a0\u6cb9\u54e6\uff01\uff01"}, {"userName": "\u0f0a\u0f84\u0f7b\u7fbd\u5100\u0fd0", "userReviewDate": "2017-07-31", "userURL": "http://user.17k.com/55876999", "userReview": "\u8fd9\u4e66\u5199\u7684\u5982\u4f55\uff0c\u66f4\u65b0\u600e\u6837\uff0c\u4f1a\u4e0d\u4f1a\u50cf\u8981\u6b7b\u4e0d\u6b7b\u7684\u4fee\u7f57\u6b66\u795e\u4f5c\u8005\u61d2\u60f0\u7684\u871c\u8702\u4e00\u6837\u7684\u5634\u8138\uff1f"}, {"userName": "\u714e\u96ea", "userReviewDate": "2017-07-24", "userURL": "http://user.17k.com/48447799", "userReview": "\u643a<a target='_blank' href='http://www.17k.com/book/2573648.html'>\u300a\u4f59\u5f71\u300b</a>\u6765\u8bbf\uff08&deg;\u0414&deg;\uff09\u042a\u5927\u8d5e\uff01"}, {"userName": "\u8d85\u7ea7\u90fd\u5e02\u4fdd\u9556", "userReviewDate": "2017-06-20", "userURL": "http://user.17k.com/1810919", "userReview": "<a target='_blank' href='http://www.17k.com/book/2537047.html'>\u300a\u8d85\u7ea7\u90fd\u5e02\u4fdd\u9556\u300b</a>\u62dc\u8bbf\u5144\u5f1f\uff0c\u5199\u5f97\u592a\u597d\u4e86\uff0c\u5b66\u4e60\uff01"}, {"userName": "\u7978\u6c34\u5944\u5944", "userReviewDate": "2017-06-16", "userURL": "http://user.17k.com/55020488", "userReview": "<span style='color:black'>\u6587\u7b14\u8d85\u7ea7\u68d2</span>"}, {"userName": "\u7978\u6c34\u5944\u5944", "userReviewDate": "2017-06-16", "userURL": "http://user.17k.com/55020488", "userReview": "\u5348\u5b89"}, {"userName": "\u667a\u58a8\u65e0\u60c5\u4e0e\u5fc3QWQ", "userReviewDate": "2017-06-06", "userURL": "http://user.17k.com/55410880", "userReview": "<a target='_blank' href='http://www.17k.com/book/2515861.html'>\u300a\u91cd\u751f\u53ea\u4e3a\u6740\u6b7b\u8d1f\u6211\u4e4b\u4eba\u300b</a>\u6211\u89c9\u5f97\u8fd8\u4e0d\u9519\uff01\u4f60\u4eec\u5462\uff1f"}, {"userName": "\u6d3b\u7740\u8270\u96be", "userReviewDate": "2017-05-25", "userURL": "http://user.17k.com/54891764", "userReview": "\u5145\u6ee1\u795e\u79d8\u7684\u5bfb\u5b9d\u6545\u4e8b\uff0c\u53e6\u7c7b\uff0c\u7cbe\u5f69\uff0c<a target='_blank' href='http://www.17k.com/book/2488852.html'>\u300a\u9752\u5188\u68d2\u300b</a>\u6c42\u63a8\u8350"}, {"userName": "h\u4f55\u7384x", "userReviewDate": "2017-05-23", "userURL": "http://user.17k.com/54036038", "userReview": "\u5c0f\u8bf4<a target='_blank' href='http://www.17k.com/book/2417279.html'>\u300a\u8d64\u5f2d\u300b</a>\u6765\u8bbf\uff0c\u652f\u6301\u5927\u5927\uff0c\u5199\u5f97\u5f88\u7cbe\u5f69~"}, {"userName": "\u6d3b\u7740\u8270\u96be", "userReviewDate": "2017-05-19", "userURL": "http://user.17k.com/54891764", "userReview": "<a target='_blank' href='http://www.17k.com/book/2488852.html'>\u300a\u9752\u5188\u68d2\u300b</a>\u5168\u65b0\u7684\u90fd\u5e02\u5c0f\u8bf4\u5199\u6cd5\uff0c\u6545\u4e8b\u77ed\u5c0f\u7cbe\u5f69\uff0c\u6c42\u63a8\u8350"}, {"userName": "\u6b4clil\u8c23", "userReviewDate": "2017-05-19", "userURL": "http://user.17k.com/54068930", "userReview": "<span style='color:black'>\u4e0a\u5348\u597d\u5440\uff0c\u5fcd\u4e0d\u4f4f\u5728\u5927\u795e\u8fd9\u91cc\u8e6d\u70b9\u4eba\u6c14\u3002<a target='_blank' href='http://www.17k.com/book/2490626.html'>\u300a\u6f3e\u5f71\u4eba\u300b</a>\u5168\u65b0\u7684\u90fd\u5e02\u5c0f\u8bf4\u5199\u6cd5\uff0c\u6545\u4e8b\u77ed\u5c0f\u7cbe\u5f69\uff0c\u5374\u53c8\u7bc7\u7bc7\u76f8\u8fde\uff0c\u4e14\u770b\u4e07\u6d88\u864e\u8eaf\u4e00\u9707\uff0c\u67d3\u7ea2\u5929\u5e55\uff0c\u6405\u52a8\u4eba\u95f41</span>"}, {"userName": "\u5510\u513f\u59d0\u59d0", "userReviewDate": "2017-05-17", "userURL": "http://user.17k.com/42893488", "userReview": "\u597d\u4e45\u6ca1\u6765\u4e86"}, {"userName": "\u9c81\u9c81\u4fee\u9047\u4e0a\u4e86\u84dd\u67d3", "userReviewDate": "2017-05-15", "userURL": "http://user.17k.com/54585144", "userReview": "<a target='_blank' href='http://www.17k.com/book/2454098.html'>\u300a\u653b\u9677\u7f8e\u5973\u4e4b\u795e\u300b</a>\u4e3b\u89d2\u5341\u7ae0\u62ff\u4e0b\u4e00\u4e2a\u7f8e\u5973\uff0c\u767e\u7ae0\u62ff\u4e0b\u767e\u4e2a\u7f8e\u5973\uff0c\u8179\u9ed1\u800c\u5351\u9119\uff0c\u5341\u5206\u61c2\u5f97\u770b\u7a7f\u5973\u4eba\u7684\u5fc3\uff0c\u624b\u6bb5\u9ad8\u8d85\u800c\u532a\u5937\u6240\u601d\uff0c\u72b9\u5982\u91d1\u5eb8\u91cc\u7684\u97e6\u5c0f\u5b9d\u4e0e\u52a8\u6f2b\u91cc\u7684\u6842\u6728\u6842\u9a6c\u3001\u9c81\u9c81\u4fee\uff0c\u5982\u679c\u5927\u5bb6\u770b\u4e86\u4e0d\u6ee1\u610f\uff0c\u6211\u968f\u4fbf\u4f60\u4eec\u9a82\uff0c\u94fe\u63a5\u4e00\u70b9\u76f4\u8fbe\uff1ahttp://www.17k.com/list/2454098.html\u3002"}, {"userName": "\u8d85\u8d8a\u81ea\u6211601223019", "userReviewDate": "2017-04-29", "userURL": "http://user.17k.com/54727942", "userReview": "<a target='_blank' href='http://www.17k.com/book/2454098.html'>\u300a\u653b\u9677\u7f8e\u5973\u4e4b\u795e\u300b</a>\u4e3b\u89d2\u5341\u7ae0\u62ff\u4e0b\u4e00\u4e2a\u7f8e\u5973\uff0c\u767e\u7ae0\u62ff\u4e0b\u767e\u4e2a\u7f8e\u5973\uff0c\u8179\u9ed1\u800c\u5351\u9119\uff0c\u5341\u5206\u61c2\u5f97\u770b\u7a7f\u5973\u4eba\u7684\u5fc3\uff0c\u624b\u6bb5\u9ad8\u8d85\u800c\u532a\u5937\u6240\u601d\uff0c\u72b9\u5982\u91d1\u5eb8\u91cc\u7684\u97e6\u5c0f\u5b9d\u4e0e\u52a8\u6f2b\u91cc\u7684\u6842\u6728\u6842\u9a6c\u3001\u9c81\u9c81\u4fee\uff0c\u5982\u679c\u5927\u5bb6\u770b\u4e86\u4e0d\u6ee1\u610f\uff0c\u6211\u968f\u4fbf\u4f60\u4eec\u9a82\uff0c\u94fe\u63a5\u4e00\u70b9\u76f4\u8fbe\uff1ahttp://www.17k.com/list/2454098.html\u3002"}, {"userName": "\u6625\u68a6\u672a\u9192", "userReviewDate": "2017-04-26", "userURL": "http://user.17k.com/53952655", "userReview": "<a target='_blank' href='http://www.17k.com/book/2468501.html'>\u300a\u7075\u5c01\u58a8\u865a\u300b</a>\u5230\u6b64\u4e00\u6e38\uff0c\u671b\u8bf8\u4f4d\u9053\u53cb\uff0c\u4e92\u76f8\u6536\u85cf\u9f13\u52b1\uff0c\u671b\u5927\u5927\u5199\u4e66\u66f4\u4e0a\u4e00\u5c42\u697c"}, {"userName": "\u6211\u4e0d\u77e5\u9053\u60f3\u77e5\u9053", "userReviewDate": "2017-04-26", "userURL": "http://user.17k.com/17285087", "userReview": "<span style='color:black'>\u65b0\u4f5c<a target='_blank' href='http://www.17k.com/book/2475643.html'>\u300a\u8001\u54e5\u4f60\u5728\u54ea\u513f\u300b</a></span>"}, {"userName": "\u522b\u266a\u5979\u30e4\u6cea&uml;", "userReviewDate": "2017-04-23", "userURL": "http://user.17k.com/44875347", "userReview": "<a target='_blank' href='http://www.17k.com/book/2294000.html'>\u300a\u6211\u613f\u9006\u6d41\u800c\u4e0a\u300b</a>\u524d\u6765\u62dc\u8bbf\uff01"}, {"userName": "\u79cb\u58f0\u91cc", "userReviewDate": "2017-04-14", "userURL": "http://user.17k.com/51717990", "userReview": "\u5c38\u5c71\u8840\u6d77\uff0c\u767d\u9aa8\u6210\u697c\uff0c\u552f\u5fc3\u4e0d\u53d8\uff0c\u70ed\u8840\u4fee\u771f\uff0c\u7b7e\u7ea6\u4f5c\u54c1<a target='_blank' href='http://www.17k.com/book/2277558.html'>\u300a\u5f02\u4e16\u4e4b\u8f6e\u56de\u4ed9\u8def\u300b</a>\u6765\u8bbf\uff01"}], "description": "\u4e00\u5251\u53ef\u7834\u82cd\u7a79\uff0c\u4e00\u9f0e\u53ef\u9547\u4e07\u53e4!\u3000\u3000\u7a7f\u8d8a\u65f6\u7a7a\u56de\u5230\u90a3\u4e2a\u56de\u5fc6\u91cc\u7684\u5730\u65b9\u3002\u3000\u3000\u4ee5\u65e0\u4e0a\u795e\u9f0e\u7194\u70bc\u4e07\u5343\u5927\u6cd5\uff0c\u7ec8\u6210\u6700\u5f3a\u795e\u9053\u3002\u3000\u3000\u5343\u53e4\u4e3a\u7687\uff0c\u4e07\u53e4\u4e3a\u5e1d\u3002\u3000\u3000\u8fd9\u4e00\u4e16\uff0c\u6211\u5f53\u65e0\u654c\u4e8e\u5929\u4e0b--------\u6797\u51e1\u3002\u3000\u3000\u8bfb\u8005\u7fa4\uff1a203169912\u4f01\u9e45\u53f7\uff1a55696245", "title": "\u4e07\u53e4\u795e\u738b", "url": "http://www.17k.com/book/1037746.html", "average": -1.0, "cover": "http://img.17k.com/images/bookcover/2015/5188/25/1037746-1444660743000.jpg", "reviews": 676811, "authors": [{"url": "http://www.17k.com/zuozhe/14190060", "name": "\u5976\u8336\u7684\u60b2\u54c0"}], "type": ["\u4e1c\u65b9\u7384\u5e7b"], "outlinks": ["http://www.17k.com/book/2794982.html", "http://www.17k.com/book/2801292.html", "http://www.17k.com/book/2816318.html", "http://www.17k.com/book/2797575.html", "http://www.17k.com/book/2802516.html", "http://www.17k.com/book/2812195.html", "http://www.17k.com/book/2820143.html", "http://www.17k.com/book/2807943.html", "http://www.17k.com/book/2813457.html", "http://www.17k.com/book/2798058.html", "http://www.17k.com/book/2815617.html", "http://www.17k.com/book/2805259.html", "http://www.17k.com/book/2760255.html", "http://www.17k.com/book/2686894.html", "http://www.17k.com/book/2797016.html", "http://www.17k.com/book/2767246.html", "http://www.17k.com/book/2764239.html", "http://www.17k.com/book/2754498.html", "http://www.17k.com/book/2754900.html", "http://www.17k.com/book/2625740.html", "http://www.17k.com/book/2213315.html", "http://www.17k.com/book/2402178.html", "http://www.17k.com/book/2691221.html", "http://www.17k.com/book/2210699.html", "http://www.17k.com/book/1797752.html", "http://www.17k.com/book/2575507.html", "http://www.17k.com/book/2705181.html", "http://www.17k.com/book/2702539.html", "http://www.17k.com/book/2474887.html", "http://www.17k.com/book/2674733.html", "http://www.17k.com/book/2822076.html", "http://www.17k.com/book/2809894.html", "http://www.17k.com/book/2822077.html", "http://www.17k.com/book/2811930.html", "http://www.17k.com/book/2815548.html", "http://www.17k.com/book/2819620.html", "http://www.17k.com/book/2809964.html", "http://www.17k.com/book/2808200.html", "http://www.17k.com/book/2820100.html", "http://www.17k.com/book/2822978.html", "http://www.17k.com/book/2804337.html", "http://www.17k.com/book/2798814.html", "http://www.17k.com/book/2785153.html", "http://www.17k.com/book/2731559.html", "http://www.17k.com/book/2722533.html", "http://www.17k.com/book/2458377.html", "http://www.17k.com/book/2743300.html", "http://www.17k.com/book/973809.html", "http://www.17k.com/book/2651367.html", "http://www.17k.com/book/2726194.html", "http://www.17k.com/book/2790214.html", "http://www.17k.com/book/493239.html", "http://www.17k.com/book/108821.html", "http://www.17k.com/book/1398783.html", "http://www.17k.com/book/83528.html", "http://www.17k.com/book/1859126.html", "http://www.17k.com/book/1741975.html", "http://www.17k.com/book/192453.html", "http://www.17k.com/book/2459058.html", "http://www.17k.com/book/1050747.html", "http://www.17k.com/book/2700315.html", "http://www.17k.com/book/2818940.html", "http://www.17k.com/book/2819519.html", "http://www.17k.com/book/2816390.html", "http://www.17k.com/book/2819588.html", "http://www.17k.com/book/2813768.html", "http://www.17k.com/book/2822406.html", "http://www.17k.com/book/2772164.html", "http://www.17k.com/book/2784023.html", "http://www.17k.com/book/2811877.html", "http://www.17k.com/book/2809119.html", "http://www.17k.com/book/2803700.html", "http://www.17k.com/book/2819561.html", "http://www.17k.com/book/2746506.html", "http://www.17k.com/book/2811836.html", "http://www.17k.com/book/2614810.html", "http://www.17k.com/book/1592435.html", "http://www.17k.com/book/1949748.html", "http://www.17k.com/book/2265802.html", "http://www.17k.com/book/2743240.html", "http://www.17k.com/book/2657437.html", "http://www.17k.com/book/2644502.html", "http://www.17k.com/book/2199900.html", "http://www.17k.com/book/2725436.html", "http://www.17k.com/book/2629978.html"]}