{"ratings": -1, "userreviews": [{"userName": "\u5bf9\u6211\u5fae\u7b11\uff0c\u7eaf\u5c5e\u793c\u8c8c\u3002", "userReviewDate": "2017-11-09", "userURL": "http://user.17k.com/55945782", "userReview": "\u5927\u5bb6\u53ef\u4ee5\u770b\u4e0b<a target='_blank' href='http://www.17k.com/book/2616990.html'>\u300a\u5c71\u5916\u4ed9\u5c71\u6865\u5916\u5929\u300b</a>\uff0c\u6bcf\u5929\u66f4\u65b0\uff0c\u4e0d\u6258\u66f4"}, {"userName": "17K\u4e66\u53cbUCPGYNVY", "userReviewDate": "2017-09-18", "userURL": "http://user.17k.com/57434743", "userReview": "[\u6253\u8d4f]\u6211\u6253\u8d4f\u4e862\u5143\u7ea2\u5305\uff01\uff01"}, {"userName": "\u98ce\u66dc\u5929", "userReviewDate": "2017-08-21", "userURL": "http://user.17k.com/56889715", "userReview": "\u7bee\u7403\u5929\u8d4b\u6bd4\u4e54\u4e39\u9ad8\uff0c\u8db3\u7403\u5929\u8d4b\u6bd4\u6885\u897f\u597d\uff0c\u5c31\u8fde\u5b66\u4e60\u4e5f\u6bd4\u7231\u56e0\u65af\u5766\u5f3a\uff0c\u4e00\u5207\u5c3d\u5728<a target='_blank' href='http://www.17k.com/book/2635047.html'>\u300a\u6700\u5f3a\u5929\u8d4b\u7cfb\u7edf\u300b</a>\uff0c\u5728\u6b64\u5b9d\u5730\u6253\u5e7f\u544a\u671b\u4f5c\u8005\u5927\u5927\u89c1\u8c05\u3002"}, {"userName": "\u7ec8\u4e8e\u767d\u9996&#55356;&#57161;", "userReviewDate": "2017-08-16", "userURL": "http://user.17k.com/56841472", "userReview": "\u6b66\u5e1d\u7834\u82cd\u7a79 \u6c42\u5927\u795e\u6307\u70b9"}, {"userName": "\u9646\u6653\u75af", "userReviewDate": "2017-08-07", "userURL": "http://user.17k.com/14776216", "userReview": "<a target='_blank' href='http://www.17k.com/book/2410552.html'>\u300a\u76d7\u4ed9\u8bb0\u300b</a>\u770b\u4e66\u62c9\u3002"}, {"userName": "pannn_", "userReviewDate": "2017-06-10", "userURL": "http://user.17k.com/54157391", "userReview": "\u8fd9\u672c\u4e66\u600e\u4e48\u4e0d\u66f4\u65b0\u4e86\u2026\u8fd8\u86ee\u671f\u5f85\u540e\u6587\u7684 \u4e66\u4e2d\u7684\u5973\u6027\u89d2\u8272\u5c24\u5176\u662f\u5510\u5029\u4e91\u771f\u7684\u662f\u4ee4\u6211\u611f\u5230\u6bd4\u8f83\u8ba8\u538c \u4e0d\u65ad\u7ed9\u4e3b\u89d2\u6dfb\u4e0d\u5fc5\u8981\u7684\u9ebb\u70e6 \u672c\u6765\u843d\u96e8\u5b97\u90a3\u4e00\u6bb5\u5df2\u7ecf\u5bf9\u4ed6\u6539\u89c2\u4e86 \u6ca1\u60f3\u5230\u540e\u9762\u53c8\u2026\u6b27\u9633\u9759\u521a\u51fa\u573a\u90a3\u4e00\u6bb5\u7ed9\u6211\u7559\u7684\u7b2c\u4e00\u6620\u50cf\u5e76\u4e0d\u597d"}, {"userName": "\u53f6\u843d\u5b50\u75d5", "userReviewDate": "2017-05-23", "userURL": "http://user.17k.com/33080428", "userReview": "<a target='_blank' href='http://www.17k.com/book/2452410.html'>\u300a\u4e03\u4ed9\u5251\u4f20\u300b</a>\u6765\u8bbf\u770b\u4e66\uff01"}, {"userName": "\u6df7\u4e16\u5546\u75de", "userReviewDate": "2017-04-03", "userURL": "http://user.17k.com/35315227", "userReview": "\u5e26\u7740\u65b0\u4e66<a target='_blank' href='http://www.17k.com/book/932105.html'>\u300a\u4ed9\u9b42\u8bb0\u300b</a>\u524d\u6765\u767b\u95e8\u62dc\u8bbf\uff0c\u8e6d\u8e6d\u4eba\u6c14\uff0c\u987a\u4fbf\u4e5f\u5b66\u4e60\u4e00\u4e0b\u4f5c\u8005\u5927\u5927\u7684\u6587\u7b14\uff0c\u8bf7\u4e0d\u8981\u751f\u6c14\u54e6\uff01\u624b\u673a\u7801\u5b57\u5f88\u8f9b\u82e6\uff0c\u591a\u591a\u652f\u6301\uff0c\u9c9c\u82b1\u5949\u4e0a"}, {"userName": "\u516c\u5b50\u740b", "userReviewDate": "2017-02-18", "userURL": "http://user.17k.com/49686275", "userReview": "<a target='_blank' href='http://www.17k.com/book/2134730.html'>\u300a\u50b2\u5a07\u5973\u7684\u5f02\u4e16\u60c5\u7f18\u300b</a>\u6765\u8bbf\u3002\u6b22\u8fce\u5404\u4f4d\u5927\u795e\u56de\u8bbf"}, {"userName": "\u53d1\u767dEX", "userReviewDate": "2016-12-08", "userURL": "http://user.17k.com/51353804", "userReview": "<a target='_blank' href='http://www.17k.com/book/2264858.html'>\u300a\u591c\u6b66\u58eb\u300b</a>\u524d\u6765\u62dc\u8bbf\uff0c\u613f\u4f5c\u8005\u8d8a\u6765\u8d8a\u597d"}, {"userName": "\u94f6\u8272\u6d77\u6d0b", "userReviewDate": "2016-11-11", "userURL": "http://user.17k.com/50617425", "userReview": "\u540c\u65f6\u6491\u4e24\u672c\u4e66\u5f88\u7d2f\u5427\uff0c\u52a0\u6cb9\uff01"}, {"userName": "\u6d45\u8336\u6ee1\u9152", "userReviewDate": "2016-10-26", "userURL": "http://user.17k.com/46489666", "userReview": "<a target='_blank' href='http://www.17k.com/book/1870101.html'>\u300a\u5c60\u795e\u9274\u300b</a>\u6765\u8bbf"}, {"userName": "\u8717\u725b\u4f60\u6162\u6162\u8dd1", "userReviewDate": "2016-10-23", "userURL": "http://user.17k.com/44028182", "userReview": "<a target='_blank' href='http://www.17k.com/book/2198660.html'>\u300a\u5927\u7f57\u5929\u4ed9\u5728\u90fd\u5e02\u300b</a>\u4ed9\u754c\u5929\u5c0a\u4e0e\u9ad8\u4e2d\u5973\u5b69\u7684\u7231\u60c5\uff01"}, {"userName": "\u71d5\u541f\u633d\u6b4c", "userReviewDate": "2016-10-22", "userURL": "http://user.17k.com/42920833", "userReview": "\u300a\u5883\u5916\u900d\u9065\u8f6c\u300b&nbsp;"}, {"userName": "\u5c0f\u6e05\u4e91", "userReviewDate": "2016-10-17", "userURL": "http://user.17k.com/46624387", "userReview": "<a target='_blank' href='http://www.17k.com/book/2153619.html'>\u300a\u8f6c\u751f\u4fee\u4ed9\u5f55\u300b</a>\u770b\u5c4c\u4e1d\u5982\u4f55\u9006\u88ad\u98de\u5347\u6210\u795e\uff01\uff01\uff01"}, {"userName": "\u9526\u7ee3\u4f24\u6c5f\u5c71", "userReviewDate": "2016-10-17", "userURL": "http://user.17k.com/50395975", "userReview": "<a target='_blank' href='http://www.17k.com/book/2186127.html'>\u300a\u4ed9\u9b54\u795e\u754c\u300b</a>\u6765\u8bbf\uff0c\u6b22\u8fce\u8bc4\u8bba\u4e0e\u6307\u5bfc\uff0c\u4f5c\u8005\u52a0\u6cb9\uff01"}, {"userName": "\u8001\u62c9\u65af\u53f0", "userReviewDate": "2016-09-21", "userURL": "http://user.17k.com/45873297", "userReview": "\u5927\u5927\u597d\u6587\u91c7\uff0c\u5c0f\u5b50\u643a<a target='_blank' href='http://www.17k.com/book/2135444.html'>\u300a\u56db\u795e\u754c\u300b</a>\u62dc\u8bfb\uff0c\u6c42\u6307\u6559\u3002"}, {"userName": "\u53ef\u5f97\u6c38\u5e74", "userReviewDate": "2016-09-19", "userURL": "http://user.17k.com/45640444", "userReview": "<a target='_blank' href='http://www.17k.com/book/1791904.html'>\u300a\u5929\u534e\u8bb0\u300b</a>\u62dc\u8bbf\u5927\u5927\uff0c\u8981\u591a\u66f4\u554a\u540c\u65f6\u6253\u4e2a\u5e7f\u544a\uff0c\u559c\u6b22\u7384\u5e7b\u7684\u670b\u53cb\u53ef\u4ee5\u770b\u770b\uff0c\u5df2\u66f4\u65b0\u7b2c\u4e8c\u5341\u4e8c\u7ae0\u201c\u7279\u4f7f\u964d\u4e34\u201d"}, {"userName": "\u68a6\u96ea\u75f4", "userReviewDate": "2016-08-23", "userURL": "http://user.17k.com/43921029", "userReview": "\u6211\u643a<a target='_blank' href='http://www.17k.com/book/1584617.html'>\u300a\u96ea\u72d0\u72f8\u95ef\u8361\u8bb0\u300b</a>\u6765\u770b\u5927\u5927\u597d\u6587\u5566\uff01\u8bb0\u5f97\u4e92\u8bbf\u4e92\u7a9c\u95e8\u54e6(\u0e51\u2022\u0300\u03c9\u2022\u0301\u0e51)"}, {"userName": "\u5218\u802a", "userReviewDate": "2016-07-25", "userURL": "http://user.17k.com/45927465", "userReview": "<a target='_blank' href='http://www.17k.com/book/1813866.html'>\u300a\u75af\u766b\u4fa0\u300b</a>\u524d\u6765\u62dc\u8bbf\u5927\u5927\uff0c\u671b\u5927\u5927\u4eb2\u4e34\u6307\u5bfc"}], "description": "\u6709\u4eba\u5929\u751f\u5c31\u662f\u5f3a\u8005\uff0c\u6709\u4eba\u6ce8\u5b9a\u5e73\u51e1\u4e00\u751f\u3002\u3000\u3000\u6211\u4e0d\u6c42\u6210\u4e3a\u76d6\u4e16\u5f3a\u8005\uff0c\u4f46\u6211\u7edd\u4e0d\u80fd\u5e73\u51e1\u4e00\u751f\u3002\u3000\u3000\u6211\u7528\u94c1\u8840\u3001\u6740\u622e\u3001\u51b7\u6f20\u6765\u65a9\u5c3d\u8fd9\u5927\u5730\u4e4b\u4e0a\u4e00\u5207\u7684\u4e0d\u516c\uff0c\u6211\u7528\u6211\u90a3\u5351\u5fae\u800c\u6e3a\u5c0f\u7684\u8eab\u8eaf\u6491\u8d77\u8fd9\u82cd\u5929\u4e4b\u4e0b\u65e0\u5c3d\u7684\u70bc\u72f1\u3002\u3000\u3000\u5728\u8fd9\u4e07\u53e4\u81f3\u4eca\u7684\u957f\u6cb3\u4e4b\u4e2d\uff0c\u6211\u6b32\u9020\u5c31\u901a\u5929\u4e4b\u8def\uff0c\u4fef\u77b0\u5929\u5730\u82cd\u751f\u3002\u3000\u3000\u6211\u53eb\u6c88\u58a8\uff0c\u4e5f\u6709\u4eba\u53eb\u6211\u6c88\u9b54\uff01", "title": "\u4e07\u53e4\u901a\u5929", "url": "http://www.17k.com/book/1488851.html", "average": -1.0, "cover": "http://img.17k.com/images/bookcover/2015/7444/37/1488851-1446357193000.jpg", "reviews": 5028617, "authors": [{"url": "http://www.17k.com/zuozhe/43479253", "name": "\u6960\u795ez"}], "type": ["\u5f02\u754c\u5927\u9646"], "outlinks": ["http://www.17k.com/book/2794982.html", "http://www.17k.com/book/2801292.html", "http://www.17k.com/book/2816318.html", "http://www.17k.com/book/2797575.html", "http://www.17k.com/book/2802516.html", "http://www.17k.com/book/2812195.html", "http://www.17k.com/book/2820143.html", "http://www.17k.com/book/2807943.html", "http://www.17k.com/book/2813457.html", "http://www.17k.com/book/2798058.html", "http://www.17k.com/book/2815617.html", "http://www.17k.com/book/2805259.html", "http://www.17k.com/book/2760255.html", "http://www.17k.com/book/2686894.html", "http://www.17k.com/book/2797016.html", "http://www.17k.com/book/2767246.html", "http://www.17k.com/book/2764239.html", "http://www.17k.com/book/2754498.html", "http://www.17k.com/book/2754900.html", "http://www.17k.com/book/2625740.html", "http://www.17k.com/book/2213315.html", "http://www.17k.com/book/2402178.html", "http://www.17k.com/book/2691221.html", "http://www.17k.com/book/2210699.html", "http://www.17k.com/book/1797752.html", "http://www.17k.com/book/2575507.html", "http://www.17k.com/book/2705181.html", "http://www.17k.com/book/2702539.html", "http://www.17k.com/book/2474887.html", "http://www.17k.com/book/2674733.html", "http://www.17k.com/book/2822076.html", "http://www.17k.com/book/2809894.html", "http://www.17k.com/book/2822077.html", "http://www.17k.com/book/2811930.html", "http://www.17k.com/book/2815548.html", "http://www.17k.com/book/2819620.html", "http://www.17k.com/book/2809964.html", "http://www.17k.com/book/2808200.html", "http://www.17k.com/book/2820100.html", "http://www.17k.com/book/2822978.html", "http://www.17k.com/book/2804337.html", "http://www.17k.com/book/2798814.html", "http://www.17k.com/book/2785153.html", "http://www.17k.com/book/2731559.html", "http://www.17k.com/book/2722533.html", "http://www.17k.com/book/2458377.html", "http://www.17k.com/book/2743300.html", "http://www.17k.com/book/973809.html", "http://www.17k.com/book/2651367.html", "http://www.17k.com/book/2726194.html", "http://www.17k.com/book/2790214.html", "http://www.17k.com/book/493239.html", "http://www.17k.com/book/108821.html", "http://www.17k.com/book/1398783.html", "http://www.17k.com/book/83528.html", "http://www.17k.com/book/1859126.html", "http://www.17k.com/book/1741975.html", "http://www.17k.com/book/192453.html", "http://www.17k.com/book/2459058.html", "http://www.17k.com/book/1050747.html", "http://www.17k.com/book/2700315.html", "http://www.17k.com/book/2818940.html", "http://www.17k.com/book/2819519.html", "http://www.17k.com/book/2816390.html", "http://www.17k.com/book/2819588.html", "http://www.17k.com/book/2813768.html", "http://www.17k.com/book/2822406.html", "http://www.17k.com/book/2772164.html", "http://www.17k.com/book/2784023.html", "http://www.17k.com/book/2811877.html", "http://www.17k.com/book/2809119.html", "http://www.17k.com/book/2803700.html", "http://www.17k.com/book/2819561.html", "http://www.17k.com/book/2746506.html", "http://www.17k.com/book/2811836.html", "http://www.17k.com/book/2614810.html", "http://www.17k.com/book/1592435.html", "http://www.17k.com/book/1949748.html", "http://www.17k.com/book/2265802.html", "http://www.17k.com/book/2743240.html", "http://www.17k.com/book/2657437.html", "http://www.17k.com/book/2644502.html", "http://www.17k.com/book/2199900.html", "http://www.17k.com/book/2725436.html", "http://www.17k.com/book/2629978.html"]}