{"ratings": -1, "userreviews": [{"userName": "\u9152\u91cc\u795e\u4ed9", "userReviewDate": "2018-06-06", "userURL": "http://user.17k.com/42499889", "userReview": "\u671f\u5f85\u7740"}, {"userName": "\u4e00\u7b49\u8349\u8393", "userReviewDate": "2018-06-03", "userURL": "http://user.17k.com/42502279", "userReview": "\u628a\u5c3e\u7ae0\u53c8\u770b\u4e86\u4e00\u904d\uff0c\u7136\u540e\u9ed8\u9ed8\u9000\u51fa\u2026\u2026"}, {"userName": "\u60a0\u54c9\u95f2\u54c9", "userReviewDate": "2018-05-21", "userURL": "http://user.17k.com/58004939", "userReview": "[\u6253\u8d4f]\u6211\u6253\u8d4f\u4e868\u5143\u7ea2\u5305\uff01\uff01"}, {"userName": "\u6c81\u6c81\u6c38\u6c38", "userReviewDate": "2018-05-12", "userURL": "http://user.17k.com/59527172", "userReview": "[\u6253\u8d4f]\u6211\u6253\u8d4f\u4e862\u5143\u7ea2\u5305\uff01\uff01"}, {"userName": "\u4e00\u7b49\u8349\u8393", "userReviewDate": "2018-04-26", "userURL": "http://user.17k.com/42502279", "userReview": "[\u6253\u8d4f]\u6211\u6253\u8d4f\u4e862\u5143\u7ea2\u5305\uff01\uff01"}, {"userName": "\u664b\u5584\u4e4b\u664b", "userReviewDate": "2018-04-11", "userURL": "http://user.17k.com/58589909", "userReview": "[\u6253\u8d4f]\u6211\u6253\u8d4f\u4e868\u5143\u7ea2\u5305\uff01\uff01"}, {"userName": "\u7f8a\u5976\u5c0f\u54e5", "userReviewDate": "2018-04-01", "userURL": "http://user.17k.com/54315957", "userReview": "\u5b66\u4e60\uff0c\u5b66\u4e60\uff01"}, {"userName": "\u6c81\u6c81\u6c38\u6c38", "userReviewDate": "2018-03-25", "userURL": "http://user.17k.com/59527172", "userReview": "[\u6253\u8d4f]\u6211\u6253\u8d4f\u4e862\u5143\u7ea2\u5305\uff01\uff01"}, {"userName": "\u7f8a\u5976\u5c0f\u54e5", "userReviewDate": "2018-03-21", "userURL": "http://user.17k.com/54315957", "userReview": "\u9001\u82b1"}, {"userName": "\u9152\u91cc\u795e\u4ed9", "userReviewDate": "2018-03-12", "userURL": "http://user.17k.com/42499889", "userReview": "\u770b\u8fc7\u763e\u4e86\uff01"}, {"userName": "\u9152\u91cc\u795e\u4ed9", "userReviewDate": "2018-03-12", "userURL": "http://user.17k.com/42499889", "userReview": "[\u6253\u8d4f]\u6211\u6253\u8d4f\u4e868\u5143\u7ea2\u5305\uff01\uff01"}, {"userName": "\u7f8a\u5976\u5c0f\u54e5", "userReviewDate": "2018-03-08", "userURL": "http://user.17k.com/54315957", "userReview": "\u5b66\u4e60\uff01\u5199\u5f97\u597d\uff01"}, {"userName": "\u9152\u91cc\u795e\u4ed9", "userReviewDate": "2018-03-08", "userURL": "http://user.17k.com/42499889", "userReview": "\u66f4\u65b0\u554a"}, {"userName": "\u98de\u96ea\u4e71\u6e05\u98ce", "userReviewDate": "2018-02-27", "userURL": "http://user.17k.com/45159154", "userReview": "<a target='_blank' href='http://www.17k.com/book/2677053.html'>\u300a\u9b54\u5984\u300b</a>\u6765\u8bbf\uff0c\u5348\u597d\uff0c\u541b\u884c\u5065"}, {"userName": "\u6728\u747e\u745cyang", "userReviewDate": "2018-02-25", "userURL": "http://user.17k.com/59858539", "userReview": "<span style='color:black'>\u4e07\u5206\u671f\u5f85\u5927\u5927\u56de\u8bbf\uff01</span>"}, {"userName": "\u6728\u747e\u745cyang", "userReviewDate": "2018-02-25", "userURL": "http://user.17k.com/59858539", "userReview": "\u643a<a target='_blank' href='http://www.17k.com/book/2774366.html'>\u300a\u671d\u5929\u6218\u7eaa\u300b</a>\u6765\u8bbf\uff0c\u795d\u5927\u5927\u4f5c\u54c1\u5927\u5356\uff01"}, {"userName": "\u68a6\u9192\u5929\u5dee", "userReviewDate": "2018-02-21", "userURL": "http://user.17k.com/59595211", "userReview": "<a target='_blank' href='http://www.17k.com/book/2765324.html'>\u300a\u7edd\u5578\u4e94\u884c\u300b</a>\u6765\u8bbf\uff0c\u5927\u5927\u52a0\u6cb9\uff0c\u8bb0\u5f97\u56de\u8bbf\u54e6\u3002"}, {"userName": "\u60dc\u58a8\u6b87", "userReviewDate": "2018-02-21", "userURL": "http://user.17k.com/59518336", "userReview": "<a target='_blank' href='http://www.17k.com/book/2763721.html'>\u300a\u6b87\u589f\u300b</a>\u62dc\u8bbf\u5417\uff0c\u5927\u5927\u52a0\u6cb9\uff0c\u671f\u5f85\u5927\u5927\u56de\u8bbf\u6307\u70b9\u3002\u53e6\u5916\u5927\u5927\u4e3a\u4ec0\u4e48\u4e0d\u5f04\u4e2a\u5c01\u9762\uff1f"}, {"userName": "\u9152\u91cc\u795e\u4ed9", "userReviewDate": "2018-02-21", "userURL": "http://user.17k.com/42499889", "userReview": "\u65b0\u5e74\u5feb\u4e50\uff01"}, {"userName": "\u9152\u91cc\u795e\u4ed9", "userReviewDate": "2018-02-21", "userURL": "http://user.17k.com/42499889", "userReview": "[\u6253\u8d4f]\u6211\u6253\u8d4f\u4e862\u5143\u7ea2\u5305\uff01\uff01"}], "description": "\u4e5d\u5341\u4e5d\u697c\uff0c\u7eb5\u8eab\u4e00\u8dc3\uff0c\u4ece\u6b64\u4e00\u8def\u8270\u9669\u4e0a\u5929\u9619\u3002\u3000\u3000\u8fd9\u91cc\u662f\u4e3b\u4eba\u516c\u7504\u7537\u7684\u4e3b\u573a\uff0c\u8bf7\u6765\u4e3a\u4ed6\u7ad9\u811a\u52a9\u5a01\uff01\u5973\u795e\u4f1a\u56e0\u4ef0\u6155\u4ed6\u800c\u75af\u72c2\uff0c\u7537\u795e\u4f1a\u56e0\u5ac9\u5992\u4ed6\u800c\u6293\u72c2\u3002\u800c\u672c\u4eba\u56e0\u4e3a\u8981\u5199\u6d3b\u4ed6\uff0c\u6bcf\u5929\u751f\u6d3b\u5931\u5e38\u3002", "title": "\u4e07\u53e4\u91d1\u5e1d", "url": "http://www.17k.com/book/2627757.html", "average": -1.0, "cover": "http://img.17k.com/images/bookcover/default_cover.jpg", "reviews": 26006, "authors": [{"url": "http://www.17k.com/zuozhe/42027513", "name": "\u541b\u884c\u5065"}], "type": ["\u4e1c\u65b9\u7384\u5e7b"], "outlinks": ["http://www.17k.com/book/2794982.html", "http://www.17k.com/book/2801292.html", "http://www.17k.com/book/2816318.html", "http://www.17k.com/book/2797575.html", "http://www.17k.com/book/2802516.html", "http://www.17k.com/book/2812195.html", "http://www.17k.com/book/2820143.html", "http://www.17k.com/book/2807943.html", "http://www.17k.com/book/2813457.html", "http://www.17k.com/book/2798058.html", "http://www.17k.com/book/2815617.html", "http://www.17k.com/book/2805259.html", "http://www.17k.com/book/2760255.html", "http://www.17k.com/book/2686894.html", "http://www.17k.com/book/2797016.html", "http://www.17k.com/book/2767246.html", "http://www.17k.com/book/2764239.html", "http://www.17k.com/book/2754498.html", "http://www.17k.com/book/2754900.html", "http://www.17k.com/book/2625740.html", "http://www.17k.com/book/2213315.html", "http://www.17k.com/book/2402178.html", "http://www.17k.com/book/2691221.html", "http://www.17k.com/book/2210699.html", "http://www.17k.com/book/1797752.html", "http://www.17k.com/book/2575507.html", "http://www.17k.com/book/2705181.html", "http://www.17k.com/book/2702539.html", "http://www.17k.com/book/2474887.html", "http://www.17k.com/book/2674733.html", "http://www.17k.com/book/2822076.html", "http://www.17k.com/book/2809894.html", "http://www.17k.com/book/2822077.html", "http://www.17k.com/book/2811930.html", "http://www.17k.com/book/2815548.html", "http://www.17k.com/book/2819620.html", "http://www.17k.com/book/2809964.html", "http://www.17k.com/book/2808200.html", "http://www.17k.com/book/2820100.html", "http://www.17k.com/book/2822978.html", "http://www.17k.com/book/2804337.html", "http://www.17k.com/book/2798814.html", "http://www.17k.com/book/2785153.html", "http://www.17k.com/book/2731559.html", "http://www.17k.com/book/2722533.html", "http://www.17k.com/book/2458377.html", "http://www.17k.com/book/2743300.html", "http://www.17k.com/book/973809.html", "http://www.17k.com/book/2651367.html", "http://www.17k.com/book/2726194.html", "http://www.17k.com/book/2790214.html", "http://www.17k.com/book/493239.html", "http://www.17k.com/book/108821.html", "http://www.17k.com/book/1398783.html", "http://www.17k.com/book/83528.html", "http://www.17k.com/book/1859126.html", "http://www.17k.com/book/1741975.html", "http://www.17k.com/book/192453.html", "http://www.17k.com/book/2459058.html", "http://www.17k.com/book/1050747.html", "http://www.17k.com/book/2700315.html", "http://www.17k.com/book/2818940.html", "http://www.17k.com/book/2819519.html", "http://www.17k.com/book/2816390.html", "http://www.17k.com/book/2819588.html", "http://www.17k.com/book/2813768.html", "http://www.17k.com/book/2822406.html", "http://www.17k.com/book/2772164.html", "http://www.17k.com/book/2784023.html", "http://www.17k.com/book/2811877.html", "http://www.17k.com/book/2809119.html", "http://www.17k.com/book/2803700.html", "http://www.17k.com/book/2819561.html", "http://www.17k.com/book/2746506.html", "http://www.17k.com/book/2811836.html", "http://www.17k.com/book/2614810.html", "http://www.17k.com/book/1592435.html", "http://www.17k.com/book/1949748.html", "http://www.17k.com/book/2265802.html", "http://www.17k.com/book/2743240.html", "http://www.17k.com/book/2657437.html", "http://www.17k.com/book/2644502.html", "http://www.17k.com/book/2199900.html", "http://www.17k.com/book/2725436.html", "http://www.17k.com/book/2629978.html"]}