{"ratings": -1, "userreviews": [{"userName": "\u516b\u5e74\u7409\u7483", "userReviewDate": "2017-11-25", "userURL": "http://user.17k.com/57924814", "userReview": "<span style='color:red'>\u65b0\u4e66<a target='_blank' href='http://www.17k.com/book/2692933.html'>\u300a\u4e07\u53e4\u7075\u51b3\u300b</a>\uff0c\u4e00\u6837\u7684\u662f\u5957\u8def\uff0c\u4e0d\u4e00\u6837\u7684\u662f\u5185\u5bb9\uff0c\u8fd9\u662f\u4e00\u4e2a\u9b54\u6cd5\uff0c\u6b66\u8005\uff0c\u70bc\u91d1\u672f\u5e08\u5e76\u5b58\u7684\u4e07\u53e4\u5927\u9646\uff0c\u6211\u662f\u516b\u5e74\u7409\u7483\uff0c\u6211\u5728\u4e07\u53e4\u5927\u9646\u7b49\u4f60\u3002\u6709\u94b1\u7684\u6367\u4e2a\u94b1\u573a\uff0c\u6ca1\u94b1\u7684\u6367\u4e2a\u4eba\u573a\u3002\u4e00\u5929\u4e00\u66f4\u4ee5\u4e0a\uff0c8\u5143\u52a0\u4e00\u66f4\uff0c\u4e0a\u65e0\u4e0a\u9650\uff0c\u53ea\u62d6\u4e0d\u6b20<img src='http://img.17k.com/images/face/207jy.gif' /><img src='http://img.17k.com/images/face/207jy.gif' /></span>"}, {"userName": "\u65e0\u68a6\u4ea6\u613f", "userReviewDate": "2018-05-21", "userURL": "http://user.17k.com/58019760", "userReview": "\u52a0\u6cb9"}, {"userName": "K\u5c0f\u5f00", "userReviewDate": "2018-05-20", "userURL": "http://user.17k.com/58509881", "userReview": "\u5468\u672b\u6109\u5feb\uff01"}, {"userName": "\u98ce\u98ce\u706b\u706b\u7684\u5c0f\u9e8b\u9e7f", "userReviewDate": "2018-05-15", "userURL": "http://user.17k.com/54292207", "userReview": "\u54a6\uff0c\u7ae0\u8282\u540d\u5462\uff1f"}, {"userName": "K\u5c0f\u5f00", "userReviewDate": "2018-05-15", "userURL": "http://user.17k.com/58509881", "userReview": "\u8d77\u6765\u8bfb\u4e24\u7ae0\uff0c\u65e9\u5b89\uff01"}, {"userName": "K\u5c0f\u5f00", "userReviewDate": "2018-05-13", "userURL": "http://user.17k.com/58509881", "userReview": "\u4eca\u5929\u6bcd\u4eb2\u8282\uff0c\u795d\u613f\u7409\u7483\u7684\u6bcd\u4eb2\u5927\u4eba\uff0c\u5065\u5eb7\u5409\u7965\uff01"}, {"userName": "K\u5c0f\u5f00", "userReviewDate": "2018-05-12", "userURL": "http://user.17k.com/58509881", "userReview": "\u66f4\u65b0\u597d\u5feb\uff01\u539f\u672c\u662f\u6253\u7b97\u591a\u8bfb\u51e0\u7ae0\u7684\uff0c\u54ce\uff01\u5148\u5e72\u6d3b\uff0c\u56de\u5934\u518d\u6765"}, {"userName": "K\u5c0f\u5f00", "userReviewDate": "2018-05-08", "userURL": "http://user.17k.com/58509881", "userReview": "\u8ba2\u9605\u4e24\u7ae0\u4ee5\u652f\u6301\uff0c\u7531\u4e8e\u65f6\u95f4\u5173\u7cfb\uff0c\u5148\u6536\u85cf\u8d77\u6765\uff0c\u65e5\u540e\u6162\u6162\u7ec6\u8bfb\u2026\u2026"}, {"userName": "\u65e0\u5fe7\u683c\u8c03", "userReviewDate": "2018-05-08", "userURL": "http://user.17k.com/60418082", "userReview": "\u4e0d\u9519\uff0c\u770b\u5f97\u723d\uff01"}, {"userName": "_\u4e5d\u5e7d\u51a5\u5c0a_", "userReviewDate": "2018-05-01", "userURL": "http://user.17k.com/54351721", "userReview": "\u4e94\u4e00\u5feb\u4e50( &acute;\u25bd` )"}, {"userName": "\u5723\u9690\u5e1d\u5143", "userReviewDate": "2018-04-30", "userURL": "http://user.17k.com/57760595", "userReview": "\u7b7e\u5230\u652f\u6301"}, {"userName": "_\u4e5d\u5e7d\u51a5\u5c0a_", "userReviewDate": "2018-04-22", "userURL": "http://user.17k.com/54351721", "userReview": "\u591a\u65e5\u4e0d\u89c1\u5192\u4e2a\u6ce1\uff01\u2229_\u2229\u5237\u5237\u5b58\u5728\u611f\uff01"}, {"userName": "\u98ce\u98ce\u706b\u706b\u7684\u5c0f\u9e8b\u9e7f", "userReviewDate": "2018-04-22", "userURL": "http://user.17k.com/54292207", "userReview": "\u62dc\u8bbf\u7409\u7483\uff01\u652f\u6301\uff01\u4e0d\u8fc7\uff0c\u624b\u6307\u957f\u7684\u9752\u866b\uff0c\u5230\u5e95\u600e\u4e48\u5403\u4e0b\u53bb\u7684\uff1f\u6211\u4e0d\u5f97\u4e0d\u54bd\u4e86\u54bd\u53e3\u6c34\uff0c\u54a6\uff01\u8fd8\u6709\u90a3\u53e5\u201c\u4f60\u53ef\u4ee5\u53eb\u51fa\u6765\uff0c\u8fd9\u91cc\u6ca1\u6709\u522b\u4eba\u201d\u4e3a\u4ec0\u4e48\u6211\u89c9\u5f97\u5f88\u641e\u7b11\uff01\u54c8\u54c8\u54c8\uff01"}, {"userName": "\u539f\u521d\u5e7b\u60f3\u4f4e\u9e23\u66f2", "userReviewDate": "2018-04-19", "userURL": "http://user.17k.com/53679359", "userReview": "\u8ba2\u9605\u652f\u6301"}, {"userName": "\u955c\u521d\u6c34\u60a6", "userReviewDate": "2018-04-17", "userURL": "http://user.17k.com/61099740", "userReview": "\u7409\u6708\u513f\u7684\u5bf9\u8c61\u8c01\u90fd\u4e0d\u53ef\u4ee5\u62a2"}, {"userName": "\u955c\u521d\u6c34\u60a6", "userReviewDate": "2018-04-17", "userURL": "http://user.17k.com/61099740", "userReview": "\u7409\u6708\u513f\u8981\u8ddf\u7537\u4e3b\u7ed3\u5a5a\u7684"}, {"userName": "_\u4e5d\u5e7d\u51a5\u5c0a_", "userReviewDate": "2018-04-13", "userURL": "http://user.17k.com/54351721", "userReview": "\u665a\u5b89\u5566\u5927\u5927\uff01\u4e66\u6211\u9759\u9759\u7684\u62a5\u8d70\u5566\u2229_\u2229"}, {"userName": "\u783b\u6c34", "userReviewDate": "2018-04-07", "userURL": "http://user.17k.com/54228640", "userReview": "\u783b\u6c34\u5ac1\u5230\uff01~~\u6211\u770b\u4f60\u6765\u4e86\uff01~~\u7409\u7483\u5927\u5927\u7684\u5c0f\u8bf4\u771f\u4e0d\u9519\uff01~\u8ffd\u770b\u4e2d\uff01~"}, {"userName": "_\u4e5d\u5e7d\u51a5\u5c0a_", "userReviewDate": "2018-04-05", "userURL": "http://user.17k.com/54351721", "userReview": "\u597d\u4e66\uff0c\u62b1\u8d70\u4e86\uff01\u5047\u671f\u6109\u5feb\uff01\u2229_\u2229"}, {"userName": "T_T515585970", "userReviewDate": "2018-04-02", "userURL": "http://user.17k.com/49428461", "userReview": "[\u6253\u8d4f]\u6211\u6253\u8d4f\u4e862\u5143\u7ea2\u5305\uff01\uff01"}], "description": "\u4e07\u53e4\u5927\u9646\uff0c\u4e07\u53e4\u957f\u751f\u51b3\uff0c\u9646\u51cc\u51fa\u751f\u5728\u4e00\u4e2a\u70bc\u91d1\u58eb\u3001\u9b54\u6cd5\u5e08\u548c\u6b66\u8005\u5e76\u5b58\u7684\u6df7\u4e71\u4e16\u754c\u3002\u6218\u4e89\u65f6\u4ee3\u7fa4\u96c4\u5e76\u8d77\uff0c\u9010\u9e7f\u7586\u573a\uff0c\u5f85\u541b\u738b\u56de\u5f52\uff0c\u5b9a\u4e00\u7edf\u5929\u4e0b\u3002\u4eba\u754c\u3001\u4ed9\u754c\u5f85\u541b\u738b\u56de\u5f52\uff0c\u7edd\u4ee3\u5929\u9a84\u9646\u51cc\uff0c\u8c01\u4e0e\u4e89\u950b\u3002\u9646\u51cc\u643a\u7740\u4e07\u53e4\u7075\u51b3\uff0c\u7ad9\u7acb\u5728\u4e5d\u5929\u4e4b\u4e0a\uff0c\u91d1\u5149\u73af\u7ed5\uff0c\u4fef\u77b0\u8fd9\u516d\u9053\u4e4b\u95f4\u3002\u3000\u3000\u201c\u8fd9\u4e2a\u5927\u9646\uff0c\u6211\u4e3b\u6c89\u6d6e\u3002\u201d\u3000\u3000\u6211\u662f\u516b\u5e74\u7409\u7483\uff0c\u6211\u5728\u4e07\u53e4\u5927\u9646\u7b49\u4f60............\u3000\u3000.\u3000\u3000.\u3000\u3000.\u3000\u3000.\u3000\u3000.\u3000\u3000.\u3000\u3000\u6b22\u8fce\u52a0\u5165\u4e07\u53e4\u7075\u51b3\uff0c\u7fa4\u53f7\u7801\uff1a142102486", "title": "\u4e07\u53e4\u7075\u51b3", "url": "http://www.17k.com/book/2692933.html", "average": -1.0, "cover": "http://img.17k.com/images/bookcover/2017/13464/67/2692933-1508571141000.jpg", "reviews": 19351, "authors": [{"url": "http://www.17k.com/zuozhe/57924814", "name": "\u516b\u5e74\u7409\u7483"}], "type": ["\u5f02\u754c\u5927\u9646"], "outlinks": ["http://www.17k.com/book/2794982.html", "http://www.17k.com/book/2801292.html", "http://www.17k.com/book/2816318.html", "http://www.17k.com/book/2797575.html", "http://www.17k.com/book/2802516.html", "http://www.17k.com/book/2812195.html", "http://www.17k.com/book/2820143.html", "http://www.17k.com/book/2807943.html", "http://www.17k.com/book/2813457.html", "http://www.17k.com/book/2798058.html", "http://www.17k.com/book/2815617.html", "http://www.17k.com/book/2805259.html", "http://www.17k.com/book/2760255.html", "http://www.17k.com/book/2686894.html", "http://www.17k.com/book/2797016.html", "http://www.17k.com/book/2767246.html", "http://www.17k.com/book/2764239.html", "http://www.17k.com/book/2754498.html", "http://www.17k.com/book/2754900.html", "http://www.17k.com/book/2625740.html", "http://www.17k.com/book/2213315.html", "http://www.17k.com/book/2402178.html", "http://www.17k.com/book/2691221.html", "http://www.17k.com/book/2210699.html", "http://www.17k.com/book/1797752.html", "http://www.17k.com/book/2575507.html", "http://www.17k.com/book/2705181.html", "http://www.17k.com/book/2702539.html", "http://www.17k.com/book/2474887.html", "http://www.17k.com/book/2674733.html", "http://www.17k.com/book/2822076.html", "http://www.17k.com/book/2809894.html", "http://www.17k.com/book/2822077.html", "http://www.17k.com/book/2811930.html", "http://www.17k.com/book/2815548.html", "http://www.17k.com/book/2819620.html", "http://www.17k.com/book/2809964.html", "http://www.17k.com/book/2808200.html", "http://www.17k.com/book/2820100.html", "http://www.17k.com/book/2822978.html", "http://www.17k.com/book/2804337.html", "http://www.17k.com/book/2798814.html", "http://www.17k.com/book/2785153.html", "http://www.17k.com/book/2731559.html", "http://www.17k.com/book/2722533.html", "http://www.17k.com/book/2458377.html", "http://www.17k.com/book/2743300.html", "http://www.17k.com/book/973809.html", "http://www.17k.com/book/2651367.html", "http://www.17k.com/book/2726194.html", "http://www.17k.com/book/2790214.html", "http://www.17k.com/book/493239.html", "http://www.17k.com/book/108821.html", "http://www.17k.com/book/1398783.html", "http://www.17k.com/book/83528.html", "http://www.17k.com/book/1859126.html", "http://www.17k.com/book/1741975.html", "http://www.17k.com/book/192453.html", "http://www.17k.com/book/2459058.html", "http://www.17k.com/book/1050747.html", "http://www.17k.com/book/2700315.html", "http://www.17k.com/book/2818940.html", "http://www.17k.com/book/2819519.html", "http://www.17k.com/book/2816390.html", "http://www.17k.com/book/2819588.html", "http://www.17k.com/book/2813768.html", "http://www.17k.com/book/2822406.html", "http://www.17k.com/book/2772164.html", "http://www.17k.com/book/2784023.html", "http://www.17k.com/book/2811877.html", "http://www.17k.com/book/2809119.html", "http://www.17k.com/book/2803700.html", "http://www.17k.com/book/2819561.html", "http://www.17k.com/book/2746506.html", "http://www.17k.com/book/2811836.html", "http://www.17k.com/book/2614810.html", "http://www.17k.com/book/1592435.html", "http://www.17k.com/book/1949748.html", "http://www.17k.com/book/2265802.html", "http://www.17k.com/book/2743240.html", "http://www.17k.com/book/2657437.html", "http://www.17k.com/book/2644502.html", "http://www.17k.com/book/2199900.html", "http://www.17k.com/book/2725436.html", "http://www.17k.com/book/2629978.html"]}