{"ratings": -1, "userreviews": [{"userName": "\u96f7\u9e23\u95ee\u9053", "userReviewDate": "2016-01-24", "userURL": "http://user.17k.com/44408638", "userReview": "\u5e7f\u544a\u697c~\u697c\u5185\u5e7f\u544a\u4f1a\u4e0d\u5b9a\u671f\u56de\u8bbf\uff0c\u697c\u5916\u5efa\u8bae\u4ee5\u5267\u60c5\u8ba8\u8bba\u4e3a\u4e3b\u3002 \u53e6\u5f3a\u63a8\u4e5d\u79cb\u5bfc\u5e08\u529b\u8350\u597d\u6587<a target='_blank' href='http://www.17k.com/book/1602247.html'>\u300a\u8749\u9f99\u53d8\u300b</a>\u3001<a target='_blank' href='http://www.17k.com/book/1596358.html'>\u300a\u9b3c\u5893\u738b\u5983\u300b</a>\u3002"}, {"userName": "\u6211\u662f\u98ce\u5fa1\u4e5d\u79cb", "userReviewDate": "2015-12-27", "userURL": "http://user.17k.com/7831691", "userReview": "<span style='color:red'>\u8da3\u5473\u6027\u8981\u5f3a\uff0c\u524d\u77bb\u4e00\u5b9a\u8981\u8fdc\uff0c\u60ac\u5ff5\u8981\u8bbe\u8db3\uff0c\u7206\u53d1\u8981\u8fc5\u731b\uff0c\u77db\u76fe\u8981\u6fc0\u70c8\uff0c\u6587\u4f3c\u770b\u5c71\u4e0d\u559c\u5e73\uff0c\u70ed\u8840\u6cb8\u817e\uff0c\u6fc0\u60c5\u6f8e\u6e43\u624d\u662f\u597d\u6587\u7ae0\u3002</span>"}, {"userName": "\u5723\u9690\u5e1d\u5143", "userReviewDate": "2018-04-14", "userURL": "http://user.17k.com/57760595", "userReview": "\u7b7e\u5230"}, {"userName": "\u7b28\u5c0f\u5b69\u7f3a\u7231", "userReviewDate": "2016-11-13", "userURL": "http://user.17k.com/30381520", "userReview": "\u6211\u4e5f\u662f\u8fd9\u672c\u4e66\u7684\u5143\u8001\u7c89\u4e86\uff0c\u89c1\u8bc1\u8fd9\u8fd9\u672c\u4e66\u4ece\u5f00\u59cb\u5230\u73b0\u5728\u7684\u4e00\u7cfb\u5217\u7684\u8f6c\u53d8\uff0c\u53ef\u5982\u4eca\u5374\u600e\u4e48\u6210\u4e86\u8fd9\u6837"}, {"userName": "\u5723\u7687\u6b32\u5e1d", "userReviewDate": "2016-10-03", "userURL": "http://user.17k.com/50183503", "userReview": "\u6211\u662f\u5723\u7687\u8dc3\u8d77\uff0c\u6211\u4e3a\u81ea\u5df1\u52a0\u6cb9\u3002"}, {"userName": "\u8840\u9b54\u5723", "userReviewDate": "2016-10-02", "userURL": "http://user.17k.com/42354317", "userReview": "<a target='_blank' href='http://www.17k.com/book/1787951.html'>\u300a\u65b0\u70bc\u8840\u6697\u795e\u300b</a>\u6765\u62dc\u8bbf\uff0c\u6536\u85cf\u4e86\uff0c\u6162\u6162\u770b\uff01"}, {"userName": "\u738b\u8292\u4e5d", "userReviewDate": "2016-09-05", "userURL": "http://user.17k.com/47822025", "userReview": "\u6587\u7b14\u771f\u597d\uff0c\u52a0\u6cb9\uff01\u671b\u6307\u5bfc\u4e00\u4e0b<a target='_blank' href='http://www.17k.com/book/2080178.html'>\u300a\u6218\u517d\u51b3\u300b</a>\u8c22\u8c22\uff01"}, {"userName": "\u9f8d\u4e00\u5bf0", "userReviewDate": "2016-06-30", "userURL": "http://user.17k.com/33422460", "userReview": "\u827e\u739b\uff0c\u6211\u559c\u6b22\u7684\u5973\u4eba\u7ec8\u4e8e\u53c8\u51fa\u73b0\u4e86<img src='http://img.17k.com/images/face/103ai.gif' />"}, {"userName": "\u7070\u98de\u51b2\u5929", "userReviewDate": "2016-06-28", "userURL": "http://user.17k.com/45684252", "userReview": "\u795e\u4f5c<a target='_blank' href='http://www.17k.com/book/1762887.html'>\u300a\u795e\u9b3c\u4f20\u5947\u8bb0\u300b</a>\u91cd\u78c5\u56de\u5f52\uff0c\u643a\u7740\u65b0\u9896\u72ec\u7279\u7684\u5185\u5bb9\uff0c\u5e26\u7740\u795d\u8d3a\u4e4b\u60c5\u524d\u6765\u62dc\u8bbf\u5927\u5927\uff01\u540c\u65f6\u4e5f\u5728\u8fd9\u91cc\u516c\u5e03\uff0c\u672c\u795e\u4f5c\u5728\u4e5f\u4e0d\u5751\u4e86\uff0c\u5f00\u59cb\u66f4\u65b0\u4e86\uff01\u5185\u5bb9\u4e5f\u4f1a\u8d8a\u6765\u8d8a\u7cbe\u5f69\uff0c\u4f60\u4e0d\u770b\u4f1a\u6094\u7684\u54e6\uff01"}, {"userName": "\u9f8d\u4e00\u5bf0", "userReviewDate": "2016-06-28", "userURL": "http://user.17k.com/33422460", "userReview": "\u6211\u5c6e\uff0c\u8fd9\u7ae0\u7cbe\u5f69\uff01\uff01"}, {"userName": "Butterfly\u8679", "userReviewDate": "2016-06-26", "userURL": "http://user.17k.com/34115073", "userReview": "<img src='http://img.17k.com/images/face/209xh.gif' />"}, {"userName": "\u592a\u767d\u4f0f\u7075", "userReviewDate": "2016-06-25", "userURL": "http://user.17k.com/45101968", "userReview": "\u4e4b\u524d\u7684\u5267\u60c5\u90fd\u5feb\u5fd8\u5149\u4e86<img src='http://img.17k.com/images/face/112han.gif' />\uff0c\u4e0d\u8fc7\u597d\u6b79\u4f60\u8fd8\u662f\u6ca1\u653e\u5f03\u8fd9\u4e2a\u6545\u4e8b\u3002\u3002\u3002\u8981\u5199\u5b8c\u554a\uff01"}, {"userName": "\u7b28\u5c0f\u5b69\u7f3a\u7231", "userReviewDate": "2016-06-24", "userURL": "http://user.17k.com/30381520", "userReview": "\u7ec8\u4e8e\u66f4\u65b0\u4e86\uff0c\u4e0d\u5bb9\u6613\u554a"}, {"userName": "\u5996\u661f\u86caCT\u4e00\u7c73\u9752\u7384", "userReviewDate": "2016-06-04", "userURL": "http://user.17k.com/45293377", "userReview": "\u5192\u4e2a\u6ce1"}, {"userName": "\u592a\u767d\u4f0f\u7075", "userReviewDate": "2016-05-30", "userURL": "http://user.17k.com/45101968", "userReview": "\u6211\u7b49\u7684\u82b1\u513f\u90fd\u8c22\u4e86\uff0c\u6211\u7b49\u7684\u6d77\u513f\u90fd\u54ed\u4e86\uff0c\u9e23\u5927\u4f60\u8fd8\u4e0d\u66f4\u4e48\uff1f"}, {"userName": "\u5996\u661f\u86caCT\u4e00\u7c73\u9752\u7384", "userReviewDate": "2016-05-26", "userURL": "http://user.17k.com/45293377", "userReview": "\u83ab\u708e\u548c\u9e7f\u65e0\u971c\u770b\u6765\u6210CP\u4e86<img src='http://img.17k.com/images/face/101gx.gif' />"}, {"userName": "Butterfly\u8679", "userReviewDate": "2016-05-25", "userURL": "http://user.17k.com/34115073", "userReview": "\u6211\u8be5\u4e0d\u8be5\u5f00\u5fc3\u5462\uff1f<img src='http://img.17k.com/images/face/212zt.gif' />"}, {"userName": "\u9038\u661f\u5929", "userReviewDate": "2016-05-22", "userURL": "http://user.17k.com/43713372", "userReview": "<a target='_blank' href='http://www.17k.com/book/1801740.html'>\u300a\u5929\u7a79\u795e\u5c0a\u300b</a>\u62dc\u8bbf\u5927\u5927\uff0c\u5927\u5927\u52a0\u6cb9\uff01\uff01\uff01\u6492\u82b1\u652f\u6301\u3002"}, {"userName": "\u82cf\u738911", "userReviewDate": "2016-05-15", "userURL": "http://user.17k.com/5601792", "userReview": "\u4e3a\u4ec0\u4e48\u96f7\u9e23\u4e0d\u80fd\u66f4\u65b0\u7a33\u5b9a\u4e00\u4e9b\uff0c\u6545\u4e8b\u771f\u7684\u5f88\u4e0d\u9519\uff0c\u827e.."}, {"userName": "Butterfly\u8679", "userReviewDate": "2016-05-10", "userURL": "http://user.17k.com/34115073", "userReview": "\u6211\u559c\u6b22(^"}], "description": "\u72d0\u4e4b\u5b50\u53f6\u4e0d\u51e1\u4e00\u5fc3\u5bfb\u6bcd\uff0c\u5374\u8bef\u95ef\u4e07\u8c61\u53e4\u9635\uff0c\u8bef\u5316\u5bd2\u9752\u7384\u706b\uff0c\u4ece\u6b64\u6b63\u9053\u540d\u95e8\u3001\u90aa\u9053\u5996\u9b54\u7eb7\u7eb7\u4e0d\u8bf7\u81ea\u6765\u3002\u3000\u3000\u6b63\u9053\u901a\u8fbe\uff1f\u9b54\u9053\u6fc0\u8fdb\uff1f\u3000\u3000\u53f6\u4e0d\u51e1\u4e00\u86c7\u76f8\u968f\uff0c\u4e00\u621f\u753b\u5929\uff0c\u51b3\u7136\u8e0f\u5165\u8fd9\u4e71\u4e16\u6d2a\u6d41\u4e4b\u4e2d\u2026\u2026\u3000\u3000================================\u3000\u3000\u8fde\u66f4\u5929\u6570\u7684\u53f3\u4fa7\u6709\u4e2a\u3010\u52a0\u5165\u4e66\u67b6\u3011\uff0c\u5927\u5bb6\u82e5\u559c\u6b22\u300a\u4e07\u6cd5\u7384\u5b97\u300b\uff0c\u53ef\u987a\u624b\u70b9\u4e00\u4e0b\uff0c\u6536\u85cf\u9f13\u52b1\u3002", "title": "\u4e07\u6cd5\u7384\u5b97", "url": "http://www.17k.com/book/1587994.html", "average": -1.0, "cover": "http://img.17k.com/images/bookcover/2015/7939/39/1587994-1451413230000.jpg", "reviews": 28151, "authors": [{"url": "http://www.17k.com/zuozhe/44408638", "name": "\u96f7\u9e23\u95ee\u9053"}], "type": ["\u4e1c\u65b9\u7384\u5e7b"], "outlinks": ["http://www.17k.com/book/2794982.html", "http://www.17k.com/book/2801292.html", "http://www.17k.com/book/2816318.html", "http://www.17k.com/book/2797575.html", "http://www.17k.com/book/2802516.html", "http://www.17k.com/book/2812195.html", "http://www.17k.com/book/2820143.html", "http://www.17k.com/book/2807943.html", "http://www.17k.com/book/2813457.html", "http://www.17k.com/book/2798058.html", "http://www.17k.com/book/2815617.html", "http://www.17k.com/book/2805259.html", "http://www.17k.com/book/2760255.html", "http://www.17k.com/book/2686894.html", "http://www.17k.com/book/2797016.html", "http://www.17k.com/book/2767246.html", "http://www.17k.com/book/2764239.html", "http://www.17k.com/book/2754498.html", "http://www.17k.com/book/2754900.html", "http://www.17k.com/book/2625740.html", "http://www.17k.com/book/2213315.html", "http://www.17k.com/book/2402178.html", "http://www.17k.com/book/2691221.html", "http://www.17k.com/book/2210699.html", "http://www.17k.com/book/1797752.html", "http://www.17k.com/book/2575507.html", "http://www.17k.com/book/2705181.html", "http://www.17k.com/book/2702539.html", "http://www.17k.com/book/2474887.html", "http://www.17k.com/book/2674733.html", "http://www.17k.com/book/2822076.html", "http://www.17k.com/book/2809894.html", "http://www.17k.com/book/2822077.html", "http://www.17k.com/book/2811930.html", "http://www.17k.com/book/2815548.html", "http://www.17k.com/book/2819620.html", "http://www.17k.com/book/2809964.html", "http://www.17k.com/book/2808200.html", "http://www.17k.com/book/2820100.html", "http://www.17k.com/book/2822978.html", "http://www.17k.com/book/2804337.html", "http://www.17k.com/book/2798814.html", "http://www.17k.com/book/2785153.html", "http://www.17k.com/book/2731559.html", "http://www.17k.com/book/2722533.html", "http://www.17k.com/book/2458377.html", "http://www.17k.com/book/2743300.html", "http://www.17k.com/book/973809.html", "http://www.17k.com/book/2651367.html", "http://www.17k.com/book/2726194.html", "http://www.17k.com/book/2790214.html", "http://www.17k.com/book/493239.html", "http://www.17k.com/book/108821.html", "http://www.17k.com/book/1398783.html", "http://www.17k.com/book/83528.html", "http://www.17k.com/book/1859126.html", "http://www.17k.com/book/1741975.html", "http://www.17k.com/book/192453.html", "http://www.17k.com/book/2459058.html", "http://www.17k.com/book/1050747.html", "http://www.17k.com/book/2700315.html", "http://www.17k.com/book/2818940.html", "http://www.17k.com/book/2819519.html", "http://www.17k.com/book/2816390.html", "http://www.17k.com/book/2819588.html", "http://www.17k.com/book/2813768.html", "http://www.17k.com/book/2822406.html", "http://www.17k.com/book/2772164.html", "http://www.17k.com/book/2784023.html", "http://www.17k.com/book/2811877.html", "http://www.17k.com/book/2809119.html", "http://www.17k.com/book/2803700.html", "http://www.17k.com/book/2819561.html", "http://www.17k.com/book/2746506.html", "http://www.17k.com/book/2811836.html", "http://www.17k.com/book/2614810.html", "http://www.17k.com/book/1592435.html", "http://www.17k.com/book/1949748.html", "http://www.17k.com/book/2265802.html", "http://www.17k.com/book/2743240.html", "http://www.17k.com/book/2657437.html", "http://www.17k.com/book/2644502.html", "http://www.17k.com/book/2199900.html", "http://www.17k.com/book/2725436.html", "http://www.17k.com/book/2629978.html"]}