{"ratings": -1, "userreviews": [{"userName": "Over again938285075", "userReviewDate": "2018-05-24", "userURL": "http://user.17k.com/62117536", "userReview": "\u9019\u672c\u66f8\u80fd\u6210\u795e\uff0c\u5feb\u66f4\u5feb\u66f4"}, {"userName": "\u7cbe\u7075\u7b28\u7b28", "userReviewDate": "2018-05-24", "userURL": "http://user.17k.com/52708067", "userReview": "\u7ee7\u7eed\u52a0\u6cb9\u5427\uff0c\u672a\u6765\u7684\u4f5c\u5bb6"}, {"userName": "17K\u4e66\u53cb9fc77240", "userReviewDate": "2018-05-22", "userURL": "http://user.17k.com/59674073", "userReview": "\u4f60\u597d\u597d\u5199\uff0c\u53ea\u8981\u4e0d\u662f\u592a\u5938\u5f20\uff0c\u8fd9\u4e66\u80fd\u6210\u795e\u3002"}, {"userName": "\u8d31\u5341\u4e8c", "userReviewDate": "2018-05-04", "userURL": "http://user.17k.com/61279445", "userReview": "\u652f\u6301\uff01\uff01"}, {"userName": "\u5c0f\u5c0f\u9c7c\u5e08\u59d0", "userReviewDate": "2018-05-04", "userURL": "http://user.17k.com/54260071", "userReview": "\u54c7\uff0c\u597d\u5e26\u611f\u89c9\u7684\u4e00\u672c\u4e66\uff0c\u5feb\u66f4\u5feb\u66f4\u3002"}, {"userName": "\u4e1c\u6d41\u5929\u7267", "userReviewDate": "2018-06-08", "userURL": "http://user.17k.com/61665720", "userReview": "\u66f4\u65b0\u592a\u6162\u4e86\uff0c\u8282\u594f\u592a\u6162"}, {"userName": "\u5510\u5eb8\u5b81", "userReviewDate": "2018-06-07", "userURL": "http://user.17k.com/59073412", "userReview": "\u732e\u82b1\u652f\u6301\uff0c\u597d\u597d\u7684\u5440"}, {"userName": "\u86ee\u5b50\u4fca\u6770", "userReviewDate": "2018-06-06", "userURL": "http://user.17k.com/50072495", "userReview": "[\u6253\u8d4f]\u6211\u6253\u8d4f\u4e861\u4e2a'\u5c0f\u5fc3\u5fc3'\uff01\uff01"}, {"userName": "17K\u4e66\u53cb3O9EUCVD", "userReviewDate": "2018-06-05", "userURL": "http://user.17k.com/62109786", "userReview": "\u5199\u5f97\u5f88\u6709\u8da3\uff0c\u5982\u679c\u4f60\u575a\u6301\u5b8c\u672c\u5fc5\u5b9a\u6210\u795e\uff0c\u5982\u679c\u80fd\u4e00\u5929\u4e24\u66f4\u5c31\u597d\u4e86\uff78\uff9e\uff6f!(\u0e51\u2022\u0300\u3142\u2022\u0301)\u0648\u2727"}, {"userName": "\u9189\u5367\u79bb\u89de", "userReviewDate": "2018-06-05", "userURL": "http://user.17k.com/60828100", "userReview": "\u7b7e\u5230\u5b66\u4e60"}, {"userName": "\u5357\u5df7\u5317\u5f80\u4e36", "userReviewDate": "2018-06-02", "userURL": "http://user.17k.com/61045791", "userReview": "\u597d\u4e66\u5fc5\u987b\u652f\u6301\uff01"}, {"userName": "\u846b\u82a6\u5c0f\u5b9d", "userReviewDate": "2018-05-31", "userURL": "http://user.17k.com/43588609", "userReview": "\u8bf4\u5b9e\u8bdd\uff0c\u65b0\u4eba\u4f5c\u5bb6\uff0c\u5199\u51fa\u6765\u7684\u4f5c\u54c1\uff0c\u5f88\u5c11\u6709\u90a3\u79cd\u8ba9\u6211\u773c\u524d\u4e00\u4eae\u7684\u611f\u89c9\uff0c\u4f46\u662f\u4f5c\u8005\u505a\u5230\u4e86\uff0c\u521a\u770b\u5230\u8fd9\u672c\u4e66\u7684\u65f6\u5019\uff0c\u771f\u7684\u662f\u88ab\u4f5c\u8005\u7684\u6587\u91c7\u9707\u64bc\u5230\u4e86\u3002\u6211\u6ca1\u6709\u60f3\u5230\u8fd9\u6837\u7684\u4f5c\u54c1\u7adf\u7136\u662f\u4e00\u4e2a\u65b0\u624b\u4f5c\u5bb6\u5199\u51fa\u6765\u7684\uff0c\u867d\u7136\u6ca1\u6709\u4e3b\u6d41\u7384\u5e7b\u90a3\u79cd\u5f00\u7bc7\u5c31\u662f\u5404\u79cd\u4fee\u70bc\u4f53\u7cfb\uff0c\u5404\u79cd\u590d\u6742\u7684\u4ecb\u7ecd\uff0c\u4f46\u662f\u7ec6\u7ec6\u7684\u770b\u4e0b\u6765\uff0c\u5df2\u7ecf\u6162\u6162\u7684\u88ab\u8fd9\u672c\u4e66\u5438\u5f15\u4e86\u3002\u3001\u652f\u6301\u4f5c\u8005\uff0c\u52a0\u6cb9 \uff01"}, {"userName": "\u4e66\u53cb53634388", "userReviewDate": "2018-05-27", "userURL": "http://user.17k.com/38605539", "userReview": "\u5199\u5f97\u4e0d\u9519\uff01\uff01\uff01\uff01\uff01"}, {"userName": "17K\u4e66\u53cb941twypb", "userReviewDate": "2018-05-27", "userURL": "http://user.17k.com/61910150", "userReview": "[\u6253\u8d4f]\u6211\u6253\u8d4f\u4e861\u5143\u7ea2\u5305\uff01\uff01"}, {"userName": "17K\u4e66\u53cb941twypb", "userReviewDate": "2018-05-27", "userURL": "http://user.17k.com/61910150", "userReview": "[\u6253\u8d4f]\u6211\u6253\u8d4f\u4e861\u5143\u7ea2\u5305\uff01\uff01"}, {"userName": "\u4e5d\u5c3e\u843d", "userReviewDate": "2018-05-27", "userURL": "http://user.17k.com/58831673", "userReview": "\u54c8\u54c8\uff0c\u8fc7\u6765\u770b\u770b\uff0c\u5927\u5927\u8fd9\u4e00\u5468\u6210\u7ee9\u90a3\u4e48\u597d\uff0c\u4f69\u670d\u4f69\u670d\uff01"}, {"userName": "17K\u4e66\u53cbzqzdu2l5", "userReviewDate": "2018-05-27", "userURL": "http://user.17k.com/62066230", "userReview": "[\u6253\u8d4f]\u6211\u6253\u8d4f\u4e861\u5143\u7ea2\u5305\uff01\uff01"}, {"userName": "\u6635\u79f0\u68cd\u54e5", "userReviewDate": "2018-05-27", "userURL": "http://user.17k.com/55934520", "userReview": "\u4e07\u9053\u4e66\u53cbqq\u7fa4\u5efa\u7acb\u4e86 :772557208 \u8fdb\u6765\u8ba8\u8bba\uff0c\u81ea\u5df1\u6709\u597d\u60f3\u6cd5\uff0c\u6211\u5e2e\u4f60\u5199\u8fdb\uff0c\u6211\u4e0d\u53ea\u5199\u6211\u7684\u5e7b\u60f3\uff0c\u4e5f\u53ef\u5199\u4f60\u7684\u5e7b\u60f3\u3002"}, {"userName": "\u6325\u7b14\u753b\u6c5f\u5c71", "userReviewDate": "2018-05-26", "userURL": "http://user.17k.com/45875827", "userReview": "[\u6253\u8d4f]\u6211\u6253\u8d4f\u4e861\u4e2a'\u5927\u529b\u7801\u5b57\u4e38'\uff01\uff01"}, {"userName": "\u6325\u7b14\u753b\u6c5f\u5c71", "userReviewDate": "2018-05-26", "userURL": "http://user.17k.com/45875827", "userReview": "[\u6253\u8d4f]\u6211\u6253\u8d4f\u4e861\u4e2a'\u5c0f\u5fc3\u5fc3'\uff01\uff01"}], "description": "\u4f17\u751f\u4e89\u6e21\uff0c\u767e\u5bb6\u4e89\u9e23\uff0c\u5404\u65cf\u4e89\u5f3a\uff0c\u4e07\u9053\u4e89\u950b...\u82cd\u832b\u5b87\u5b99\uff0c\u8c01\u4e3b\u4e7e\u5764..\u3000\u3000\u8fd9\u662f\u4e00\u4e2a\u795e\u5947\u7684\u4e16\u754c\u2026\u2026\u3000\u3000\u4e00\u4e2a\u78e8\u5200\u5320\uff0c\u5e26\u4e00\u5757\u78e8\u5200\u77f3\uff0c\u4ed6\u7a76\u7adf\u4fee\u70bc\u4e86\u4ec0\u4e48\u529f\u6cd5\uff1f\u3000\u3000\u4e00\u4e2a\u4e5e\u5bb6\u5f1f\u5b50\uff0c\u4ece\u6765\u6ca1\u6709\u51fa\u624b\u8fc7\uff0c\u5374\u6ca1\u6709\u4eba\u6562\u60f9\u4ed6\u2026\u2026\u3000\u3000\u4e00\u4e2a\u519c\u6237\u5e26\u4e00\u5757\u7530\uff0c\u5374\u4ece\u6765\u4e0d\u64ad\u79cd\u2026\u2026\u3000\u3000\u4e00\u4e2a\u5c0f\u5077\uff0c\u7adf\u7136\u53ef\u4ee5\u5077\u8d70\u4e03\u60c5\u516d\u6b32\u2026\u2026\u3000\u3000\u4e00\u4e2a\u6728\u5320\u53ea\u505a\u68fa\u6750\uff0c\u6bcf\u6b21\u505a\u5b8c\u91cc\u9762\u5fc5\u51fa\u4e00\u5177\u5c38\u4f53\u3002\u3000\u3000\u6784\u67b6\u5b8f\u5927\uff0c\u5e03\u5c40\u7ec6\u5bc6\uff0c\u6bcf\u4e00\u4e2a\u5c0f\u4eba\u7269\u90fd\u662f\u4e00\u4e2a\u5355\u72ec\u5267\u60c5\uff0c\u6162\u70ed\u6587\uff0c\u4e0d\u4f1a\u8ba9\u4f60\u5931\u671b\u7684\u3002\u3000\u3000\u53ef\u4ee5\u5148\u6536\u85cf\u3000\u3000\u517b\u80a5\u4e86\u518d\u6740", "title": "\u4e07\u9053\u4e89\u950b", "url": "http://www.17k.com/book/2819974.html", "average": -1.0, "cover": "http://img.17k.com/images/bookcover/2018/14099/70/2819974-1526197208000.jpg", "reviews": 16502, "authors": [{"url": "http://www.17k.com/zuozhe/55934520", "name": "\u68cd\u54e5"}], "type": ["\u4e1c\u65b9\u7384\u5e7b"], "outlinks": ["http://www.17k.com/book/2794982.html", "http://www.17k.com/book/2801292.html", "http://www.17k.com/book/2816318.html", "http://www.17k.com/book/2797575.html", "http://www.17k.com/book/2802516.html", "http://www.17k.com/book/2812195.html", "http://www.17k.com/book/2820143.html", "http://www.17k.com/book/2807943.html", "http://www.17k.com/book/2813457.html", "http://www.17k.com/book/2798058.html", "http://www.17k.com/book/2815617.html", "http://www.17k.com/book/2805259.html", "http://www.17k.com/book/2760255.html", "http://www.17k.com/book/2686894.html", "http://www.17k.com/book/2797016.html", "http://www.17k.com/book/2767246.html", "http://www.17k.com/book/2764239.html", "http://www.17k.com/book/2754498.html", "http://www.17k.com/book/2754900.html", "http://www.17k.com/book/2625740.html", "http://www.17k.com/book/2213315.html", "http://www.17k.com/book/2402178.html", "http://www.17k.com/book/2691221.html", "http://www.17k.com/book/2210699.html", "http://www.17k.com/book/1797752.html", "http://www.17k.com/book/2575507.html", "http://www.17k.com/book/2705181.html", "http://www.17k.com/book/2702539.html", "http://www.17k.com/book/2474887.html", "http://www.17k.com/book/2674733.html", "http://www.17k.com/book/2822076.html", "http://www.17k.com/book/2809894.html", "http://www.17k.com/book/2822077.html", "http://www.17k.com/book/2811930.html", "http://www.17k.com/book/2815548.html", "http://www.17k.com/book/2819620.html", "http://www.17k.com/book/2809964.html", "http://www.17k.com/book/2808200.html", "http://www.17k.com/book/2820100.html", "http://www.17k.com/book/2822978.html", "http://www.17k.com/book/2804337.html", "http://www.17k.com/book/2798814.html", "http://www.17k.com/book/2785153.html", "http://www.17k.com/book/2731559.html", "http://www.17k.com/book/2722533.html", "http://www.17k.com/book/2458377.html", "http://www.17k.com/book/2743300.html", "http://www.17k.com/book/973809.html", "http://www.17k.com/book/2651367.html", "http://www.17k.com/book/2726194.html", "http://www.17k.com/book/2790214.html", "http://www.17k.com/book/493239.html", "http://www.17k.com/book/108821.html", "http://www.17k.com/book/1398783.html", "http://www.17k.com/book/83528.html", "http://www.17k.com/book/1859126.html", "http://www.17k.com/book/1741975.html", "http://www.17k.com/book/192453.html", "http://www.17k.com/book/2459058.html", "http://www.17k.com/book/1050747.html", "http://www.17k.com/book/2700315.html", "http://www.17k.com/book/2818940.html", "http://www.17k.com/book/2819519.html", "http://www.17k.com/book/2816390.html", "http://www.17k.com/book/2819588.html", "http://www.17k.com/book/2813768.html", "http://www.17k.com/book/2822406.html", "http://www.17k.com/book/2772164.html", "http://www.17k.com/book/2784023.html", "http://www.17k.com/book/2811877.html", "http://www.17k.com/book/2809119.html", "http://www.17k.com/book/2803700.html", "http://www.17k.com/book/2819561.html", "http://www.17k.com/book/2746506.html", "http://www.17k.com/book/2811836.html", "http://www.17k.com/book/2614810.html", "http://www.17k.com/book/1592435.html", "http://www.17k.com/book/1949748.html", "http://www.17k.com/book/2265802.html", "http://www.17k.com/book/2743240.html", "http://www.17k.com/book/2657437.html", "http://www.17k.com/book/2644502.html", "http://www.17k.com/book/2199900.html", "http://www.17k.com/book/2725436.html", "http://www.17k.com/book/2629978.html"]}