{"ratings": -1, "userreviews": [{"userName": "\u4efb\u97f3\u60e0", "userReviewDate": "2018-06-08", "userURL": "http://user.17k.com/60265924", "userReview": "\u9898\u6750\u5f88\u597d\uff0c\u4e0d\u9519\u6709\u65b0\u610f\uff0c\u7ee7\u7eed\u5199\u5f62\u6210\u81ea\u5df1\u7684\u98ce\u683c\uff0c\u671b\u56de\u8bbf\u8bfb\u4e00\u8bfb\u54e6\u3002<a target='_blank' href='http://www.17k.com/book/2803250.html'>\u300a\u7434\u745f\u8c10\u300b</a>"}], "description": "\u7b2c\u4e00\u4e16\u7a7f\u8d8a\u53e4\u4ee3:\u738b\u7237:\u4f60\u662f\u4e0d\u662f\u7ec6\u4f5c?\u2026\u2026\u6211:\u4f60\u7ec6\u4f5c\uff0c\u4f60\u5168\u5bb6\u7ec6\u4f5c!\u7b2c\u4e8c\u4e16:\u603b\u88c1:\u6211\u662f\u4e0d\u662f\u5728\u54ea\u91cc\u89c1\u8fc7\u4f60?!\u2026\u2026\u6211:\u54ea\uff0c\u54ea\u6709\u554a!\u6211\u8ba4\u8bc6\u4f60\u5417?\u7b2c\u4e09\u4e16:\u540c\u5b66:\u6155\u6eaa\u84dd\uff0c\u597d\u96be\u542c\u7684\u540d\u5b57\u3002\u6211:\u6eda!\u660e\u660e\u4f60\u7684\u540d\u5b57\u6700\u96be\u542c\u3002\u3000\u3000\u8fd9\u4e09\u4e16\u7684\u8bb0\u5fc6\u6211\u5c45\u7136\u8fd8\u53ef\u4ee5\u7559\u5b58\u5230\u73b0\u5728!\u65e0\u8bed\u2026\u989d\u989d", "title": "\u4e09\u4e16\u6eaa\u84dd", "url": "http://www.17k.com/book/2836268.html", "average": -1.0, "cover": "http://img.17k.com/images/bookcover/default_cover1.jpg", "reviews": 7, "authors": [{"url": "http://www.17k.com/zuozhe/62574424", "name": "\u6021\u96e8\u6cab"}], "type": ["\u6821\u56ed\u9752\u6625"], "outlinks": ["http://www.17k.com/book/2794982.html", "http://www.17k.com/book/2801292.html", "http://www.17k.com/book/2816318.html", "http://www.17k.com/book/2797575.html", "http://www.17k.com/book/2802516.html", "http://www.17k.com/book/2812195.html", "http://www.17k.com/book/2820143.html", "http://www.17k.com/book/2807943.html", "http://www.17k.com/book/2813457.html", "http://www.17k.com/book/2798058.html", "http://www.17k.com/book/2815617.html", "http://www.17k.com/book/2805259.html", "http://www.17k.com/book/2760255.html", "http://www.17k.com/book/2686894.html", "http://www.17k.com/book/2797016.html", "http://www.17k.com/book/2767246.html", "http://www.17k.com/book/2764239.html", "http://www.17k.com/book/2754498.html", "http://www.17k.com/book/2754900.html", "http://www.17k.com/book/2625740.html", "http://www.17k.com/book/2213315.html", "http://www.17k.com/book/2402178.html", "http://www.17k.com/book/2691221.html", "http://www.17k.com/book/2210699.html", "http://www.17k.com/book/1797752.html", "http://www.17k.com/book/2575507.html", "http://www.17k.com/book/2705181.html", "http://www.17k.com/book/2702539.html", "http://www.17k.com/book/2474887.html", "http://www.17k.com/book/2674733.html", "http://www.17k.com/book/2822076.html", "http://www.17k.com/book/2809894.html", "http://www.17k.com/book/2822077.html", "http://www.17k.com/book/2811930.html", "http://www.17k.com/book/2815548.html", "http://www.17k.com/book/2819620.html", "http://www.17k.com/book/2809964.html", "http://www.17k.com/book/2808200.html", "http://www.17k.com/book/2820100.html", "http://www.17k.com/book/2822978.html", "http://www.17k.com/book/2804337.html", "http://www.17k.com/book/2798814.html", "http://www.17k.com/book/2785153.html", "http://www.17k.com/book/2731559.html", "http://www.17k.com/book/2722533.html", "http://www.17k.com/book/2458377.html", "http://www.17k.com/book/2743300.html", "http://www.17k.com/book/973809.html", "http://www.17k.com/book/2651367.html", "http://www.17k.com/book/2726194.html", "http://www.17k.com/book/2790214.html", "http://www.17k.com/book/493239.html", "http://www.17k.com/book/108821.html", "http://www.17k.com/book/1398783.html", "http://www.17k.com/book/83528.html", "http://www.17k.com/book/1859126.html", "http://www.17k.com/book/1741975.html", "http://www.17k.com/book/192453.html", "http://www.17k.com/book/2459058.html", "http://www.17k.com/book/1050747.html", "http://www.17k.com/book/2700315.html", "http://www.17k.com/book/2818940.html", "http://www.17k.com/book/2819519.html", "http://www.17k.com/book/2816390.html", "http://www.17k.com/book/2819588.html", "http://www.17k.com/book/2813768.html", "http://www.17k.com/book/2822406.html", "http://www.17k.com/book/2772164.html", "http://www.17k.com/book/2784023.html", "http://www.17k.com/book/2811877.html", "http://www.17k.com/book/2809119.html", "http://www.17k.com/book/2803700.html", "http://www.17k.com/book/2819561.html", "http://www.17k.com/book/2746506.html", "http://www.17k.com/book/2811836.html", "http://www.17k.com/book/2614810.html", "http://www.17k.com/book/1592435.html", "http://www.17k.com/book/1949748.html", "http://www.17k.com/book/2265802.html", "http://www.17k.com/book/2743240.html", "http://www.17k.com/book/2657437.html", "http://www.17k.com/book/2644502.html", "http://www.17k.com/book/2199900.html", "http://www.17k.com/book/2725436.html", "http://www.17k.com/book/2629978.html"]}