{"ratings": -1, "userreviews": [{"userName": "\u79cb\u96e8\u77e5\u65f6", "userReviewDate": "2017-10-02", "userURL": "http://user.17k.com/49661407", "userReview": "\u767e\u5e74\u8f6e\u56de\uff0c\u91cd\u4e34\u5927\u5730\uff0c\u51dd\u516d\u9053\u6cd5\u76f8\uff0c\u94f8\u5341\u4e8c\u7384\u5175\uff0c\u6211\u82e5\u4e3a\u5e1d\uff0c\u516d\u9053\u957f\u5b58\uff01<a target='_blank' href='http://www.17k.com/book/2673231.html'>\u300a\u516d\u9053\u957f\u5b58\u300b</a>\u62dc\u8bbf\u5c0a\u9a7e\uff0c\u62dc\u9605\u4f73\u4f5c\uff0c\u795d\u541b\u5927\u7ea2\uff01\u6536\u85cf\u4e86\uff01"}, {"userName": "\u5b64\u72ec \u306a \u5f77\u5fa8", "userReviewDate": "2017-07-25", "userURL": "http://user.17k.com/45250600", "userReview": "\u52a0\u6cb9\uff01\u52a0\u6cb9\uff01\u7ee7\u7eed\u52a0\u6cb9\uff01\u4f5c\u8005"}, {"userName": "\u91d1\u751f\u6c34\u8d77z", "userReviewDate": "2016-11-03", "userURL": "http://user.17k.com/50422183", "userReview": "<a target='_blank' href='http://www.17k.com/book/2211089.html'>\u300a\u6781\u9053\u884c\u300b</a>\u524d\u6765\u62dc\u8bbf\uff0c\u8eab\u4e3a\u540c\u884c\u517c\u6bb5\u53cb\u7684\u6211\u795d\u6587\u65e9\u65e5\u5927\u706b\u3002\u54c8\u54c8\uff01\uff01\uff01\uff01"}, {"userName": "\u51ef\u6069\u65e0\u6781", "userReviewDate": "2016-04-04", "userURL": "http://user.17k.com/38946210", "userReview": "\u9119\u4eba\u9f99\u9e23\u4e8c\u4e16\u7956\uff0c\u5e26\u4f5c\u54c1<a target='_blank' href='http://www.17k.com/book/1203889.html'>\u300a\u6b66\u6218\u8fbe\u4eba\u95ef\u5929\u6daf\u300b</a>\u6765\u8bbf\uff0c\u671b\u56de\u8bbf"}, {"userName": "\u5929\u4e91\u5c11\u9f99", "userReviewDate": "2016-03-09", "userURL": "http://user.17k.com/43927684", "userReview": "<a target='_blank' href='http://www.17k.com/book/1532636.html'>\u300a\u609f\u9053\u4e4b\u738b\u300b</a>\u524d\u6765\u62dc\u8bbf\uff0c\u795d\u5927\u5927\u70b9\u51fb\u91cf\u8282\u8282\u9ad8\u5347\u3002"}, {"userName": "\u9017\u6bd4\u59b9\u7eb8", "userReviewDate": "2015-11-27", "userURL": "http://user.17k.com/43118054", "userReview": "\u52a0\u6cb9\u6492"}], "description": "\u5f53\u67d0\u4e00\u5929\u81ea\u5df1\u9b3c\u4f7f\u795e\u5dee\u7684\u4ece\u7f51\u4e0a\u8d2d\u4e70\u4e86\u4e00\u5957\u4e09\u56fd\u7cbe\u7f8e\u5361\u7247\uff0c\u4ece\u6b64\u5e73\u51e1\u7684\u65e5\u5b50\u4e0d\u518d\u5e73\u51e1", "title": "\u4e09\u56fd\u4e4b\u6700\u5f3a\u840c\u5c06\u8c82\u8749", "url": "http://www.17k.com/book/1462478.html", "average": -1.0, "cover": "http://img.17k.com/images/bookcover/2016/7312/36/1462478-1457502057000.jpg", "reviews": 2490, "authors": [{"url": "http://www.17k.com/zuozhe/11553876", "name": "\u5b89\u7fbd\u7684\u6625\u5929"}], "type": ["\u90fd\u5e02\u6fc0\u6218"], "outlinks": ["http://www.17k.com/book/2794982.html", "http://www.17k.com/book/2801292.html", "http://www.17k.com/book/2816318.html", "http://www.17k.com/book/2797575.html", "http://www.17k.com/book/2802516.html", "http://www.17k.com/book/2812195.html", "http://www.17k.com/book/2820143.html", "http://www.17k.com/book/2807943.html", "http://www.17k.com/book/2813457.html", "http://www.17k.com/book/2798058.html", "http://www.17k.com/book/2815617.html", "http://www.17k.com/book/2805259.html", "http://www.17k.com/book/2760255.html", "http://www.17k.com/book/2686894.html", "http://www.17k.com/book/2797016.html", "http://www.17k.com/book/2767246.html", "http://www.17k.com/book/2764239.html", "http://www.17k.com/book/2754498.html", "http://www.17k.com/book/2754900.html", "http://www.17k.com/book/2625740.html", "http://www.17k.com/book/2213315.html", "http://www.17k.com/book/2402178.html", "http://www.17k.com/book/2691221.html", "http://www.17k.com/book/2210699.html", "http://www.17k.com/book/1797752.html", "http://www.17k.com/book/2575507.html", "http://www.17k.com/book/2705181.html", "http://www.17k.com/book/2702539.html", "http://www.17k.com/book/2474887.html", "http://www.17k.com/book/2674733.html", "http://www.17k.com/book/2822076.html", "http://www.17k.com/book/2809894.html", "http://www.17k.com/book/2822077.html", "http://www.17k.com/book/2811930.html", "http://www.17k.com/book/2815548.html", "http://www.17k.com/book/2819620.html", "http://www.17k.com/book/2809964.html", "http://www.17k.com/book/2808200.html", "http://www.17k.com/book/2820100.html", "http://www.17k.com/book/2822978.html", "http://www.17k.com/book/2804337.html", "http://www.17k.com/book/2798814.html", "http://www.17k.com/book/2785153.html", "http://www.17k.com/book/2731559.html", "http://www.17k.com/book/2722533.html", "http://www.17k.com/book/2458377.html", "http://www.17k.com/book/2743300.html", "http://www.17k.com/book/973809.html", "http://www.17k.com/book/2651367.html", "http://www.17k.com/book/2726194.html", "http://www.17k.com/book/2790214.html", "http://www.17k.com/book/493239.html", "http://www.17k.com/book/108821.html", "http://www.17k.com/book/1398783.html", "http://www.17k.com/book/83528.html", "http://www.17k.com/book/1859126.html", "http://www.17k.com/book/1741975.html", "http://www.17k.com/book/192453.html", "http://www.17k.com/book/2459058.html", "http://www.17k.com/book/1050747.html", "http://www.17k.com/book/2700315.html", "http://www.17k.com/book/2818940.html", "http://www.17k.com/book/2819519.html", "http://www.17k.com/book/2816390.html", "http://www.17k.com/book/2819588.html", "http://www.17k.com/book/2813768.html", "http://www.17k.com/book/2822406.html", "http://www.17k.com/book/2772164.html", "http://www.17k.com/book/2784023.html", "http://www.17k.com/book/2811877.html", "http://www.17k.com/book/2809119.html", "http://www.17k.com/book/2803700.html", "http://www.17k.com/book/2819561.html", "http://www.17k.com/book/2746506.html", "http://www.17k.com/book/2811836.html", "http://www.17k.com/book/2614810.html", "http://www.17k.com/book/1592435.html", "http://www.17k.com/book/1949748.html", "http://www.17k.com/book/2265802.html", "http://www.17k.com/book/2743240.html", "http://www.17k.com/book/2657437.html", "http://www.17k.com/book/2644502.html", "http://www.17k.com/book/2199900.html", "http://www.17k.com/book/2725436.html", "http://www.17k.com/book/2629978.html"]}