{"ratings": -1, "userreviews": [], "description": "\u4e0a\u4e16\u7eaa\u516b\u5341\u5e74\u4ee3\uff0c\u5728\u4e1c\u5609\u5e02\u7684\u4e00\u6761\u7e41\u534e\u7684\u5927\u8857\u4e0a\u8d70\u7740\u4e00\u4f4d\u7626\u5c0f\u7684\u8001\u4eba\uff0c\u4ed6\u4f4e\u7740\u5934\u50cf\u5728\u601d\u8003\u7740\u4ec0\u4e48\uff1b\u5728\u9a6c\u8def\u7684\u53e6\u4e00\u5934\uff0c\u4ed6\u8ff7\u8ff7\u7cca\u7cca\u7684\u770b\u5230\u4e86\u4e00\u4e2a\u719f\u6089\u7684\u80cc\u5f71\u3002\u987f\u65f6\u4ed6\u7684\u8111\u6d77\u91cc\u51fa\u73b0\u4e86\u4e00\u4f4d\u8ba9\u4ed6\u627e\u4e86\u534a\u8f88\u5b50\u7684\u4eba\u3002\u4ed6\u8fc7\u53bb\u4e86\uff0c\u5e26\u7740\u6fc0\u52a8\u7684\u5fc3\u60c5\u8fc7\u53bb\u4e86\uff0c\u53ef\u662f\u4ed6\u5374\u5fd8\u4e86\u6b64\u65f6\u7684\u4ea4\u901a\u4fe1\u53f7\u706f\u3002\u5728\u521a\u8981\u63a5\u8fd1\u7740\u8fd9\u4e2a\u719f\u6089\u7684\u80cc\u5f71\u7684\u65f6\u5019\uff0c\u4e00\u8f86\u6ee1\u8f7d\u8d27\u7269\u7684\u8d27\u8f66\u649e\u5411\u4e86\u8fd9\u4f4d\u8001\u4eba\u3002\u8001\u4eba\u7ecf\u8def\u4eba\u7684\u5e2e\u5fd9\u88ab\u9001\u8fdb\u4e86\u533b\u9662\u3002\u4ece\u6b64\u6539\u53d8\u4e86\u8fd9\u8001\u4eba\u7684\u540e\u534a\u751f\u2026\u2026", "title": "\u4e09\u5e74\u4e4b\u5185\u4ed6\u6ca1\u6709\u505a\u8fc7\u4e00\u4e2a\u68a6", "url": "http://www.17k.com/book/2833457.html", "average": -1.0, "cover": "http://img.17k.com/images/bookcover/default_cover1.jpg", "reviews": 15, "authors": [{"url": "http://www.17k.com/zuozhe/62415169", "name": "\u9038\u9298"}], "type": ["\u6218\u53f2\u98ce\u4e91"], "outlinks": ["http://www.17k.com/book/2794982.html", "http://www.17k.com/book/2801292.html", "http://www.17k.com/book/2816318.html", "http://www.17k.com/book/2797575.html", "http://www.17k.com/book/2802516.html", "http://www.17k.com/book/2812195.html", "http://www.17k.com/book/2820143.html", "http://www.17k.com/book/2807943.html", "http://www.17k.com/book/2813457.html", "http://www.17k.com/book/2798058.html", "http://www.17k.com/book/2815617.html", "http://www.17k.com/book/2805259.html", "http://www.17k.com/book/2760255.html", "http://www.17k.com/book/2686894.html", "http://www.17k.com/book/2797016.html", "http://www.17k.com/book/2767246.html", "http://www.17k.com/book/2764239.html", "http://www.17k.com/book/2754498.html", "http://www.17k.com/book/2754900.html", "http://www.17k.com/book/2625740.html", "http://www.17k.com/book/2213315.html", "http://www.17k.com/book/2402178.html", "http://www.17k.com/book/2691221.html", "http://www.17k.com/book/2210699.html", "http://www.17k.com/book/1797752.html", "http://www.17k.com/book/2575507.html", "http://www.17k.com/book/2705181.html", "http://www.17k.com/book/2702539.html", "http://www.17k.com/book/2474887.html", "http://www.17k.com/book/2674733.html", "http://www.17k.com/book/2822076.html", "http://www.17k.com/book/2809894.html", "http://www.17k.com/book/2822077.html", "http://www.17k.com/book/2811930.html", "http://www.17k.com/book/2815548.html", "http://www.17k.com/book/2819620.html", "http://www.17k.com/book/2809964.html", "http://www.17k.com/book/2808200.html", "http://www.17k.com/book/2820100.html", "http://www.17k.com/book/2822978.html", "http://www.17k.com/book/2804337.html", "http://www.17k.com/book/2798814.html", "http://www.17k.com/book/2785153.html", "http://www.17k.com/book/2731559.html", "http://www.17k.com/book/2722533.html", "http://www.17k.com/book/2458377.html", "http://www.17k.com/book/2743300.html", "http://www.17k.com/book/973809.html", "http://www.17k.com/book/2651367.html", "http://www.17k.com/book/2726194.html", "http://www.17k.com/book/2790214.html", "http://www.17k.com/book/493239.html", "http://www.17k.com/book/108821.html", "http://www.17k.com/book/1398783.html", "http://www.17k.com/book/83528.html", "http://www.17k.com/book/1859126.html", "http://www.17k.com/book/1741975.html", "http://www.17k.com/book/192453.html", "http://www.17k.com/book/2459058.html", "http://www.17k.com/book/1050747.html", "http://www.17k.com/book/2700315.html", "http://www.17k.com/book/2818940.html", "http://www.17k.com/book/2819519.html", "http://www.17k.com/book/2816390.html", "http://www.17k.com/book/2819588.html", "http://www.17k.com/book/2813768.html", "http://www.17k.com/book/2822406.html", "http://www.17k.com/book/2772164.html", "http://www.17k.com/book/2784023.html", "http://www.17k.com/book/2811877.html", "http://www.17k.com/book/2809119.html", "http://www.17k.com/book/2803700.html", "http://www.17k.com/book/2819561.html", "http://www.17k.com/book/2746506.html", "http://www.17k.com/book/2811836.html", "http://www.17k.com/book/2614810.html", "http://www.17k.com/book/1592435.html", "http://www.17k.com/book/1949748.html", "http://www.17k.com/book/2265802.html", "http://www.17k.com/book/2743240.html", "http://www.17k.com/book/2657437.html", "http://www.17k.com/book/2644502.html", "http://www.17k.com/book/2199900.html", "http://www.17k.com/book/2725436.html", "http://www.17k.com/book/2629978.html"]}