{"ratings": -1, "userreviews": [], "description": "\u5173\u516c\u65a9\u5c06\u9152\u5c1a\u6e29\uff0c\u4ec1\u8d35\u5355\u9a91\u62a4\u5723\u6069\u3002\u3000\u3000\u5143\u9738\u53cc\u9524\u9707\u5929\u4e0b\uff0c\u98de\u5c06\u7fbd\u7bad\u7a7f\u77f3\u80fd\u3002\u3000\u3000\u8f95\u95e8\u5c04\u621f\u8c82\u8749\u5ac1\uff0c\u5e86\u4e4b\u767d\u888d\u907f\u9b3c\u795e\u3002\u3000\u3000\u543e\u4e43\u5343\u53e4\u7b2c\u4e00\u5e1d\uff0c\u79e6\u7687\u5510\u5b97\u4e3a\u6211\u81e3\u3002\u3000\u3000\u672c\u662f\u4e00\u4e07\u4f17\u77a9\u76ee\u7684\u65b0\u664b\u4e2d\u79d1\u9662\u5c0f\u9662\u58eb\uff0c\u4e3a\u56fd\u4e4b\u547d\u8fd0\u800c\u727a\u7272\uff0c\u9b42\u7a7f\u4e09\u56fd\uff0c\u5e26\u7740\u4e2a\u81ea\u5df1\u6253\u6e38\u620f\u6240\u7f16\u8f91\u7684\u5916\u6302\u53d8\u6210\u7684\u7cfb\u7edf\u3002\u3000\u3000\u4f60\u6709\u5415\u5e03\uff0c\u6211\u6709\u4ec1\u8d35\uff01\u3000\u3000\u4f60\u6709\u5173\u516c\uff0c\u6211\u6709\u95e8\u795e\uff01\u3000\u3000\u4ec0\u4e48\uff01\u5468\u745c\u5e9e\u7edf\u90fd\u6765\u4e86\uff01\u6ca1\u4e8b\uff0c\u4f2f\u6e29\u5b54\u660e\uff0c\u62db\u5f85\u4e0b\u5ba2\u4eba\u3002\u3000\u3000\u4f60\u6709\u864e\u8c79\u9a91\u767d\u9a6c\u4e49\u4ece\uff1f\u90a3\u4e2a\uff0c\u6211\u94c1\u6d6e\u5c60\u9e70\u9a91\u864e\u8d32\u4f55\u5728\uff01\u3000\u3000\u4f60\u6709\u5148\u767b\u6b7b\u58eb\u767d\u8033\u7cbe\u5175\uff1f\u8840\u6740\u8425\u9677\u9635\u8425\u7834\u519b\u8425\u4efb\u4f60\u6311\u9009\uff01\u3000\u3000\u4ec0\u4e48\uff01\u9b4f\u8700\u5434\u4e09\u5bb6\u8054\u5408\u4e86\uff1f\u71d5\u4e91\u5341\u516b\u9a91\uff0c\u6709\u4efb\u52a1\u4e86\uff01", "title": "\u4e09\u56fd\u4e4b\u53ec\u5524\u94c1\u9a91\u8e0f\u5929\u4e0b", "url": "http://www.17k.com/book/2835552.html", "average": -1.0, "cover": "http://img.17k.com/images/bookcover/default_cover1.jpg", "reviews": 85, "authors": [{"url": "http://www.17k.com/zuozhe/62097288", "name": "\u5403\u67e0\u6aacCNM"}], "type": ["\u5386\u53f2\u7a7f\u8d8a"], "outlinks": ["http://www.17k.com/book/2794982.html", "http://www.17k.com/book/2801292.html", "http://www.17k.com/book/2816318.html", "http://www.17k.com/book/2797575.html", "http://www.17k.com/book/2802516.html", "http://www.17k.com/book/2812195.html", "http://www.17k.com/book/2820143.html", "http://www.17k.com/book/2807943.html", "http://www.17k.com/book/2813457.html", "http://www.17k.com/book/2798058.html", "http://www.17k.com/book/2815617.html", "http://www.17k.com/book/2805259.html", "http://www.17k.com/book/2760255.html", "http://www.17k.com/book/2686894.html", "http://www.17k.com/book/2797016.html", "http://www.17k.com/book/2767246.html", "http://www.17k.com/book/2764239.html", "http://www.17k.com/book/2754498.html", "http://www.17k.com/book/2754900.html", "http://www.17k.com/book/2625740.html", "http://www.17k.com/book/2213315.html", "http://www.17k.com/book/2402178.html", "http://www.17k.com/book/2691221.html", "http://www.17k.com/book/2210699.html", "http://www.17k.com/book/1797752.html", "http://www.17k.com/book/2575507.html", "http://www.17k.com/book/2705181.html", "http://www.17k.com/book/2702539.html", "http://www.17k.com/book/2474887.html", "http://www.17k.com/book/2674733.html", "http://www.17k.com/book/2822076.html", "http://www.17k.com/book/2809894.html", "http://www.17k.com/book/2822077.html", "http://www.17k.com/book/2811930.html", "http://www.17k.com/book/2815548.html", "http://www.17k.com/book/2819620.html", "http://www.17k.com/book/2809964.html", "http://www.17k.com/book/2808200.html", "http://www.17k.com/book/2820100.html", "http://www.17k.com/book/2822978.html", "http://www.17k.com/book/2804337.html", "http://www.17k.com/book/2798814.html", "http://www.17k.com/book/2785153.html", "http://www.17k.com/book/2731559.html", "http://www.17k.com/book/2722533.html", "http://www.17k.com/book/2458377.html", "http://www.17k.com/book/2743300.html", "http://www.17k.com/book/973809.html", "http://www.17k.com/book/2651367.html", "http://www.17k.com/book/2726194.html", "http://www.17k.com/book/2790214.html", "http://www.17k.com/book/493239.html", "http://www.17k.com/book/108821.html", "http://www.17k.com/book/1398783.html", "http://www.17k.com/book/83528.html", "http://www.17k.com/book/1859126.html", "http://www.17k.com/book/1741975.html", "http://www.17k.com/book/192453.html", "http://www.17k.com/book/2459058.html", "http://www.17k.com/book/1050747.html", "http://www.17k.com/book/2700315.html", "http://www.17k.com/book/2818940.html", "http://www.17k.com/book/2819519.html", "http://www.17k.com/book/2816390.html", "http://www.17k.com/book/2819588.html", "http://www.17k.com/book/2813768.html", "http://www.17k.com/book/2822406.html", "http://www.17k.com/book/2772164.html", "http://www.17k.com/book/2784023.html", "http://www.17k.com/book/2811877.html", "http://www.17k.com/book/2809119.html", "http://www.17k.com/book/2803700.html", "http://www.17k.com/book/2819561.html", "http://www.17k.com/book/2746506.html", "http://www.17k.com/book/2811836.html", "http://www.17k.com/book/2614810.html", "http://www.17k.com/book/1592435.html", "http://www.17k.com/book/1949748.html", "http://www.17k.com/book/2265802.html", "http://www.17k.com/book/2743240.html", "http://www.17k.com/book/2657437.html", "http://www.17k.com/book/2644502.html", "http://www.17k.com/book/2199900.html", "http://www.17k.com/book/2725436.html", "http://www.17k.com/book/2629978.html"]}