{"ratings": -1, "userreviews": [{"userName": "\u7ea2\u978b\u7eff\u889c\u95ef\u6c5f\u6e56", "userReviewDate": "2018-02-05", "userURL": "http://user.17k.com/59299196", "userReview": "\u643a<a target='_blank' href='http://www.17k.com/book/2755362.html'>\u300a\u7ea2\u978b\u7eff\u889c\u95ef\u6c5f\u6e56\u300b</a>\u62dc\u8bbf\uff01"}, {"userName": "\u72ec\u5b64\u6597wg", "userReviewDate": "2018-02-04", "userURL": "http://user.17k.com/14041930", "userReview": "<span style='color:black'>\u72ec\u5b64\u6597\u643a<a target='_blank' href='http://www.17k.com/book/446214.html'>\u300a\u68a6\u4e09\u56fd\u4e4b\u68a6\u4e2d\u60c5\u7f18\u300b</a>\u6765\u8bbf\uff0c\u5927\u4f5c\u652f\u6301\uff0c\u671b\u56de\u8bbf</span>"}, {"userName": "\u533f\u540d15011210440703", "userReviewDate": "2018-01-19", "userURL": "http://user.17k.com/37890701", "userReview": "[\u6253\u8d4f]\u6211\u6253\u8d4f\u4e862\u5143\u7ea2\u5305\uff01\uff01"}, {"userName": "\u5c0f\u72ecQ776081505", "userReviewDate": "2018-01-11", "userURL": "http://user.17k.com/59360345", "userReview": "\u6587\u7b14\u7684\u786e\u5f88\u8d5e\uff0c\u8be6\u804a\u3002\u770b\u6211\u540d\u5b57\u3002"}], "description": "\u5076\u7136\u7684\u7a7f\u8d8a\uff0c\u5374\u5e26\u6765\u4e86\u4e0d\u4e00\u6837\u7684\u4eba\u751f\uff0c\u7f51\u7f57\u5929\u4e0b\u7f8e\u5973\uff0c\u4f1a\u5c3d\u5929\u4e0b\u8c6a\u6770\uff0c\u653b\u57ce\u7565\u5730\uff0c\u5c14\u865e\u6211\u8bc8\uff0c\u70fd\u706b\u8fde\u5929\uff0c\u4e00\u5207\u53ea\u6709\u60f3\u4e0d\u5230\u800c\u5df2\u3002\u3002\u3002\u4f46\u4e8b\u5b9e\u771f\u7684\u8fd9\u4e48\u5bb9\u6613\u5417\uff1f\u8fd0\u6c14\u7206\u68da\u7684\u7537\u4e3b\u662f\u5426\u80fd\u51ed\u501f\u624b\u4e2d\u621f\u5b9e\u73b0\u5fc3\u4e2d\u6240\u8981\u4fdd\u62a4\u7684\u4e1c\u897f", "title": "\u4e09\u56fd\u4e4b\u94c1\u6c49\u67d4\u60c5", "url": "http://www.17k.com/book/2753083.html", "average": -1.0, "cover": "http://img.17k.com/images/bookcover/default_cover1.jpg", "reviews": 2138, "authors": [{"url": "http://www.17k.com/zuozhe/59177560", "name": "\u7231\u6295\u4e09\u5206\u7684\u732a\u5934"}], "type": ["\u5386\u53f2\u7a7f\u8d8a"], "outlinks": ["http://www.17k.com/book/2794982.html", "http://www.17k.com/book/2801292.html", "http://www.17k.com/book/2816318.html", "http://www.17k.com/book/2797575.html", "http://www.17k.com/book/2802516.html", "http://www.17k.com/book/2812195.html", "http://www.17k.com/book/2820143.html", "http://www.17k.com/book/2807943.html", "http://www.17k.com/book/2813457.html", "http://www.17k.com/book/2798058.html", "http://www.17k.com/book/2815617.html", "http://www.17k.com/book/2805259.html", "http://www.17k.com/book/2760255.html", "http://www.17k.com/book/2686894.html", "http://www.17k.com/book/2797016.html", "http://www.17k.com/book/2767246.html", "http://www.17k.com/book/2764239.html", "http://www.17k.com/book/2754498.html", "http://www.17k.com/book/2754900.html", "http://www.17k.com/book/2625740.html", "http://www.17k.com/book/2213315.html", "http://www.17k.com/book/2402178.html", "http://www.17k.com/book/2691221.html", "http://www.17k.com/book/2210699.html", "http://www.17k.com/book/1797752.html", "http://www.17k.com/book/2575507.html", "http://www.17k.com/book/2705181.html", "http://www.17k.com/book/2702539.html", "http://www.17k.com/book/2474887.html", "http://www.17k.com/book/2674733.html", "http://www.17k.com/book/2822076.html", "http://www.17k.com/book/2809894.html", "http://www.17k.com/book/2822077.html", "http://www.17k.com/book/2811930.html", "http://www.17k.com/book/2815548.html", "http://www.17k.com/book/2819620.html", "http://www.17k.com/book/2809964.html", "http://www.17k.com/book/2808200.html", "http://www.17k.com/book/2820100.html", "http://www.17k.com/book/2822978.html", "http://www.17k.com/book/2804337.html", "http://www.17k.com/book/2798814.html", "http://www.17k.com/book/2785153.html", "http://www.17k.com/book/2731559.html", "http://www.17k.com/book/2722533.html", "http://www.17k.com/book/2458377.html", "http://www.17k.com/book/2743300.html", "http://www.17k.com/book/973809.html", "http://www.17k.com/book/2651367.html", "http://www.17k.com/book/2726194.html", "http://www.17k.com/book/2790214.html", "http://www.17k.com/book/493239.html", "http://www.17k.com/book/108821.html", "http://www.17k.com/book/1398783.html", "http://www.17k.com/book/83528.html", "http://www.17k.com/book/1859126.html", "http://www.17k.com/book/1741975.html", "http://www.17k.com/book/192453.html", "http://www.17k.com/book/2459058.html", "http://www.17k.com/book/1050747.html", "http://www.17k.com/book/2700315.html", "http://www.17k.com/book/2818940.html", "http://www.17k.com/book/2819519.html", "http://www.17k.com/book/2816390.html", "http://www.17k.com/book/2819588.html", "http://www.17k.com/book/2813768.html", "http://www.17k.com/book/2822406.html", "http://www.17k.com/book/2772164.html", "http://www.17k.com/book/2784023.html", "http://www.17k.com/book/2811877.html", "http://www.17k.com/book/2809119.html", "http://www.17k.com/book/2803700.html", "http://www.17k.com/book/2819561.html", "http://www.17k.com/book/2746506.html", "http://www.17k.com/book/2811836.html", "http://www.17k.com/book/2614810.html", "http://www.17k.com/book/1592435.html", "http://www.17k.com/book/1949748.html", "http://www.17k.com/book/2265802.html", "http://www.17k.com/book/2743240.html", "http://www.17k.com/book/2657437.html", "http://www.17k.com/book/2644502.html", "http://www.17k.com/book/2199900.html", "http://www.17k.com/book/2725436.html", "http://www.17k.com/book/2629978.html"]}