{"ratings": -1, "userreviews": [{"userName": "\u98ce381675732", "userReviewDate": "2018-04-17", "userURL": "http://user.17k.com/45328364", "userReview": "[\u6253\u8d4f]\u6211\u6253\u8d4f\u4e862\u5143\u7ea2\u5305\uff01\uff01"}, {"userName": "\u7a7a\u8c37\u7559\u60c5", "userReviewDate": "2018-03-15", "userURL": "http://user.17k.com/45016341", "userReview": "<a target='_blank' href='http://www.17k.com/book/2790998.html'>\u300a\u9738\u9053\u4e13\u5c5e\u300b</a>\u6765\u8bbf\uff0c\u5927\u5927\u5199\u5f97\u5f88\u597d\uff0c\u5df2\u7ecf\u6536\u85cf\uff0c\u671f\u5f85\u56de\u8bbf\u548c\u6536\u85cf"}, {"userName": "\u516d\u6708\u5e38\u5728\u50b2\u96ea\u65e0\u53cc", "userReviewDate": "2018-03-13", "userURL": "http://user.17k.com/34964187", "userReview": "\u6765\u5b66\u4e60"}, {"userName": "\u94bb\u6728\u53d6\u6c34", "userReviewDate": "2018-03-07", "userURL": "http://user.17k.com/42481780", "userReview": "<a target='_blank' href='http://www.17k.com/book/2776518.html'>\u300a\u6765\u6253\u6211\u5440\u300b</a>\u524d\u6765\u5b66\u4e60"}, {"userName": "\u660e\u82e5\u4e1c", "userReviewDate": "2018-03-07", "userURL": "http://user.17k.com/60305735", "userReview": "\u7700\u82e5\u4e1c\u524d\u6765\u62dc\u8bfb\uff01\u6c42\u4e92\u8e29\uff01\u6c42\u6536\u85cf\uff01\u8c22\u8c22\u5927\u5927"}, {"userName": "\u51e0\u756a\u5ae9\u53f6", "userReviewDate": "2018-03-07", "userURL": "http://user.17k.com/60291356", "userReview": "\u8001\u94c1\u7ee7\u7eed\u52a0\u6cb9\u522b\u65ad\u54e6\uff0c\uff0c\u65b0\u4e66<a target='_blank' href='http://www.17k.com/book/2789518.html'>\u300a\u6d6a\u5b50\u9525\u300b</a>\u4e0a\u67b6\uff0c\u6c42\u4e92\u8e29"}, {"userName": "\u7d2b\u8559\u8559", "userReviewDate": "2018-02-22", "userURL": "http://user.17k.com/54596030", "userReview": "<span style='color:black'>\u52a0\u6cb9\uff01</span>"}, {"userName": "\u68a6\u9192\u5929\u5dee", "userReviewDate": "2018-02-20", "userURL": "http://user.17k.com/59595211", "userReview": "<a target='_blank' href='http://www.17k.com/book/2765324.html'>\u300a\u7edd\u5578\u4e94\u884c\u300b</a>\u6765\u8bbf\uff0c\u5927\u5927\u52a0\u6cb9\uff0c\u5df2\u6536\u85cf"}, {"userName": "\u5c0f\u6674\u59291w", "userReviewDate": "2018-02-14", "userURL": "http://user.17k.com/59304153", "userReview": "\u52a0\u6cb9\u52a0\u6cb9 \u7b7e\u5230\u652f\u6301"}, {"userName": "\u5c0f\u751f\u60f3\u6253\u5c0f\u602a\u517di", "userReviewDate": "2018-02-10", "userURL": "http://user.17k.com/55056650", "userReview": "<a target='_blank' href='http://www.17k.com/book/2767321.html'>\u300a\u6301\u6c14\u5fd8\u5fe7\u300b</a>\u55bd"}, {"userName": "\u5c0f\u751f\u60f3\u6253\u5c0f\u602a\u517di", "userReviewDate": "2018-02-10", "userURL": "http://user.17k.com/55056650", "userReview": "<a target='_blank' href='http://www.17k.com/book/2767321.html'>\u300a\u6301\u6c14\u5fd8\u5fe7\u300b</a>\u55bd"}, {"userName": "\u661f\u7a7a\u591c\u68a6\u58f9", "userReviewDate": "2018-02-10", "userURL": "http://user.17k.com/58116533", "userReview": "\u7ea2\u5c18\u5927\u5927\u4e0b\u5348\u597d\uff0c\u52a0\u6cb9\u2196(^\u03c9^)\u2197\uff0c\u6587\u6587\u4e0d\u9519\u54e6\uff0c\u6587\u7b14\u6d41\u7545\u6e05\u65b0\uff0c\u901a\u4fd7\u6613\u61c2\uff0c\u60c5\u611f\u7ec6\u817b\u4e30\u5bcc\uff0c\u5e03\u5c40\u5b8f\u5927\uff0c\u573a\u9762\u9707\u64bc\uff0c\u7cbe\u5f69\u7eb7\u5448\u3002\u5e0c\u671b\u4f60\u518d\u63a5\u518d\u5389\uff0c\u52c7\u521b\u4f73\u7ee9\u3002\u661f\u7a7a\u643a\u62d9\u4f5c<a target='_blank' href='http://www.17k.com/book/2705953.html'>\u300a\u9b3c\u8ff9\u5bfb\u8e2a\u300b</a>\u62dc\u8bfb\u4f73\u4f5c\uff0c\u652f\u6301\u597d\u4e66\u3002\u795d\u4f60\u521b\u4f5c\u5feb\u4e50\uff01\u65e9\u65e5\u7b7e\u7ea6\u4e0a\u67b6\uff0c\u5927\u4f5c\u7ea2\u7ea2\u706b\u706b\u3002\u540c\u65f6\uff0c\u4e5f\u6b22\u8fce\u4f60\u6709\u7a7a\u5e38\u6765\u505a\u5ba2\uff0c\u661f\u7a7a\u5df2\u5907\u597d\u7c97\u8336\u6de1\u996d\uff0c\u606d\u5019\u5927\u9a7e\uff0c\u671f\u5f85\u4e0e\u4f60\u4e00\u8d77\u6307\u70b9\u6c5f\u5c71\uff0c\u6fc0\u6602\u6587\u5b57\uff0c\u7545\u6e38\u4e66\u6d77\u4e16\u754c\u3002"}, {"userName": "\u72ec\u5b64\u6597wg", "userReviewDate": "2018-02-03", "userURL": "http://user.17k.com/14041930", "userReview": "<span style='color:black'>\u72ec\u5b64\u6597\u643a<a target='_blank' href='http://www.17k.com/book/446214.html'>\u300a\u68a6\u4e09\u56fd\u4e4b\u68a6\u4e2d\u60c5\u7f18\u300b</a>\u6765\u8bbf\uff0c\u52a0\u6cb9</span>"}, {"userName": "\u5355\u7ffc\u5929\u4f7f\u4e5f\u5b64\u5355", "userReviewDate": "2018-02-01", "userURL": "http://user.17k.com/44670399", "userReview": "\u6765\u6367\u573a\uff0c\u9009\u6750\u633a\u597d\uff0c\u7a0d\u7a0d\u63d0\u4e00\u4e9b\u5c0f\u5efa\u8bae\uff0c\u4f60\u53ef\u4ee5\u591a\u591a\u6ce8\u91cd\u4e00\u4e9b\u7ec6\u8282\u95ee\u9898\uff0c\u6bd4\u5982\u8bf4\u4eba\u7269\u7684\u795e\u6001\u52a8\u4f5c\uff0c\u8bfb\u8d77\u6765\u66f4\u6709\u5e26\u5165\u611f\u3002\u8fd8\u6709\u5e0c\u671b\u7248\u9762\u8bbe\u7f6e\u6ce8\u610f\u4e00\u4e9b\uff0c\u5927\u6bb5\u5927\u6bb5\u5b57\u6709\u4e9b\u5bc6\u5bc6\u9ebb\u9ebb\u7684\uff0c\u6574\u4f53\u770b\u8d77\u6765\u5f88\u5bb9\u6613\u8ba9\u4eba\u4e22\u5931\u9605\u8bfb\u5174\u8da3\uff0c\u50b2\u96ea\u52a0\u6cb9\uff01"}, {"userName": "\u309b\u6155\u767d\u3064", "userReviewDate": "2018-02-01", "userURL": "http://user.17k.com/47856613", "userReview": "\u6765\u6367\u573a\uff01\u52a0\u6cb9\u52a0\u6cb9"}], "description": "\u68a6\u4ea6\u68a6\uff0c\u68a6\u975e\u68a6\uff01\u3000\u3000\u68a6\u9192\u540e\uff0c\u53c8\u662f\u53e6\u4e00\u4e2a\u4e16\u754c\uff01\u3000\u3000\u631a\u7231\u6ca6\u4e3a\u4ed6\u4eba\u59bb\u59be\uff01\u3000\u3000\u60ca\u5929\u6b66\u529b\uff0c\u5f00\u542f\u4e71\u4e16\uff01", "title": "\u4e09\u56fd\u4e71\u4e16\u6218\u795e", "url": "http://www.17k.com/book/2758380.html", "average": -1.0, "cover": "http://img.17k.com/images/bookcover/2018/13791/68/2758380-1517733709000.jpg", "reviews": 14001, "authors": [{"url": "http://www.17k.com/zuozhe/59127205", "name": "\u50b2\u96ea\u7ea2\u5c18"}], "type": ["\u5386\u53f2\u7a7f\u8d8a"], "outlinks": ["http://www.17k.com/book/2794982.html", "http://www.17k.com/book/2801292.html", "http://www.17k.com/book/2816318.html", "http://www.17k.com/book/2797575.html", "http://www.17k.com/book/2802516.html", "http://www.17k.com/book/2812195.html", "http://www.17k.com/book/2820143.html", "http://www.17k.com/book/2807943.html", "http://www.17k.com/book/2813457.html", "http://www.17k.com/book/2798058.html", "http://www.17k.com/book/2815617.html", "http://www.17k.com/book/2805259.html", "http://www.17k.com/book/2760255.html", "http://www.17k.com/book/2686894.html", "http://www.17k.com/book/2797016.html", "http://www.17k.com/book/2767246.html", "http://www.17k.com/book/2764239.html", "http://www.17k.com/book/2754498.html", "http://www.17k.com/book/2754900.html", "http://www.17k.com/book/2625740.html", "http://www.17k.com/book/2213315.html", "http://www.17k.com/book/2402178.html", "http://www.17k.com/book/2691221.html", "http://www.17k.com/book/2210699.html", "http://www.17k.com/book/1797752.html", "http://www.17k.com/book/2575507.html", "http://www.17k.com/book/2705181.html", "http://www.17k.com/book/2702539.html", "http://www.17k.com/book/2474887.html", "http://www.17k.com/book/2674733.html", "http://www.17k.com/book/2822076.html", "http://www.17k.com/book/2809894.html", "http://www.17k.com/book/2822077.html", "http://www.17k.com/book/2811930.html", "http://www.17k.com/book/2815548.html", "http://www.17k.com/book/2819620.html", "http://www.17k.com/book/2809964.html", "http://www.17k.com/book/2808200.html", "http://www.17k.com/book/2820100.html", "http://www.17k.com/book/2822978.html", "http://www.17k.com/book/2804337.html", "http://www.17k.com/book/2798814.html", "http://www.17k.com/book/2785153.html", "http://www.17k.com/book/2731559.html", "http://www.17k.com/book/2722533.html", "http://www.17k.com/book/2458377.html", "http://www.17k.com/book/2743300.html", "http://www.17k.com/book/973809.html", "http://www.17k.com/book/2651367.html", "http://www.17k.com/book/2726194.html", "http://www.17k.com/book/2790214.html", "http://www.17k.com/book/493239.html", "http://www.17k.com/book/108821.html", "http://www.17k.com/book/1398783.html", "http://www.17k.com/book/83528.html", "http://www.17k.com/book/1859126.html", "http://www.17k.com/book/1741975.html", "http://www.17k.com/book/192453.html", "http://www.17k.com/book/2459058.html", "http://www.17k.com/book/1050747.html", "http://www.17k.com/book/2700315.html", "http://www.17k.com/book/2818940.html", "http://www.17k.com/book/2819519.html", "http://www.17k.com/book/2816390.html", "http://www.17k.com/book/2819588.html", "http://www.17k.com/book/2813768.html", "http://www.17k.com/book/2822406.html", "http://www.17k.com/book/2772164.html", "http://www.17k.com/book/2784023.html", "http://www.17k.com/book/2811877.html", "http://www.17k.com/book/2809119.html", "http://www.17k.com/book/2803700.html", "http://www.17k.com/book/2819561.html", "http://www.17k.com/book/2746506.html", "http://www.17k.com/book/2811836.html", "http://www.17k.com/book/2614810.html", "http://www.17k.com/book/1592435.html", "http://www.17k.com/book/1949748.html", "http://www.17k.com/book/2265802.html", "http://www.17k.com/book/2743240.html", "http://www.17k.com/book/2657437.html", "http://www.17k.com/book/2644502.html", "http://www.17k.com/book/2199900.html", "http://www.17k.com/book/2725436.html", "http://www.17k.com/book/2629978.html"]}