{"ratings": -1, "userreviews": [{"userName": "\u4e1c\u8f66\u541b", "userReviewDate": "2017-06-28", "userURL": "http://user.17k.com/54199050", "userReview": "\u4e1c\u8f66\u541b\u8a00\uff1a\u672c\u4e66\u500f\u5ffd\u95f4\u5df2\u8d8a\u8fc7\u767e\u7ae0\uff0c\u62df\u7ee7\u7eed\u5c55\u5f00\u5168\u65b0VIP\u7ae0\u8282\uff0c\u4e66\u5199\u6211\u5fc3\u4e2d\u7684\u4e09\u56fd\u6b66\u5c06\u8c0b\u81e3\u3001\u6218\u4e89\u7b56\u5212\u3001\u5c14\u865e\u6211\u8bc8\u3001\u7537\u6b22\u5973\u7231\uff1b\u51fa\u573a\u4eba\u7269\u5c06\u6b21\u7b2c\u589e\u957f\uff0c\u5178\u97e6\u3001\u5415\u5e03\u3001\u5f20\u8fbd\u3001\u5b59\u7b56\u3001\u592a\u53f2\u6148\u7b49\u5c06\u6b21\u7b2c\u51fa\u573a\u4eae\u76f8\uff0c\u52a0\u5165\u4e09\u56fd\u7fa4\u9f99\u3002\u7279\u522b\u662f\u4e0e\u8463\u5353\u519b\u4e8b\u96c6\u56e2\u3001\u66f9\u64cd\u519b\u4e8b\u96c6\u56e2\u3001\u5b59\u6743\u519b\u4e8b\u96c6\u56e2\u3001\u5218\u5907\u519b\u4e8b\u96c6\u56e2\u7684\u8fde\u573a\u5927\u6218\uff0c\u5404\u5c55\u5947\u8c0b\uff0c\u5c06\u8d8a\u6765\u8d8a\u7cbe\u5f69\u3002\u4e1c\u8f66\u541b\u5174\u8da3\u4e4b\u4f5c\uff0c\u8bf7\u5404\u4f4d\u559c\u7231\u4e09\u56fd\u7684\u4e66\u8ff7\u7ee7\u7eed\u652f\u6301\u3002\u8bf7\u8d50\u4e88\u6211\u529b\u91cf\uff01\u5404\u79cd\u5956\u52b1\u548c\u5404\u79cd\u7ea2\u5305\uff01\u5404\u79cd\u8ba2\u9605<img src='http://img.17k.com/images/face/103ai.gif' />\u4e07\u5206\u611f\u8c22\uff0c\u62dc\u8c22\uff01\u4e5f\u671b\u7559\u8a00\u4ea4\u6d41\uff0c\u6b22\u8fce\u8bc4\u8bba\u3002"}, {"userName": "\u614e\u8bfbqq776081505", "userReviewDate": "2017-05-25", "userURL": "http://user.17k.com/55321464", "userReview": "\u5199\u7684\u5f88\u597d\uff0c\u6211\u662f\u4f60\u7684\u7c89\uff0c\u52a0\u6cb9\u5199\uff0c\u8be6\u804a\u770b\u6211\u540d\u5b57\u3002"}, {"userName": "\u5317\u4e91\u98de\u9e64", "userReviewDate": "2018-05-18", "userURL": "http://user.17k.com/37684687", "userReview": "\u5199\u7684\u975e\u5e38\u597d\uff0c\u5f88\u559c\u6b22\uff0c\u4e2a\u4eba\u89c9\u5f97\u80fd\u5728\u4f17\u591a\u8f83\u597d\u7684\u4e09\u56fd\u4f5c\u54c1\u4e2d\u6392\u4e0a\u53f7\uff01"}, {"userName": "\u9ec4\u74dc\u7684\u5bbf\u547d", "userReviewDate": "2018-02-10", "userURL": "http://user.17k.com/53195742", "userReview": "<a target='_blank' href='http://www.17k.com/book/2377865.html'>\u300a\u81f3\u9738\u82cd\u751f\u8bc0\u300b</a>\u6765\u8bbf\uff0c\u6c42\u652f\u6301\u6c42\u6269\u6563\uff0c\u87f9\u87f9\u3002"}, {"userName": "\u98de\u96ea\u4e71\u6e05\u98ce", "userReviewDate": "2018-02-02", "userURL": "http://user.17k.com/45159154", "userReview": "<span style='color:black'>\u65e9 &nbsp; &nbsp;</span>"}, {"userName": "\u674e\u65e0\u547d", "userReviewDate": "2018-01-13", "userURL": "http://user.17k.com/57024055", "userReview": "\u643a<a target='_blank' href='http://www.17k.com/book/2654528.html'>\u300a\u51a5\u5929\u697c\u300b</a>\u6765\u8bbf"}, {"userName": "\u98de\u96ea\u4e71\u6e05\u98ce", "userReviewDate": "2017-12-29", "userURL": "http://user.17k.com/45159154", "userReview": "<a target='_blank' href='http://www.17k.com/book/2677053.html'>\u300a\u9b54\u5984\u300b</a>\u6765\u8bbf\uff0c\u5348\u597d\uff0c\u4e1c\u8f66"}, {"userName": "\u963f\u697c2", "userReviewDate": "2017-11-25", "userURL": "http://user.17k.com/58593168", "userReview": "[\u6253\u8d4f]\u6211\u6253\u8d4f\u4e86200\u5143\u7ea2\u5305\uff01\uff01"}, {"userName": "\u963f\u697c2", "userReviewDate": "2017-11-25", "userURL": "http://user.17k.com/58593168", "userReview": "[\u6253\u8d4f]\u6211\u6253\u8d4f\u4e86200\u5143\u7ea2\u5305\uff01\uff01"}, {"userName": "\u963f\u697c2", "userReviewDate": "2017-11-25", "userURL": "http://user.17k.com/58593168", "userReview": "[\u6253\u8d4f]\u6211\u6253\u8d4f\u4e86300\u5143\u7ea2\u5305\uff01\uff01"}, {"userName": "\u5982\u6708028476375", "userReviewDate": "2017-11-25", "userURL": "http://user.17k.com/58593458", "userReview": "[\u6253\u8d4f]\u6211\u6253\u8d4f\u4e86188\u5143\u7ea2\u5305\uff01\uff01"}, {"userName": "\u5982\u6708028476375", "userReviewDate": "2017-11-25", "userURL": "http://user.17k.com/58593458", "userReview": "[\u6253\u8d4f]\u6211\u6253\u8d4f\u4e8688\u5143\u7ea2\u5305\uff01\uff01"}, {"userName": "\u5982\u6708028476375", "userReviewDate": "2017-11-25", "userURL": "http://user.17k.com/58593458", "userReview": "[\u6253\u8d4f]\u6211\u6253\u8d4f\u4e86188\u5143\u7ea2\u5305\uff01\uff01"}, {"userName": "\u6d77\u9614\u5929\u7a7a5097", "userReviewDate": "2017-11-25", "userURL": "http://user.17k.com/58593319", "userReview": "[\u6253\u8d4f]\u6211\u6253\u8d4f\u4e86188\u5143\u7ea2\u5305\uff01\uff01"}, {"userName": "\u963f\u697c2", "userReviewDate": "2017-11-25", "userURL": "http://user.17k.com/58593168", "userReview": "[\u6253\u8d4f]\u6211\u6253\u8d4f\u4e86188\u5143\u7ea2\u5305\uff01\uff01"}, {"userName": "\u674e\u65e0\u547d", "userReviewDate": "2017-11-10", "userURL": "http://user.17k.com/57024055", "userReview": "<a target='_blank' href='http://www.17k.com/book/2654528.html'>\u300a\u51a5\u5929\u697c\u300b</a>\u524d\u6765\u62dc\u8bbf\uff0c\u9c9c\u82b1\u9001\u4e0a\u3002"}, {"userName": "xmqhome", "userReviewDate": "2017-11-05", "userURL": "http://user.17k.com/1121751", "userReview": "<a target='_blank' href='http://www.17k.com/book/799926.html'>\u300a\u4ed9\u7f18\u65e0\u9650\u300b</a>\u6765\u8bbf\uff0c\u6492\u82b1\u652f\u6301\uff0c\u575a\u6301\u5230\u5e95\u5c31\u662f\u80dc\u5229\uff01"}, {"userName": "\u601d\u5ff5\u5f52\u9014", "userReviewDate": "2017-10-27", "userURL": "http://user.17k.com/57760269", "userReview": "KHGVV\u6c42\u5165\u5751<a target='_blank' href='http://www.17k.com/book/2695767.html'>\u300a\u6211\u7684\u5cb3\u7236\u5927\u5927\u662f\u960e\u738b\u300b</a>"}, {"userName": "xmqhome", "userReviewDate": "2017-10-25", "userURL": "http://user.17k.com/1121751", "userReview": "<a target='_blank' href='http://www.17k.com/book/799926.html'>\u300a\u4ed9\u7f18\u65e0\u9650\u300b</a>\u6765\u8bbf\uff0c\u6492\u82b1\u652f\u6301\uff0c\u795d\u5927\u4f5c\u8d8a\u5199\u8d8a\u597d\uff0c\u65e9\u6210\u5927\u795e\uff01"}, {"userName": "\u601d\u5ff5\u5f52\u9014", "userReviewDate": "2017-10-16", "userURL": "http://user.17k.com/57760269", "userReview": "ccccc\u6765\u5b66\u4e60 \u6c42\u6536\u85cf<a target='_blank' href='http://www.17k.com/book/2677608.html'>\u300a\u8fd9\u4e2a\u5c0f\u5b50\u6709\u70b9\u574f\u300b</a>"}], "description": "\u516c\u51432174\u5e74\uff0c\u56fd\u5bb6\u5b89\u5168\u5c40\u7279\u52e4M5\u7cbe\u82f1\u5c0f\u7ec4\u7684\u7ec4\u957f\u9648\u9f99\uff0c\u4e00\u76f4\u8d1f\u8d23\u65b0\u664b\u7cbe\u82f1\u7ea7\u7ec4\u5458\u7684\u57f9\u8bad\uff0c\u4e3a\u5404\u7ea7\u7279\u5de5\u7ec4\u7ec7\u8f93\u9001\u4e86\u4e00\u6279\u53c8\u4e00\u6279\u7279\u7ea7\u7cbe\u82f1\u7ec4\u5458\uff0c\u5728\u53cd\u6050\u6597\u4e89\u4ee5\u53ca\u4e0e\u7c73\u56fd\u548c\u7f57\u65af\u56fd\u7684\u7ade\u4e89\u4e2d\u5c61\u7acb\u5947\u529f\u3002\u7136\u800c\uff0c\u5728\u6700\u65b0\u4e00\u6279\u7684\u7279\u5de5\u9009\u62d4\u4e2d\uff0c\u4ece\u8fd1\u536b\u519b\u56e2\u3001\u8b66\u5bdf\u90e8\u961f\u3001\u6b66\u8b66\u90e8\u961f\u9009\u62d4\u51fa\u7684130\u540d\u79cd\u5b50\u9009\u624b\uff0c\u7adf\u7136\u5168\u90e8\u5728\u603b\u90e8\u590d\u8bd5\u4e2d\u88ab\u6dd8\u6c70\uff0c\u56fd\u5b89\u5c40\u9762\u4e34\u524d\u6240\u672a\u6709\u7684\u4eba\u624d\u67af\u7aed\u7684\u7a98\u5883\u3002\u603b\u90e8\u9996\u957f\u8054\u5e2d\u4f1a\u8bae\u4e2d\uff0c\u5c40\u957f\u4eb2\u81ea\u786e\u5b9a\u4e86\u4f7f\u7528\u6700\u65b0\u7684JS899\u578b\u65f6\u7a7a\u7a7f\u68ad\u673a\uff0c\u6d3e\u9648\u9f99\u56de\u5230\u5929\u56fd\u5386\u53f2\u4e2d\u5bfb\u627e\u82f1\u96c4\u4e3a\u6211\u6240\u7528\u7684\u65b9\u9488\uff0c\u7a7f\u8d8a\u7684\u65f6\u7a7a\u786e\u5b9a\u5728\u4e86\u5929\u56fd\u5386\u53f2\u4e0a\u82f1\u96c4\u8f88\u51fa\u7684\u4e09\u56fd\u65f6\u4ee3\u3002\u968f\u7740\u7a7f\u68ad\u673a\u7684\u6570\u58f0\u8702\u9e23\uff0c\u4e00\u573a\u6ce2\u6f9c\u58ee\u9614\u7684\u4e09\u56fd\u5386\u53f2\u82f1\u96c4\u753b\u5377\u5c31\u6b64\u5c55\u5f00\u3002\u3002\u3000\u3000\u6b63\u662f\uff1a\u6eda\u6eda\u957f\u6c5f\u4e1c\u901d\u6c34\uff0c\u6dd8\u5c3d\u82f1\u96c4\u9f99\u59cb\u5f52\u3002", "title": "\u4e09\u56fd\u5bfb\u9f99\u8bb0", "url": "http://www.17k.com/book/2429386.html", "average": -1.0, "cover": "http://img.17k.com/images/bookcover/2017/12146/60/2429386-1502073501000.jpg", "reviews": 29994, "authors": [{"url": "http://www.17k.com/zuozhe/54199050", "name": "\u4e1c\u8f66\u541b"}], "type": ["\u5386\u53f2\u7a7f\u8d8a"], "outlinks": ["http://www.17k.com/book/2794982.html", "http://www.17k.com/book/2801292.html", "http://www.17k.com/book/2816318.html", "http://www.17k.com/book/2797575.html", "http://www.17k.com/book/2802516.html", "http://www.17k.com/book/2812195.html", "http://www.17k.com/book/2820143.html", "http://www.17k.com/book/2807943.html", "http://www.17k.com/book/2813457.html", "http://www.17k.com/book/2798058.html", "http://www.17k.com/book/2815617.html", "http://www.17k.com/book/2805259.html", "http://www.17k.com/book/2760255.html", "http://www.17k.com/book/2686894.html", "http://www.17k.com/book/2797016.html", "http://www.17k.com/book/2767246.html", "http://www.17k.com/book/2764239.html", "http://www.17k.com/book/2754498.html", "http://www.17k.com/book/2754900.html", "http://www.17k.com/book/2625740.html", "http://www.17k.com/book/2213315.html", "http://www.17k.com/book/2402178.html", "http://www.17k.com/book/2691221.html", "http://www.17k.com/book/2210699.html", "http://www.17k.com/book/1797752.html", "http://www.17k.com/book/2575507.html", "http://www.17k.com/book/2705181.html", "http://www.17k.com/book/2702539.html", "http://www.17k.com/book/2474887.html", "http://www.17k.com/book/2674733.html", "http://www.17k.com/book/2822076.html", "http://www.17k.com/book/2809894.html", "http://www.17k.com/book/2822077.html", "http://www.17k.com/book/2811930.html", "http://www.17k.com/book/2815548.html", "http://www.17k.com/book/2819620.html", "http://www.17k.com/book/2809964.html", "http://www.17k.com/book/2808200.html", "http://www.17k.com/book/2820100.html", "http://www.17k.com/book/2822978.html", "http://www.17k.com/book/2804337.html", "http://www.17k.com/book/2798814.html", "http://www.17k.com/book/2785153.html", "http://www.17k.com/book/2731559.html", "http://www.17k.com/book/2722533.html", "http://www.17k.com/book/2458377.html", "http://www.17k.com/book/2743300.html", "http://www.17k.com/book/973809.html", "http://www.17k.com/book/2651367.html", "http://www.17k.com/book/2726194.html", "http://www.17k.com/book/2790214.html", "http://www.17k.com/book/493239.html", "http://www.17k.com/book/108821.html", "http://www.17k.com/book/1398783.html", "http://www.17k.com/book/83528.html", "http://www.17k.com/book/1859126.html", "http://www.17k.com/book/1741975.html", "http://www.17k.com/book/192453.html", "http://www.17k.com/book/2459058.html", "http://www.17k.com/book/1050747.html", "http://www.17k.com/book/2700315.html", "http://www.17k.com/book/2818940.html", "http://www.17k.com/book/2819519.html", "http://www.17k.com/book/2816390.html", "http://www.17k.com/book/2819588.html", "http://www.17k.com/book/2813768.html", "http://www.17k.com/book/2822406.html", "http://www.17k.com/book/2772164.html", "http://www.17k.com/book/2784023.html", "http://www.17k.com/book/2811877.html", "http://www.17k.com/book/2809119.html", "http://www.17k.com/book/2803700.html", "http://www.17k.com/book/2819561.html", "http://www.17k.com/book/2746506.html", "http://www.17k.com/book/2811836.html", "http://www.17k.com/book/2614810.html", "http://www.17k.com/book/1592435.html", "http://www.17k.com/book/1949748.html", "http://www.17k.com/book/2265802.html", "http://www.17k.com/book/2743240.html", "http://www.17k.com/book/2657437.html", "http://www.17k.com/book/2644502.html", "http://www.17k.com/book/2199900.html", "http://www.17k.com/book/2725436.html", "http://www.17k.com/book/2629978.html"]}