{"ratings": -1, "userreviews": [{"userName": "\u5f80\u4e8b\u968f\u98ce021770780", "userReviewDate": "2018-06-03", "userURL": "http://user.17k.com/56179600", "userReview": "\u9b3c\u8fd8\u4f1a\u6d41\u8840\u5417\uff1f \u800c\u4e14\u666e\u901a\u4eba\u4e5f\u53ef\u4ee5\u770b\u89c1\u9b3c\uff0c\u524d\u9762\u4e0d\u662f\u8bf4\u4ed6\u8fd9\u4e2a\u804c\u4e1a\u53ef\u4ee5\u770b\u89c1\u5417\uff1f"}, {"userName": "Aka.LL", "userReviewDate": "2018-05-31", "userURL": "http://user.17k.com/61077778", "userReview": "\u7537\u4e3b\u89d2\u5bf9\u5973\u732a\u811a\u7684\u8bf4\u7684\u90a3\u4e9b\u8bdd\uff0c\u770b\u7684\u8ba9\u6211\u611f\u89c9\u50cf\u5403\u4e86\u5c4e\u4e00\u6837\uff0c\u5199\u592a\u505a\u4f5c\u4e86\uff01"}, {"userName": "17K\u4e66\u53cbLVPZ5HT7", "userReviewDate": "2018-05-20", "userURL": "http://user.17k.com/61916419", "userReview": "\u8fd8\u6bd4\u8f83\u597d\u770b\u5427^_^"}, {"userName": "Miracle-912448674", "userReviewDate": "2018-05-11", "userURL": "http://user.17k.com/61674593", "userReview": "\u7b49\u4e0d\u6025\u7684\u770b\u5b98\uff0c\u53ef\u4ee5\u5173\u6ce8v\u4fe1\u516c\u4f17\u53f7\uff1azhuishushe \u56de\u590d\u60f3\u8981\u7684\u8d44\u6e90\u540d\u79f0 \u5c31\u53ef\u4ee5\u89c2\u770b\u5b8c\u6574\u7248\u5566\uff01"}, {"userName": "mirBcle", "userReviewDate": "2018-05-11", "userURL": "http://user.17k.com/61674557", "userReview": "\u7b49\u4e0d\u6025\u7684\u770b\u5b98\uff0c\u53ef\u4ee5\u5173\u6ce8v\u4fe1\u516c\u4f17\u53f7\uff1azhuishushe \u56de\u590d\u60f3\u8981\u7684\u8d44\u6e90\u540d\u79f0 \u5c31\u53ef\u4ee5\u89c2\u770b\u5b8c\u6574\u7248\u5566\uff01"}, {"userName": "\u90a3\u5e74380652210", "userReviewDate": "2018-05-09", "userURL": "http://user.17k.com/43862336", "userReview": "<a target='_blank' href='http://www.17k.com/book/2737782.html'>\u300a\u5e9f\u6750\u533b\u4ed9\u300b</a>\u62dc\u8bbf\uff0c\u652f\u6301\u5927\u5927\u3002"}, {"userName": "\u8a93\u8a00 \u3002\u201c&#55356;&#56882;\u201d", "userReviewDate": "2018-05-05", "userURL": "http://user.17k.com/50357008", "userReview": "\u770b\u4e86\u4e00\u7ae0\uff0c\u4e0d\u592a\u4e60\u60ef\u7b2c\u4e00\u4eba\u79f0\u3002\u3002"}, {"userName": "\u8a93\u8a00 \u3002\u201c&#55356;&#56882;\u201d", "userReviewDate": "2018-05-05", "userURL": "http://user.17k.com/50357008", "userReview": "\u5168\u662f\u5176\u4ed6\u4f5c\u8005\u6765\u8e29\u70b9\u6253\u5e7f\u544a\u7684\u5440"}, {"userName": "\u8015\u8bb7\u658b\u4e3b", "userReviewDate": "2018-04-13", "userURL": "http://user.17k.com/53122581", "userReview": "\u7cbe\u5f69\uff0c\u60ca\u5fc3\uff0c\u52a0\u6cb9\u3002"}, {"userName": "\u661f\u7a7a\u591c\u68a6\u58f9", "userReviewDate": "2018-03-16", "userURL": "http://user.17k.com/58116533", "userReview": "\u5389\u5bb3\u4e86\uff0c\u6211\u7684\u5927\u5927\uff0c\u819c\u62dc\u5b66\u4e60"}, {"userName": "\u6c90\u7efe\u5fc3", "userReviewDate": "2018-03-15", "userURL": "http://user.17k.com/56322246", "userReview": "\u52a0\u6cb9\u2196(^\u03c9^)\u2197\uff0c\u4e00\u8d77\u52aa\u529b\uff01"}, {"userName": "17K\u4e66\u53cbi6h8uflx", "userReviewDate": "2018-03-12", "userURL": "http://user.17k.com/58277429", "userReview": "1234567890"}, {"userName": "\u4ed6\u4eec\u53eb\u6211\u4e5d\u53d4", "userReviewDate": "2018-03-08", "userURL": "http://user.17k.com/55419563", "userReview": "\u62dc\u8fc7\uff01"}, {"userName": "\u89d2\u843d\u5904\u7684\u72fc", "userReviewDate": "2018-03-06", "userURL": "http://user.17k.com/58137971", "userReview": "\u4e0b\u5348\u597d\uff0c<a target='_blank' href='http://www.17k.com/book/2710936.html'>\u300a\u5b85\u7537\u7cfb\u7edf\u300b</a>\u524d\u6765\u652f\u6301\uff0c666666666666666666666666666"}, {"userName": "\u795e\u5170\u9675\u738b", "userReviewDate": "2018-03-04", "userURL": "http://user.17k.com/57127153", "userReview": "<a target='_blank' href='http://www.17k.com/book/2788538.html'>\u300a\u795e\u4e4b\u7ee3\u300b</a>\u5927\u5bb6\u770b\u4e00\u770b\uff0c\u5c0f\u670b\u53cb\u5199\u7684\uff0c\u5927\u5bb6\u652f\u6301\u9f13\u52b1\u4e00\u4e0b &nbsp; &nbsp;&nbsp;"}, {"userName": "\u6211\u662f\u5b89\u5b50\u82e5", "userReviewDate": "2018-03-04", "userURL": "http://user.17k.com/33557254", "userReview": "<span style='color:black'><a target='_blank' href='http://www.17k.com/book/2787702.html'>\u300a\u5348\u591c\u638c\u706f\u4eba\u300b</a>\u6765\u8bbf\uff0c\u9001\u82b1\u652f\u6301\uff0c\u795d\u8d8a\u5199\u8d8a\u597d\uff0c\u4eba\u6c14\u9ad8\u9ad8\uff01</span>"}, {"userName": "\u6de1\u7b11\u770b\u4eba\u751f", "userReviewDate": "2018-03-01", "userURL": "http://user.17k.com/45473276", "userReview": "<a target='_blank' href='http://www.17k.com/book/1728734.html'>\u300a\u8d5a\u94b1\u8bb0\u300b</a>\u795d\u5927\u5927\u4f5c\u54c1\u52c7\u6500\u66f4\u9ad8\u5c71\u5cf0\u3002"}, {"userName": "\u6de1\u7b11\u770b\u4eba\u751f", "userReviewDate": "2018-03-01", "userURL": "http://user.17k.com/45473276", "userReview": "<a target='_blank' href='http://www.17k.com/book/1728734.html'>\u300a\u8d5a\u94b1\u8bb0\u300b</a>\u795d\u5927\u5927\u4f5c\u54c1\u52c7\u6500\u66f4\u9ad8\u5c71\u5cf0\u3002"}, {"userName": "\u98de\u96ea\u4e71\u6e05\u98ce", "userReviewDate": "2018-02-25", "userURL": "http://user.17k.com/45159154", "userReview": "<a target='_blank' href='http://www.17k.com/book/2677053.html'>\u300a\u9b54\u5984\u300b</a>\u6765\u8bbf\uff0c\u5348\u597d\uff0c\u79d8\u8f9b\u8005"}, {"userName": "K\u5c0f\u5f00", "userReviewDate": "2018-02-24", "userURL": "http://user.17k.com/58509881", "userReview": "<a target='_blank' href='http://www.17k.com/book/2724684.html'>\u300a\u4e00\u5ff5\u539f\u7f6a\u300b</a>\u524d\u6765\u6c42\u6559\uff0c\u671b\u6307\u70b9\uff0c\u611f\u6fc0\u4e0d\u5c3d\uff01"}], "description": "\u5f00\u5c71\u5320\uff0c\u53e4\u65f6\u6316\u5893\u6398\u5751\u7684\u795e\u79d8\u804c\u4e1a\u3002\u3000\u3000\u5230\u6211\u8fd9\u5df2\u7ecf\u7b2c\u516b\u4ee3\u4e86\u3002\u3000\u3000\u4f46\u6211\u4e03\u516b\u5c81\u7684\u65f6\u5019\uff0c\u6709\u5929\u591c\u91cc\u4e0b\u7740\u5927\u96e8\uff0c\u6211\u7238\u628a\u6211\u5e26\u5230\u5341\u91cc\u5916\u7684\u4e71\u846c\u5c97\u3002\u3000\u3000\u4ed6\u50cf\u75af\u4e86\u4e00\u6837\u64ac\u5f00\u4e00\u53e3\u68fa\u6750\uff0c\u90a3\u68fa\u6750\u91cc\u9762\u8eba\u7740\u4e00\u4e2a\u5973\u5c38\uff0c\u715e\u767d\u7684\u8138\uff0c\u663e\u7136\u6b7b\u4e86\u5f88\u4e45\u3002\u3000\u3000\u4ed6\u903c\u6211\u53ef\u7834\u624b\u6307\u653e\u5728\u5979\u7684\u5634\u5507\u4e0a\uff0c\u4e4b\u540e\u4ed6\u5c31\u6d88\u5931\u4e86\uff0c\u90a3\u628a\u5f00\u5c71\u94f2\u5c31\u4ea4\u5230\u4e86\u6211\u624b\u4e0a\u3002\u3000\u3000\u8fd8\u53ee\u5631\u6211\u8981\u662f\u6709\u8fc7\u4e0d\u53bb\u7684\u574e\u5c31\u8fc7\u6765\u6316\u5f00\u5b83\u3002\u3000\u3000\u6211\u4ee5\u4e3a\u6211\u7edd\u5bf9\u4e0d\u4f1a\u5f00\u68fa\uff0c\u4f46\u662f\u5341\u5e74\u540e\uff0c\u968f\u7740\u4e03\u5976\u5976\u7684\u6b7b\u4e00\u5207\u90fd\u53d8\u4e86......\u3000\u3000576937870\u8bfb\u8005\u7fa4\uff0c\u65e7\u4e66\u300a\u751f\u8fd8\u6e38\u620f\u300b\u6b22\u8fce\u5927\u5bb6\u6367\u573a\u3002", "title": "\u4e09\u66f4\u542c\u5c38", "url": "http://www.17k.com/book/2656826.html", "average": -1.0, "cover": "http://img.17k.com/images/bookcover/2017/13284/66/2656826-1506054758000.jpg", "reviews": 508035, "authors": [{"url": "http://www.17k.com/zuozhe/46561239", "name": "\u79d8\u8f9b\u8005"}], "type": ["\u7075\u5f02\u5947\u8c08"], "outlinks": ["http://www.17k.com/book/2794982.html", "http://www.17k.com/book/2801292.html", "http://www.17k.com/book/2816318.html", "http://www.17k.com/book/2797575.html", "http://www.17k.com/book/2802516.html", "http://www.17k.com/book/2812195.html", "http://www.17k.com/book/2820143.html", "http://www.17k.com/book/2807943.html", "http://www.17k.com/book/2813457.html", "http://www.17k.com/book/2798058.html", "http://www.17k.com/book/2815617.html", "http://www.17k.com/book/2805259.html", "http://www.17k.com/book/2760255.html", "http://www.17k.com/book/2686894.html", "http://www.17k.com/book/2797016.html", "http://www.17k.com/book/2767246.html", "http://www.17k.com/book/2764239.html", "http://www.17k.com/book/2754498.html", "http://www.17k.com/book/2754900.html", "http://www.17k.com/book/2625740.html", "http://www.17k.com/book/2213315.html", "http://www.17k.com/book/2402178.html", "http://www.17k.com/book/2691221.html", "http://www.17k.com/book/2210699.html", "http://www.17k.com/book/1797752.html", "http://www.17k.com/book/2575507.html", "http://www.17k.com/book/2705181.html", "http://www.17k.com/book/2702539.html", "http://www.17k.com/book/2474887.html", "http://www.17k.com/book/2674733.html", "http://www.17k.com/book/2822076.html", "http://www.17k.com/book/2809894.html", "http://www.17k.com/book/2822077.html", "http://www.17k.com/book/2811930.html", "http://www.17k.com/book/2815548.html", "http://www.17k.com/book/2819620.html", "http://www.17k.com/book/2809964.html", "http://www.17k.com/book/2808200.html", "http://www.17k.com/book/2820100.html", "http://www.17k.com/book/2822978.html", "http://www.17k.com/book/2804337.html", "http://www.17k.com/book/2798814.html", "http://www.17k.com/book/2785153.html", "http://www.17k.com/book/2731559.html", "http://www.17k.com/book/2722533.html", "http://www.17k.com/book/2458377.html", "http://www.17k.com/book/2743300.html", "http://www.17k.com/book/973809.html", "http://www.17k.com/book/2651367.html", "http://www.17k.com/book/2726194.html", "http://www.17k.com/book/2790214.html", "http://www.17k.com/book/493239.html", "http://www.17k.com/book/108821.html", "http://www.17k.com/book/1398783.html", "http://www.17k.com/book/83528.html", "http://www.17k.com/book/1859126.html", "http://www.17k.com/book/1741975.html", "http://www.17k.com/book/192453.html", "http://www.17k.com/book/2459058.html", "http://www.17k.com/book/1050747.html", "http://www.17k.com/book/2700315.html", "http://www.17k.com/book/2818940.html", "http://www.17k.com/book/2819519.html", "http://www.17k.com/book/2816390.html", "http://www.17k.com/book/2819588.html", "http://www.17k.com/book/2813768.html", "http://www.17k.com/book/2822406.html", "http://www.17k.com/book/2772164.html", "http://www.17k.com/book/2784023.html", "http://www.17k.com/book/2811877.html", "http://www.17k.com/book/2809119.html", "http://www.17k.com/book/2803700.html", "http://www.17k.com/book/2819561.html", "http://www.17k.com/book/2746506.html", "http://www.17k.com/book/2811836.html", "http://www.17k.com/book/2614810.html", "http://www.17k.com/book/1592435.html", "http://www.17k.com/book/1949748.html", "http://www.17k.com/book/2265802.html", "http://www.17k.com/book/2743240.html", "http://www.17k.com/book/2657437.html", "http://www.17k.com/book/2644502.html", "http://www.17k.com/book/2199900.html", "http://www.17k.com/book/2725436.html", "http://www.17k.com/book/2629978.html"]}