{"ratings": -1, "userreviews": [{"userName": "\u5241\u6912\u5927\u9c7c\u5934", "userReviewDate": "2014-11-28", "userURL": "http://user.17k.com/36389493", "userReview": "<span style='color:blue'>\u672c\u5ea7\u63a5\u624b\u4e66\u8bc4\u7ba1\u7406\uff01\u5e0c\u671b\u5927\u5bb6\u9075\u5b88\u597d\u4e66\u8bc4\u533a\u7684\u89c4\u77e9\uff01\u6253\u5e7f\u544a\u8bf7\u53bb\u5e7f\u544a\u697c\uff0c\u697c\u5185\u7684\u5e7f\u544a\u6709\u65f6\u95f4\u53bb\u56de\u8bbf\uff01\u697c\u5916\u4e00\u5f8b\u5220\u9664\u7981\u8a00\uff01\uff01\u522b\u6000\u7591\u672c\u5ea7\u7684\u4e13\u4e1a\u6c34\u5e73\uff01\uff01\u4e5f\u522b\u6311\u6218\u672c\u5ea7\u7684\u6743\u5a01\uff0c\u672c\u5ea7\u5c31\u662f\u53f7\u79f017k\u7b2c\u4e00\u4e66\u8bc4\u7ba1\u7406\u5458\u7684\u2014\u2014\u5241\u6912\u5927\u9c7c\u5934\uff01\uff01</span>"}, {"userName": "\u79cb\u83ab\u8a00", "userReviewDate": "2013-07-17", "userURL": "http://user.17k.com/2154819", "userReview": "\u5e7f\u544a\u697c\uff0c\u6253\u5728\u8fd9\u91cc\u7684\u5e7f\u544a\uff0c\u83ab\u8a00\u80af\u5b9a\u4e00\u4e00\u56de\u8bbf\uff0c\u5916\u9762\u7684\u5e7f\u544a\u4e00\u5f8b\u4e0d\u4f1a\u56de\u8bbf\uff0c\u751a\u81f3\u53ef\u80fd\u88ab\u98ce\u5439\u8d70\u54e6\uff0c\u8c22\u8c22\u5408\u4f5c\u3002"}, {"userName": "\u9ec4\u74dc\u7684\u5bbf\u547d", "userReviewDate": "2018-02-12", "userURL": "http://user.17k.com/53195742", "userReview": "<a target='_blank' href='http://www.17k.com/book/2377865.html'>\u300a\u81f3\u9738\u82cd\u751f\u8bc0\u300b</a>\u6765\u8bbf\uff0c\u6c42\u652f\u6301\u6c42\u6269\u6563\uff0c\u87f9\u87f9\u3002"}, {"userName": "\u97e3\u7b9b\u9011\u8d01", "userReviewDate": "2017-12-29", "userURL": "http://user.17k.com/59105996", "userReview": "\u5411\u5927\u5927\u5b66\u4e60\uff0c\u90fd\u5e02\u7206\u7b11\u65e0\u5398\u5934\u559c\u5267<a target='_blank' href='http://www.17k.com/book/2747068.html'>\u300a\u975e\u51e1\u4f7f\u547d\u300b</a>\u62dc\u4e0a\uff01\u7279\u522b\u63d0\u9192\uff1a\u770b\u4e66\u7684\u8fc7\u7a0b\u4e2d\uff0c\u7b11\u5c94\u6c14\u5c5e\u5e38\u6001\uff01"}, {"userName": "\u7ea2\u5c18a", "userReviewDate": "2017-10-18", "userURL": "http://user.17k.com/57639087", "userReview": "\u7ea2\u5c18\u643a\u65b0\u4f5c<a target='_blank' href='http://www.17k.com/book/2683049.html'>\u300a\u6052\u5e1d\u4f20\u8bf4\u300b</a>\u6765\u8bbf\uff0c\u795d\u5927\u5927\u5c0f\u8bf4\u8d8a\u6765\u8d8a\u7ea2\u706b\uff01\u4e5f\u5e0c\u671b\u5927\u5927\u4e0e\u60a8\u7684\u5c0f\u7c89\u4eec\u80fd\u53bb\u770b\u770b\u6211\u7684\u8fd9\u7bc7\u5c0f\u8bf4\uff0c\u6307\u51fa\u4e0d\u8db3\u4e4b\u5904\u3002\u5728\u6b64\uff0c\u7ea2\u5c18\u611f\u6fc0\u4e0d\u5c3d\uff01\uff01"}, {"userName": "\u9646\u6653\u75af", "userReviewDate": "2017-08-09", "userURL": "http://user.17k.com/14776216", "userReview": "<a target='_blank' href='http://www.17k.com/book/2410552.html'>\u300a\u76d7\u4ed9\u8bb0\u300b</a>\u62dc\u8bfb\u4f73\u4f5c\u3002"}, {"userName": "\u753b\u4e2d\u7f18", "userReviewDate": "2017-06-05", "userURL": "http://user.17k.com/55430373", "userReview": "\u65b0\u4eba\u65b0\u4e66<a target='_blank' href='http://www.17k.com/book/2517579.html'>\u300a\u805a\u7f18\u9601\u300b</a>\u6c42\u5927\u5bb6\u652f\u6301\u4e0b\uff0c\u73b0\u4ee3\u7248\u7684\u6c34\u6d52\uff0c\u4e09\u56fd\uff0c\u5c3d\u5728<a target='_blank' href='http://www.17k.com/book/2517579.html'>\u300a\u805a\u7f18\u9601\u300b</a>"}, {"userName": "\u4e09\u5343\u79cb\u97f5", "userReviewDate": "2017-05-19", "userURL": "http://user.17k.com/55208625", "userReview": "\u5c0f\u9053\u6765\u5927\u795e\u6d1e\u5e9c\u6cbe\u6cbe\u4ed9\u6c14<a target='_blank' href='http://www.17k.com/book/2497086.html'>\u300a\u9053\u9014\u5343\u79cb\u300b</a>\u524d\u6765\u62dc\u8bfb\uff01\u60a0\u60a0\u82cd\u51a5\u4f55\u4e3a\u9053\uff1f\u8f6e\u56de\u6da4\u5c3d\u82cd\u751f\u3002\u5343\u8f7d\u4fee\u884c\u8f6c\u5934\u7a7a\uff0c\u660e\u6708\u4f9d\u65e7\u5728\uff0c\u6545\u4eba\u5df2\u65e0\u8e2a\u3002\u65ad\u81c2\u7638\u817f\u964c\u8def\u4e0a\uff0c\u60ef\u770b\u82b1\u5f00\u82b1\u843d\u3002\u98ce\u4e2d\u72ec\u6e38\u96ea\u8df5\u884c\uff0c\u591a\u5c11\u8f9b\u9178\u6cea\uff0c\u90fd\u4ed8\u9053\u9014\u4e2d"}, {"userName": "\u53f6\u843d\u5b50\u75d5", "userReviewDate": "2017-05-15", "userURL": "http://user.17k.com/33080428", "userReview": "<a target='_blank' href='http://www.17k.com/book/2452410.html'>\u300a\u4e03\u4ed9\u5251\u4f20\u300b</a>\u524d\u6765\u62dc\u8bfb\uff0c\u9001\u82b1\uff01\u652f\u6301\uff01"}, {"userName": "\u6d77\u6d6a\u62cd\u77f3\u6d77\u6d6a\u62cd\u77f3", "userReviewDate": "2017-01-12", "userURL": "http://user.17k.com/17461003", "userReview": "\u83ab\u8a00\u65e2\u7136\u5ba2\u7a9c\u8001\u65bd\uff0c\u5148\u5b66\u5b66\u8001\u65bd\u7684\u6709\u5934\u6709\u5c3e\uff01\u8fd9\u6837\u540a\u5728\u4e2d\u95f4\u7b97\u4ec0\u4e48\uff1f"}, {"userName": "\u6d77\u6d6a\u62cd\u77f3\u6d77\u6d6a\u62cd\u77f3", "userReviewDate": "2017-01-12", "userURL": "http://user.17k.com/17461003", "userReview": "\u4e3a\u4ec0\u4e48\u4e0d\u66f4\u65b0\u4e86\uff1f"}, {"userName": "\u6d1b\u5c14\u6587", "userReviewDate": "2016-08-26", "userURL": "http://user.17k.com/49198265", "userReview": "<span style='color:black'>\u559c\u6b22\u8fd9\u672c\u4e66\u7684\uff0c\u53ef\u4ee5\u53bb\u770b\u770b<a target='_blank' href='http://www.17k.com/book/2090825.html'>\u300a\u8f6e\u56de\u5e7b\u300b</a>\uff0c\u8c22\u8c22\u4f60\u7684\u4e3e\u624b\u4e4b\u52b3</span>"}, {"userName": "\u6d1b\u5c14\u6587", "userReviewDate": "2016-08-26", "userURL": "http://user.17k.com/49198265", "userReview": "<span style='color:black'><a target='_blank' href='http://www.17k.com/book/2090825.html'>\u300a\u8f6e\u56de\u5e7b\u300b</a>\u8c22\u8c22\u4f60\u7684\u6765\u8bbf</span>"}, {"userName": "\u6cb3\u5185\u864e", "userReviewDate": "2016-07-28", "userURL": "http://user.17k.com/46901407", "userReview": "<a target='_blank' href='http://www.17k.com/book/1904073.html'>\u300a\u7f5a\u8dea\u5996\u5e1d\u300b</a>\u63a2\u4f73\u4f5c\u56de\u8bbf\u54e6"}, {"userName": "\u5bd2\u610f\u65b9\u6d53", "userReviewDate": "2016-06-19", "userURL": "http://user.17k.com/47365676", "userReview": "\u8fd9\u4e66\u600e\u4e48\u6ca1\u5199\u4e86"}, {"userName": "\u53cc\u9896\u7684\u5b88\u62a4\u751c\u5fc3", "userReviewDate": "2016-06-18", "userURL": "http://user.17k.com/46659320", "userReview": ""}, {"userName": "\u5c0f\u5fc3\u706b\u706b\u706b", "userReviewDate": "2016-06-09", "userURL": "http://user.17k.com/47260449", "userReview": "\u65b0\u4e66\u63a8\u8350<a target='_blank' href='http://www.17k.com/book/1914052.html'>\u300a\u4ed9\u7f18\u5947\u4fa0\u5251\u300b</a>\u9053\u53cb\u4eec\u5feb\u6765\u770b\u770b@@@@@@"}, {"userName": "\u51b0\u5c71VS\u96ea\u5cf0", "userReviewDate": "2016-03-28", "userURL": "http://user.17k.com/45792817", "userReview": "\u5199\u7684\u4e0d\u9519\u5f88\u5408\u6211\u7684\u53e3\u5473\u5e0c\u671b\u4f60\u80fd\u62ef\u6551\u5929\u4e0b\u82cd\u751f\u7684\u5185\u5bb9\u5199\u7684\u7cbe\u5f69"}, {"userName": "\u5bc2\u9759\u6811930696902", "userReviewDate": "2016-03-08", "userURL": "http://user.17k.com/43718782", "userReview": "<a target='_blank' href='http://www.17k.com/book/1737326.html'>\u300a\u79e6\u65f6\u660e\u6708\u4e4b\u957f\u7a7a\u5b64\u6708\u300b</a>\u5927\u5bb6\u5feb\u770b\uff0c\u4e00\u4e2a\u795e\u4f5c\uff0c\u524d\u6765\u62dc\u8bbf\u5427\uff0c\u652f\u6301\u5427\u3002"}, {"userName": "\u9ed8\u8bb0\u54e5", "userReviewDate": "2016-03-03", "userURL": "http://user.17k.com/32083390", "userReview": "\u7edd\u4e16\u597d\u4e66<a target='_blank' href='http://www.17k.com/book/1706665.html'>\u300a\u5251\u699c\u7b2c\u4e00\u300b</a><a target='_blank' href='http://www.17k.com/book/1706665.html'>\u300a\u5251\u699c\u7b2c\u4e00\u300b</a>\u7edd\u4e16\u597d\u4e66 \u7edd\u4e16\u597d\u4e66<a target='_blank' href='http://www.17k.com/book/1706665.html'>\u300a\u5251\u699c\u7b2c\u4e00\u300b</a><a target='_blank' href='http://www.17k.com/book/1706665.html'>\u300a\u5251\u699c\u7b2c\u4e00\u300b</a>\u7edd\u4e16\u597d\u4e66 \u7edd\u4e16\u597d\u4e66<a target='_blank' href='http://www.17k.com/book/1706665.html'>\u300a\u5251\u699c\u7b2c\u4e00\u300b</a><a target='_blank' href='http://www.17k.com/book/1706665.html'>\u300a\u5251\u699c\u7b2c\u4e00\u300b</a>\u7edd\u4e16\u597d\u4e66 \u7edd\u4e16\u597d\u4e66<a target='_blank' href='http://www.17k.com/book/1706665.html'>\u300a\u5251\u699c\u7b2c\u4e00\u300b</a><a target='_blank' href='http://www.17k.com/book/1706665.html'>\u300a\u5251\u699c\u7b2c\u4e00\u300b</a>\u7edd\u4e16\u597d\u4e66"}], "description": "\u6218\u56fd\u672b\u5e74\uff0c\u70fd\u70df\u56db\u8d77\uff0c\u7fa4\u96c4\u9010\u9e7f\u3002\u3000\u3000\u8d75\u6c0f\u5b64\u513f\uff0c\u673a\u7f18\u5de7\u5408\uff0c\u8e0f\u5165\u4ed9\u9014\u3002\u3000\u3000\u6597\u5982\u6765\uff0c\u7eb5\u6a2a\u4e09\u754c\uff0c\u6218\u8036\u7a23\uff0c\u6a2a\u626b\u516d\u9053\u3002\u3000\u3000\u4e09\u754c\u4ed9\u4e66\u5728\u624b\uff0c\u7ec8\u6210\u4ed9\u754c\u81f3\u5c0a\u3002\u3000\u3000\u540c\u6837\u7684\u79e6\u6c49\u5386\u53f2\uff0c\u4e0d\u540c\u7684\u4ed9\u4fa0\u4f20\u8bf4\u3002\u3000\u3000\u83ab\u8a00QQ\u53f718047492\uff0c\u6709\u4e8b\u8054\u7cfb\u54e6\u3002\u3000\u3000\u4e09\u754c\u4ed9\u4e66\u5b98\u65b91\u7fa4\uff1a389468875\uff0c\u6b22\u8fce\u4e66\u8ff7\u670b\u53cb\u52a0\u5165\u3002", "title": "\u4e09\u754c\u4ed9\u4e66", "url": "http://www.17k.com/book/506850.html", "average": -1.0, "cover": "http://img.17k.com/images/bookcover/2013/2534/12/506850-1379381722000.jpg", "reviews": 6377084, "authors": [{"url": "http://www.17k.com/zuozhe/2154819", "name": "\u79cb\u83ab\u8a00"}], "type": ["\u53e4\u5178\u4ed9\u4fa0"], "outlinks": ["http://www.17k.com/book/2794982.html", "http://www.17k.com/book/2801292.html", "http://www.17k.com/book/2816318.html", "http://www.17k.com/book/2797575.html", "http://www.17k.com/book/2802516.html", "http://www.17k.com/book/2812195.html", "http://www.17k.com/book/2820143.html", "http://www.17k.com/book/2807943.html", "http://www.17k.com/book/2813457.html", "http://www.17k.com/book/2798058.html", "http://www.17k.com/book/2815617.html", "http://www.17k.com/book/2805259.html", "http://www.17k.com/book/2760255.html", "http://www.17k.com/book/2686894.html", "http://www.17k.com/book/2797016.html", "http://www.17k.com/book/2767246.html", "http://www.17k.com/book/2764239.html", "http://www.17k.com/book/2754498.html", "http://www.17k.com/book/2754900.html", "http://www.17k.com/book/2625740.html", "http://www.17k.com/book/2213315.html", "http://www.17k.com/book/2402178.html", "http://www.17k.com/book/2691221.html", "http://www.17k.com/book/2210699.html", "http://www.17k.com/book/1797752.html", "http://www.17k.com/book/2575507.html", "http://www.17k.com/book/2705181.html", "http://www.17k.com/book/2702539.html", "http://www.17k.com/book/2474887.html", "http://www.17k.com/book/2674733.html", "http://www.17k.com/book/2822076.html", "http://www.17k.com/book/2809894.html", "http://www.17k.com/book/2822077.html", "http://www.17k.com/book/2811930.html", "http://www.17k.com/book/2815548.html", "http://www.17k.com/book/2819620.html", "http://www.17k.com/book/2809964.html", "http://www.17k.com/book/2808200.html", "http://www.17k.com/book/2820100.html", "http://www.17k.com/book/2822978.html", "http://www.17k.com/book/2804337.html", "http://www.17k.com/book/2798814.html", "http://www.17k.com/book/2785153.html", "http://www.17k.com/book/2731559.html", "http://www.17k.com/book/2722533.html", "http://www.17k.com/book/2458377.html", "http://www.17k.com/book/2743300.html", "http://www.17k.com/book/973809.html", "http://www.17k.com/book/2651367.html", "http://www.17k.com/book/2726194.html", "http://www.17k.com/book/2790214.html", "http://www.17k.com/book/493239.html", "http://www.17k.com/book/108821.html", "http://www.17k.com/book/1398783.html", "http://www.17k.com/book/83528.html", "http://www.17k.com/book/1859126.html", "http://www.17k.com/book/1741975.html", "http://www.17k.com/book/192453.html", "http://www.17k.com/book/2459058.html", "http://www.17k.com/book/1050747.html", "http://www.17k.com/book/2700315.html", "http://www.17k.com/book/2818940.html", "http://www.17k.com/book/2819519.html", "http://www.17k.com/book/2816390.html", "http://www.17k.com/book/2819588.html", "http://www.17k.com/book/2813768.html", "http://www.17k.com/book/2822406.html", "http://www.17k.com/book/2772164.html", "http://www.17k.com/book/2784023.html", "http://www.17k.com/book/2811877.html", "http://www.17k.com/book/2809119.html", "http://www.17k.com/book/2803700.html", "http://www.17k.com/book/2819561.html", "http://www.17k.com/book/2746506.html", "http://www.17k.com/book/2811836.html", "http://www.17k.com/book/2614810.html", "http://www.17k.com/book/1592435.html", "http://www.17k.com/book/1949748.html", "http://www.17k.com/book/2265802.html", "http://www.17k.com/book/2743240.html", "http://www.17k.com/book/2657437.html", "http://www.17k.com/book/2644502.html", "http://www.17k.com/book/2199900.html", "http://www.17k.com/book/2725436.html", "http://www.17k.com/book/2629978.html"]}