{"ratings": -1, "userreviews": [{"userName": "kool\u6377", "userReviewDate": "2018-01-20", "userURL": "http://user.17k.com/56730892", "userReview": "\u63a8\u8350\u4e00\u672c\u597d\u770b\u7684\u4e66<a target='_blank' href='http://www.17k.com/book/2551937.html'>\u300a\u8d85\u65b0\u4eba\u300b</a>\uff0c\u8bf7\u591a\u591a\u652f\u6301\uff0c\u6765\u4e2a\u6536\u85cf\u5427\uff01\u70b9\u51fb\u4e66\u540d\u5c31\u53ef\u4ee5\u770b\u5230\u4e66\u4e86\u3002"}, {"userName": "\u6d1b\u4f0ahy", "userReviewDate": "2018-01-20", "userURL": "http://user.17k.com/53845414", "userReview": "\u5927\u5927\u5a01\u6b66\uff0c\u5c0f\u900f\u660e\u5e26<a target='_blank' href='http://www.17k.com/book/2758264.html'>\u300a\u81f3\u4eca\u83b2\u854a\u6709\u9999\u5c18\u300b</a>\u6765\u8bbf\uff0c\u4e5f\u6c42\u5927\u5bb6\u591a\u591a\u652f\u6301"}, {"userName": "A\u725b\u9b54\u738b", "userReviewDate": "2018-01-19", "userURL": "http://user.17k.com/56738425", "userReview": "\u63a8\u8350\u4e00\u672c\u60ca\u9669\u523a\u6fc0\u597d\u770b\u7684\u4e66<a target='_blank' href='http://www.17k.com/book/2728167.html'>\u300a\u6211\u548c\u5996\u517d\u6709\u4e2a\u7ea6\u4f1a\u300b</a>\uff0c\u8bf7\u591a\u591a\u652f\u6301\uff0c\u6765\u4e2a\u6536\u85cf\u5427!"}, {"userName": "kool\u6377", "userReviewDate": "2018-01-18", "userURL": "http://user.17k.com/56730892", "userReview": "\u63a8\u8350\u4e00\u672c\u597d\u770b\u7684\u4e66<a target='_blank' href='http://www.17k.com/book/2551937.html'>\u300a\u8d85\u65b0\u4eba\u300b</a>\uff0c\u8bf7\u591a\u591a\u652f\u6301\uff0c\u6765\u4e2a\u6536\u85cf\u5427\uff01"}, {"userName": "A\u725b\u9b54\u738b", "userReviewDate": "2018-01-15", "userURL": "http://user.17k.com/56738425", "userReview": "\u63a8\u8350\u4e00\u672c\u60ca\u9669\u523a\u6fc0\u597d\u770b\u7684\u4e66<a target='_blank' href='http://www.17k.com/book/2728167.html'>\u300a\u6211\u548c\u5996\u517d\u6709\u4e2a\u7ea6\u4f1a\u300b</a>\uff0c\u8bf7\u591a\u591a\u652f\u6301\uff0c\u6765\u4e2a\u6536\u85cf\u5427!"}, {"userName": "\u9752\u8349\u5e3d\u5b50", "userReviewDate": "2018-01-15", "userURL": "http://user.17k.com/58032805", "userReview": "<a target='_blank' href='http://www.17k.com/book/2698723.html'>\u300a\u98ce\uff0c\u60c5\u4e07\u79cd\u300b</a>\u4f0a\u7136\u7b80\u5355\u7684\u5927\u8111\uff0c\u5728\u9047\u5230\u6797\u6210\u98ce\u540e\u667a\u6167\u98d9\u5347\uff0c\u8be5\u82b1\u75f4\u65f6\u5c31\u82b1\u75f4\uff0c\u8be5\u8ba4\u771f\u5de5\u4f5c\u65f6\u7edd\u5bf9\u8ba4\u771f\u3002\u6708\u9ed1\u98ce\u9ad8\u7684\u665a\u4e0a\uff0c\u4e00\u4e2a\u5973\u4eba\u62ff\u7740\u8001\u9f20\u558a\u732b\u54aa\uff0c\u51b2\u7740\u7537\u4eba\u558a\u5929\u4f7f\uff0c\u62b1\u7740\u7537\u4eba\u7684\u5927\u817f\u53c8\u8bf4\u5979\u6015\u8001\u9f20\u3002\u6797\u6210\u98ce\u89c9\u5f97\u6d41\u5e74\u4e0d\u5229\uff0c\u78b0\u5230\u4e00\u4e2a\u75af\u5973\u4eba\u3002\u6b22\u8fce\u5927\u5bb6\u591a\u6765\u652f\u6301\uff01"}, {"userName": "A\u725b\u9b54\u738b", "userReviewDate": "2018-01-15", "userURL": "http://user.17k.com/56738425", "userReview": "\u63a8\u8350\u4e00\u672c\u60ca\u9669\u523a\u6fc0\u597d\u770b\u7684\u4e66<a target='_blank' href='http://www.17k.com/book/2728167.html'>\u300a\u6211\u548c\u5996\u517d\u6709\u4e2a\u7ea6\u4f1a\u300b</a>\uff0c\u8bf7\u591a\u591a\u652f\u6301\uff0c\u6765\u4e2a\u6536\u85cf\u5427!"}, {"userName": "\u672a\u6765\u8001\u9f20", "userReviewDate": "2017-12-15", "userURL": "http://user.17k.com/46396493", "userReview": "\u5927\u795e\u5199\u7684\u771f\u597d\uff0c\u4e3a\u4f60\u75af\u72c2\u70b9\u8d5e<a target='_blank' href='http://www.17k.com/book/2725309.html'>\u300a\u534a\u7c73\u9633\u5149\u84dd\u5c71\u5357\u300b</a>\u6765\u8bbf"}, {"userName": "\u674e\u65e0\u547d", "userReviewDate": "2017-11-30", "userURL": "http://user.17k.com/57024055", "userReview": "\u5927\u5927\u5199\u5f97\u771f\u597d\uff0c<a target='_blank' href='http://www.17k.com/book/2654528.html'>\u300a\u51a5\u5929\u697c\u300b</a>\u6765\u652f\u6301\uff0c\u539a\u8138\u76ae\u6253\u6270\u4e86\uff0c\u671b\u56de\u8bbf\u6307\u6559\u4e00\u4e0b..."}, {"userName": "\u963f\u66ae\u5b8c\u4facmumu", "userReviewDate": "2017-11-18", "userURL": "http://user.17k.com/57093862", "userReview": "<a target='_blank' href='http://www.17k.com/book/2645447.html'>\u300a\u51b7\u66ae\u4e03\u6708\u300b</a>\u6765\u8bbf\uff0c\u5e0c\u671b\u5927\u5bb6\u559c\u6b22\uff0c\u52a0\u6cb9\uff01"}, {"userName": "\u674e\u65e0\u547d", "userReviewDate": "2017-11-16", "userURL": "http://user.17k.com/57024055", "userReview": "\u65b0\u4eba\u65b0\u4f5c\uff0c<a target='_blank' href='http://www.17k.com/book/2654528.html'>\u300a\u51a5\u5929\u697c\u300b</a>\u7279\u6765\u770b\u5927\u5927\uff0c\u795d\u5927\u5927\u8d8a\u5199\u8d8a\u597d\u3002\u6700\u540e\u4e0d\u8981\u8138\u7684\u5e0c\u671b\u5927\u5927\u80fd\u63d0\u643a\u4e00\u4e0b\uff0c\u8fd8\u6709\u5927\u5927\u8981\u6ce8\u610f\u8eab\u4f53\uff0c\u795d\u5927\u5927\u8eab\u4f53\u5065\u5eb7\uff0c\u4e07\u4e8b\u5982\u610f..."}, {"userName": "\u674e\u65e0\u547d", "userReviewDate": "2017-10-31", "userURL": "http://user.17k.com/57024055", "userReview": "\u5927\u5927\u5199\u5f97\u771f\u597d\uff0c<a target='_blank' href='http://www.17k.com/book/2654528.html'>\u300a\u51a5\u5929\u697c\u300b</a>\u6765\u652f\u6301\uff0c\u539a\u8138\u76ae\u6253\u6270\u4e86\uff0c\u671b\u56de\u8bbf\u6307\u6559\u4e00\u4e0b..."}, {"userName": "\u601d\u5ff5\u5f52\u9014", "userReviewDate": "2017-10-16", "userURL": "http://user.17k.com/57760269", "userReview": "hhhh\u6765\u5b66\u4e60 \u6c42\u6536\u85cf\u4e92\u52c9<a target='_blank' href='http://www.17k.com/book/2677608.html'>\u300a\u8fd9\u4e2a\u5c0f\u5b50\u6709\u70b9\u574f\u300b</a>"}, {"userName": "\u738b\u7f07\u6b22", "userReviewDate": "2017-10-04", "userURL": "http://user.17k.com/56361630", "userReview": "<a target='_blank' href='http://www.17k.com/book/2579759.html'>\u300a\u6b64\u5983\u4e43\u67ad\u96c4\u300b</a>\u60b2\u58ee\u800c\u4e0d\u60b2\u60c5\uff0c\u8840\u6027\u800c\u4e0d\u8840\u8165\uff0c\u6b22\u8fce\u70b9\u51fb\uff0c\u6536\u85cf\uff01"}, {"userName": "\u963f\u66ae\u5b8c\u4facmumu", "userReviewDate": "2017-10-03", "userURL": "http://user.17k.com/57093862", "userReview": "<a target='_blank' href='http://www.17k.com/book/2645447.html'>\u300a\u51b7\u66ae\u4e03\u6708\u300b</a>\u6765\u8bbf\uff0c\u52a0\u6cb9\u652f\u6301\u54e6\uff01\u5047\u65e5\u6109\u5feb\uff01"}, {"userName": "\u6a31\u68a6\u5e7b\u6708", "userReviewDate": "2017-09-16", "userURL": "http://user.17k.com/56338486", "userReview": "\u5e7b\u6708\u5e26\u521a\u7834\u4e07\u4eba\u6b21\u7684\u300a\u96ea\u59ec\u4e4b\u865a\u65e0\u5929 \u65e5\u300b\u6765\u8bbf\uff0c\u671b \u591a\u591a\u6536\u85cf\u652f\u6301\u54e6\uff01\u60f3\u505a \u514d\u8d39\u5c01\u9762\u4e5f\u53ef \u627e\u5e7b\u6708\u5e2e\u5fd9\u54e6\uff01\u6709\u610f\u8005 \u53ef\u5728\u300a\u96ea\u59ec\u4e4b \u865a\u65e0\u5929\u65e5\u300b\u7559\u8a00\uff0c\u4e48\u4e48 \u54d2\uff01^_^"}, {"userName": "\u590f\u96e8\u5bd2\u98ce", "userReviewDate": "2017-09-15", "userURL": "http://user.17k.com/56838577", "userReview": "\uff08\u62dc\u8bfb\uff0c\uff09\u5df2\u6536\u85cf\u3002\u3002\u671b\u56de\u8bbf\u4e92\u76f8\u6536\u85cf\u6c42\u652f\u6301"}, {"userName": "\u5f20\u5fd7\u94b1888", "userReviewDate": "2017-09-15", "userURL": "http://user.17k.com/30156614", "userReview": "<span style='color:black'><a target='_blank' href='http://www.17k.com/book/2555535.html'>\u300a\u767d\u9aa8\u7cbe\u524d\u4f20\u300b</a>\u6765\u8bbf\uff01\uff01\u9c9c\u82b1\uff0c\u6536\u85cf\u5df2\u7ecf\u5949\u4e0a\u3002</span>"}, {"userName": "\u8537\u8587\u73a5\u9171V", "userReviewDate": "2017-09-12", "userURL": "http://user.17k.com/55984899", "userReview": "\u6765\u6765\u6765\uff0c\u73a5\u9171\u5403\u74dc\u5b50\u54af\uff0c\u55d1~"}, {"userName": "\u542c\u98ce\u8bf4\u68a62017", "userReviewDate": "2017-08-05", "userURL": "http://user.17k.com/56351327", "userReview": "<a target='_blank' href='http://www.17k.com/book/2578838.html'>\u300a\u52ab\u795e\u5929\u4e0b\u300b</a>\u6765\u8bbf\u3002\u6587\u7ae0\u4e0d\u9519\uff0c\u65e9\u65e5\u6210\u795e\u3002\u4e00\u8d77\u52a0\u6cb9\uff01\u4e92\u76f8\u652f\u6301\uff01\u671b\u56de\u8bbf\u6536\u85cf\uff01\u52a0\u6cb9\uff01"}], "description": "\u300a\u51e4\u51f0\u7684\u540e\u88d4\u300b\u4e4b\u4e00\uff1a\u98ce\u82b1\u96ea\u6708\u2014\u2014\u6708\u4e4b\u821e\u3000\u3000\u4e0a\u53e4\u65f6\u671f\uff0c\u9b54\u5c0a\u7231\u4e0a\u51e4\u51f0\u5723\u5973\uff0c\u7231\u800c\u4e0d\u5f97\u6700\u540e\u4e24\u4eba\u540c\u5f52\u4e8e\u5c3d\uff0c\u9b42\u98de\u9b44\u6563\u3002\u3000\u3000\u51e4\u51f0\u5723\u5973\u7684\u604b\u4eba\u795e\u517d\u9752\u9f99\u5728\u4e07\u5ff5\u4ff1\u7070\u4e4b\u4e0b\uff0c\u4e3a\u633d\u56de\u7231\u4eba\u7684\u6b8b\u5ff5\uff0c\u4ee5\u8eab\u6551\u4eba\uff0c\u53cc\u53cc\u6295\u5165\u8f6e\u56de\u4e4b\u4e2d\u3002\u3000\u3000\u4ed9\u97f3\u795e\u66f2\u73b0\uff0c\u821e\u4ed9\u964d\u4e16\uff0c\u4e0d\u5728\u4e94\u884c\u5185\uff0c\u8d85\u8131\u9b42\u9b44\uff0c\u81f3\u5c0a\u53ef\u671f\uff01\u3000\u3000\u4e00\u5219\u9884\u8a00\u5f71\u54cd\u6574\u4e2a\u4e16\u754c\uff0c\u4e5f\u6539\u53d8\u7740\u8fd9\u4e2a\u4e16\u754c\uff01\u3000\u3000\u5973\u4e3b\u7b2c\u4e94\u6708\u83ab\u540d\u5176\u5999\u7684\u7a7f\u8d8a\u5230\u4e09\u754c\u4e4b\u4e2d\u7684\u4e0b\u754c\u8fd9\u4e2a\u964c\u751f\u7684\u6b66\u4fee\u4e16\u754c\uff0c\u4ece\u6b64\u5f00\u59cb\u4e86\u4ed6\u7684\u4fee\u821e\u4eba\u751f\uff01\u3000\u3000\u7d20\u6709\u5c0f\u7ea8\u7ed4\u4e4b\u79f0\u7684\u7b2c\u4e94\u6708\u5728\u78b0\u5230\u75de\u5b50\u94b1\u7684\u65f6\u5019\uff0c\u8ba4\u6002\u4e0d\u65ad\u9003\u907f\uff0c\u4ece\u4e0b\u754c\u9003\u5230\u4e09\u5341\u4e09\u5929\uff0c\u5929\u4e0d\u6015\u5730\u4e0d\u6015\u5c31\u6015\u75de\u5b50\u94b1\u800d\u6d41\u6c13\u3002", "title": "\u4e09\u754c\u821e\u5c0a", "url": "http://www.17k.com/book/2379609.html", "average": -1.0, "cover": "http://img.17k.com/images/bookcover/2017/11898/59/2379609-1489917982000.jpg", "reviews": 33194, "authors": [{"url": "http://www.17k.com/zuozhe/53229169", "name": "\u74dc\u5b50\u4e07\u5c81"}], "type": ["\u7384\u5e7b\u4ed9\u4fa0"], "outlinks": ["http://www.17k.com/book/2794982.html", "http://www.17k.com/book/2801292.html", "http://www.17k.com/book/2816318.html", "http://www.17k.com/book/2797575.html", "http://www.17k.com/book/2802516.html", "http://www.17k.com/book/2812195.html", "http://www.17k.com/book/2820143.html", "http://www.17k.com/book/2807943.html", "http://www.17k.com/book/2813457.html", "http://www.17k.com/book/2798058.html", "http://www.17k.com/book/2815617.html", "http://www.17k.com/book/2805259.html", "http://www.17k.com/book/2760255.html", "http://www.17k.com/book/2686894.html", "http://www.17k.com/book/2797016.html", "http://www.17k.com/book/2767246.html", "http://www.17k.com/book/2764239.html", "http://www.17k.com/book/2754498.html", "http://www.17k.com/book/2754900.html", "http://www.17k.com/book/2625740.html", "http://www.17k.com/book/2213315.html", "http://www.17k.com/book/2402178.html", "http://www.17k.com/book/2691221.html", "http://www.17k.com/book/2210699.html", "http://www.17k.com/book/1797752.html", "http://www.17k.com/book/2575507.html", "http://www.17k.com/book/2705181.html", "http://www.17k.com/book/2702539.html", "http://www.17k.com/book/2474887.html", "http://www.17k.com/book/2674733.html", "http://www.17k.com/book/2822076.html", "http://www.17k.com/book/2809894.html", "http://www.17k.com/book/2822077.html", "http://www.17k.com/book/2811930.html", "http://www.17k.com/book/2815548.html", "http://www.17k.com/book/2819620.html", "http://www.17k.com/book/2809964.html", "http://www.17k.com/book/2808200.html", "http://www.17k.com/book/2820100.html", "http://www.17k.com/book/2822978.html", "http://www.17k.com/book/2804337.html", "http://www.17k.com/book/2798814.html", "http://www.17k.com/book/2785153.html", "http://www.17k.com/book/2731559.html", "http://www.17k.com/book/2722533.html", "http://www.17k.com/book/2458377.html", "http://www.17k.com/book/2743300.html", "http://www.17k.com/book/973809.html", "http://www.17k.com/book/2651367.html", "http://www.17k.com/book/2726194.html", "http://www.17k.com/book/2790214.html", "http://www.17k.com/book/493239.html", "http://www.17k.com/book/108821.html", "http://www.17k.com/book/1398783.html", "http://www.17k.com/book/83528.html", "http://www.17k.com/book/1859126.html", "http://www.17k.com/book/1741975.html", "http://www.17k.com/book/192453.html", "http://www.17k.com/book/2459058.html", "http://www.17k.com/book/1050747.html", "http://www.17k.com/book/2700315.html", "http://www.17k.com/book/2818940.html", "http://www.17k.com/book/2819519.html", "http://www.17k.com/book/2816390.html", "http://www.17k.com/book/2819588.html", "http://www.17k.com/book/2813768.html", "http://www.17k.com/book/2822406.html", "http://www.17k.com/book/2772164.html", "http://www.17k.com/book/2784023.html", "http://www.17k.com/book/2811877.html", "http://www.17k.com/book/2809119.html", "http://www.17k.com/book/2803700.html", "http://www.17k.com/book/2819561.html", "http://www.17k.com/book/2746506.html", "http://www.17k.com/book/2811836.html", "http://www.17k.com/book/2614810.html", "http://www.17k.com/book/1592435.html", "http://www.17k.com/book/1949748.html", "http://www.17k.com/book/2265802.html", "http://www.17k.com/book/2743240.html", "http://www.17k.com/book/2657437.html", "http://www.17k.com/book/2644502.html", "http://www.17k.com/book/2199900.html", "http://www.17k.com/book/2725436.html", "http://www.17k.com/book/2629978.html"]}