{"ratings": -1, "userreviews": [{"userName": "\u5348\u591c\u51a5\u601d", "userReviewDate": "2018-01-14", "userURL": "http://user.17k.com/50744457", "userReview": "\u672c\u4e66\u5df2\u5b8c\u7ed3\uff0c\u5404\u4f4d\u8bfb\u8005\u653e\u5fc3\u770b\uff0c\u7cfb\u5217\u4f5c\u54c1\u4ecd\u5728\u521b\u4f5c\u4e2d\uff0c\u5173\u6ce8\u5b9e\u65f6\u52a8\u6001\u8bf7\u52a0\u8bfb\u8005QQ\u7fa4\uff1a561918633"}, {"userName": "\u3006\ufe4f \u5b88\u62a4\uff07\u5979351883578", "userReviewDate": "2017-03-30", "userURL": "http://user.17k.com/54152831", "userReview": "10\u591a\u5e74\u6765\u7b2c\u4e00\u6b21\u82b1\u94b1\u770b\u7684\u4e66\uff0c\u771f\u725bB"}, {"userName": "kkaill", "userReviewDate": "2017-03-05", "userURL": "http://user.17k.com/54038596", "userReview": "\u4e0d\u9519\u4e0d\u9519\uff0c\u4e0d\u540c\u4e8e\u4e4b\u524d\u770b\u8fc7\u7684\u4efb\u4f55\u4e00\u672c\u4e66\uff0c\u4f5c\u8005\u52a0\u6cb9\u66f4\u65b0\uff01"}, {"userName": "SwissChocolate", "userReviewDate": "2018-04-09", "userURL": "http://user.17k.com/38712816", "userReview": "\u671f\u5f85\u540e\u7eed\u7cfb\u5217\u3002"}, {"userName": "\u5723\u9690\u5e1d\u5143", "userReviewDate": "2018-03-31", "userURL": "http://user.17k.com/57760595", "userReview": "\u7b7e\u5230"}, {"userName": "\u590f\u65e5\u96e8\u99a8", "userReviewDate": "2018-02-11", "userURL": "http://user.17k.com/59040535", "userReview": "<a target='_blank' href='http://www.17k.com/book/2754573.html'>\u300a\u603b\u88c1\u5076\u9047\u4ed9\u59bb\u5947\u5e7b\u8bb0\u300b</a>\u590f\u65e5\u96e8\u99a8\u524d\u6765\u62dc\u8bbf\u652f\u6301\uff01\u540c\u65f6\u6587\u672c\u4eba\u4f5c\u54c1\u6c42\u70b9\u51fb\uff0c\u6c42\u6536\u85cf\uff0c\u6c42\u82b1\u82b1\uff0c\u6c42\u6295\u7968\uff0c\u8c22\u8c22\u5404\u4f4d\u652f\u6301\uff01"}, {"userName": "K\u5c0f\u5f00", "userReviewDate": "2018-02-08", "userURL": "http://user.17k.com/58509881", "userReview": "\u4e0b\u5348\u597d\uff0c\u5c0f\u5f00\u6765\u4e86\uff0c<a target='_blank' href='http://www.17k.com/book/2724684.html'>\u300a\u4e00\u5ff5\u539f\u7f6a\u300b</a>\u795d\u5927\u5927\u5c0f\u5e74\u5feb\u4e50\uff01"}, {"userName": "\u5fe7\u5fc3\u5ba2", "userReviewDate": "2018-02-01", "userURL": "http://user.17k.com/59588160", "userReview": "\u6765\u8bbf\u652f\u6301\uff01\u7ed9\u5927\u5bb6\u63a8\u8350\u4e00\u672c\u70ed\u8840\u523a\u6fc0\u7684\u5c0f\u8bf4<a target='_blank' href='http://www.17k.com/book/2766468.html'>\u300a\u5f02\u4e16\u6211\u4e3a\u754c\u4e3b\u300b</a>\uff0c\u6545\u4e8b\u4e0d\u9519\uff0c\u6b22\u8fce\u6765\u770b\uff01"}, {"userName": "\u4e00\u53ea\u5c0f\u756a\u8304", "userReviewDate": "2018-01-25", "userURL": "http://user.17k.com/58994284", "userReview": "\u643a\u672c\u4eba\u65b0\u4f5c<a target='_blank' href='http://www.17k.com/book/2762662.html'>\u300a\u7b2c\u4e00\u6b21\u7a7f\u8d8a\u300b</a>\u524d\u6765\u62dc\u8bfb\uff0c\u662f\u6b66\u4fa0\u4fee\u771f\u5e26\u7a7f\u8d8a\u7c7b\u578b\u7684\uff0c\u503c\u5f97\u4e00\u770b\u3002\u591a\u591a\u652f\u6301\uff0c\u6765\u4e2a\u6536\u85cf!\u70b9\u51fb\u4e66\u540d\u5c31\u53ef\u4ee5\u770b\u5230\u4e66\u4e86\u3002"}, {"userName": "\u7334\u5c0f\u4e8c", "userReviewDate": "2018-01-20", "userURL": "http://user.17k.com/59046509", "userReview": "\u7334\u5c0f\u4e8c\u643a\u62d9\u4f5c<a target='_blank' href='http://www.17k.com/book/2749142.html'>\u300a\u5bd2\u95e8\u5927\u5bcc\u8c6a\u300b</a><a target='_blank' href='http://www.17k.com/book/2760102.html'>\u300a\u5bb6\u6709\u7ee7\u7236\u300b</a>\u62dc\u8bfb\u5927\u5927\u4f73\u4f5c\uff0c\u795d\u51ac\u5b89\uff01"}, {"userName": "K\u5c0f\u5f00", "userReviewDate": "2018-01-13", "userURL": "http://user.17k.com/58509881", "userReview": "\u597d\u4e66\uff01\u652f\u6301\uff01\u5434\u5f00\u9633\u643a<a target='_blank' href='http://www.17k.com/book/2724684.html'>\u300a\u6211\u4e0d\u662f\u6740\u4eba\u72af\u300b</a>\u524d\u6765\u62dc\u8bbf\uff01\u671b\u56de\u8bbf\uff01\u6536\u85cf\uff01"}, {"userName": "\u4e00\u5c112678114", "userReviewDate": "2018-01-11", "userURL": "http://user.17k.com/7918789", "userReview": "\u5927\u5927\u52a0\u6cb9 \u591a"}, {"userName": "\u9ec4\u74dc\u7684\u5bbf\u547d", "userReviewDate": "2018-01-10", "userURL": "http://user.17k.com/53195742", "userReview": "\u81f3\u9738\u82cd\u751f\u8bc0\uff0c\u7cbe\u5f69\u4e0d\u65ad\uff0c\u7b49\u4f60\u6765\u6218\u3002\u8bf7\u6c42\u5404\u4f4d\u8001\u94c1\u70ae\u706b\u652f\u63f4\u3002"}, {"userName": "\u4e00\u5c112678114", "userReviewDate": "2018-01-09", "userURL": "http://user.17k.com/7918789", "userReview": "\u66f4\u65b0\u591a\u70b9\u5440"}, {"userName": "\u674e\u65e0\u547d", "userReviewDate": "2018-01-08", "userURL": "http://user.17k.com/57024055", "userReview": "\u643a<a target='_blank' href='http://www.17k.com/book/2654528.html'>\u300a\u51a5\u5929\u697c\u300b</a>\u524d\u6765\u62dc\u8bfb\u5927\u5927\u7684\u4f73\u4f5c\uff0c\u671b\u5927\u5927\u56de\u8bbf\u6307\u70b9\u4e00\u4e8c\uff0c\u4e0d\u80dc\u611f\u8c22..."}, {"userName": "\u4e00\u5c112678114", "userReviewDate": "2018-01-08", "userURL": "http://user.17k.com/7918789", "userReview": "\u5927\u5927\u600e\u4e48\u66f4\u65b0\u597d\u610e"}, {"userName": "\u4e00\u5c112678114", "userReviewDate": "2018-01-08", "userURL": "http://user.17k.com/7918789", "userReview": "\u5927\u5927\u600e\u4e48\u66f4\u65b0\u597d\u610e"}, {"userName": "\u829d\u5170\u7389\u6811113776312", "userReviewDate": "2018-01-06", "userURL": "http://user.17k.com/54691896", "userReview": "\u4f5c\u8005\u5927\u5927\u7684\u4e66\u5199\u7684\u771f\u597d\uff0c\u5f88\u597d\u770b\uff0c\u5df2\u7ecf\u6536\u85cf\u3002\u4e66\u8352\u7684\u670b\u53cb\uff0c\u6211\u7ed9\u5927\u5bb6\u63a8\u8350\u4e00\u672c\u4e66<a target='_blank' href='http://www.17k.com/book/2724537.html'>\u300a\u82cd\u7a79\u8427\u5e1d\u300b</a>\u3002"}, {"userName": "\u70ed\u6d77\u6c90\u9633", "userReviewDate": "2017-12-25", "userURL": "http://user.17k.com/58610453", "userReview": "<a target='_blank' href='http://www.17k.com/book/2729786.html'>\u300a\u6211\u8fd9\u4e9b\u5e74\u7684\u4fee\u4ed9\u6545\u4e8b\u300b</a>\u6765\u8bbf\u652f\u6301\uff0c\u7ed9\u5927\u5927\u589e\u52a0\u70b9\u4eba\u6c14\uff0c\u5927\u5927\u52a0\u6cb9\u3002\u5404\u4f4d\u4e66\u53cb\u53ef\u4ee5\u770b\u4e0b\u6211\u7684\u4f5c\u54c1\uff0c\u65b0\u4eba\u6c42\u652f\u6301\u3002"}, {"userName": "\u859b\u5a77\u91d1", "userReviewDate": "2017-12-24", "userURL": "http://user.17k.com/56587975", "userReview": "[\u6253\u8d4f]\u6211\u6253\u8d4f\u4e862\u5143\u7ea2\u5305\uff01\uff01"}], "description": "\u201c\u6211\u4e00\u76f4\u4ee5\u4e3a\u81ea\u5df1\u5f88\u4e86\u89e3\u8fd9\u4e2a\u4e16\u754c\uff0c\u76f4\u5230\u9047\u89c1\u4e86\u4f60\u3002\u539f\u6765\uff0c\u8d85\u4eba\u771f\u7684\u5b58\u5728\u3002\u201d\u3000\u3000\u201c\u6211\u4eec\u4e0d\u53eb\u8d85\u4eba\uff0c\u6211\u4eec\u90fd\u662f\u4eba\u7c7b\u3002\u201d\u3000\u3000\u201c\u90a3\u4f60\u4eec\u4f1a\u8ba9\u8fd9\u4e2a\u4e16\u754c\u53d8\u5f97\u66f4\u52a0\u5b89\u5168\u5417\uff1f\u201d\u3000\u3000\u201c\u5730\u7403\u662f\u4f60\u6211\u5171\u540c\u7684\u5bb6\u56ed\uff0c\u4f46\u5b83\u4e5f\u53ea\u662f\u832b\u832b\u661f\u6d77\u4e2d\u7684\u4e00\u9897\u5c0f\u77f3\u5b50\u7f62\u4e86\uff0c\u5b89\u5168\u4e0e\u5426\u53d6\u51b3\u4e8e\u4ed6\u4eec\u662f\u5426\u80fd\u591f\u627e\u5230\u6211\u4eec\u3002\u201d\u3000\u3000\u201c\u4ed6\u4eec\uff1f\u201d\u3000\u3000\u201c\u662f\u7684\uff0c\u8fd9\u4e2a\u4e16\u754c\u4e4b\u5916\u7684\u751f\u547d\u3002\u201d\u3000\u3000\u2026\u2026\u3000\u3000\u4eba\u7c7b\u81ea\u4ece\u6709\u4e86\u6587\u660e\uff0c\u4fbf\u6d41\u4f20\u4e0b\u65e0\u6570\u795e\u8bdd\u6545\u4e8b\uff0c\u76d8\u53e4\u3001\u5b99\u65af\u3001\u8036\u548c\u534e\uff0c\u5929\u4f7f\u4e0e\u6076\u9b54\uff0c\u5438\u8840\u9b3c\u4e0e\u72fc\u4eba\u2026\u2026\u8fd9\u4e9b\u5230\u5e95\u662f\u4eba\u4eec\u675c\u64b0\uff0c\u8fd8\u662f\u771f\u7684\u5b58\u5728\u8fc7\uff1f\u3000\u3000\u4e00\u5207\u90fd\u8981\u4ece\u4e00\u540d\u7531\u5929\u800c\u964d\u7684\u5b69\u5b50\u8bf4\u8d77\uff0c\u4ed6\u5c06\u7528\u4e07\u5e74\u7684\u6069\u6028\u7ea0\u845b\u7ed9\u4f60\u7b54\u6848\u3002\u3000\u3000***\u3000\u3000QQ\u4ea4\u6d41\u7fa4:561918633\uff0c\u6b22\u8fce\u5404\u4f4d\u8bfb\u8005\u52a0\u5165\u3002", "title": "\u4e09\u754c\u5723\u5b50", "url": "http://www.17k.com/book/2284299.html", "average": -1.0, "cover": "http://img.17k.com/images/bookcover/2016/11421/57/2284299-1481537832000.jpg", "reviews": 1047676, "authors": [{"url": "http://www.17k.com/zuozhe/50744457", "name": "\u5348\u591c\u51a5\u601d"}], "type": ["\u90fd\u5e02\u5f02\u80fd"], "outlinks": ["http://www.17k.com/book/2794982.html", "http://www.17k.com/book/2801292.html", "http://www.17k.com/book/2816318.html", "http://www.17k.com/book/2797575.html", "http://www.17k.com/book/2802516.html", "http://www.17k.com/book/2812195.html", "http://www.17k.com/book/2820143.html", "http://www.17k.com/book/2807943.html", "http://www.17k.com/book/2813457.html", "http://www.17k.com/book/2798058.html", "http://www.17k.com/book/2815617.html", "http://www.17k.com/book/2805259.html", "http://www.17k.com/book/2760255.html", "http://www.17k.com/book/2686894.html", "http://www.17k.com/book/2797016.html", "http://www.17k.com/book/2767246.html", "http://www.17k.com/book/2764239.html", "http://www.17k.com/book/2754498.html", "http://www.17k.com/book/2754900.html", "http://www.17k.com/book/2625740.html", "http://www.17k.com/book/2213315.html", "http://www.17k.com/book/2402178.html", "http://www.17k.com/book/2691221.html", "http://www.17k.com/book/2210699.html", "http://www.17k.com/book/1797752.html", "http://www.17k.com/book/2575507.html", "http://www.17k.com/book/2705181.html", "http://www.17k.com/book/2702539.html", "http://www.17k.com/book/2474887.html", "http://www.17k.com/book/2674733.html", "http://www.17k.com/book/2822076.html", "http://www.17k.com/book/2809894.html", "http://www.17k.com/book/2822077.html", "http://www.17k.com/book/2811930.html", "http://www.17k.com/book/2815548.html", "http://www.17k.com/book/2819620.html", "http://www.17k.com/book/2809964.html", "http://www.17k.com/book/2808200.html", "http://www.17k.com/book/2820100.html", "http://www.17k.com/book/2822978.html", "http://www.17k.com/book/2804337.html", "http://www.17k.com/book/2798814.html", "http://www.17k.com/book/2785153.html", "http://www.17k.com/book/2731559.html", "http://www.17k.com/book/2722533.html", "http://www.17k.com/book/2458377.html", "http://www.17k.com/book/2743300.html", "http://www.17k.com/book/973809.html", "http://www.17k.com/book/2651367.html", "http://www.17k.com/book/2726194.html", "http://www.17k.com/book/2790214.html", "http://www.17k.com/book/493239.html", "http://www.17k.com/book/108821.html", "http://www.17k.com/book/1398783.html", "http://www.17k.com/book/83528.html", "http://www.17k.com/book/1859126.html", "http://www.17k.com/book/1741975.html", "http://www.17k.com/book/192453.html", "http://www.17k.com/book/2459058.html", "http://www.17k.com/book/1050747.html", "http://www.17k.com/book/2700315.html", "http://www.17k.com/book/2818940.html", "http://www.17k.com/book/2819519.html", "http://www.17k.com/book/2816390.html", "http://www.17k.com/book/2819588.html", "http://www.17k.com/book/2813768.html", "http://www.17k.com/book/2822406.html", "http://www.17k.com/book/2772164.html", "http://www.17k.com/book/2784023.html", "http://www.17k.com/book/2811877.html", "http://www.17k.com/book/2809119.html", "http://www.17k.com/book/2803700.html", "http://www.17k.com/book/2819561.html", "http://www.17k.com/book/2746506.html", "http://www.17k.com/book/2811836.html", "http://www.17k.com/book/2614810.html", "http://www.17k.com/book/1592435.html", "http://www.17k.com/book/1949748.html", "http://www.17k.com/book/2265802.html", "http://www.17k.com/book/2743240.html", "http://www.17k.com/book/2657437.html", "http://www.17k.com/book/2644502.html", "http://www.17k.com/book/2199900.html", "http://www.17k.com/book/2725436.html", "http://www.17k.com/book/2629978.html"]}