{"ratings": -1, "userreviews": [], "description": "\u5927\u5510\u76db\u4e16\uff0c\u5728\u5982\u6b64\u7e41\u534e\u76db\u4e16\u7684\u5927\u5510\u91cc\uff0c\u6709\u7740\u4e0d\u5c11\u90aa\u6076\u7684\u5996\u602a\u6076\u7075\u7b49\u7978\u4e71\u4e09\u754c\uff0c\u6709\u65f6\u8fd8\u4f1a\u662f\u4eba\u7978\uff0c\u56e0\u6b64\uff0c\u4e09\u754c\u4e66\u9662\u5c31\u6b64\u6210\u7acb\uff0c\u4ed6\u7684\u5b58\u5728\u662f\u4e09\u754c\u53cb\u597d\u548c\u5e73\u53d1\u5c55\u7684\u5927\u80fd\u4eec\u7684\u610f\u613f\u800c\u6210\u7acb\uff0c\u4e3a\u7684\u5c31\u662f\u8ba9\u4e09\u754c\u4e2d\u7684\u7ed9\u5e74\u8f7b\u4f20\u6388\u4e0d\u540c\u7684\u77e5\u8bc6\uff0c\u6536\u96c6\u4e09\u754c\u6cd5\u672f\u5e76\u6559\u6388\u6216\u4e86\u89e3\uff0c\u4ea4\u6d41\u4ee5\u53ca\u5bf9\u4e09\u754c\u5c40\u52bf\u7684\u63a7\u5236\uff0c\u7ef4\u62a4\u4e09\u754c\u7684\u5b89\u5b81\u3002\u4ece\u800c\u6210\u4e3a\u2014\u2014\u4e09\u754c\u7cbe\u82f1\uff0c\u8fdb\u800c\u6210\u4e3a\u7ef4\u62a4\u4e09\u754c\u548c\u5e73\u65b0\u9c9c\u8840\u6db2\u3002", "title": "\u4e09\u754c\u7cbe\u82f1", "url": "http://www.17k.com/book/2761123.html", "average": -1.0, "cover": "http://img.17k.com/images/bookcover/default_cover2.jpg", "reviews": 18, "authors": [{"url": "http://www.17k.com/zuozhe/59525759", "name": "\u7334\u5c0f\u8d3c"}], "type": ["\u5b85\u7cfb\u5c0f\u8bf4"], "outlinks": ["http://www.17k.com/book/2794982.html", "http://www.17k.com/book/2801292.html", "http://www.17k.com/book/2816318.html", "http://www.17k.com/book/2797575.html", "http://www.17k.com/book/2802516.html", "http://www.17k.com/book/2812195.html", "http://www.17k.com/book/2820143.html", "http://www.17k.com/book/2807943.html", "http://www.17k.com/book/2813457.html", "http://www.17k.com/book/2798058.html", "http://www.17k.com/book/2815617.html", "http://www.17k.com/book/2805259.html", "http://www.17k.com/book/2760255.html", "http://www.17k.com/book/2686894.html", "http://www.17k.com/book/2797016.html", "http://www.17k.com/book/2767246.html", "http://www.17k.com/book/2764239.html", "http://www.17k.com/book/2754498.html", "http://www.17k.com/book/2754900.html", "http://www.17k.com/book/2625740.html", "http://www.17k.com/book/2213315.html", "http://www.17k.com/book/2402178.html", "http://www.17k.com/book/2691221.html", "http://www.17k.com/book/2210699.html", "http://www.17k.com/book/1797752.html", "http://www.17k.com/book/2575507.html", "http://www.17k.com/book/2705181.html", "http://www.17k.com/book/2702539.html", "http://www.17k.com/book/2474887.html", "http://www.17k.com/book/2674733.html", "http://www.17k.com/book/2822076.html", "http://www.17k.com/book/2809894.html", "http://www.17k.com/book/2822077.html", "http://www.17k.com/book/2811930.html", "http://www.17k.com/book/2815548.html", "http://www.17k.com/book/2819620.html", "http://www.17k.com/book/2809964.html", "http://www.17k.com/book/2808200.html", "http://www.17k.com/book/2820100.html", "http://www.17k.com/book/2822978.html", "http://www.17k.com/book/2804337.html", "http://www.17k.com/book/2798814.html", "http://www.17k.com/book/2785153.html", "http://www.17k.com/book/2731559.html", "http://www.17k.com/book/2722533.html", "http://www.17k.com/book/2458377.html", "http://www.17k.com/book/2743300.html", "http://www.17k.com/book/973809.html", "http://www.17k.com/book/2651367.html", "http://www.17k.com/book/2726194.html", "http://www.17k.com/book/2790214.html", "http://www.17k.com/book/493239.html", "http://www.17k.com/book/108821.html", "http://www.17k.com/book/1398783.html", "http://www.17k.com/book/83528.html", "http://www.17k.com/book/1859126.html", "http://www.17k.com/book/1741975.html", "http://www.17k.com/book/192453.html", "http://www.17k.com/book/2459058.html", "http://www.17k.com/book/1050747.html", "http://www.17k.com/book/2700315.html", "http://www.17k.com/book/2818940.html", "http://www.17k.com/book/2819519.html", "http://www.17k.com/book/2816390.html", "http://www.17k.com/book/2819588.html", "http://www.17k.com/book/2813768.html", "http://www.17k.com/book/2822406.html", "http://www.17k.com/book/2772164.html", "http://www.17k.com/book/2784023.html", "http://www.17k.com/book/2811877.html", "http://www.17k.com/book/2809119.html", "http://www.17k.com/book/2803700.html", "http://www.17k.com/book/2819561.html", "http://www.17k.com/book/2746506.html", "http://www.17k.com/book/2811836.html", "http://www.17k.com/book/2614810.html", "http://www.17k.com/book/1592435.html", "http://www.17k.com/book/1949748.html", "http://www.17k.com/book/2265802.html", "http://www.17k.com/book/2743240.html", "http://www.17k.com/book/2657437.html", "http://www.17k.com/book/2644502.html", "http://www.17k.com/book/2199900.html", "http://www.17k.com/book/2725436.html", "http://www.17k.com/book/2629978.html"]}