{"ratings": -1, "userreviews": [{"userName": "\u60c5\u91cd\u8d1f\u60c5\u6d53", "userReviewDate": "2014-03-19", "userURL": "http://user.17k.com/16974810", "userReview": "\u6211\u4f1a\u8bf4\u5df2\u7ecf\u8feb\u4e0d\u53ca\u5f85\u7684\u60f3\u770b\u6bb5\u6631\u7684\u6545\u4e8b\u4e86\u5417~~~"}, {"userName": "\u68a6\u5165\u6d2a\u8352", "userReviewDate": "2012-07-06", "userURL": "http://user.17k.com/2186660", "userReview": "\u575a\u6301\u5c31\u662f\u80dc\u5229\u3002"}, {"userName": "\u7ea2\u9152\u4e00\u676f", "userReviewDate": "2012-07-01", "userURL": "http://user.17k.com/5973037", "userReview": "\u652f\u6301\u9e26\u7247\uff0c\u5728\u6b64\u6253\u5e7f\u544a\u3002"}, {"userName": "\u5927\u5a03\u9c7c", "userReviewDate": "2012-06-06", "userURL": "http://user.17k.com/3544284", "userReview": "\u80fd\u7ed9\u6211\u4ec0\u4e48\u6837\u7684\u9f99\u5957\uff1f\uff1f\uff1f\u6bcf\u67081000\u8d35\u5bbe\uff01"}, {"userName": "duanhuipo007", "userReviewDate": "2012-06-04", "userURL": "http://user.17k.com/10140480", "userReview": "\u5c0f\u8bf4\u9700\u8981\u5927\u91cf\u7684\u914d\u89d2\u540d\u5b57\uff0c\u5927\u5bb6\u53ef\u4ee5\u76f4\u63a5\u7ed9\u6211\u56de\u8d34\u62a5\u540d\uff0c\u7559\u4e0b\u59d3\u540d\u548c\u60f3\u4efb\u5b98\u804c\uff0c\u4fdd\u8bc1\u4eba\u4eba\u51fa\u573a\uff0c\u4ece\u79d1\u7ea7\u5e72\u90e8\u5230\u7701\u90e8\u7ea7\u5e72\u90e8\u90fd\u6709\uff0c\u8fd8\u6709\u5e02\u957f\u3001\u5e02\u59d4\u4e66\u8bb0\u540d\uff0c\u73b0\u5b9e\u4e2d\u5f53\u4e0d\u4e86\u5b98\uff0cyy\u4e00\u4e0b\u4e5f\u4e0d\u9519\u54e6\uff0c\u5475\u5475\uff0c\u4e00\u6735\u9c9c\u82b1\u6362\u4e2a\u5e02\u957f\u5f53\u5f53\uff0c\u4e00\u5f20\u8d35\u5bbe\u7968\u5c31\u80fd\u5f53\u7701\u957f\u4e86\uff0c\u723d\u5427\uff0c\u5475\u5475\uff0c\u62a5\u540d\u8d8a\u65e9\u7684\u5b98\u804c\u8d8a\u5927\uff0c\u62a5\u540d\u665a\u7684\uff0c\u5c31\u6765\u4e0d\u53ca\u4e86\u3002\u54c8\u54c8\uff0c\u6211\u8fd9\u7b97\u4e0d\u7b97\u4e70\u5b98\u5356\u5b98\u554a\r\n"}, {"userName": "17K\u4e66\u53cbA7LIMJH4", "userReviewDate": "2018-06-06", "userURL": "http://user.17k.com/62275198", "userReview": "\uff5e\u6211j. bj"}, {"userName": "17K\u4e66\u53cb6GQC8IU6", "userReviewDate": "2018-05-30", "userURL": "http://user.17k.com/62318420", "userReview": "[\u6253\u8d4f]\u6211\u6253\u8d4f\u4e861\u4e2a'\u5c0f\u5fc3\u5fc3'\uff01\uff01"}, {"userName": "17K\u4e66\u53cbN3645DIL", "userReviewDate": "2018-05-28", "userURL": "http://user.17k.com/62266626", "userReview": "[\u6253\u8d4f]\u6211\u6253\u8d4f\u4e861\u4e2a'\u5c0f\u5fc3\u5fc3'\uff01\uff01"}, {"userName": "17k\u4e66\u53cb9sm35our8", "userReviewDate": "2018-05-24", "userURL": "http://user.17k.com/62142022", "userReview": "[\u6253\u8d4f]\u6211\u6253\u8d4f\u4e862\u5143\u7ea2\u5305\uff01\uff01"}, {"userName": "17k\u4e66\u53cb9sm35our8", "userReviewDate": "2018-05-24", "userURL": "http://user.17k.com/62142022", "userReview": "[\u6253\u8d4f]\u6211\u6253\u8d4f\u4e862\u5143\u7ea2\u5305\uff01\uff01"}, {"userName": "17K\u4e66\u53cb767u0aeb", "userReviewDate": "2018-05-22", "userURL": "http://user.17k.com/61798399", "userReview": "[\u6253\u8d4f]\u6211\u6253\u8d4f\u4e862\u5143\u7ea2\u5305\uff01\uff01"}, {"userName": "\u8bda\u5fc3\uff0a\u6770", "userReviewDate": "2018-05-21", "userURL": "http://user.17k.com/61622509", "userReview": "[\u6253\u8d4f]\u6211\u6253\u8d4f\u4e8618\u5143\u7ea2\u5305\uff01\uff01"}, {"userName": "\u8bda\u5fc3\uff0a\u6770", "userReviewDate": "2018-05-21", "userURL": "http://user.17k.com/61622509", "userReview": "[\u6253\u8d4f]\u6211\u6253\u8d4f\u4e868\u5143\u7ea2\u5305\uff01\uff01"}, {"userName": "17K\u4e66\u53cbZU5M1145", "userReviewDate": "2018-05-21", "userURL": "http://user.17k.com/61097696", "userReview": "[\u6253\u8d4f]\u6211\u6253\u8d4f\u4e861\u4e2a'\u9e21\u8840'\uff01\uff01"}, {"userName": "17K\u4e66\u53cbWMOKMFOB", "userReviewDate": "2018-05-18", "userURL": "http://user.17k.com/61835854", "userReview": "\u600e\u4e48\u53c8\u662f\u4e00\u7fa4\u5973\u7684\u6709\u610f\u601d\u4e48"}, {"userName": "\u4e91\u98de LG", "userReviewDate": "2018-05-12", "userURL": "http://user.17k.com/55539125", "userReview": "[\u6253\u8d4f]\u6211\u6253\u8d4f\u4e861\u5143\u7ea2\u5305\uff01\uff01"}, {"userName": "\u4e91\u98de LG", "userReviewDate": "2018-05-04", "userURL": "http://user.17k.com/55539125", "userReview": "\u786e\u5b9e\u4e0d\u9519\uff0c\u7ee7\u7eed\u3002"}, {"userName": "\u4e91\u98de LG", "userReviewDate": "2018-04-26", "userURL": "http://user.17k.com/55539125", "userReview": "\u5185\u5bb9\u5f88\u7cbe\u5f69\uff0c\u52a0\u6cb9\uff01"}, {"userName": "\u5361\u739b\u5858\u4e3b", "userReviewDate": "2018-04-17", "userURL": "http://user.17k.com/54061845", "userReview": "\u770b\u4e86\u592a\u591a\u5173\u4e8e\u6b64\u7c7b\u7684\u4e66\uff0c\u4e00\u5b57\u4e0d\u843d\u770b\u523083\u7ae0\uff0c\u611f\u89c9\u4f5c\u8005\u8c8c\u4f3c\u6ca1\u6709\u5728\u57fa\u5c42\u5446\u8fc7\uff0c\u5f88\u591a\u8981\u4ea4\u4ee3\u6e05\u695a\u7684\u4e00\u7b14\u5e26\u8fc7\uff0c\u6bd4\u5982\u51e0\u4e2a\u5728\u4ed6\u5f53\u4e86\u4ee3\u7406\u53bf\u957f\u540e\u63d0\u62d4\u7684\u4eba\u5458\uff0c\u6b8a\u4e0d\u77e5\u6700\u60f3\u770b\u7684\u5c31\u662f\u8fd9\u4e9b\uff0c\u7b80\u5355\u7c97\u66b4\u4e86\u4e00\u70b9\uff0c\u4f46\u662f\u5c0f\u8bf4\u7684\u77db\u76fe\u4e0d\u65ad\u51f8\u73b0\uff0c\u8fd9\u70b9\u8fd8\u662f\u4e0d\u9519\u7684\u3002"}, {"userName": "17K\u4e66\u53cb103nhmoe", "userReviewDate": "2018-04-15", "userURL": "http://user.17k.com/60925472", "userReview": "\u4e66\u5199\u7684\u4e0d\u9519\u5f88\u597d"}], "description": "\u5f53\u5b98\u4e0d\u4e3a\u6c11\u505a\u4e3b\uff0c\u4e0d\u5982\u56de\u5bb6\u5356\u7ea2\u85af\uff0c\u5b98\u573a\u4e0d\u662f\u53ea\u6709\u8d2a\u6c61\u8150\u8d25\uff0c\u8179\u9ed1\u8be1\u6597\uff0c\u5b98\u573a\u540c\u6837\u4e5f\u6709\u6b63\u80fd\u91cf\uff0c\u4e14\u770b\u6bb5\u6cfd\u6d9b\u5982\u4f55\u4ece\u4e00\u540d\u8349\u6839\u5927\u5b66\u751f\u6210\u957f\u4e3a\u4e00\u8eab\u6b63\u6c14\u7684\u5b98\u573a\u67ad\u96c4\uff0c\u5199\u5c31\u4e00\u6bb5\u52b1\u5fd7\u4f20\u5947\uff0c\u7ed9\u4f60\u7edd\u5bf9\u7684\u6b63\u80fd\u91cf\uff0c\u8ba9\u4f60\u611f\u53d7\u4e0d\u4e00\u6837\u7684\u5b98\u573a\u6587\u5316\u3002\u3000\u3000\u3002\u3002\u3002\u3002\u3002\u3002\u3002\u3002\u3002\u3002\u3002\u3000\u3000\u4e0a\u4f4d\uff0c\u5c31\u662f\u8981\u4f60\u723d\uff01\u3000\u3000\u4e66\u53cb\u7fa4\u7fa4\u53f7\uff1a218457336\u300a\u4e0a\u4f4d\u300b1\u7fa4\uff08\u5df2\u6ee1\uff09\uff0c296565262\uff0c\u300a\u4e0a\u4f4d\u300b2\u7fa4\u3000\u3000\u65b0\u4e66\u300a\u5165\u4ed5\u300b\u5df2\u4e8e10\u67081\u53f7\u4e0a\u4f20\uff0c\u656c\u8bf7\u5173\u6ce8\uff0c\u6c42\u6708\u7968\u652f\u6301\uff01", "title": "\u4e0a\u4f4d", "url": "http://www.17k.com/book/317131.html", "average": -1.0, "cover": "http://img.17k.com/images/bookcover/2014/1585/7/317131-1414140680000.jpg", "reviews": 44703361, "authors": [{"url": "http://www.17k.com/zuozhe/10140480", "name": "\u5bc2\u5bde\u4e00\u5200"}], "type": ["\u5b98\u573a\u98ce\u4e91"], "outlinks": ["http://www.17k.com/book/2794982.html", "http://www.17k.com/book/2801292.html", "http://www.17k.com/book/2816318.html", "http://www.17k.com/book/2797575.html", "http://www.17k.com/book/2802516.html", "http://www.17k.com/book/2812195.html", "http://www.17k.com/book/2820143.html", "http://www.17k.com/book/2807943.html", "http://www.17k.com/book/2813457.html", "http://www.17k.com/book/2798058.html", "http://www.17k.com/book/2815617.html", "http://www.17k.com/book/2805259.html", "http://www.17k.com/book/2760255.html", "http://www.17k.com/book/2686894.html", "http://www.17k.com/book/2797016.html", "http://www.17k.com/book/2767246.html", "http://www.17k.com/book/2764239.html", "http://www.17k.com/book/2754498.html", "http://www.17k.com/book/2754900.html", "http://www.17k.com/book/2625740.html", "http://www.17k.com/book/2213315.html", "http://www.17k.com/book/2402178.html", "http://www.17k.com/book/2691221.html", "http://www.17k.com/book/2210699.html", "http://www.17k.com/book/1797752.html", "http://www.17k.com/book/2575507.html", "http://www.17k.com/book/2705181.html", "http://www.17k.com/book/2702539.html", "http://www.17k.com/book/2474887.html", "http://www.17k.com/book/2674733.html", "http://www.17k.com/book/2822076.html", "http://www.17k.com/book/2809894.html", "http://www.17k.com/book/2822077.html", "http://www.17k.com/book/2811930.html", "http://www.17k.com/book/2815548.html", "http://www.17k.com/book/2819620.html", "http://www.17k.com/book/2809964.html", "http://www.17k.com/book/2808200.html", "http://www.17k.com/book/2820100.html", "http://www.17k.com/book/2822978.html", "http://www.17k.com/book/2804337.html", "http://www.17k.com/book/2798814.html", "http://www.17k.com/book/2785153.html", "http://www.17k.com/book/2731559.html", "http://www.17k.com/book/2722533.html", "http://www.17k.com/book/2458377.html", "http://www.17k.com/book/2743300.html", "http://www.17k.com/book/973809.html", "http://www.17k.com/book/2651367.html", "http://www.17k.com/book/2726194.html", "http://www.17k.com/book/2790214.html", "http://www.17k.com/book/493239.html", "http://www.17k.com/book/108821.html", "http://www.17k.com/book/1398783.html", "http://www.17k.com/book/83528.html", "http://www.17k.com/book/1859126.html", "http://www.17k.com/book/1741975.html", "http://www.17k.com/book/192453.html", "http://www.17k.com/book/2459058.html", "http://www.17k.com/book/1050747.html", "http://www.17k.com/book/2700315.html", "http://www.17k.com/book/2818940.html", "http://www.17k.com/book/2819519.html", "http://www.17k.com/book/2816390.html", "http://www.17k.com/book/2819588.html", "http://www.17k.com/book/2813768.html", "http://www.17k.com/book/2822406.html", "http://www.17k.com/book/2772164.html", "http://www.17k.com/book/2784023.html", "http://www.17k.com/book/2811877.html", "http://www.17k.com/book/2809119.html", "http://www.17k.com/book/2803700.html", "http://www.17k.com/book/2819561.html", "http://www.17k.com/book/2746506.html", "http://www.17k.com/book/2811836.html", "http://www.17k.com/book/2614810.html", "http://www.17k.com/book/1592435.html", "http://www.17k.com/book/1949748.html", "http://www.17k.com/book/2265802.html", "http://www.17k.com/book/2743240.html", "http://www.17k.com/book/2657437.html", "http://www.17k.com/book/2644502.html", "http://www.17k.com/book/2199900.html", "http://www.17k.com/book/2725436.html", "http://www.17k.com/book/2629978.html"]}