{"ratings": -1, "userreviews": [{"userName": "R1nsk", "userReviewDate": "2018-04-24", "userURL": "http://user.17k.com/61203997", "userReview": "\u91cd\u56de\u7ec4\u7ec7"}, {"userName": "A\u725b\u9b54\u738b", "userReviewDate": "2018-03-12", "userURL": "http://user.17k.com/56738425", "userReview": "\u597d\u4e66\u9700\u8981\u63a8\u5e7f\uff0c\u6b63\u80fd\u91cf!2018\u63a8\u8350\u4e00\u672c\u597d\u770b\u7684\u4e66<a target='_blank' href='http://www.17k.com/book/2551937.html'>\u300a\u8d85\u65b0\u4eba\u300b</a>\uff0c\u60ca\u9669\u523a\u6fc0\uff0c\u6d6a\u6f2b\u6ee1\u5c4b\uff0c\u70ed\u8840\u683c\u6597\uff0c\u751f\u6b7b\u7231\u604b\uff0c\u6696\u6627\u4e0d\u65ad\uff0c\u5929\u5929\u66f4\u65b0\uff0c\u8bf7\u591a\u5173\u7167\uff0c\u6765\u4e2a\u6536\u85cf\u554a!\uff0c\u70b9\u51fb\u4e66\u540d\u5c31\u53ef\u4ee5\u770b\u5230\u4e66\u4e86\u3002"}, {"userName": "A\u725b\u9b54\u738b", "userReviewDate": "2018-03-04", "userURL": "http://user.17k.com/56738425", "userReview": "\u597d\u4e66\u9700\u8981\u63a8\u5e7f\uff0c\u6b63\u80fd\u91cf!2018\u63a8\u8350\u4e00\u672c\u597d\u770b\u7684\u4e66<a target='_blank' href='http://www.17k.com/book/2551937.html'>\u300a\u8d85\u65b0\u4eba\u300b</a>\uff0c\u60ca\u9669\u523a\u6fc0\uff0c\u6d6a\u6f2b\u6ee1\u5c4b\uff0c\u70ed\u8840\u683c\u6597\uff0c\u751f\u6b7b\u7231\u604b\uff0c\u6696\u6627\u4e0d\u65ad\uff0c\u5929\u5929\u66f4\u65b0\uff0c\u8bf7\u591a\u5173\u7167\uff0c\u6765\u4e2a\u6536\u85cf\u554a!\uff0c\u70b9\u51fb\u4e66\u540d\u5c31\u53ef\u4ee5\u770b\u5230\u4e66\u4e86\u3002"}, {"userName": "zombiehaha", "userReviewDate": "2018-02-21", "userURL": "http://user.17k.com/60079074", "userReview": "[\u6253\u8d4f]\u6211\u6253\u8d4f\u4e862\u5143\u7ea2\u5305\uff01\uff01"}, {"userName": "SU\u4e36\u79bb\u5fc3", "userReviewDate": "2018-02-07", "userURL": "http://user.17k.com/41852455", "userReview": "[\u6253\u8d4f]\u6211\u6253\u8d4f\u4e861\u5143\u7ea2\u5305\uff01\uff01"}, {"userName": "A\u725b\u9b54\u738b", "userReviewDate": "2018-01-31", "userURL": "http://user.17k.com/56738425", "userReview": "\u63a8\u8350\u4e00\u672c\u60ca\u9669\u523a\u6fc0\u597d\u770b\u7684\u4e66<a target='_blank' href='http://www.17k.com/book/2728167.html'>\u300a\u6211\u548c\u5996\u517d\u6709\u4e2a\u7ea6\u4f1a\u300b</a>\uff0c\u5929\u5929\u66f4\u65b0\uff0c\u8bf7\u591a\u591a\u5173\u7167\uff0c\u6765\u4e2a\u6536\u85cf\u5427!\u70b9\u51fb\u4e66\u540d\u5c31\u53ef\u4ee5\u770b\u5230\u4e86 \u3002"}, {"userName": "kool\u6377", "userReviewDate": "2018-01-26", "userURL": "http://user.17k.com/56730892", "userReview": "\u63a8\u8350\u4e00\u672c\u597d\u770b\u7684\u4e66<a target='_blank' href='http://www.17k.com/book/2551937.html'>\u300a\u8d85\u65b0\u4eba\u300b</a>\uff0c\u60ca\u9669\u523a\u6fc0\u6d6a\u6f2b\u4e0d\u65ad\uff0c\u5929\u5929\u66f4\u65b0\uff0c\u591a\u591a\u652f\u6301\uff0c\u6765\u4e2a\u6536\u85cf\u3002\u70b9\u51fb\u4e66\u540d\u5c31\u53ef\u4ee5\u770b\u5230\u4e66\u4e86\u3002"}, {"userName": "xmqhome", "userReviewDate": "2018-01-08", "userURL": "http://user.17k.com/1121751", "userReview": "&nbsp;<a target='_blank' href='http://www.17k.com/book/799926.html'>\u300a\u4ed9\u7f18\u65e0\u9650\u300b</a>\u6765\u8bbf\uff0c\u9001\u82b1\u652f\u6301\uff0c\u795d\u8d8a\u5199\u8d8a\u597d\uff0c\u4f5c\u54c1\u75af\u72c2\u5927\u5356\u3002\u540c\u65f6\uff0c\u501f\u8d35\u5b9d\u5730\u6253\u4e2a\u5e7f\u544a\uff0c\u672c\u4eba\u4f5c\u54c1\u6b63\u5728\u8fde\u8f7d\uff0c\u6b22\u8fce\u5404\u4f4d\u6709\u5174\u8da3\u7684\u8bfb\u8005\u591a\u591a\u524d\u5f80\u8ba2\u9605\u652f\u6301\u3002"}, {"userName": "kool\u6377", "userReviewDate": "2018-01-07", "userURL": "http://user.17k.com/56730892", "userReview": "\u63a8\u8350\u4e00\u672c\u597d\u770b\u7684\u4e66<a target='_blank' href='http://www.17k.com/book/2551937.html'>\u300a\u8d85\u65b0\u4eba\u300b</a>\uff0c\u8bf7\u6765\u4e2a\u6536\u85cf\u5427\uff01"}, {"userName": "\u98de\u96ea\u4e71\u6e05\u98ce", "userReviewDate": "2017-12-20", "userURL": "http://user.17k.com/45159154", "userReview": "<a target='_blank' href='http://www.17k.com/book/2677053.html'>\u300a\u9b54\u5984\u300b</a>\u6765\u8bbf\uff0c\u665a\u597d\uff0c\u661f\u6cb3"}, {"userName": "\u70ed\u6d77\u6c90\u9633", "userReviewDate": "2017-12-20", "userURL": "http://user.17k.com/58610453", "userReview": "<a target='_blank' href='http://www.17k.com/book/2729786.html'>\u300a\u6211\u8fd9\u4e9b\u5e74\u7684\u4fee\u4ed9\u6545\u4e8b\u300b</a>\u6765\u8bbf\u652f\u6301\uff0c\u7ed9\u5927\u5927\u589e\u52a0\u70b9\u4eba\u6c14\uff0c\u5927\u5927\u52a0\u6cb9\u3002\u5404\u4f4d\u4e66\u53cb\u53ef\u4ee5\u770b\u4e0b\u6211\u7684\u4f5c\u54c1\uff0c\u65b0\u4eba\u6c42\u652f\u6301\u3002"}, {"userName": "\u68a6\u788e\u51cc\u70df\u9601", "userReviewDate": "2017-12-07", "userURL": "http://user.17k.com/58642234", "userReview": "<a target='_blank' href='http://www.17k.com/book/2731039.html'>\u300a\u843d\u53f6\u5728\u79cb\u98ce\u91cc\u98de\u300b</a>\u8fc7\u6765\u652f\u6301\u5927\u5927\uff0c\u6c42\u6307\u70b9\u5475"}, {"userName": "\u9050\u60f31399097841", "userReviewDate": "2017-11-28", "userURL": "http://user.17k.com/56576276", "userReview": "<a target='_blank' href='http://www.17k.com/book/2674742.html'>\u300a\u672b\u65e5\u6765\u4e34\u4e4b\u672b\u65e5\u7cfb\u7edf\u300b</a>\uff0c\u4e0d\u4e00\u6837\u7684\u672b\u4e16\u3002\u5e7d\u9ed8\u7684\u98ce\u683c\uff0c\u5360\u6709\u6570\u79cd\u7c7b\u522b\u3002\u6c42\u4eae\u70b9\u652f\u6301\u54df~"}, {"userName": "ywh1111111111", "userReviewDate": "2017-11-12", "userURL": "http://user.17k.com/51764471", "userReview": "\u4e1c\u54e5\u5feb\u66f4"}, {"userName": "\u8f7b\u821e\u4e4b\u7ec8", "userReviewDate": "2017-11-06", "userURL": "http://user.17k.com/46898731", "userReview": "[\u6253\u8d4f]\u6211\u6253\u8d4f\u4e862\u5143\u7ea2\u5305\uff01\uff01"}, {"userName": "17K\u4e66\u53cbaw19mtst", "userReviewDate": "2017-10-25", "userURL": "http://user.17k.com/57385180", "userReview": "\u6eda\uff01\u7f8e\u56fd\u4eba\uff0c"}, {"userName": "ywh1111111111", "userReviewDate": "2017-10-01", "userURL": "http://user.17k.com/51764471", "userReview": "md\u600e\u4e48\u6bcf\u4e2a\u4e16\u754c\u90fd\u6709\u84dd\u6708\u4eae"}, {"userName": "\u653e\u677e970626816", "userReviewDate": "2017-08-25", "userURL": "http://user.17k.com/54308056", "userReview": "<a target='_blank' href='http://www.17k.com/book/2633799.html'>\u300a\u661f\u9645\u62a4\u536b\u961f\u300b</a>\u524d\u6765\u89c2\u6469\u5b66\u4e60\uff0c\u8bf7\u5927\u5927\u652f\u6301\u3002"}, {"userName": "\u5929\u5c06\u4fee\u70bc", "userReviewDate": "2017-08-24", "userURL": "http://user.17k.com/56682499", "userReview": "<a target='_blank' href='http://www.17k.com/book/2604972.html'>\u300a\u6e90\u6218\u5929\u5730\u300b</a>\u524d\u6765\u62dc\u8bfb\uff0c\u5185\u5bb9\u7cbe\u5f69\uff0c\u8bed\u53e5\u6d41\u7545\uff0c\u795d\u5927\u5927\u65e9\u65e5\u4e00\u4e66\u5c01\u795e\uff0c\u5e0c\u671b\u5927\u5927\u56de\u8bbf\uff0c\u6307\u70b9\u672c\u4e66\u7684\u4e0d\u8db3\u3002"}, {"userName": "wo\u85d5\u7c89", "userReviewDate": "2017-08-19", "userURL": "http://user.17k.com/56913629", "userReview": "\u4f5c\u8005\u73a9\u771f\u4e09\u56fd\u65e0\u53cc\u5427\u3002\u3002 \u7279\u522b\u4f69\u670d\u4f5c\u8005\uff0c\u4e4b\u524d\u90a3\u672c\u4e66\u4e5f\u770b\u8fc7\uff0c\u7cbe\u5f69\u4e0d\u89e3\u91ca\u3002"}], "description": "\u8fd9\u662f\u4e00\u573a\u7531\u4e24\u767e\u4e2a\u5929\u624d\u53c2\u52a0\u7684\u8d85\u7ea7\u535a\u5f08\u6e38\u620f\u3000\u3000\u8fd9\u662f\u4e00\u573a\u8de8\u8d8a\u4e8c\u5341\u516b\u4e2a\u4e16\u754c\u7684\u65e0\u5c3d\u6218\u4e89\u3000\u3000\u8fd9\u662f\u4e00\u573a\u4e0a\u5e1d\u4e0e\u4e0a\u5e1d\u4e4b\u95f4\u7684\u4e16\u754c\u4e89\u593a\u6218\uff0c\u5728\u8fd9\u91cc\uff0c\u9053\u5fb7\u4e0e\u7406\u6027\u3001\u68a6\u60f3\u4e0e\u6b32\u671b\u3001\u7231\u60c5\u4e0e\u80cc\u53db\u3001\u667a\u6167\u4e0e\u52c7\u6c14\uff0c\u8fd0\u6c14\u4e0e\u529b\u91cf\uff0c\u5c06\u64e6\u51fa\u6700\u7cbe\u5f69\u7684\u706b\u82b1\u2026\u2026\u5230\u5e95\uff0c\u8c01\u624d\u662f\u6700\u540e\u7684\u80dc\u5229\u8005\uff1f\u54ea\u4e2a\u4e0a\u5e1d\uff0c\u624d\u80fd\u591f\u7b11\u5230\u6700\u540e\uff1f", "title": "\u4e0a\u5e1d\u4eec\u7684\u90a3\u4e9b\u4e8b\u513f", "url": "http://www.17k.com/book/1032379.html", "average": -1.0, "cover": "http://img.17k.com/images/bookcover/2018/5161/25/1032379-1527079503000.jpg", "reviews": 831504, "authors": [{"url": "http://www.17k.com/zuozhe/16634128", "name": "\u78a7\u9732\u661f\u6cb3"}], "type": ["\u661f\u9645\u6218\u4e89"], "outlinks": ["http://www.17k.com/book/2794982.html", "http://www.17k.com/book/2801292.html", "http://www.17k.com/book/2816318.html", "http://www.17k.com/book/2797575.html", "http://www.17k.com/book/2802516.html", "http://www.17k.com/book/2812195.html", "http://www.17k.com/book/2820143.html", "http://www.17k.com/book/2807943.html", "http://www.17k.com/book/2813457.html", "http://www.17k.com/book/2798058.html", "http://www.17k.com/book/2815617.html", "http://www.17k.com/book/2805259.html", "http://www.17k.com/book/2760255.html", "http://www.17k.com/book/2686894.html", "http://www.17k.com/book/2797016.html", "http://www.17k.com/book/2767246.html", "http://www.17k.com/book/2764239.html", "http://www.17k.com/book/2754498.html", "http://www.17k.com/book/2754900.html", "http://www.17k.com/book/2625740.html", "http://www.17k.com/book/2213315.html", "http://www.17k.com/book/2402178.html", "http://www.17k.com/book/2691221.html", "http://www.17k.com/book/2210699.html", "http://www.17k.com/book/1797752.html", "http://www.17k.com/book/2575507.html", "http://www.17k.com/book/2705181.html", "http://www.17k.com/book/2702539.html", "http://www.17k.com/book/2474887.html", "http://www.17k.com/book/2674733.html", "http://www.17k.com/book/2822076.html", "http://www.17k.com/book/2809894.html", "http://www.17k.com/book/2822077.html", "http://www.17k.com/book/2811930.html", "http://www.17k.com/book/2815548.html", "http://www.17k.com/book/2819620.html", "http://www.17k.com/book/2809964.html", "http://www.17k.com/book/2808200.html", "http://www.17k.com/book/2820100.html", "http://www.17k.com/book/2822978.html", "http://www.17k.com/book/2804337.html", "http://www.17k.com/book/2798814.html", "http://www.17k.com/book/2785153.html", "http://www.17k.com/book/2731559.html", "http://www.17k.com/book/2722533.html", "http://www.17k.com/book/2458377.html", "http://www.17k.com/book/2743300.html", "http://www.17k.com/book/973809.html", "http://www.17k.com/book/2651367.html", "http://www.17k.com/book/2726194.html", "http://www.17k.com/book/2790214.html", "http://www.17k.com/book/493239.html", "http://www.17k.com/book/108821.html", "http://www.17k.com/book/1398783.html", "http://www.17k.com/book/83528.html", "http://www.17k.com/book/1859126.html", "http://www.17k.com/book/1741975.html", "http://www.17k.com/book/192453.html", "http://www.17k.com/book/2459058.html", "http://www.17k.com/book/1050747.html", "http://www.17k.com/book/2700315.html", "http://www.17k.com/book/2818940.html", "http://www.17k.com/book/2819519.html", "http://www.17k.com/book/2816390.html", "http://www.17k.com/book/2819588.html", "http://www.17k.com/book/2813768.html", "http://www.17k.com/book/2822406.html", "http://www.17k.com/book/2772164.html", "http://www.17k.com/book/2784023.html", "http://www.17k.com/book/2811877.html", "http://www.17k.com/book/2809119.html", "http://www.17k.com/book/2803700.html", "http://www.17k.com/book/2819561.html", "http://www.17k.com/book/2746506.html", "http://www.17k.com/book/2811836.html", "http://www.17k.com/book/2614810.html", "http://www.17k.com/book/1592435.html", "http://www.17k.com/book/1949748.html", "http://www.17k.com/book/2265802.html", "http://www.17k.com/book/2743240.html", "http://www.17k.com/book/2657437.html", "http://www.17k.com/book/2644502.html", "http://www.17k.com/book/2199900.html", "http://www.17k.com/book/2725436.html", "http://www.17k.com/book/2629978.html"]}