{"ratings": -1, "userreviews": [{"userName": "\u98ce\u9b42\u7b52\u5b50", "userReviewDate": "2018-05-06", "userURL": "http://user.17k.com/11014386", "userReview": "\u770b\u4e86200\u591a\u7ae0\uff0c\u5199\u7684\u4ec0\u4e48\u73a9\u610f\uff0c\u5973\u4eba\u6765\u4e00\u4e2a\u4e0a\u4e00\u4e2a\uff0c\u6ca1\u6709\u4efb\u4f55\u94fa\u57ab\uff0c\u5347\u7ea7\u4e5f\u6a21\u7cca\u4e0d\u6e05\uff0c\u529d\u540e\u9762\u7684\u8bfb\u8005\u4e0d\u8981\u770b\u4e86\uff0c\u771f\u4e0d\u80fd\u770b\uff0c\u4eba\u5bb6\u90fd\u662f\u4e00\u4e24\u767e\u7ae0\u5728\u6536\u8d39\uff0c\u8fd9\u5bb6\u4f19\u94b1\u524d\u51e0\u5341\u5f20\u5c31\u6536\u8d39\u4e86\uff0c\u7c7b\u5bb9\u5dee\u8fd8\u6ca1\u6536\u8d39\u2026\u2026"}, {"userName": "\u5723\u9690\u5e1d\u5143", "userReviewDate": "2018-03-31", "userURL": "http://user.17k.com/57760595", "userReview": "\u7b7e\u5230"}, {"userName": "\u5475\u5475511215400", "userReviewDate": "2018-03-25", "userURL": "http://user.17k.com/60570254", "userReview": "[\u6253\u8d4f]\u6211\u6253\u8d4f\u4e861\u4e2a'\u5c0f\u5fc3\u5fc3'\uff01\uff01"}, {"userName": "\u7b11\u4e36\u9189", "userReviewDate": "2018-03-15", "userURL": "http://user.17k.com/60273979", "userReview": "<a target='_blank' href='http://www.17k.com/book/2788923.html'>\u300a\u8bf8\u7075\u6c5f\u5f52\u300b</a>\u652f\u6301\u5927\u5927 \u5927\u5927\u52a0\u6cb9 \u4ee5\u88ab\u5267\u60c5\u8ff7\u4f4f"}, {"userName": "\u9646\u4e5d\u9704", "userReviewDate": "2018-03-12", "userURL": "http://user.17k.com/58507271", "userReview": "\u4f5c\u8005\u5927\u5927\u4e66\u975e\u5e38\u597d\uff0c\u4e00\u76f4\u5728\u8ffd\u8bfb\u3002\u4e66\u8352\u4e86\u7684\u670b\u53cb\uff0c\u6211\u7ed9\u4f60\u4eec\u4ecb\u7ecd\u4e00\u672c\u4e66<a target='_blank' href='http://www.17k.com/book/2724537.html'>\u300a\u82cd\u7a79\u8427\u5e1d\u300b</a>\u3002"}, {"userName": "\u6de1\u7b11\u770b\u4eba\u751f", "userReviewDate": "2018-03-11", "userURL": "http://user.17k.com/45473276", "userReview": "<a target='_blank' href='http://www.17k.com/book/1728734.html'>\u300a\u8d5a\u94b1\u8bb0\u300b</a>\u795d\u5927\u5927\u4f5c\u54c1\u5982\u96e8\u540e\u6625\u7b0b\uff0c\u8c31\u5199\uff08\u91d1\uff09\u5f69\u4eba\u751f\u3002"}, {"userName": "\u841d\u535c\uff01", "userReviewDate": "2018-03-11", "userURL": "http://user.17k.com/45200300", "userReview": "\u95f9\u4e66\u8352\u7684\u670b\u53cb\u53ef\u4ee5\u53bb\u770b<a target='_blank' href='http://www.17k.com/book/1688308.html'>\u300a\u5929\u8c34\u6740\u795e\u300b</a>\uff0c\u60f3\u5bf9\u559c\u6b22\u4eba\u7684\u8bf4\u5374\u8bf4\u4e0d\u51fa\u6765\u7684\u8bdd\u53ef\u4ee5\u544a\u8bc9\u4f5c\u8005\uff0c\u53e6\u5916\u795d\u5927\u5927\u8d8a\u6765\u8d8a\u597d\u3002"}, {"userName": "A\u725b\u9b54\u738b", "userReviewDate": "2018-03-04", "userURL": "http://user.17k.com/56738425", "userReview": "\u597d\u4e66\u9700\u8981\u63a8\u5e7f\uff0c\u6b63\u80fd\u91cf!2018\u63a8\u8350\u4e00\u672c\u597d\u770b\u7684\u4e66<a target='_blank' href='http://www.17k.com/book/2551937.html'>\u300a\u8d85\u65b0\u4eba\u300b</a>\uff0c\u60ca\u9669\u523a\u6fc0\uff0c\u6d6a\u6f2b\u6ee1\u5c4b\uff0c\u70ed\u8840\u683c\u6597\uff0c\u751f\u6b7b\u7231\u604b\uff0c\u6696\u6627\u4e0d\u65ad\uff0c\u5929\u5929\u66f4\u65b0\uff0c\u8bf7\u591a\u5173\u7167\uff0c\u6765\u4e2a\u6536\u85cf\u554a!\uff0c\u70b9\u51fb\u4e66\u540d\u5c31\u53ef\u4ee5\u770b\u5230\u4e66\u4e86\u3002"}, {"userName": "\u65e0\u72b9", "userReviewDate": "2018-03-02", "userURL": "http://user.17k.com/59065515", "userReview": "<a target='_blank' href='http://www.17k.com/book/2760890.html'>\u300a\u4e07\u9aa8\u5723\u6218\u300b</a>\u524d\u6765\u89c2\u6469\u3002"}, {"userName": "kool\u6377", "userReviewDate": "2018-02-28", "userURL": "http://user.17k.com/56730892", "userReview": "2018\u63a8\u8350\u4e00\u672c\u597d\u770b\u7684\u4e66<a target='_blank' href='http://www.17k.com/book/2728167.html'>\u300a\u6211\u548c\u5996\u517d\u6709\u4e2a\u7ea6\u4f1a\u300b</a>,\u5929\u5929\u66f4\u65b0\uff0c\u8bf7\u591a\u5173\u7167\uff0c\u6765\u4e2a\u6536\u85cf\u554a!\uff0c\u70b9\u51fb\u4e66\u540d\u5c31\u53ef\u4ee5\u770b\u5230\u4e66\u4e86\u3002"}, {"userName": "A\u725b\u9b54\u738b", "userReviewDate": "2018-02-27", "userURL": "http://user.17k.com/56738425", "userReview": "\u597d\u4e66\u9700\u8981\u63a8\u5e7f\uff0c\u6b63\u80fd\u91cf!2018\u63a8\u8350\u4e00\u672c\u597d\u770b\u7684\u4e66<a target='_blank' href='http://www.17k.com/book/2551937.html'>\u300a\u8d85\u65b0\u4eba\u300b</a>\uff0c\u60ca\u9669\u523a\u6fc0\uff0c\u6d6a\u6f2b\u6ee1\u5c4b\uff0c\u70ed\u8840\u683c\u6597\uff0c\u751f\u6b7b\u7231\u604b\uff0c\u6696\u6627\u4e0d\u65ad\uff0c\u4e0e\u4f17\u4e0d\u540c\uff0c\u5929\u5929\u66f4\u65b0\uff0c\u8bf7\u591a\u5173\u7167\uff0c\u6765\u4e2a\u6536\u85cf\u554a!\uff0c\u70b9\u51fb\u4e66\u540d\u5c31\u53ef\u4ee5\u770b\u5230\u4e66\u4e86\u3002"}, {"userName": "\u9646\u4e5d\u9704", "userReviewDate": "2018-02-25", "userURL": "http://user.17k.com/58507271", "userReview": "\u4f5c\u8005\u5927\u5927\u4e66\u771f\u597d\uff0c\u5df2\u7ecf\u6536\u85cf\uff0c\u5e76\u4e14\u4e00\u76f4\u8ffd\u8bfb\u3002\u4e66\u8352\u7684\u670b\u53cb\uff0c\u6211\u7ed9\u4f60\u4eec\u63a8\u8350\u4e00\u672c\u4e66<a target='_blank' href='http://www.17k.com/book/2724537.html'>\u300a\u82cd\u7a79\u8427\u5e1d\u300b</a>\u3002"}, {"userName": "A\u725b\u9b54\u738b", "userReviewDate": "2018-02-24", "userURL": "http://user.17k.com/56738425", "userReview": "\u597d\u4e66\u9700\u8981\u63a8\u5e7f\uff0c\u6b63\u80fd\u91cf!2018\u63a8\u8350\u4e00\u672c\u597d\u770b\u7684\u4e66<a target='_blank' href='http://www.17k.com/book/2551937.html'>\u300a\u8d85\u65b0\u4eba\u300b</a>\uff0c\u60ca\u9669\u523a\u6fc0\uff0c\u6d6a\u6f2b\u6ee1\u5c4b\uff0c\u70ed\u8840\u683c\u6597\uff0c\u751f\u6b7b\u7231\u604b\uff0c\u6696\u6627\u4e0d\u65ad\uff0c\u5929\u5929\u66f4\u65b0\uff0c\u8bf7\u591a\u5173\u7167\uff0c\u6765\u4e2a\u6536\u85cf\u554a!\uff0c\u70b9\u51fb\u4e66\u540d\u5c31\u53ef\u4ee5\u770b\u5230\u4e66\u4e86\u3002"}, {"userName": "A\u725b\u9b54\u738b", "userReviewDate": "2018-02-15", "userURL": "http://user.17k.com/56738425", "userReview": "\u65b0\u5e74\u5230!\u65b0\u5e74\u5feb\u4e50!\u63a8\u8350\u4e00\u672c\u597d\u770b\u7684\u4e66<a target='_blank' href='http://www.17k.com/book/2551937.html'>\u300a\u8d85\u65b0\u4eba\u300b</a>\uff0c\u60ca\u9669\u523a\u6fc0\uff0c\u6d6a\u6f2b\u6ee1\u5c4b\uff0c\u70ed\u8840\u683c\u6597\uff0c\u751f\u6b7b\u7231\u604b\uff0c\u6696\u6627\u4e0d\u65ad\uff0c\u5929\u5929\u66f4\u65b0\uff0c\u8bf7\u591a\u5173\u7167\uff0c\u6765\u4e2a\u6536\u85cf\u554a!\uff0c\u70b9\u51fb\u4e66\u540d\u5c31\u53ef\u4ee5\u770b\u5230\u4e66\u4e86\u3002"}, {"userName": "\u5c0f\u5e73\u7231\u5403\u8089", "userReviewDate": "2018-02-15", "userURL": "http://user.17k.com/56748158", "userReview": "\u8fd8\u597d\u5427\uff0c\u53ef\u4ee5\u7684\u8bdd\u6765\u770b\u770b\u8fd9\u4e2a<a target='_blank' href='http://www.17k.com/book/2778083.html'>\u300a\u6211\u7684\uff0c\u4e16\u95f4\u300b</a>\uff0c\u8fd8\u6709\uff0c\u5f81\u6c42\u8fd9\u672c\u4e66\u7684\u5c01\u9762\u3002"}, {"userName": "A\u725b\u9b54\u738b", "userReviewDate": "2018-02-10", "userURL": "http://user.17k.com/56738425", "userReview": "\u63a8\u8350\u4e00\u672c\u597d\u770b\u7684\u4e66<a target='_blank' href='http://www.17k.com/book/2551937.html'>\u300a\u8d85\u65b0\u4eba\u300b</a>\uff0c\u60ca\u9669\u523a\u6fc0\uff0c\u6d6a\u6f2b\u6ee1\u5c4b\uff0c\u70ed\u8840\u683c\u6597\uff0c\u751f\u6b7b\u7231\u604b\uff0c\u6696\u6627\u4e0d\u65ad\uff0c\u5929\u5929\u66f4\u65b0\uff0c\u8bf7\u591a\u5173\u7167\uff0c\u6765\u4e2a\u6536\u85cf\u554a!\uff0c\u70b9\u51fb\u4e66\u540d\u5c31\u53ef\u4ee5\u770b\u5230\u4e66\u4e86\u3002"}, {"userName": "\u9ec4\u74dc\u7684\u5bbf\u547d", "userReviewDate": "2018-02-09", "userURL": "http://user.17k.com/53195742", "userReview": "<a target='_blank' href='http://www.17k.com/book/2377865.html'>\u300a\u81f3\u9738\u82cd\u751f\u8bc0\u300b</a>\u6765\u8bbf\uff0c\u6c42\u652f\u6301\u6c42\u6269\u6563\uff0c\u87f9\u87f9\u3002"}, {"userName": "A\u725b\u9b54\u738b", "userReviewDate": "2018-02-06", "userURL": "http://user.17k.com/56738425", "userReview": "\u63a8\u8350\u4e00\u672c\u597d\u770b\u7684\u4e66<a target='_blank' href='http://www.17k.com/book/2551937.html'>\u300a\u8d85\u65b0\u4eba\u300b</a>\uff0c\u60ca\u9669\u523a\u6fc0\uff0c\u6d6a\u6f2b\u6ee1\u5c4b\uff0c\u6696\u6627\u6e29\u60c5\uff0c\u4f20\u6388\u60c5\u7231\u771f\u8c1b\uff0c\u5929\u5929\u66f4\u65b0\uff0c\u8bf7\u591a\u591a\u5173\u7167\uff0c\u6765\u4e2a\u6536\u85cf\u5427!\u70b9\u51fb\u4e66\u540d\u5c31\u53ef\u4ee5\u770b\u5230\u4e66\u4e86\u3002"}, {"userName": "yz\u5927\u4eba", "userReviewDate": "2018-02-04", "userURL": "http://user.17k.com/59569684", "userReview": "<span style='color:black'>\u6ce8\u610f\uff0c\u6211\u6765\u63a8\u8350\u65b0\u4e66\u4e86\u3002\u524d\u65b9\u9ad8\u80fd\uff01\uff01\uff01\u65b0\u4e66<a target='_blank' href='http://www.17k.com/book/2763925.html'>\u300a\u767d\u8863\u65e0\u5fcc\u300b</a>\uff0c\u7384\u5e7b\u7684\u540c\u597d\u4eec\u53ef\u4ee5\u6765\u770b\u770b\uff0c\u8fc7\u4e86\u8fd9\u4e2a\u6751\u5c31\u6ca1\u8fd9\u4e2a\u5e97\u4e86\u3002\u5f53\u7136\uff0c\u65b0\u4e66\u561b\uff0c\u603b\u4f1a\u6709\u7eb0\u6f0f\u5566\uff0c\u4f46\uff0c\u4f60\u4eec\u627e\u51fa\u7684\u7eb0\u6f0f\uff0c\u6211\u4f1a\u5c3d\u529b\u5706\u56de\u6765\u7684\u3002\u4f60\u4eec\u8981\u7ed9\u6211\u673a\u4f1a\u554a\uff01\uff01\uff01\u662f\u4e0d\u662f\u3002\u5e05\u7684\u4eba\u65e9\u5df2\u70b9\u51fb\uff0c\u4e11\u7684\u4eba\u8fd8\u5728\u72b9\u8c6b\u3002\u90a3\u4e48\u5e05\uff08\u7f8e\uff09\u7684\u4f60\uff0c\u6ca1\u9053\u7406\u4e0d\u8d76\u7d27\u70b9\u51fb\u554a\uff0c\u8ba4\u51c6\u4e66\u540d<a target='_blank' href='http://www.17k.com/book/2763925.html'>\u300a\u767d\u8863\u65e0\u5fcc\u300b</a>\u3002\u4f60\u6765\u6216\u4e0d\u6765\uff0c\u6211\u90fd\u5728\u8fd9\u91cc\uff01\uff01\uff01</span>"}, {"userName": "\u9646\u4e5d\u9704", "userReviewDate": "2018-02-04", "userURL": "http://user.17k.com/58507271", "userReview": "\u4f5c\u8005\u5927\u5927\u4e66\u5199\u7684\u771f\u597d\uff0c\u5df2\u7ecf\u6536\u85cf\uff0c\u5e76\u4e14\u8ffd\u8bfb\u3002\u4e66\u8352\u7684\u670b\u53cb\uff0c\u6211\u7ed9\u4f60\u4eec\u63a8\u8350\u4e00\u672c\u4e66<a target='_blank' href='http://www.17k.com/book/2724537.html'>\u300a\u82cd\u7a79\u8427\u5e1d\u300b</a>\u3002"}], "description": "\u9752\u6c34\uff0c\u4e00\u4e2a\u7a7f\u8d8a\u5230\u4e5d\u5dde\u5927\u9646\u7684\u5e9f\u67f4\uff0c\u5374\u610f\u5916\u91cd\u91cd\u5371\u673a\u2026\u2026\u4fee\u5f3a\u8eab\uff0c\u5b66\u9053\u6cd5\uff0c\u4ed6\u63d0\u5347\u5883\u754c\uff1b\u70bc\u8fd8\u4e39\uff0c\u8d74\u4ed9\u5883\uff0c\u4ed6\u6405\u52a8\u4e7e\u5764\uff0c\u767b\u9876\u5f02\u4e16\uff01", "title": "\u4e0a\u53e4\u5f3a\u8eab\u672f", "url": "http://www.17k.com/book/2695710.html", "average": -1.0, "cover": "http://img.17k.com/images/bookcover/partner/57/10/2695710/2695710.jpg", "reviews": 5335928, "authors": [{"url": "http://www.17k.com/zuozhe/56805684", "name": "\u6211\u662f\u591a\u4f59\u4eba"}], "type": ["\u4e1c\u65b9\u7384\u5e7b"], "outlinks": ["http://www.17k.com/book/2794982.html", "http://www.17k.com/book/2801292.html", "http://www.17k.com/book/2816318.html", "http://www.17k.com/book/2797575.html", "http://www.17k.com/book/2802516.html", "http://www.17k.com/book/2812195.html", "http://www.17k.com/book/2820143.html", "http://www.17k.com/book/2807943.html", "http://www.17k.com/book/2813457.html", "http://www.17k.com/book/2798058.html", "http://www.17k.com/book/2815617.html", "http://www.17k.com/book/2805259.html", "http://www.17k.com/book/2760255.html", "http://www.17k.com/book/2686894.html", "http://www.17k.com/book/2797016.html", "http://www.17k.com/book/2767246.html", "http://www.17k.com/book/2764239.html", "http://www.17k.com/book/2754498.html", "http://www.17k.com/book/2754900.html", "http://www.17k.com/book/2625740.html", "http://www.17k.com/book/2213315.html", "http://www.17k.com/book/2402178.html", "http://www.17k.com/book/2691221.html", "http://www.17k.com/book/2210699.html", "http://www.17k.com/book/1797752.html", "http://www.17k.com/book/2575507.html", "http://www.17k.com/book/2705181.html", "http://www.17k.com/book/2702539.html", "http://www.17k.com/book/2474887.html", "http://www.17k.com/book/2674733.html", "http://www.17k.com/book/2822076.html", "http://www.17k.com/book/2809894.html", "http://www.17k.com/book/2822077.html", "http://www.17k.com/book/2811930.html", "http://www.17k.com/book/2815548.html", "http://www.17k.com/book/2819620.html", "http://www.17k.com/book/2809964.html", "http://www.17k.com/book/2808200.html", "http://www.17k.com/book/2820100.html", "http://www.17k.com/book/2822978.html", "http://www.17k.com/book/2804337.html", "http://www.17k.com/book/2798814.html", "http://www.17k.com/book/2785153.html", "http://www.17k.com/book/2731559.html", "http://www.17k.com/book/2722533.html", "http://www.17k.com/book/2458377.html", "http://www.17k.com/book/2743300.html", "http://www.17k.com/book/973809.html", "http://www.17k.com/book/2651367.html", "http://www.17k.com/book/2726194.html", "http://www.17k.com/book/2790214.html", "http://www.17k.com/book/493239.html", "http://www.17k.com/book/108821.html", "http://www.17k.com/book/1398783.html", "http://www.17k.com/book/83528.html", "http://www.17k.com/book/1859126.html", "http://www.17k.com/book/1741975.html", "http://www.17k.com/book/192453.html", "http://www.17k.com/book/2459058.html", "http://www.17k.com/book/1050747.html", "http://www.17k.com/book/2700315.html", "http://www.17k.com/book/2818940.html", "http://www.17k.com/book/2819519.html", "http://www.17k.com/book/2816390.html", "http://www.17k.com/book/2819588.html", "http://www.17k.com/book/2813768.html", "http://www.17k.com/book/2822406.html", "http://www.17k.com/book/2772164.html", "http://www.17k.com/book/2784023.html", "http://www.17k.com/book/2811877.html", "http://www.17k.com/book/2809119.html", "http://www.17k.com/book/2803700.html", "http://www.17k.com/book/2819561.html", "http://www.17k.com/book/2746506.html", "http://www.17k.com/book/2811836.html", "http://www.17k.com/book/2614810.html", "http://www.17k.com/book/1592435.html", "http://www.17k.com/book/1949748.html", "http://www.17k.com/book/2265802.html", "http://www.17k.com/book/2743240.html", "http://www.17k.com/book/2657437.html", "http://www.17k.com/book/2644502.html", "http://www.17k.com/book/2199900.html", "http://www.17k.com/book/2725436.html", "http://www.17k.com/book/2629978.html"]}