{"ratings": -1, "userreviews": [{"userName": "\u5947\u5e7b\u7684\u7231", "userReviewDate": "2018-02-13", "userURL": "http://user.17k.com/10006987", "userReview": "\u524d\u6765\u652f\u6301\u5927\u5927"}, {"userName": "doubt167371568", "userReviewDate": "2017-12-18", "userURL": "http://user.17k.com/58189467", "userReview": "\u643a<a target='_blank' href='http://www.17k.com/book/2709501.html'>\u300a\u7941\u56fd\u56db\u5bb6\u4e4b\u6743\u6cea\u300b</a>\u6765\u62dc\u8bbf\u5927\u5927\u5566\u2014w\u2014\u3002\u5927\u5927\u52a0\u6cb9\u54e6~"}, {"userName": "\u68a6\u788e\u51cc\u70df\u9601", "userReviewDate": "2017-12-17", "userURL": "http://user.17k.com/58642234", "userReview": "<a target='_blank' href='http://www.17k.com/book/2731039.html'>\u300a\u843d\u53f6\u5728\u79cb\u98ce\u91cc\u98de\u300b</a>\u524d\u6765\u62dc\u8bfb \uff0c\u6709\u7a7a\u8fc7\u6765\u5750\u5750"}, {"userName": "\u672a\u6765\u8001\u9f20", "userReviewDate": "2017-12-15", "userURL": "http://user.17k.com/46396493", "userReview": "\u68d2\u68d2\u68d2\uff0c\u597d\u770b\u5624\u5624\u5624<a target='_blank' href='http://www.17k.com/book/2725309.html'>\u300a\u534a\u7c73\u9633\u5149\u84dd\u5c71\u5357\u300b</a>\u6765\u8bbf"}, {"userName": "\u6012\u706b\u9006\u884c", "userReviewDate": "2017-12-12", "userURL": "http://user.17k.com/53905955", "userReview": "\u597d\u6587\u85cf\u9605\uff0c<a target='_blank' href='http://www.17k.com/book/2407846.html'>\u300a\u9690\u795e\u8bb0\u300b</a>\u62dc\u8bbf\uff01"}, {"userName": "\u51b0\u5929\u859b\u5730", "userReviewDate": "2017-12-09", "userURL": "http://user.17k.com/58128459", "userReview": "<a target='_blank' href='http://www.17k.com/book/2714783.html'>\u300a\u51ac\u5b63\u7684\u706b\u7130\u300b</a>\u7279\u6765\u5230\u8bbf\uff0c\u5927\u5927\u52a0\u6cb9\uff0c\u5199\u5f97\u5f88\u597d\u54e6"}, {"userName": "\u661f\u7a7a\u591c\u68a6\u8d30", "userReviewDate": "2017-12-09", "userURL": "http://user.17k.com/58011970", "userReview": "\u5927\u5927\u6b64\u6587\u5199\u5f97\u4e0d\u9519\u54df\uff0c\u6587\u5b66\u529f\u5e95\u5f88\u597d\u8036\uff0c\u60c5\u8282\u6784\u601d\u4e5f\u633a\u597d\uff0c\u4eba\u7269\u51fa\u573a\u5f88\u5408\u7406\uff0c\u6027\u683c\u9971\u6ee1\uff0c\u6709\u8840\u6709\u8089\u3002\u73af\u5883\u63cf\u5199\u5f88\u72ec\u5230\uff0c\u6ca1\u6709\u8d58\u4f59\u6210\u5206\uff0c\u884c\u6587\u7b80\u7ec3\u3002 \u795d\u5927\u5927\u521b\u4f5c\u5feb\u4e50\uff0c\u7ea2\u7ea2\u706b\u706b\u54df\uff01 <a target='_blank' href='http://www.17k.com/book/2705953.html'>\u300a\u9b3c\u8ff9\u5bfb\u8e2a\u300b</a>\u62dc\u8bfb\u4f73\u4f5c\uff0c\u652f\u6301\u597d\u4e66\uff0c\u7559\u4e0b\u8db3\u8ff9\u3002"}, {"userName": "\u58a8\u4ee3\u9752\u534e", "userReviewDate": "2017-11-05", "userURL": "http://user.17k.com/57525969", "userReview": "\u643a<a target='_blank' href='http://www.17k.com/book/2694109.html'>\u300a\u83c1\u67d4\u4f20\u300b</a>\u6765\u4e5f\uff0c\u5927\u5927\u52a0\u6cb9\uff01"}, {"userName": "\u6f13\u5c0f\u7237", "userReviewDate": "2017-10-30", "userURL": "http://user.17k.com/58176006", "userReview": "\u643a<a target='_blank' href='http://www.17k.com/book/2708548.html'>\u300a\u5996\u7f18\u5f55\u300b</a>\u6765\u62dc\u8bbf\u5927\u5927\uff0c\u5927\u5927\u52a0\u6cb9\uff01"}], "description": "\u4e00\u4e2a\u672b\u4ee3\u516c\u4e3b\u4e0e\u4e00\u4e2a\u4fca\u4fcf\u516c\u5b50\u70df\u96e8\u76f8\u9022\uff0c\u4e00\u89c1\u503e\u5fc3\u3002\u8c01\u77e5\u90a3\u964c\u4e0a\u516c\u5b50\u63a5\u8fd1\u5979\u53e6\u6709\u9690\u60c5\u3002\u56fd\u7834\u4e4b\u65e5\u516c\u4e3b\u4ece\u57ce\u4e0a\u8dc3\u4e0b\uff0c\u8bb8\u4e0b\u4e03\u751f\u4e03\u4e16\u7684\u8bc5\u5492......\u591a\u5e74\u540e\uff0c\u4e00\u53ea\u51cc\u9704\u82b1\u5996\u5728\u80cc\u4e95\u79bb\u4e61\u7684\u65f6\u5019\u5076\u9047\u4e00\u4e2a\u767d\u8863\u7fe9\u7fe9\u7684\u4ed9\u4eba\uff0c\u4ed9\u4eba\u9001\u5979\u6d85\u69c3\u91d1\u5370\uff0c\u8bf4\u548c\u5979\u6709\u7f18\u3002\u82b1\u5996\u515c\u515c\u8f6c\u8f6c\u5230\u4e86\u795e\u754c\uff0c\u53d1\u73b0\u81ea\u5df1\u7684\u8eab\u4efd\u7adf\u7136\u4e0d\u4e00\u822c\uff0c\u4e0e\u6b64\u540c\u65f6\u53c8\u5bf9\u4ed9\u4eba\u6697\u751f\u60c5\u612b\u3002\u5355\u7eaf\u7684\u82b1\u5996\u95ef\u5165\u4e86\u590d\u6742\u7684\u795e\u754c\uff0c\u5c42\u5c42\u53e0\u53e0\u7684\u8ff7\u96fe\u80cc\u540e\uff0c\u662f\u66f4\u5927\u7684\u9634\u8c0b\uff0c\u4e5f\u662f\u4e03\u751f\u4e03\u4e16\u7684\u7ea0\u7f20\u3002\u51cc\u9704\u82b1\u6d77\u6df1\u5904\u6ca1\u6709\u6df1\u6c89\u5fc3\u8ba1\uff0c\u53ea\u6709\u4e00\u4e2a\u7528\u7231\u7b51\u8d77\u7684\u539a\u5821\u5792\uff0c\u62a4\u5979\u4e0e\u5929\u4e0b\u82cd\u751f\uff0c\u76f4\u5230\u5343\u79cb\u4e07\u4ee3......", "title": "\u4e0a\u795e\u7684\u4e03\u4e16\u5b7d\u7f18", "url": "http://www.17k.com/book/2710316.html", "average": -1.0, "cover": "http://img.17k.com/images/bookcover/default_cover2.jpg", "reviews": 1297, "authors": [{"url": "http://www.17k.com/zuozhe/45565767", "name": "\u5f90\u79bb\u6853\u747e"}], "type": ["\u7384\u5e7b\u4ed9\u4fa0"], "outlinks": ["http://www.17k.com/book/2794982.html", "http://www.17k.com/book/2801292.html", "http://www.17k.com/book/2816318.html", "http://www.17k.com/book/2797575.html", "http://www.17k.com/book/2802516.html", "http://www.17k.com/book/2812195.html", "http://www.17k.com/book/2820143.html", "http://www.17k.com/book/2807943.html", "http://www.17k.com/book/2813457.html", "http://www.17k.com/book/2798058.html", "http://www.17k.com/book/2815617.html", "http://www.17k.com/book/2805259.html", "http://www.17k.com/book/2760255.html", "http://www.17k.com/book/2686894.html", "http://www.17k.com/book/2797016.html", "http://www.17k.com/book/2767246.html", "http://www.17k.com/book/2764239.html", "http://www.17k.com/book/2754498.html", "http://www.17k.com/book/2754900.html", "http://www.17k.com/book/2625740.html", "http://www.17k.com/book/2213315.html", "http://www.17k.com/book/2402178.html", "http://www.17k.com/book/2691221.html", "http://www.17k.com/book/2210699.html", "http://www.17k.com/book/1797752.html", "http://www.17k.com/book/2575507.html", "http://www.17k.com/book/2705181.html", "http://www.17k.com/book/2702539.html", "http://www.17k.com/book/2474887.html", "http://www.17k.com/book/2674733.html", "http://www.17k.com/book/2822076.html", "http://www.17k.com/book/2809894.html", "http://www.17k.com/book/2822077.html", "http://www.17k.com/book/2811930.html", "http://www.17k.com/book/2815548.html", "http://www.17k.com/book/2819620.html", "http://www.17k.com/book/2809964.html", "http://www.17k.com/book/2808200.html", "http://www.17k.com/book/2820100.html", "http://www.17k.com/book/2822978.html", "http://www.17k.com/book/2804337.html", "http://www.17k.com/book/2798814.html", "http://www.17k.com/book/2785153.html", "http://www.17k.com/book/2731559.html", "http://www.17k.com/book/2722533.html", "http://www.17k.com/book/2458377.html", "http://www.17k.com/book/2743300.html", "http://www.17k.com/book/973809.html", "http://www.17k.com/book/2651367.html", "http://www.17k.com/book/2726194.html", "http://www.17k.com/book/2790214.html", "http://www.17k.com/book/493239.html", "http://www.17k.com/book/108821.html", "http://www.17k.com/book/1398783.html", "http://www.17k.com/book/83528.html", "http://www.17k.com/book/1859126.html", "http://www.17k.com/book/1741975.html", "http://www.17k.com/book/192453.html", "http://www.17k.com/book/2459058.html", "http://www.17k.com/book/1050747.html", "http://www.17k.com/book/2700315.html", "http://www.17k.com/book/2818940.html", "http://www.17k.com/book/2819519.html", "http://www.17k.com/book/2816390.html", "http://www.17k.com/book/2819588.html", "http://www.17k.com/book/2813768.html", "http://www.17k.com/book/2822406.html", "http://www.17k.com/book/2772164.html", "http://www.17k.com/book/2784023.html", "http://www.17k.com/book/2811877.html", "http://www.17k.com/book/2809119.html", "http://www.17k.com/book/2803700.html", "http://www.17k.com/book/2819561.html", "http://www.17k.com/book/2746506.html", "http://www.17k.com/book/2811836.html", "http://www.17k.com/book/2614810.html", "http://www.17k.com/book/1592435.html", "http://www.17k.com/book/1949748.html", "http://www.17k.com/book/2265802.html", "http://www.17k.com/book/2743240.html", "http://www.17k.com/book/2657437.html", "http://www.17k.com/book/2644502.html", "http://www.17k.com/book/2199900.html", "http://www.17k.com/book/2725436.html", "http://www.17k.com/book/2629978.html"]}