{"ratings": -1, "userreviews": [{"userName": "17k\u4e66\u53cb5jhgi5wmu", "userReviewDate": "2018-05-01", "userURL": "http://user.17k.com/61397935", "userReview": "[\u6253\u8d4f]\u6211\u6253\u8d4f\u4e8618\u5143\u7ea2\u5305\uff01\uff01"}, {"userName": "\u6de1\u7b11\u770b\u4eba\u751f", "userReviewDate": "2018-03-02", "userURL": "http://user.17k.com/45473276", "userReview": "<a target='_blank' href='http://www.17k.com/book/1728734.html'>\u300a\u8d5a\u94b1\u8bb0\u300b</a>\u795d\u5927\u5927\u5143\u5bb5\u5feb\u4e50\u3002"}, {"userName": "\u590f\u5fc6\u6674", "userReviewDate": "2017-12-09", "userURL": "http://user.17k.com/54452638", "userReview": "<a target='_blank' href='http://www.17k.com/book/2447071.html'>\u300a\u6068\u522b\u79bb\uff0c\u957f\u76f8\u601d\u300b</a>\u6765\u8bbf\uff0c\u5404\u4f4d\u8def\u8fc7\u7684\u770b\u5b98\u513f\uff0c\u6709\u7a7a\u53bb\u6211\u90a3\u5750\u5750\u3002"}, {"userName": "\u533f\u540d14102012311142", "userReviewDate": "2017-09-02", "userURL": "http://user.17k.com/37091686", "userReview": "\u770b\u8fc7\u9752\u6749\u843d\u62d3\u5927\u90e8\u5206\u7684\u4e66\uff0c\u4e5f\u770b\u4e86\u597d\u51e0\u904d\uff0c\u975e\u5e38\u559c\u6b22\uff0c\u503c\u5f97\u5927\u5bb6\u54c1\u8bfb\uff0c\u5e0c\u671b\u770b\u5230\u65b0\u4f5c\uff01&#55356;&#57145;&#55356;&#57145;&#55356;&#57145;"}, {"userName": "\u5357\u6dfa", "userReviewDate": "2017-08-02", "userURL": "http://user.17k.com/56193923", "userReview": "\u671f\u5f85\uff0c\u65b0\u4f5c\u54c1\uff0c\u52a0\u6cb9"}, {"userName": "\u5357\u6dfa", "userReviewDate": "2017-08-02", "userURL": "http://user.17k.com/56193923", "userReview": "\u671f\u5f85\uff0c\u65b0\u4f5c\u54c1\uff0c\u52a0\u6cb9"}, {"userName": "\u5357\u6dfa", "userReviewDate": "2017-08-02", "userURL": "http://user.17k.com/56193923", "userReview": "\u671f\u5f85\uff0c\u65b0\u4f5c\u54c1\uff0c\u52a0\u6cb9"}, {"userName": "\u7cca\u6d82\u505a\u4eba", "userReviewDate": "2017-07-04", "userURL": "http://user.17k.com/55620086", "userReview": "\u819c\u62dc\u5927\u5927\uff0c\u62d9\u4f5c\u6307\u5bfc\u4e00\u4e0b\u5427"}, {"userName": "\u7b49\u7b49805436003", "userReviewDate": "2017-06-30", "userURL": "http://user.17k.com/55985602", "userReview": "\u4f5c\u8005\u5927\u5927\uff0c\u4f60\u6536\u6253\u5b57\u7684\u4e48\uff0c\u53ef\u4ee5\u56de\u590d\u6211\u4e48"}, {"userName": "\u6e05\u98ce\u5f90\u6765527551714", "userReviewDate": "2017-01-25", "userURL": "http://user.17k.com/52793370", "userReview": "\u53cd\u590d\u591a\u6b21\u8bfb\u8fc7\u9752\u886b\u843d\u62d3\u7684\u5c0f\u8bf4\uff0c\u5f88\u559c\u6b22"}, {"userName": "\u5343\u58a8\u5f71", "userReviewDate": "2017-01-13", "userURL": "http://user.17k.com/51861537", "userReview": "<a target='_blank' href='http://www.17k.com/book/2301661.html'>\u300a\u4f17\u795e\u4e3a\u654c\u300b</a>\u6765\u8bbf\uff0c\u6c42\u56de\u8bbf\u6307\u6559\u3002 \u7f8e\u5973\u5e08\u7236\u6de1\u6de1\u4e00\u7b11\uff0c\u4e22\u7ed9\u4e86\u4ed6\u4e00\u5f20\u9762\u5177\u3002\u4ece\u6b64\uff0c\u4ed6\u4e3a\u76d7\u8d3c\uff0c\u5316\u540d\u5c0f\u4e11\u3002"}, {"userName": "99\u5e74\u671f\u7ec8\u8eab\u4f1a\u5458", "userReviewDate": "2016-09-13", "userURL": "http://user.17k.com/10492691", "userReview": "\u6587\u7b14\u592a\u597d\u4e86\uff0c\u5b9e\u5728\u662f\u7cbe\u5f69"}, {"userName": "139562****", "userReviewDate": "2014-05-07", "userURL": "http://user.17k.com/15406264", "userReview": "\u5199\u7684\u771f\u597d\uff01"}, {"userName": "\u65e0\u7ebf\u9f20\u6807", "userReviewDate": "2011-04-28", "userURL": "http://user.17k.com/3537172", "userReview": "\u503c\u5f97\u7ec6\u9605\u54c1\u5c1d,\u52a0\u52b2\u513f\u5199\u4e0b\u53bb\u5427!"}, {"userName": "\u65e0\u7ebf\u9f20\u6807", "userReviewDate": "2011-04-08", "userURL": "http://user.17k.com/3537172", "userReview": "\u503c\u5f97\u7ec6\u9605\u54c1\u5c1d,\u52a0\u52b2\u513f\u5199\u4e0b\u53bb\u5427!"}, {"userName": "\u6d45\u5531\u590f\u5c0f\u606c\u54d2\u60b2\u4f24", "userReviewDate": "2011-03-19", "userURL": "http://user.17k.com/3629208", "userReview": "\u592a\u597d\u770b\u4e86\uff0c\u5f3a\u70c8\u671f\u5f85\u60a8\u7684\u66f4\u65b0!\u671f\u5f85\u56de\u8e29\u54e6\uff01\u300a\u9519\u7231\u4e4b\u6211\u7684\u65e0\u60c5\u5983\u300b\u4e66\u53f7\uff1a96522"}], "description": "\u516d\u5e74\u7684\u611f\u60c5\uff0c\u5a5a\u671f\u5c06\u8fd1\uff0c\u4ed6\u5bf9\u5979\u8bf4\uff1a\u201c\u5bf9\u4e0d\u8d77\uff0c\u79cb\u79cb\uff0c\u6211\u4eec\u5206\u624b\u5427\u3002\u201d\u7537\u53cb\u6210\u4e86\u522b\u4eba\u7684\u672a\u5a5a\u592b\uff0c\u4e00\u6bb5\u7231\u6210\u4e86\u5c18\u57c3\u3002\u5979\u53ea\u80fd\u5206\u5272\u623f\u4ea7\uff0c\u63a9\u57cb\u5fc3\u75db\uff0c\u5bc4\u60c5\u4e8e\u5de5\u4f5c\u3002\u3000\u3000\u4e00\u4e2a\u9082\u9005\uff0c\u4e00\u4e2a\u8f7b\u543b\uff0c\u4ed6\u5bf9\u5979\u8bf4\uff1a\u201c\u79cb\u79cb\uff0c\u4f60\u7ef7\u5f97\u592a\u7d27\uff0c\u6211\u5e0c\u671b\u4f60\u4eab\u53d7\u6211\u7684\u8ffd\u6c42\uff0c\u800c\u4e0d\u662f\u5f3a\u6253\u7cbe\u795e\u548c\u6211\u5468\u65cb\u3002\u201d\u3000\u3000\u623f\u5ba2\u5bf9\u5979\u8868\u767d\uff0c\u4e00\u6bb5\u7231\u6084\u7136\u843d\u5728\u5fc3\u6d77\u3002\u5979\u4e0d\u77e5\u9053\u662f\u6293\u4f4f\u773c\u524d\u6b22\u5a31\uff0c\u8fd8\u662f\u671f\u8bb8\u66f4\u591a\u66f4\u4e45\u3002\u3000\u3000\u4e00\u4e2a\u7a81\u5982\u5176\u6765\u7684\u6c42\u5a5a\uff0c\u4ed6\u5bf9\u5979\u8bf4\uff1a\u201c\u6211\u5e0c\u671b\u6211\u662f\u90a3\u4e2a\u966a\u4f60\u8d70\u4e0b\u4e00\u6bb5\u8def\u7684\u4eba\uff0c\u6211\u4e5f\u5e0c\u671b\u90a3\u6bb5\u8def\u80fd\u957f\u5230\u6c38\u8fdc\u3002\u201d\u524d\u4efb\u8001\u677f\u5411\u5979\u8bb8\u4e0b\u8bfa\u8a00\u3002\u3000\u3000\u5f53\u7231\u5df2\u7ecf\u4e0d\u77e5\u4e0d\u89c9\u6e32\u67d3\u5f00\u6765\uff0c\u5979\u8be5\u5982\u4f55\u51b3\u5b9a\u672a\u6765\uff1f", "title": "\u4e0b\u4e00\u6b21\u7231\u60c5\u6765\u7684\u65f6\u5019", "url": "http://www.17k.com/book/97220.html", "average": -1.0, "cover": "http://img.17k.com/images/bookcover/2012/486/2/97220.jpg", "reviews": 1025837, "authors": [{"url": "http://www.17k.com/zuozhe/3655827", "name": "\u9752\u886b\u843d\u62d3"}], "type": ["\u5a5a\u604b\u7231\u60c5"], "outlinks": ["http://www.17k.com/book/2794982.html", "http://www.17k.com/book/2801292.html", "http://www.17k.com/book/2816318.html", "http://www.17k.com/book/2797575.html", "http://www.17k.com/book/2802516.html", "http://www.17k.com/book/2812195.html", "http://www.17k.com/book/2820143.html", "http://www.17k.com/book/2807943.html", "http://www.17k.com/book/2813457.html", "http://www.17k.com/book/2798058.html", "http://www.17k.com/book/2815617.html", "http://www.17k.com/book/2805259.html", "http://www.17k.com/book/2760255.html", "http://www.17k.com/book/2686894.html", "http://www.17k.com/book/2797016.html", "http://www.17k.com/book/2767246.html", "http://www.17k.com/book/2764239.html", "http://www.17k.com/book/2754498.html", "http://www.17k.com/book/2754900.html", "http://www.17k.com/book/2625740.html", "http://www.17k.com/book/2213315.html", "http://www.17k.com/book/2402178.html", "http://www.17k.com/book/2691221.html", "http://www.17k.com/book/2210699.html", "http://www.17k.com/book/1797752.html", "http://www.17k.com/book/2575507.html", "http://www.17k.com/book/2705181.html", "http://www.17k.com/book/2702539.html", "http://www.17k.com/book/2474887.html", "http://www.17k.com/book/2674733.html", "http://www.17k.com/book/2822076.html", "http://www.17k.com/book/2809894.html", "http://www.17k.com/book/2822077.html", "http://www.17k.com/book/2811930.html", "http://www.17k.com/book/2815548.html", "http://www.17k.com/book/2819620.html", "http://www.17k.com/book/2809964.html", "http://www.17k.com/book/2808200.html", "http://www.17k.com/book/2820100.html", "http://www.17k.com/book/2822978.html", "http://www.17k.com/book/2804337.html", "http://www.17k.com/book/2798814.html", "http://www.17k.com/book/2785153.html", "http://www.17k.com/book/2731559.html", "http://www.17k.com/book/2722533.html", "http://www.17k.com/book/2458377.html", "http://www.17k.com/book/2743300.html", "http://www.17k.com/book/973809.html", "http://www.17k.com/book/2651367.html", "http://www.17k.com/book/2726194.html", "http://www.17k.com/book/2790214.html", "http://www.17k.com/book/493239.html", "http://www.17k.com/book/108821.html", "http://www.17k.com/book/1398783.html", "http://www.17k.com/book/83528.html", "http://www.17k.com/book/1859126.html", "http://www.17k.com/book/1741975.html", "http://www.17k.com/book/192453.html", "http://www.17k.com/book/2459058.html", "http://www.17k.com/book/1050747.html", "http://www.17k.com/book/2700315.html", "http://www.17k.com/book/2818940.html", "http://www.17k.com/book/2819519.html", "http://www.17k.com/book/2816390.html", "http://www.17k.com/book/2819588.html", "http://www.17k.com/book/2813768.html", "http://www.17k.com/book/2822406.html", "http://www.17k.com/book/2772164.html", "http://www.17k.com/book/2784023.html", "http://www.17k.com/book/2811877.html", "http://www.17k.com/book/2809119.html", "http://www.17k.com/book/2803700.html", "http://www.17k.com/book/2819561.html", "http://www.17k.com/book/2746506.html", "http://www.17k.com/book/2811836.html", "http://www.17k.com/book/2614810.html", "http://www.17k.com/book/1592435.html", "http://www.17k.com/book/1949748.html", "http://www.17k.com/book/2265802.html", "http://www.17k.com/book/2743240.html", "http://www.17k.com/book/2657437.html", "http://www.17k.com/book/2644502.html", "http://www.17k.com/book/2199900.html", "http://www.17k.com/book/2725436.html", "http://www.17k.com/book/2629978.html"]}