{"ratings": -1, "userreviews": [{"userName": "\u964c\u9ed8825", "userReviewDate": "2014-10-05", "userURL": "http://user.17k.com/36227855", "userReview": "Hi,\u8def\u8def\uff0c\u6709\u51e0\u5929\u6ca1\u5728\u8fd9\u91cc\u7559\u4e0b\u81ea\u5df1\u7684\u722a\u5370\u4e86\uff0co(\u2267v\u2266)o\uff0c\u8def\u8def\u75c5\u8fd8\u6ca1\u6709\u597d\u554a\uff0c\u8981\u5c3d\u5feb\u7684\u597d\u8d77\u6765\u554a\uff0c\u771f\u5fc3\u8f9b\u82e6\uff0c\u5e0c\u671b\u8def\u8def\u65e9\u65e5\u5eb7\u590d\uff01\u7b7e\u5230\u7684\u65f6\u5019\uff0c\u770b\u4e86\u4e0b\u8fd9\u672c\u4e66\u8def\u8def\u5df2\u7ecf\u5199\u4e86\u4e24\u4e2a\u6708\u4e86\uff0c\u4ee3\u8868\u6211\u8ffd\u6587\u4e5f\u4e24\u4e2a\u6708\u4e86\uff0c\u6bcf\u5929\uff0c\u51e0\u4e4e\u6ca1\u95f4\u65ad\u8fc7\uff0c\u65f6\u95f4\u8fc7\u5f97\u8fd8\u771f\u662f\u633a\u5feb\u3002\u8def\u8def\u7684\u6587\u53ef\u80fd\u8fd8\u672a\u53d1\u5c55\u5230\u9ad8\u6f6e\uff0c\u4f46\u6211\u770b\u6587\u7684\u5fc3\u60c5\u603b\u7b97\u662f\u8fc7\u4e86\u8fd9\u6837\u4e00\u4e2a\u65f6\u671f\uff0c\u4f9d\u7136\u4f1a\u8ffd\u6587\uff0c\u4f46\u4e0d\u4f1a\u50cf\u4e4b\u524d\u90a3\u4e48\u8feb\u4e0d\u53ca\u5f85\u548c\u7126\u6025\u7684\u7b49\u7740\u66f4\u65b0\uff0c\u60f3\u60f3\u521a\u5f00\u59cb\u7684\u90a3\u6bb5\u65e5\u5b50\uff0c\u771f\u5fc3\u662f\u6bcf\u5929\u65e9\u6668\u4e00\u8d77\u5e8a\u5c31\u770b\u6709\u6ca1\u6709\u66f4\u65b0\uff0c\u5f00\u5b66\u4e4b\u540e\uff0c\u53c8\u56e0\u4e3a\u53cd\u6b63\u662f\u4e0a\u5927\u5b66\u4e48\uff0c\u5c31\u60f3\u7740\u653e\u7eb5\u81ea\u5df1\u4e00\u6bb5\u65f6\u95f4\u5427\uff0c\u6bcf\u5929\u65e9\u6668\u672c\u6765\u6253\u7b97\u80cc\u80cc\u4e66\u7684\uff0c\u4f46\u662f\u53c8\u56e0\u4e3a\u592a\u671f\u5f85\u6545\u4e8b\u7684\u53d1\u5c55\uff0c\u6240\u4ee5\u597d\u51e0\u6b21\u65e9\u6668\u90fd\u5728\u90a3\u62b1\u7740\u624b\u673a\u7b49\u66f4\u65b0\uff0c\u54e6\uff0c\u5c31\u662f\u660e\u6717\u8eab\u4efd\u6d6e\u51fa\u6c34\u9762\u548c\u963f\u516c\u53bb\u4e16\u90a3..."}, {"userName": "\u65e0\u8fb0\u516c\u5b50", "userReviewDate": "2018-04-12", "userURL": "http://user.17k.com/37851235", "userReview": "[\u6253\u8d4f]\u6211\u6253\u8d4f\u4e862\u5143\u7ea2\u5305\uff01\uff01"}, {"userName": "\u6d77\u71d5836559545", "userReviewDate": "2018-03-16", "userURL": "http://user.17k.com/55538821", "userReview": "\u770b\u4e86\u597d\u591a\u4e66\uff0c\u53ea\u6709\u8fd9\u672c\u770b\u5b8c\u4e86\uff0c\u770b\u6765\uff0c\u5185\u5bb9\u5199\u7684\u4e0d\u9519\uff0c\u5438\u5f15\u4eba\u554a\uff01"}, {"userName": "\u8018\u5f00\u609f\u660e", "userReviewDate": "2017-05-09", "userURL": "http://user.17k.com/51629831", "userReview": "\u5199\u7684\u771f\u597d\uff01"}, {"userName": "5b871T9711R9nCW5", "userReviewDate": "2017-02-27", "userURL": "http://user.17k.com/53777922", "userReview": "\u633a\u5f15\u4eba\u770b"}, {"userName": "\u6cb3\u8fb9\u8001\u7fc1", "userReviewDate": "2017-01-21", "userURL": "http://user.17k.com/52458528", "userReview": "http://www.17k.com/list/2325524.html\u3010\u9b3c\u63a2\u8096\u514b\u3011\u6765\u8bbf\u3002\u4e92\u8bbf\u554a\u5927\u795e"}, {"userName": "\u5357\u5be8\u6155\u70df", "userReviewDate": "2016-09-26", "userURL": "http://user.17k.com/48656071", "userReview": "\u989d\u7b2c\u4e00\u5f20\u5c31\u5f00\u59cb\u8bf7\u5047\u90fd5\u7ae0"}, {"userName": "\u6735\u6559\u4e3b99", "userReviewDate": "2016-09-10", "userURL": "http://user.17k.com/47781158", "userReview": "<a target='_blank' href='http://www.17k.com/book/2124197.html'>\u300a\u8179\u9ed1\u603b\u88c1\u51b7\u8840\u59bb\u300b</a>\u524d\u6765\u62dc\u8bbf\uff0c\u6c42\u8bc4\u8bba\uff0c\u6c42\u70b9\u9605\uff0c\u8c22\u8c22"}, {"userName": "\u848b\u661f\u68a6", "userReviewDate": "2016-08-21", "userURL": "http://user.17k.com/48936972", "userReview": "\u597d\u591a\u7684\u4e66\uff0c\u7b7e\u5230\uff0c\u795d\u5927\u5927\u6bcf\u672c\u90fd\u5199\u51fa\u6700\u7f8e\u7684\u7231\u60c5\uff01"}, {"userName": "\u6d41\u4e91\u9e3f\u96c1", "userReviewDate": "2016-07-13", "userURL": "http://user.17k.com/46116338", "userReview": "\u5148\u606d\u795d\u5927\u5927\u7ea2\u7ea2\u706b\u706b\uff0c<a target='_blank' href='http://www.17k.com/book/1943322.html'>\u300a\u6210\u5409\u601d\u6c57\u8ff7\u8ff9\u8ffd\u8e2a\u300b</a>\u524d\u6765\u8e6d\u573a\u3002\u4e0d\u6c42\u652f\u6301\uff0c\u4e0d\u6c42\u9c9c\u82b1\uff0c\u6c42\u5410\u69fd\uff0c\u6b22\u8fce\u524d\u6765\u7838\u573a\u5b50"}, {"userName": "\u4e0a\u537f\u513f", "userReviewDate": "2016-07-12", "userURL": "http://user.17k.com/46511823", "userReview": "\u7a7f\u8d8a\u5f02\u754c\u9b3c\u624d\u70bc\u4e39\u5e08\uff0c\u8bf7\u5927\u5bb6\u591a\u5e2e\u5fd9\u5ba3\u4f20\u4e00\u4e0b\uff0c\u6c42\u652f\u6301\uff01\uff01\u8c22\u8c22\uff01\uff01\u4e48\u4e48\u54d2\uff01\uff01\u5404\u4f4d\u5927\u795e\uff0c\u6709\u8bbf\u5fc5\u56de"}, {"userName": "\u7b11\u7ea2\u5c18518432166", "userReviewDate": "2016-05-15", "userURL": "http://user.17k.com/43623281", "userReview": "\u559c\u6b22\u770b\u8def\u8def\u7684\u4e66\uff0c\u4ec0\u4e48\u65f6\u5019\u6709\u65b0\u4e66\uff0c\u522b\u8ba9\u6211\u4eec\u7b49\u592a\u4e45"}, {"userName": "\u2121\u542e\u7b28\u300e\u9ed1\u8c93", "userReviewDate": "2016-04-01", "userURL": "http://user.17k.com/43675576", "userReview": "\u300a\u7edd\u5e9e\u738b\u5983\u6bbf\u4e0b\u300b\u6765\u8bbf\uff0c\u5e0c\u671b\u5927\u5bb6\u591a\u591a\u652f\u6301\u3002"}, {"userName": "\u5929\u7a7a\u7684\u75f4\u604b", "userReviewDate": "2016-03-06", "userURL": "http://user.17k.com/13873664", "userReview": "\u8def\u4eba\u4ec0\u4e48\u65f6\u5019\u5f00\u65b0\u4e66\uff0c\u7b49\u4e86\u5feb\u4e00\u5e74\u4e86"}, {"userName": "\u4e661510219760", "userReviewDate": "2016-01-24", "userURL": "http://user.17k.com/44690995", "userReview": "\u597d\u770b,\u63a8\u8350!"}, {"userName": "\u73ae\u5458\u963f\u9a9a", "userReviewDate": "2016-01-21", "userURL": "http://user.17k.com/37610458", "userReview": "\u8def\u8def"}, {"userName": "\u7a1a\u6a58", "userReviewDate": "2016-01-14", "userURL": "http://user.17k.com/44140527", "userReview": "\u52a0\u6cb9\u7a3b\u8349\u4eba\uff0c\u4ec0\u4e48\u65f6\u5019\u5f00\u65b0\u4e66\u5462(&gt;\ufe4f&lt;)"}, {"userName": "\u67af*\u7ffc", "userReviewDate": "2016-01-13", "userURL": "http://user.17k.com/44233920", "userReview": "\u52a0\u6cb9\uff0c\u67af\u7ffc\u6765\u4e86\uff0c\u671f\u5f85\u5927\u5927\u66f4\u65b0<a target='_blank' href='http://www.17k.com/book/1568996.html'>\u300a\u82e5\u5f97\u5b89\u7a33\u8c01\u613f\u6d41\u79bb\u300b</a>"}, {"userName": "\u5c0f\u4e563804128", "userReviewDate": "2016-01-11", "userURL": "http://user.17k.com/23010538", "userReview": "\u8ffd\u5b8c\u6240\u6709\u4e66\uff0c\u6bcf\u672c\u770b\u770b\u4e86\u4e09\u904d\u4ee5\u4e0a\uff0c\u6c42\u65b0\u4e66\uff01"}, {"userName": "\u65e0\u8fb0\u516c\u5b50", "userReviewDate": "2016-01-05", "userURL": "http://user.17k.com/37851235", "userReview": "<span style='color:Magenta'>\u4ec0\u4e48\u65f6\u5019\u5f00\u65b0\u4e66\u554a<img src='http://img.17k.com/images/face/204nu.gif' /></span>"}], "description": "\u6bcf\u4e2a\u5973\u4eba\u90fd\u68a6\u60f3\u4e00\u4e2a\u76db\u5927\u7684\u8c6a\u95e8\u5a5a\u793c\uff0c\u5979\u5f97\u507f\u6240\u613f\uff0c\u4f46\u662f\u65b0\u90ce\u5374\u4e0d\u7231\u5979\u3002\u90a3\u53c8\u5982\u4f55\u5462\uff1f\u518d\u597d\u7684\u7537\u4eba\uff0c\u80fd\u6bd4\u5f97\u4e0a\u5bcc\u8d35\u5929\u5bb6\u7684\u5e78\u798f\u751f\u6d3b\uff1f\u800c\u4e14\uff0c\u5979\u53cd\u6b63\u5feb\u6b7b\u4e86\uff0c\u4e34\u6b7b\u524d\uff0c\u603b\u8981\u597d\u597d\u5730\u4eab\u53d7\u751f\u6d3b\u5427\uff1f\u3000\u3000\u53ea\u662f\u6240\u8c13\u610f\u5916\uff0c\u5c31\u662f\u610f\u6599\u4e4b\u5916\uff0c\u5979\u6000\u4e0a\u4e86\uff0c\u80fd\u600e\u529e\uff1f\u53cd\u6b63\u5b69\u5b50\u4ed6\u7239\u4e5f\u4e0d\u559c\u6b22\u5979\uff0c\u8fd8\u4e0d\u5982\u65e9\u65e9\u5730\u6000\u7740\u53cc\u80de\u80ce\u8d70\uff0c\u9876\u591a\u65e5\u540e\u5206\u4ed6\u4e00\u4e2a\u5c31\u662f\u4e86\u3002", "title": "\u4e0d\u4e0e\u6696\u7537\u4ed8\u7ec8\u8eab", "url": "http://www.17k.com/book/947154.html", "average": -1.0, "cover": "http://img.17k.com/images/bookcover/2015/4735/23/947154-1421308474000.jpg", "reviews": 1094938, "authors": [{"url": "http://www.17k.com/zuozhe/2412595", "name": "\u8fc7\u8def\u4eba\u4e0e\u7a3b\u8349\u4eba"}], "type": ["\u603b\u88c1\u8c6a\u95e8"], "outlinks": ["http://www.17k.com/book/2794982.html", "http://www.17k.com/book/2801292.html", "http://www.17k.com/book/2816318.html", "http://www.17k.com/book/2797575.html", "http://www.17k.com/book/2802516.html", "http://www.17k.com/book/2812195.html", "http://www.17k.com/book/2820143.html", "http://www.17k.com/book/2807943.html", "http://www.17k.com/book/2813457.html", "http://www.17k.com/book/2798058.html", "http://www.17k.com/book/2815617.html", "http://www.17k.com/book/2805259.html", "http://www.17k.com/book/2760255.html", "http://www.17k.com/book/2686894.html", "http://www.17k.com/book/2797016.html", "http://www.17k.com/book/2767246.html", "http://www.17k.com/book/2764239.html", "http://www.17k.com/book/2754498.html", "http://www.17k.com/book/2754900.html", "http://www.17k.com/book/2625740.html", "http://www.17k.com/book/2213315.html", "http://www.17k.com/book/2402178.html", "http://www.17k.com/book/2691221.html", "http://www.17k.com/book/2210699.html", "http://www.17k.com/book/1797752.html", "http://www.17k.com/book/2575507.html", "http://www.17k.com/book/2705181.html", "http://www.17k.com/book/2702539.html", "http://www.17k.com/book/2474887.html", "http://www.17k.com/book/2674733.html", "http://www.17k.com/book/2822076.html", "http://www.17k.com/book/2809894.html", "http://www.17k.com/book/2822077.html", "http://www.17k.com/book/2811930.html", "http://www.17k.com/book/2815548.html", "http://www.17k.com/book/2819620.html", "http://www.17k.com/book/2809964.html", "http://www.17k.com/book/2808200.html", "http://www.17k.com/book/2820100.html", "http://www.17k.com/book/2822978.html", "http://www.17k.com/book/2804337.html", "http://www.17k.com/book/2798814.html", "http://www.17k.com/book/2785153.html", "http://www.17k.com/book/2731559.html", "http://www.17k.com/book/2722533.html", "http://www.17k.com/book/2458377.html", "http://www.17k.com/book/2743300.html", "http://www.17k.com/book/973809.html", "http://www.17k.com/book/2651367.html", "http://www.17k.com/book/2726194.html", "http://www.17k.com/book/2790214.html", "http://www.17k.com/book/493239.html", "http://www.17k.com/book/108821.html", "http://www.17k.com/book/1398783.html", "http://www.17k.com/book/83528.html", "http://www.17k.com/book/1859126.html", "http://www.17k.com/book/1741975.html", "http://www.17k.com/book/192453.html", "http://www.17k.com/book/2459058.html", "http://www.17k.com/book/1050747.html", "http://www.17k.com/book/2700315.html", "http://www.17k.com/book/2818940.html", "http://www.17k.com/book/2819519.html", "http://www.17k.com/book/2816390.html", "http://www.17k.com/book/2819588.html", "http://www.17k.com/book/2813768.html", "http://www.17k.com/book/2822406.html", "http://www.17k.com/book/2772164.html", "http://www.17k.com/book/2784023.html", "http://www.17k.com/book/2811877.html", "http://www.17k.com/book/2809119.html", "http://www.17k.com/book/2803700.html", "http://www.17k.com/book/2819561.html", "http://www.17k.com/book/2746506.html", "http://www.17k.com/book/2811836.html", "http://www.17k.com/book/2614810.html", "http://www.17k.com/book/1592435.html", "http://www.17k.com/book/1949748.html", "http://www.17k.com/book/2265802.html", "http://www.17k.com/book/2743240.html", "http://www.17k.com/book/2657437.html", "http://www.17k.com/book/2644502.html", "http://www.17k.com/book/2199900.html", "http://www.17k.com/book/2725436.html", "http://www.17k.com/book/2629978.html"]}