{"ratings": -1, "userreviews": [{"userName": "17K\u4e66\u53cbxv3vrhxh", "userReviewDate": "2018-06-06", "userURL": "http://user.17k.com/62565856", "userReview": "\u5f88\u597d\u770b(\uff61\uff65\u03c9\uff65\uff61)\uff89\u2661\u671f\u5f85\u8ddf\u65b0\uff01"}, {"userName": "17k\u4e66\u53cbn3sljt8my", "userReviewDate": "2018-06-06", "userURL": "http://user.17k.com/62565621", "userReview": "^_^\u5475\u5475\uff01\u54c8\u54c8\u2026\u2026"}, {"userName": "17k\u4e66\u53cbn3sljt8my", "userReviewDate": "2018-06-06", "userURL": "http://user.17k.com/62565621", "userReview": "\u671f\u5f85\u80fd\u5728\u9996\u9875\uff0c\u8ba9\u66f4\u591a\u4eba\u80fd\u770b\u5230\u3002"}, {"userName": "17k\u4e66\u53cbn3sljt8my", "userReviewDate": "2018-06-06", "userURL": "http://user.17k.com/62565621", "userReview": "\u2026\u2026*^_^*\u2190_\u2190*^_^*"}], "description": "\u6b7b\u6389\u7684\u4e01\u7433\u7adf\u7136\u53c8\u51fa\u73b0\u7684\u5927\u5bb6\u773c\u524d\uff01\u539f\u6765\u8fd9\u4e0d\u662f\u5979\uff0c\u662f\u6797\u5141\u3002\u53ef\u5929\u4e0b\u600e\u6709\u5982\u6b64\u76f8\u4f3c\u4e4b\u4eba\uff1f\u96be\u9053\u4e16\u4e0a\u771f\u7684\u6709\u9b3c\u9b42\uff1f\u5979\u6765\u6b64\u7684\u76ee\u7684\u53c8\u662f\u4ec0\u4e48\uff1f\u5f15\u8d77\u5927\u5bb6\u5185\u5fc3\u7684\u4e00\u9635\u6050\u614c\u3002\u552f\u6709\u6770\uff0c\u5185\u5fc3\u71c3\u8d77\u4e86\u5e0c\u671b\u2026\u2026", "title": "\u4e0d\u53ef\u544a\u4eba\u7684\u8eab\u4efd", "url": "http://www.17k.com/book/2834355.html", "average": -1.0, "cover": "http://img.17k.com/images/bookcover/2018/14171/70/2834355-1528247260000.jpg", "reviews": 55, "authors": [{"url": "http://www.17k.com/zuozhe/60203989", "name": "\u5f20\u99a8\u5143"}], "type": ["\u6821\u56ed\u98ce\u4e91"], "outlinks": ["http://www.17k.com/book/2794982.html", "http://www.17k.com/book/2801292.html", "http://www.17k.com/book/2816318.html", "http://www.17k.com/book/2797575.html", "http://www.17k.com/book/2802516.html", "http://www.17k.com/book/2812195.html", "http://www.17k.com/book/2820143.html", "http://www.17k.com/book/2807943.html", "http://www.17k.com/book/2813457.html", "http://www.17k.com/book/2798058.html", "http://www.17k.com/book/2815617.html", "http://www.17k.com/book/2805259.html", "http://www.17k.com/book/2760255.html", "http://www.17k.com/book/2686894.html", "http://www.17k.com/book/2797016.html", "http://www.17k.com/book/2767246.html", "http://www.17k.com/book/2764239.html", "http://www.17k.com/book/2754498.html", "http://www.17k.com/book/2754900.html", "http://www.17k.com/book/2625740.html", "http://www.17k.com/book/2213315.html", "http://www.17k.com/book/2402178.html", "http://www.17k.com/book/2691221.html", "http://www.17k.com/book/2210699.html", "http://www.17k.com/book/1797752.html", "http://www.17k.com/book/2575507.html", "http://www.17k.com/book/2705181.html", "http://www.17k.com/book/2702539.html", "http://www.17k.com/book/2474887.html", "http://www.17k.com/book/2674733.html", "http://www.17k.com/book/2822076.html", "http://www.17k.com/book/2809894.html", "http://www.17k.com/book/2822077.html", "http://www.17k.com/book/2811930.html", "http://www.17k.com/book/2815548.html", "http://www.17k.com/book/2819620.html", "http://www.17k.com/book/2809964.html", "http://www.17k.com/book/2808200.html", "http://www.17k.com/book/2820100.html", "http://www.17k.com/book/2822978.html", "http://www.17k.com/book/2804337.html", "http://www.17k.com/book/2798814.html", "http://www.17k.com/book/2785153.html", "http://www.17k.com/book/2731559.html", "http://www.17k.com/book/2722533.html", "http://www.17k.com/book/2458377.html", "http://www.17k.com/book/2743300.html", "http://www.17k.com/book/973809.html", "http://www.17k.com/book/2651367.html", "http://www.17k.com/book/2726194.html", "http://www.17k.com/book/2790214.html", "http://www.17k.com/book/493239.html", "http://www.17k.com/book/108821.html", "http://www.17k.com/book/1398783.html", "http://www.17k.com/book/83528.html", "http://www.17k.com/book/1859126.html", "http://www.17k.com/book/1741975.html", "http://www.17k.com/book/192453.html", "http://www.17k.com/book/2459058.html", "http://www.17k.com/book/1050747.html", "http://www.17k.com/book/2700315.html", "http://www.17k.com/book/2818940.html", "http://www.17k.com/book/2819519.html", "http://www.17k.com/book/2816390.html", "http://www.17k.com/book/2819588.html", "http://www.17k.com/book/2813768.html", "http://www.17k.com/book/2822406.html", "http://www.17k.com/book/2772164.html", "http://www.17k.com/book/2784023.html", "http://www.17k.com/book/2811877.html", "http://www.17k.com/book/2809119.html", "http://www.17k.com/book/2803700.html", "http://www.17k.com/book/2819561.html", "http://www.17k.com/book/2746506.html", "http://www.17k.com/book/2811836.html", "http://www.17k.com/book/2614810.html", "http://www.17k.com/book/1592435.html", "http://www.17k.com/book/1949748.html", "http://www.17k.com/book/2265802.html", "http://www.17k.com/book/2743240.html", "http://www.17k.com/book/2657437.html", "http://www.17k.com/book/2644502.html", "http://www.17k.com/book/2199900.html", "http://www.17k.com/book/2725436.html", "http://www.17k.com/book/2629978.html"]}