{"ratings": -1, "userreviews": [{"userName": "o\u7b14\u4ed9\u5728\u68a6\u6e38o", "userReviewDate": "2016-03-07", "userURL": "http://user.17k.com/2352868", "userReview": "\u6492\u82b1\u52a0\u4e2a\u6cb9~\u4e00\u8d77\u52a0\u6cb9~ \u6210\u795e\u7684\u8282\u594f\u554a"}, {"userName": "hongxing2012", "userReviewDate": "2016-03-06", "userURL": "http://user.17k.com/42215320", "userReview": "\u52a0\u6cb9\u54e6\uff0c\u5fc5\u987b\u8fc7\u6765\u652f\u6301\u4e00\u4e0b\uff0c\u5927\u706b\uff01"}, {"userName": "\u661f\u6d77\u5f26\u6708", "userReviewDate": "2018-06-05", "userURL": "http://user.17k.com/58311798", "userReview": "\u665a\u4e0a\u597d\u2026\u2026\u597d\u4e45\u4e0d\u89c1"}, {"userName": "\u5bbf\u4ebf\u7434", "userReviewDate": "2018-06-04", "userURL": "http://user.17k.com/48821426", "userReview": "\u5bbf\u7ffc\u7434\u8bfb\u4e66\u9001\u82b1\u5230\uff01\u56e0\u4e3a\u7279\u6b8a\u60c5\u51b5\uff0c\u64b0\u5199\u8001\u5e08\u7684\u7ae0\u8282\u8981\u79fb\u5230\u7b2c29\u7ae0\u4e2d\u3002\u7434\u513f\u606d\u656c\u4e0a\u5448\u3002"}, {"userName": "\u5f39\u5251\u79c0\u624d", "userReviewDate": "2018-06-04", "userURL": "http://user.17k.com/46752401", "userReview": "\u65e5\u6d12\u70df\u6c5f\u4e07\u70b9\u8f89\uff0c\u96e8\u6fef\u82b1\u5ba2\u5343\u822c\u7ea2\u3002\u8bd7\u753b\u6c5f\u5357\uff0c\u4f73\u666f\u9001\u53cb\u3002"}, {"userName": "\u5f39\u5251\u79c0\u624d", "userReviewDate": "2018-06-02", "userURL": "http://user.17k.com/46752401", "userReview": "\u98ce\u62c2\u9647\u5934\u9ea6\uff0c\u96e8\u6253\u6e21\u5934\u821f\u3002\u65f6\u503c\u5b63\u590f\u666f\uff0c\u795d\u798f\u9001\u6e05\u51c9\u3002"}, {"userName": "\u9526\u7ee3\u82b3\u83f2", "userReviewDate": "2018-06-02", "userURL": "http://user.17k.com/53849640", "userReview": "\u6587\u7b14\u7ec6\u817b\uff0c\u884c\u4e91\u6d41\u6c34\uff0c\u597d\u770b\uff0c\u597d\u4e66\u4e0d\u6613\uff0c\u52a0\u6cb9\uff0c\u6253\u6597\u63cf\u5199\u5f88\u6fc0\u70c8\uff0c\u4eba\u7269\u8bf4\u8bdd\u4e2a\u6027\u4f53\u73b0\u5341\u8db3\uff0c\u90fd\u63cf\u5199\u7684\u5f88\u5230\u4f4d\uff0c\u652f\u6301\uff0c\u52a0\u6cb9"}, {"userName": "\u9526\u7ee3\u82b3\u83f2", "userReviewDate": "2018-06-02", "userURL": "http://user.17k.com/53849640", "userReview": "\u6bcf\u4e2a\u5c01\u9762\u90fd\u5f88\u7279\u522b\uff0c\u5468\u672b\u6109\u5feb\uff0c"}, {"userName": "\u5f39\u5251\u79c0\u624d", "userReviewDate": "2018-06-01", "userURL": "http://user.17k.com/46752401", "userReview": "\u82b1\u660e\u67f3\u5a9a\uff0c\u8702\u9010\u8776\u821e\u7684\u5b63\u590f\uff0c\u62dc\u8bbf\u597d\u53cb\uff0c\u4e3a\u60a8\u9001\u4e0a\u795d\u798f\u3002"}, {"userName": "\u82b1\u5728\u96e8", "userReviewDate": "2018-06-01", "userURL": "http://user.17k.com/47511673", "userReview": "[\u6253\u8d4f]\u6211\u6253\u8d4f\u4e8618\u5143\u7ea2\u5305\uff01\uff01"}, {"userName": "\u5f39\u5251\u79c0\u624d", "userReviewDate": "2018-05-30", "userURL": "http://user.17k.com/46752401", "userReview": "\u66ae\u96e8\u843d\u6c5f\u82b1\uff0c\u4e39\u971e\u6620\u78a7\u6f6d\u3002\u9189\u4eba\u590f\u65e5\u666f\uff0c\u524d\u6765\u95ee\u53cb\u4eba\u3002"}, {"userName": "\u5f39\u5251\u79c0\u624d", "userReviewDate": "2018-05-29", "userURL": "http://user.17k.com/46752401", "userReview": "\u96e8\u6da6\u4e07\u822c\u7269\uff0c\u82b1\u9001\u4e00\u7f15\u9999\u3002\u4f34\u7740\u7f8e\u7f8e\u5fae\u96e8\uff0c\u4e3a\u53cb\u9001\u4e0a\u795d\u798f\u3002"}, {"userName": "\u5f39\u5251\u79c0\u624d", "userReviewDate": "2018-05-28", "userURL": "http://user.17k.com/46752401", "userReview": "\u4e5d\u5bb5\u98ce\u96f7\u52a8\uff0c\u65f1\u5730\u666e\u7518\u9716\u3002\u6e29\u60c5\u7684\u96e8\uff0c\u627f\u8f7d\u6ee1\u6ee1\u795d\u798f\u3002"}, {"userName": "\u5f39\u5251\u79c0\u624d", "userReviewDate": "2018-05-27", "userURL": "http://user.17k.com/46752401", "userReview": "\u8713\u7acb\u6c60\u8377\u53f6\uff0c\u9e1f\u6816\u5a07\u67f3\u68a2\u3002\u8d81\u7740\u7f8e\u597d\u98ce\u666f\uff0c\u62dc\u8bbf\u597d\u53cb"}, {"userName": "\u5bbf\u4ebf\u7434", "userReviewDate": "2018-05-27", "userURL": "http://user.17k.com/48821426", "userReview": "\u5bbf\u7ffc\u7434\u9001\u82b1\u62dc\u8bbf\u5230\uff01\u611f\u8c22\u4f60\u5bf9<a target='_blank' href='http://www.17k.com/book/2788974.html'>\u300a\u5fd7\u5728\u4e2d\u534e\u300b</a>\u7684\u652f\u6301\uff0c\u5bbf\u7ffc\u7434\u5e26\u7740\u6df1\u539a\u7684\u60c5\u4e49\u6765\u5230\u4f60\u7684\u4e66\u4e2d\uff0c\u60c5\u4e0e<a target='_blank' href='http://www.17k.com/book/1678919.html'>\u300a\u4e0d\u673d\u9752\u5929\u300b</a>\u5171\u878d\u5171\u751f\uff01\u5bbf\u7ffc\u7434\u606d\u656c\u4e0a\u5448"}, {"userName": "\u65f6\u65f6\u96e8\u96e8", "userReviewDate": "2018-05-27", "userURL": "http://user.17k.com/62102185", "userReview": "\u652f\u6301~\u52a0\u6cb9\u54e6^\u222a^"}, {"userName": "\u5f39\u5251\u79c0\u624d", "userReviewDate": "2018-05-26", "userURL": "http://user.17k.com/46752401", "userReview": "\u5a07\u67f3\u62c2\u5782\u6620\u78a7\u6f6d\uff0c\u661f\u707f\u6708\u660e\u6c14\u6717\u6e05\u3002\u9189\u4eba\u4ef2\u590f\uff0c\u95ee\u5019\u670b\u53cb"}, {"userName": "\u5f71\u5b50\u4f20\u4e03", "userReviewDate": "2018-05-26", "userURL": "http://user.17k.com/62202886", "userReview": "\u600e\u4e48\u8fd8\u4e0d\u66f4\u65b0\uff1f"}, {"userName": "\u5929\u5916\u98de\u4ed9\u963f\u95e8", "userReviewDate": "2018-05-26", "userURL": "http://user.17k.com/62202699", "userReview": "\u4e2d\u5348\u597d"}, {"userName": "\u8c37\u6eaa", "userReviewDate": "2018-05-24", "userURL": "http://user.17k.com/45854448", "userReview": "\u4e0a\u5348\u597d\uff0c\u5c0f\u82b1\u9001\u4e0a\u3002"}], "description": "\u5076\u7136\uff0c\u4ed6\u6765\u5230\u53e6\u4e00\u4e2a\u5730\u65b9\uff0c\u63a5\u89e6\u672a\u77e5\u7684\u795e\u79d8\u4e16\u754c\u3002\u3000\u3000\u4ed6\u4e00\u5fc3\u60f3\u8981\u56de\u5bb6\uff0c\u8270\u96be\u9669\u963b\uff0c\u5927\u654c\u65e0\u6570\uff0c\u89c1\u8fc7\u4e0a\u53e4\u795e\u5723\u7684\u8db3\u8ff9\uff0c\u89c1\u8fc7\u65e0\u6570\u5806\u79ef\u7684\u5c38\u9aa8\uff0c\u89c1\u8fc7\u8bf8\u5929\u795e\u4f5b\u7684\u6e6e\u706d\uff0c\u4e5f\u89c1\u8fc7\u65f6\u5149\u7684\u8f6e\u8f6c\u3002\u3000\u3000\u53ef\u540e\u6765\uff0c\u4ed6\u53d1\u73b0\u81ea\u5df1\u6765\u5230\u5f02\u4e16\u754c\u5e76\u4e0d\u662f\u5076\u7136\uff0c\u968f\u7740\u65f6\u95f4\u7684\u63a8\u79fb\uff0c\u4e00\u4e9b\u4e0d\u4e3a\u4eba\u77e5\u7684\u79d8\u8f9b\uff0c\u4e5f\u662f\u9010\u6e10\u6d6e\u9732\u800c\u51fa\u2026\u2026\u3000\u3000\u4e30\u5c45\u5fae\u4fe1\u516c\u4f17\u53f7\uff1afengju0852\u3000\u3000\u4e30\u5c45\u5df2\u8ba4\u8bc1\u5fae\u535a:17K\u4e30\u5c45\u3000\u3000\u6b22\u8fce\u6765\u8bbf\uff0c\u4e30\u5c45\u4e0e\u60a8\u4e92\u52a8\uff01", "title": "\u4e0d\u673d\u9752\u5929", "url": "http://www.17k.com/book/1678919.html", "average": -1.0, "cover": "http://img.17k.com/images/bookcover/2018/8394/41/1678919-1526712164000.jpg", "reviews": 2060520, "authors": [{"url": "http://www.17k.com/zuozhe/38429573", "name": "\u4e30\u5c45"}], "type": ["\u4e1c\u65b9\u7384\u5e7b"], "outlinks": ["http://www.17k.com/book/2794982.html", "http://www.17k.com/book/2801292.html", "http://www.17k.com/book/2816318.html", "http://www.17k.com/book/2797575.html", "http://www.17k.com/book/2802516.html", "http://www.17k.com/book/2812195.html", "http://www.17k.com/book/2820143.html", "http://www.17k.com/book/2807943.html", "http://www.17k.com/book/2813457.html", "http://www.17k.com/book/2798058.html", "http://www.17k.com/book/2815617.html", "http://www.17k.com/book/2805259.html", "http://www.17k.com/book/2760255.html", "http://www.17k.com/book/2686894.html", "http://www.17k.com/book/2797016.html", "http://www.17k.com/book/2767246.html", "http://www.17k.com/book/2764239.html", "http://www.17k.com/book/2754498.html", "http://www.17k.com/book/2754900.html", "http://www.17k.com/book/2625740.html", "http://www.17k.com/book/2213315.html", "http://www.17k.com/book/2402178.html", "http://www.17k.com/book/2691221.html", "http://www.17k.com/book/2210699.html", "http://www.17k.com/book/1797752.html", "http://www.17k.com/book/2575507.html", "http://www.17k.com/book/2705181.html", "http://www.17k.com/book/2702539.html", "http://www.17k.com/book/2474887.html", "http://www.17k.com/book/2674733.html", "http://www.17k.com/book/2822076.html", "http://www.17k.com/book/2809894.html", "http://www.17k.com/book/2822077.html", "http://www.17k.com/book/2811930.html", "http://www.17k.com/book/2815548.html", "http://www.17k.com/book/2819620.html", "http://www.17k.com/book/2809964.html", "http://www.17k.com/book/2808200.html", "http://www.17k.com/book/2820100.html", "http://www.17k.com/book/2822978.html", "http://www.17k.com/book/2804337.html", "http://www.17k.com/book/2798814.html", "http://www.17k.com/book/2785153.html", "http://www.17k.com/book/2731559.html", "http://www.17k.com/book/2722533.html", "http://www.17k.com/book/2458377.html", "http://www.17k.com/book/2743300.html", "http://www.17k.com/book/973809.html", "http://www.17k.com/book/2651367.html", "http://www.17k.com/book/2726194.html", "http://www.17k.com/book/2790214.html", "http://www.17k.com/book/493239.html", "http://www.17k.com/book/108821.html", "http://www.17k.com/book/1398783.html", "http://www.17k.com/book/83528.html", "http://www.17k.com/book/1859126.html", "http://www.17k.com/book/1741975.html", "http://www.17k.com/book/192453.html", "http://www.17k.com/book/2459058.html", "http://www.17k.com/book/1050747.html", "http://www.17k.com/book/2700315.html", "http://www.17k.com/book/2818940.html", "http://www.17k.com/book/2819519.html", "http://www.17k.com/book/2816390.html", "http://www.17k.com/book/2819588.html", "http://www.17k.com/book/2813768.html", "http://www.17k.com/book/2822406.html", "http://www.17k.com/book/2772164.html", "http://www.17k.com/book/2784023.html", "http://www.17k.com/book/2811877.html", "http://www.17k.com/book/2809119.html", "http://www.17k.com/book/2803700.html", "http://www.17k.com/book/2819561.html", "http://www.17k.com/book/2746506.html", "http://www.17k.com/book/2811836.html", "http://www.17k.com/book/2614810.html", "http://www.17k.com/book/1592435.html", "http://www.17k.com/book/1949748.html", "http://www.17k.com/book/2265802.html", "http://www.17k.com/book/2743240.html", "http://www.17k.com/book/2657437.html", "http://www.17k.com/book/2644502.html", "http://www.17k.com/book/2199900.html", "http://www.17k.com/book/2725436.html", "http://www.17k.com/book/2629978.html"]}