{"ratings": -1, "userreviews": [{"userName": "xiao\u5c11\u7237\u3002", "userReviewDate": "2018-03-23", "userURL": "http://user.17k.com/1998413", "userReview": "<span style='color:red'>\u65b0\u76d6\u5e7f\u544a\u697c\uff0c\u6ee1\u4e94\u5341\u697c\u6362\uff0c\u6253\u5e7f\u544a\u7684\u670b\u53cb\u8fdb\u6765\u9547\u697c\u5427</span>"}, {"userName": "xiao\u5c11\u7237\u3002", "userReviewDate": "2017-04-17", "userURL": "http://user.17k.com/1998413", "userReview": "<span style='color:black'>\u65b0\u4e66\u89d2\u8272\u5f81\u96c6\uff0c\u8bf7\u7559\u4e0b\u89d2\u8272\u540d\uff0c\u529f\u6cd5\uff0c\u6b66\u6280\uff0c\u8d8a\u8be6\u7ec6\u8d8a\u597d</span>"}, {"userName": "xiao\u5c11\u7237\u3002", "userReviewDate": "2017-04-17", "userURL": "http://user.17k.com/1998413", "userReview": "\u65b0\u4e66<a target='_blank' href='http://www.17k.com/book/2460928.html'>\u300a\u4e0d\u6b7b\u6b66\u7687\u300b</a>\u5f00\u542f\uff0c\u6b22\u8fce\u65b0\u8001\u8bfb\u8005\u652f\u6301\u52a9\u653b\uff0c\u52b3\u70e6\u8f7b\u8f7b\u70b9\u4e2a\u6536\u85cf\uff0c\u9001\u4e2a\u9c9c\u82b1\uff0c\u987a\u624b\u7559\u4e2a\u8bc4\u8bba\uff0c\u8bf4\u8bf4\u81ea\u5df1\u7684\u770b\u6cd5\uff01"}, {"userName": "\u5c11\u4f2f5566", "userReviewDate": "2018-06-08", "userURL": "http://user.17k.com/58231374", "userReview": "\u8fd9\u672c\u4e66\u770b\u5f97\u662f\u65e0\u8bed\u4e86\uff0c\u63d0\u4f9b\u51e0\u4e2a\u5efa\u8bae\u5427\uff011.\u4e00\u4e2a\u6545\u4e8b\u60c5\u8282\u4e0d\u7528\u5e9f\u8bdd\u90a3\u4e48\u591a\uff0c\u65c1\u767d\u6bd4\u4e3b\u9898\u8fd8\u591a\u30022.\u8fd9\u4e3b\u89d2\u6253\u4eba\u7684\u65b9\u5f0f\u80fd\u4e0d\u80fd\u6362\u6362\uff0c\u8001\u662f\u7528\u4e00\u79cd\u5957\u8def\uff0c\u7fa4\u4f17\u6570\u843d\uff0c\u5230\u5413\u5230\uff0c\u6a21\u5f0f\u4e00\u6837\u4e00\u6837\u7684\uff0c\u771f\u662f\u9189\u4e86\uff01"}, {"userName": "\u98a8\u706c\u7121\u60c5", "userReviewDate": "2018-06-07", "userURL": "http://user.17k.com/56076831", "userReview": "\u723d\u6587\uff0c\u8d8a\u8bfb\u8d8a\u723d\uff0c\u4f5c\u8005\u52a0\u6cb9"}, {"userName": "17k\u4e66\u53cbhmgeavgj4", "userReviewDate": "2018-06-04", "userURL": "http://user.17k.com/62407445", "userReview": "\u60c5\u8282\u7f16\u6392\u4e0d\u9519\uff0c\u5c31\u662f\u592a\u5570\u55e6\uff0c\u65c1\u767d\u592a\u591a\uff0c\u4e00\u4ef6\u5c0f\u4e8b\u53ef\u4ee5\u7f16\u9020\u51e0\u4e2a\u7ae0\u8282\uff0c\u6709\u51d1\u5b57\u6570\u4e4b\u5acc\u7591"}, {"userName": "\u832b\u832b\u7136\u540e", "userReviewDate": "2018-05-27", "userURL": "http://user.17k.com/62117150", "userReview": "\u652f\u6301!\u4e2d\u5348\u597d!"}, {"userName": "\u8840\u9b42%%", "userReviewDate": "2018-05-23", "userURL": "http://user.17k.com/16111603", "userReview": "[\u6253\u8d4f]\u6211\u6253\u8d4f\u4e861\u4e2a'\u5c0f\u5fc3\u5fc3'\uff01\uff01"}, {"userName": "\u84dd\u5929\u3002698521097", "userReviewDate": "2018-05-23", "userURL": "http://user.17k.com/57045239", "userReview": "[\u6253\u8d4f]\u6211\u6253\u8d4f\u4e862\u5143\u7ea2\u5305\uff01\uff01"}, {"userName": "\u5f04\u86c7\u8005T", "userReviewDate": "2018-05-22", "userURL": "http://user.17k.com/49982777", "userReview": "[\u6253\u8d4f]\u6211\u6253\u8d4f\u4e8638\u5143\u7ea2\u5305\uff01\uff01"}, {"userName": "\u84dd\u5929\u3002698521097", "userReviewDate": "2018-05-08", "userURL": "http://user.17k.com/57045239", "userReview": "[\u6253\u8d4f]\u6211\u6253\u8d4f\u4e862\u5143\u7ea2\u5305\uff01\uff01"}, {"userName": "\u559c\u5267\u5c0f\u8bf4\u5357\u53f0", "userReviewDate": "2018-05-07", "userURL": "http://user.17k.com/58916797", "userReview": "\u5389\u5bb3\uff0c\u963f\u5f25\u9640\u4f5b\uff01"}, {"userName": "\u5723\u9690\u5e1d\u5143", "userReviewDate": "2018-04-30", "userURL": "http://user.17k.com/57760595", "userReview": "\u7b7e\u5230\u652f\u6301"}, {"userName": "\u79cb\u610f\u6d53385620322", "userReviewDate": "2018-04-20", "userURL": "http://user.17k.com/61142755", "userReview": "\u5f88\u597d \u4f5c\u8005\u5199\u7684\u4e1c\u897f\u5f88\u5389\u5bb3"}, {"userName": "\u84dd\u5929\u3002698521097", "userReviewDate": "2018-04-18", "userURL": "http://user.17k.com/57045239", "userReview": "[\u6253\u8d4f]\u6211\u6253\u8d4f\u4e862\u5143\u7ea2\u5305\uff01\uff01"}, {"userName": "\u793e\u4f1a\u9648\u963f\u9633", "userReviewDate": "2018-04-08", "userURL": "http://user.17k.com/54459317", "userReview": "[\u6253\u8d4f]\u6211\u6253\u8d4f\u4e862\u5143\u7ea2\u5305\uff01\uff01"}, {"userName": "\u6240\u6709\u627f\u8bfa\u2570\u5316\u6210\u4e86\u53e5\u70b9838283383", "userReviewDate": "2018-04-02", "userURL": "http://user.17k.com/55229625", "userReview": "[\u6253\u8d4f]\u6211\u6253\u8d4f\u4e861\u5143\u7ea2\u5305\uff01\uff01"}, {"userName": "\u963f\u571f143829226", "userReviewDate": "2018-03-26", "userURL": "http://user.17k.com/59474611", "userReview": "\u8fd9\u672c\u4e66\u8fd8\u53ef\u4ee5&#55357;&#56836;"}, {"userName": "\u8537\u8587\u73a5\u9171V", "userReviewDate": "2018-03-17", "userURL": "http://user.17k.com/55984899", "userReview": "\u652f\u6301\uff0c\u6700\u8fd1\u7684\u5929\u6c14\u4e00\u4f1a\u513f\u50cf\u590f\u5929\uff0c\u4e00\u4f1a\u513f\u53c8\u5982\u51ac\u5929\uff0c\u6e29\u5dee\u5e45\u5ea6\u8f83\u5927\uff0c\u4f60\u8981\u53ca\u65f6\u6ce8\u610f\u8863\u670d\u642d\u914d\u54e6\u1597( \u141b )\u1598\u6700\u540e\u795d\u4f60\u5468\u516d\u5feb\u4e50\uff0c\u7801\u5b57\u6109\u5feb\uff0c\u652f\u6301\u4e0d\u53d8\uff5e"}, {"userName": "\u84dd\u5929\u3002698521097", "userReviewDate": "2018-03-15", "userURL": "http://user.17k.com/57045239", "userReview": "[\u6253\u8d4f]\u6211\u6253\u8d4f\u4e862\u5143\u7ea2\u5305\uff01\uff01"}], "description": "\u6b66\u9053\u4e4b\u9014\uff0c\u4e43\u4e0e\u5929\u4e89\u547d\uff0c\u9006\u5929\u800c\u884c\uff0c\u906d\u5929\u7f5a\u4e07\u52ab\u3002\u4e16\u95f4\u552f\u6709\u4e5d\u8109\u8005\uff0c\u8109\u4e0e\u5929\u5408\uff0c\u987a\u5929\u800c\u884c\uff0c\u8eab\u6000\u5929\u5730\u6c14\u8fd0\uff0c\u8fce\u52ab\u6e21\u8eab\uff0c\u9022\u51f6\u5316\u5409\u3002\u3000\u3000\u6797\u8fb0\u672c\u4e43\u5929\u8d4b\u5f02\u7980\uff0c\u4e3a\u5929\u7eb5\u9a84\u5b50\uff0c\u4fee\u9014\u4e00\u8def\u9ad8\u6b4c\uff0c\u904d\u5904\u98ce\u5149\u3002\u56e0\u7f18\u5076\u5f97\u5947\u529f\u5999\u8bc0\uff0c\u65ad\u8109\u91cd\u4fee\u3002\u4ece\u6b64\u906d\u540c\u95e8\u7f9e\u803b\uff0c\u5b97\u95e8\u9057\u5f03\uff0c\u5144\u5f1f\u80cc\u53db\uff0c\u5904\u906d\u553e\u5f03\u3002\u3000\u3000\u5f85\u6211\u91cd\u56de\u5dc5\u5cf0\uff0c\u95ee\u9f0e\u82cd\u7a79\uff0c\u52bf\u5fc5\u4e00\u6d17\u524d\u803b\uff0c\u50b2\u4e16\u51cc\u5929\u3002\u3000\u3000========\u3000\u3000\u65b0\u4e66\u7fa4\u53f7\uff1a272162474\uff0c\u6b22\u8fce\u65b0\u8001\u8bfb\u8005\u52a0\u5165", "title": "\u4e0d\u6b7b\u6b66\u7687", "url": "http://www.17k.com/book/2460928.html", "average": -1.0, "cover": "http://img.17k.com/images/bookcover/2017/12304/61/2460928-1506834637000.jpg", "reviews": 2067658, "authors": [{"url": "http://www.17k.com/zuozhe/1998413", "name": "xiao\u5c11\u7237"}], "type": ["\u4e1c\u65b9\u7384\u5e7b"], "outlinks": ["http://www.17k.com/book/2794982.html", "http://www.17k.com/book/2801292.html", "http://www.17k.com/book/2816318.html", "http://www.17k.com/book/2797575.html", "http://www.17k.com/book/2802516.html", "http://www.17k.com/book/2812195.html", "http://www.17k.com/book/2820143.html", "http://www.17k.com/book/2807943.html", "http://www.17k.com/book/2813457.html", "http://www.17k.com/book/2798058.html", "http://www.17k.com/book/2815617.html", "http://www.17k.com/book/2805259.html", "http://www.17k.com/book/2760255.html", "http://www.17k.com/book/2686894.html", "http://www.17k.com/book/2797016.html", "http://www.17k.com/book/2767246.html", "http://www.17k.com/book/2764239.html", "http://www.17k.com/book/2754498.html", "http://www.17k.com/book/2754900.html", "http://www.17k.com/book/2625740.html", "http://www.17k.com/book/2213315.html", "http://www.17k.com/book/2402178.html", "http://www.17k.com/book/2691221.html", "http://www.17k.com/book/2210699.html", "http://www.17k.com/book/1797752.html", "http://www.17k.com/book/2575507.html", "http://www.17k.com/book/2705181.html", "http://www.17k.com/book/2702539.html", "http://www.17k.com/book/2474887.html", "http://www.17k.com/book/2674733.html", "http://www.17k.com/book/2822076.html", "http://www.17k.com/book/2809894.html", "http://www.17k.com/book/2822077.html", "http://www.17k.com/book/2811930.html", "http://www.17k.com/book/2815548.html", "http://www.17k.com/book/2819620.html", "http://www.17k.com/book/2809964.html", "http://www.17k.com/book/2808200.html", "http://www.17k.com/book/2820100.html", "http://www.17k.com/book/2822978.html", "http://www.17k.com/book/2804337.html", "http://www.17k.com/book/2798814.html", "http://www.17k.com/book/2785153.html", "http://www.17k.com/book/2731559.html", "http://www.17k.com/book/2722533.html", "http://www.17k.com/book/2458377.html", "http://www.17k.com/book/2743300.html", "http://www.17k.com/book/973809.html", "http://www.17k.com/book/2651367.html", "http://www.17k.com/book/2726194.html", "http://www.17k.com/book/2790214.html", "http://www.17k.com/book/493239.html", "http://www.17k.com/book/108821.html", "http://www.17k.com/book/1398783.html", "http://www.17k.com/book/83528.html", "http://www.17k.com/book/1859126.html", "http://www.17k.com/book/1741975.html", "http://www.17k.com/book/192453.html", "http://www.17k.com/book/2459058.html", "http://www.17k.com/book/1050747.html", "http://www.17k.com/book/2700315.html", "http://www.17k.com/book/2818940.html", "http://www.17k.com/book/2819519.html", "http://www.17k.com/book/2816390.html", "http://www.17k.com/book/2819588.html", "http://www.17k.com/book/2813768.html", "http://www.17k.com/book/2822406.html", "http://www.17k.com/book/2772164.html", "http://www.17k.com/book/2784023.html", "http://www.17k.com/book/2811877.html", "http://www.17k.com/book/2809119.html", "http://www.17k.com/book/2803700.html", "http://www.17k.com/book/2819561.html", "http://www.17k.com/book/2746506.html", "http://www.17k.com/book/2811836.html", "http://www.17k.com/book/2614810.html", "http://www.17k.com/book/1592435.html", "http://www.17k.com/book/1949748.html", "http://www.17k.com/book/2265802.html", "http://www.17k.com/book/2743240.html", "http://www.17k.com/book/2657437.html", "http://www.17k.com/book/2644502.html", "http://www.17k.com/book/2199900.html", "http://www.17k.com/book/2725436.html", "http://www.17k.com/book/2629978.html"]}