{"ratings": -1, "userreviews": [{"userName": "\u4e45\u7761\u6210\u763e691416624", "userReviewDate": "2018-06-08", "userURL": "http://user.17k.com/62636425", "userReview": "\u6c42\u66f4\u65b0\uff0c\u8f9b\u82e6\u4e86"}, {"userName": "17k\u4e66\u53cbs5tko1buk", "userReviewDate": "2018-06-02", "userURL": "http://user.17k.com/62273296", "userReview": "\u66f4\u65b0\u5427\uff0c\u8f9b\u82e6\u4e86"}, {"userName": "\u793e\u4f1a\u4e07\u5e74\u96cf\u513f", "userReviewDate": "2018-06-02", "userURL": "http://user.17k.com/62419685", "userReview": "\u66f4\u65b0\u592a\u6162\u8bf7\u64a4\u56de\u7f51\u7ad9\u6216\u8005\u4e13\u4eba\u505c\u6b62\u8fde\u8f7d"}, {"userName": "\u793e\u4f1a\u4e07\u5e74\u96cf\u513f", "userReviewDate": "2018-06-02", "userURL": "http://user.17k.com/62419685", "userReview": "\u5982\u679c\u66f4\u65b0\u8bf7\u505c\u6b62\u8fde\u8f7d\u6216\u8005\u7533\u8bf7\u5b8c\u7ed3\u8c22\u8c22\u5408\u4f5c"}, {"userName": "\u793e\u4f1a\u4e07\u5e74\u96cf\u513f", "userReviewDate": "2018-06-02", "userURL": "http://user.17k.com/62419685", "userReview": "\u6c42\u5feb\u66f4\u65b0\u90fd\u597d\u51e0\u5e74\u4e86\u9614\u671b\u5408\u4f5c\u6109\u5feb"}, {"userName": "\u793e\u4f1a\u4e07\u5e74\u96cf\u513f", "userReviewDate": "2018-06-02", "userURL": "http://user.17k.com/62419685", "userReview": "\u66f4\u65b0\u592a\u6162\u8bf7\u64a4\u56de\u7f51\u7ad9\u6216\u8005\u505c\u6b62\u8fde\u8f7d!"}, {"userName": "17K\u4e66\u53cbs6f015gd", "userReviewDate": "2018-05-13", "userURL": "http://user.17k.com/61755884", "userReview": "\u5565\u90fd\u597d\uff0c\u5c31\u662f\u66f4\u65b0\u592a\u6162"}, {"userName": "\u5076\u6ef4 \u261e\u51ef\u261c", "userReviewDate": "2018-05-11", "userURL": "http://user.17k.com/61626525", "userReview": "\u6bcf\u4e2a\u661f\u671f\u4e94\u66f4\u65b0\u4e00\u6b21\u5427\uff0c\u597d\u561b?"}, {"userName": "\u5076\u6ef4 \u261e\u51ef\u261c", "userReviewDate": "2018-05-11", "userURL": "http://user.17k.com/61626525", "userReview": "\u6211\u89c9\u5f97\uff0c\u738b\u6d69\u7684\u8def\u4e0d\u8981\u66f2\u6298\u561e"}, {"userName": "\u5076\u6ef4 \u261e\u51ef\u261c", "userReviewDate": "2018-05-11", "userURL": "http://user.17k.com/61626525", "userReview": "\u66f4\u65b0\u66f4\u65b0"}, {"userName": "\ue04c143608789", "userReviewDate": "2018-05-10", "userURL": "http://user.17k.com/61638022", "userReview": "8\u5929\u66f4\u65b0\u4e00\u6b21\u3002\u3002"}, {"userName": "\ue04c143608789", "userReviewDate": "2018-05-10", "userURL": "http://user.17k.com/61638022", "userReview": "\u600e\u4e48\u4e0d\u66f4\u65b0\u4e86\u554a"}, {"userName": "\u65e0\u60c5289920121", "userReviewDate": "2018-05-09", "userURL": "http://user.17k.com/61598084", "userReview": "\u591a\u4e45\u66f4\u65b0\u4e00\u6b21\u554a\uff1f"}, {"userName": "\u65e0\u60c5289920121", "userReviewDate": "2018-05-09", "userURL": "http://user.17k.com/61598084", "userReview": "\u591a\u4e45\u66f4\u65b0\u4e00\u6b21\u554a\uff1f"}, {"userName": "\u8001\u7136536780226", "userReviewDate": "2018-04-26", "userURL": "http://user.17k.com/60880047", "userReview": "\u5f88\u559c\u6b22\u4f60\u5199"}, {"userName": "\u8001\u7136536780226", "userReviewDate": "2018-04-26", "userURL": "http://user.17k.com/60880047", "userReview": "\u6211\u8fd8\u662f\u633a\u4f60\u7684\uff0c\u65f6\u95f4\u95ee\u9898\uff0c\u6ca1\u4e8b"}, {"userName": "\u261e\u5e74\u5c11\uff06\u8f7b\u72c2\u2718 \u261c", "userReviewDate": "2018-04-09", "userURL": "http://user.17k.com/60906111", "userReview": "\u66f4\u65b0\u7684\u592a\u6162\u4e86"}, {"userName": "\u4e00\u6dbc\u725b\u5976", "userReviewDate": "2018-04-08", "userURL": "http://user.17k.com/60926649", "userReview": "\u53ef\u4ee5\u66f4\u65b0\u4e0d\u4e86\uff1f"}, {"userName": "\u8001\u7136536780226", "userReviewDate": "2018-04-07", "userURL": "http://user.17k.com/60880047", "userReview": "\u5927\u54e5\u66f4\u65b0\u5427"}, {"userName": "\u51ac\u5b63\u3001\u83ab\u522b\u79bb", "userReviewDate": "2018-04-07", "userURL": "http://user.17k.com/58610023", "userReview": "\u5feb\u66f4\u65b0\u554a\u5927\u54e5"}], "description": "\u738b\u6d69\u4ece\u963f\u62c9\u4f2f\u56de\u6765\uff0c\u4ee5\u524d\u8ba4\u8bc6\u7684\u5f88\u591a\u4eba\u90fd\u4e0d\u77e5\u53bb\u5411\uff0c\u5317\u56ed\u4e5f\u6362\u4e86\u65b0\u7684\u8001\u5927\u3002\u3000\u3000\u9762\u5bf9\u8fd9\u7a81\u5982\u5176\u6765\u7684\u53d8\u6545\uff0c\u4e00\u573a\u65b0\u7684\u4e89\u9738\u5373\u5c06\u62c9\u5f00\u5e8f\u5e55\u2026\u2026", "title": "\u4e0d\u826f\u4e4b\u738b\u6d69\u5f52\u6765", "url": "http://www.17k.com/book/1249564.html", "average": -1.0, "cover": "http://img.17k.com/images/bookcover/2015/6247/31/1249564-1433277886000.jpg", "reviews": 1999334, "authors": [{"url": "http://www.17k.com/zuozhe/38086387", "name": "\u51b7\u6696\u4eba"}], "type": ["\u70ed\u8840\u9752\u6625"], "outlinks": ["http://www.17k.com/book/2794982.html", "http://www.17k.com/book/2801292.html", "http://www.17k.com/book/2816318.html", "http://www.17k.com/book/2797575.html", "http://www.17k.com/book/2802516.html", "http://www.17k.com/book/2812195.html", "http://www.17k.com/book/2820143.html", "http://www.17k.com/book/2807943.html", "http://www.17k.com/book/2813457.html", "http://www.17k.com/book/2798058.html", "http://www.17k.com/book/2815617.html", "http://www.17k.com/book/2805259.html", "http://www.17k.com/book/2760255.html", "http://www.17k.com/book/2686894.html", "http://www.17k.com/book/2797016.html", "http://www.17k.com/book/2767246.html", "http://www.17k.com/book/2764239.html", "http://www.17k.com/book/2754498.html", "http://www.17k.com/book/2754900.html", "http://www.17k.com/book/2625740.html", "http://www.17k.com/book/2213315.html", "http://www.17k.com/book/2402178.html", "http://www.17k.com/book/2691221.html", "http://www.17k.com/book/2210699.html", "http://www.17k.com/book/1797752.html", "http://www.17k.com/book/2575507.html", "http://www.17k.com/book/2705181.html", "http://www.17k.com/book/2702539.html", "http://www.17k.com/book/2474887.html", "http://www.17k.com/book/2674733.html", "http://www.17k.com/book/2822076.html", "http://www.17k.com/book/2809894.html", "http://www.17k.com/book/2822077.html", "http://www.17k.com/book/2811930.html", "http://www.17k.com/book/2815548.html", "http://www.17k.com/book/2819620.html", "http://www.17k.com/book/2809964.html", "http://www.17k.com/book/2808200.html", "http://www.17k.com/book/2820100.html", "http://www.17k.com/book/2822978.html", "http://www.17k.com/book/2804337.html", "http://www.17k.com/book/2798814.html", "http://www.17k.com/book/2785153.html", "http://www.17k.com/book/2731559.html", "http://www.17k.com/book/2722533.html", "http://www.17k.com/book/2458377.html", "http://www.17k.com/book/2743300.html", "http://www.17k.com/book/973809.html", "http://www.17k.com/book/2651367.html", "http://www.17k.com/book/2726194.html", "http://www.17k.com/book/2790214.html", "http://www.17k.com/book/493239.html", "http://www.17k.com/book/108821.html", "http://www.17k.com/book/1398783.html", "http://www.17k.com/book/83528.html", "http://www.17k.com/book/1859126.html", "http://www.17k.com/book/1741975.html", "http://www.17k.com/book/192453.html", "http://www.17k.com/book/2459058.html", "http://www.17k.com/book/1050747.html", "http://www.17k.com/book/2700315.html", "http://www.17k.com/book/2818940.html", "http://www.17k.com/book/2819519.html", "http://www.17k.com/book/2816390.html", "http://www.17k.com/book/2819588.html", "http://www.17k.com/book/2813768.html", "http://www.17k.com/book/2822406.html", "http://www.17k.com/book/2772164.html", "http://www.17k.com/book/2784023.html", "http://www.17k.com/book/2811877.html", "http://www.17k.com/book/2809119.html", "http://www.17k.com/book/2803700.html", "http://www.17k.com/book/2819561.html", "http://www.17k.com/book/2746506.html", "http://www.17k.com/book/2811836.html", "http://www.17k.com/book/2614810.html", "http://www.17k.com/book/1592435.html", "http://www.17k.com/book/1949748.html", "http://www.17k.com/book/2265802.html", "http://www.17k.com/book/2743240.html", "http://www.17k.com/book/2657437.html", "http://www.17k.com/book/2644502.html", "http://www.17k.com/book/2199900.html", "http://www.17k.com/book/2725436.html", "http://www.17k.com/book/2629978.html"]}