{"ratings": -1, "userreviews": [{"userName": "\u5b81\u91c7\u81e3\u6700\u5e05", "userReviewDate": "2018-06-03", "userURL": "http://user.17k.com/61569342", "userReview": "\u58a8\u58a8\u7231\u4f60\uff0c\u4e48\u4e48\u54d2\uff01"}, {"userName": "\u9633\u5149950731989", "userReviewDate": "2018-06-08", "userURL": "http://user.17k.com/59797498", "userReview": "\u4e86\u8003\u8651\u56fe\u770b\u89c1\u4e86"}, {"userName": "\u8607\u6253\u7121", "userReviewDate": "2018-06-07", "userURL": "http://user.17k.com/42093663", "userReview": "\u5c01\u9762\u597d\u770b"}, {"userName": "\u9633\u5149950731989", "userReviewDate": "2018-06-06", "userURL": "http://user.17k.com/59797498", "userReview": "666666"}, {"userName": "\u5929\u4f7f\u7684\u68a6\u60f3361501383", "userReviewDate": "2018-06-05", "userURL": "http://user.17k.com/59898219", "userReview": "\u5415\u4f73\u5bb9\u4f36\u4fd0"}, {"userName": "\u03b6\u0e31\u0361\u0793\u2133c-\u7528\u2766\u5b88\u62a4\u2026", "userReviewDate": "2018-06-05", "userURL": "http://user.17k.com/60531866", "userReview": "\u7684\u697c\u54e6OK\u4e86"}, {"userName": "\u9633\u5149950731989", "userReviewDate": "2018-06-04", "userURL": "http://user.17k.com/59797498", "userReview": "\u8001K\u54afwww\u4e94"}, {"userName": "\u81ea\u7531\u98de\u7fd4289938939", "userReviewDate": "2018-06-03", "userURL": "http://user.17k.com/61167353", "userReview": "\u6750\u6599\u5177\u4f53\u6211"}, {"userName": "\u2570\u22db\u22cb\u22b1\u22cb\u96f7\u795e\u22cc\u22b0\u22cc\u22da\u256f\u2026", "userReviewDate": "2018-06-02", "userURL": "http://user.17k.com/59869410", "userReview": "1111111"}, {"userName": "\u03b6\u0e31\u0361\u0793\u0787\u0787\u0787\u0e53&ordm;\u2665\u4e36\u84dd\u2026", "userReviewDate": "2018-06-02", "userURL": "http://user.17k.com/59801492", "userReview": "\u51e0\u4e4e\u62d6\u9ed8\u9ed8"}, {"userName": "\u03b6\u0e31\u0361\u0793\u0787\u0787\u0787\u0e53&ordm;\u2665\u4e36\u84dd\u2026", "userReviewDate": "2018-06-01", "userURL": "http://user.17k.com/59801492", "userReview": "6666666"}, {"userName": "\u6625\u5929\u7684\u96e8121967246", "userReviewDate": "2018-06-01", "userURL": "http://user.17k.com/59864103", "userReview": "\u505c\u673a\u6728\u6709\u7528\u6211\u6211"}, {"userName": "\u60c5\u7cfb\u3001\u305c\u8840\u5203", "userReviewDate": "2018-05-31", "userURL": "http://user.17k.com/59794198", "userReview": "6666666"}, {"userName": "\u9633\u5149950731989", "userReviewDate": "2018-05-31", "userURL": "http://user.17k.com/59797498", "userReview": "1\u554a\u54af\u54ed\u54af"}, {"userName": "\u81ea\u7531\u98de\u7fd4289938939", "userReviewDate": "2018-05-31", "userURL": "http://user.17k.com/61167353", "userReview": "\u597d\u54af\u53bb\u8003\u8651\u56fe"}, {"userName": "\u5929\u4f7f\u7684\u68a6\u60f3361501383", "userReviewDate": "2018-05-30", "userURL": "http://user.17k.com/59898219", "userReview": "6666666"}, {"userName": "\u2570\u22db\u22cb\u22b1\u22cb\u96f7\u795e\u22cc\u22b0\u22cc\u22da\u256f\u2026", "userReviewDate": "2018-05-30", "userURL": "http://user.17k.com/59869410", "userReview": "6666666"}, {"userName": "\u9633\u5149950731989", "userReviewDate": "2018-05-30", "userURL": "http://user.17k.com/59797498", "userReview": "\u3002\u3002\uff0c\uff0c\uff0c\uff0c\uff0c\u3002"}, {"userName": "\u9633\u5149950731989", "userReviewDate": "2018-05-29", "userURL": "http://user.17k.com/59797498", "userReview": "\uff0c\uff0c\uff1f\uff1f\uff1f\uff1f\uff01"}, {"userName": "\u81ea\u7531\u98de\u7fd4289938939", "userReviewDate": "2018-05-29", "userURL": "http://user.17k.com/61167353", "userReview": "\uff0c\uff0c\uff0c\uff0c\uff0c\uff0c"}], "description": "\u201c\u4f60\u4e3a\u4ec0\u4e48\u5c31\u662f\u4e0d\u80af\u653e\u8fc7\u6211\u2026\u2026\u201d\u3000\u3000\u201c\u9664\u975e\u6211\u6b7b\u4e86\u3002\u201d\u3000\u3000\u7231\u4f60\u60c5\u6df1\uff0c\u6709\u4f60\u4f59\u751f\u591a\u6b22\u559c\u3002", "title": "\u4e0d\u8d1f\u4f59\u751f\u8d1f\u60c5\u6df1", "url": "http://www.17k.com/book/2743240.html", "average": -1.0, "cover": "http://img.17k.com/images/bookcover/2017/13716/68/2743240-1514260295000.jpg", "reviews": 78261, "authors": [{"url": "http://www.17k.com/zuozhe/58958966", "name": "\u975e\u58a8"}], "type": ["\u73b0\u5b9e\u7ecf\u5386"], "outlinks": ["http://www.17k.com/book/2794982.html", "http://www.17k.com/book/2801292.html", "http://www.17k.com/book/2816318.html", "http://www.17k.com/book/2797575.html", "http://www.17k.com/book/2802516.html", "http://www.17k.com/book/2812195.html", "http://www.17k.com/book/2820143.html", "http://www.17k.com/book/2807943.html", "http://www.17k.com/book/2813457.html", "http://www.17k.com/book/2798058.html", "http://www.17k.com/book/2815617.html", "http://www.17k.com/book/2805259.html", "http://www.17k.com/book/2760255.html", "http://www.17k.com/book/2686894.html", "http://www.17k.com/book/2797016.html", "http://www.17k.com/book/2767246.html", "http://www.17k.com/book/2764239.html", "http://www.17k.com/book/2754498.html", "http://www.17k.com/book/2754900.html", "http://www.17k.com/book/2625740.html", "http://www.17k.com/book/2213315.html", "http://www.17k.com/book/2402178.html", "http://www.17k.com/book/2691221.html", "http://www.17k.com/book/2210699.html", "http://www.17k.com/book/1797752.html", "http://www.17k.com/book/2575507.html", "http://www.17k.com/book/2705181.html", "http://www.17k.com/book/2702539.html", "http://www.17k.com/book/2474887.html", "http://www.17k.com/book/2674733.html", "http://www.17k.com/book/2822076.html", "http://www.17k.com/book/2809894.html", "http://www.17k.com/book/2822077.html", "http://www.17k.com/book/2811930.html", "http://www.17k.com/book/2815548.html", "http://www.17k.com/book/2819620.html", "http://www.17k.com/book/2809964.html", "http://www.17k.com/book/2808200.html", "http://www.17k.com/book/2820100.html", "http://www.17k.com/book/2822978.html", "http://www.17k.com/book/2804337.html", "http://www.17k.com/book/2798814.html", "http://www.17k.com/book/2785153.html", "http://www.17k.com/book/2731559.html", "http://www.17k.com/book/2722533.html", "http://www.17k.com/book/2458377.html", "http://www.17k.com/book/2743300.html", "http://www.17k.com/book/973809.html", "http://www.17k.com/book/2651367.html", "http://www.17k.com/book/2726194.html", "http://www.17k.com/book/2790214.html", "http://www.17k.com/book/493239.html", "http://www.17k.com/book/108821.html", "http://www.17k.com/book/1398783.html", "http://www.17k.com/book/83528.html", "http://www.17k.com/book/1859126.html", "http://www.17k.com/book/1741975.html", "http://www.17k.com/book/192453.html", "http://www.17k.com/book/2459058.html", "http://www.17k.com/book/1050747.html", "http://www.17k.com/book/2700315.html", "http://www.17k.com/book/2818940.html", "http://www.17k.com/book/2819519.html", "http://www.17k.com/book/2816390.html", "http://www.17k.com/book/2819588.html", "http://www.17k.com/book/2813768.html", "http://www.17k.com/book/2822406.html", "http://www.17k.com/book/2772164.html", "http://www.17k.com/book/2784023.html", "http://www.17k.com/book/2811877.html", "http://www.17k.com/book/2809119.html", "http://www.17k.com/book/2803700.html", "http://www.17k.com/book/2819561.html", "http://www.17k.com/book/2746506.html", "http://www.17k.com/book/2811836.html", "http://www.17k.com/book/2614810.html", "http://www.17k.com/book/1592435.html", "http://www.17k.com/book/1949748.html", "http://www.17k.com/book/2265802.html", "http://www.17k.com/book/2743240.html", "http://www.17k.com/book/2657437.html", "http://www.17k.com/book/2644502.html", "http://www.17k.com/book/2199900.html", "http://www.17k.com/book/2725436.html", "http://www.17k.com/book/2629978.html"]}