{"ratings": -1, "userreviews": [{"userName": "\u83ab\u6f2b\u60c5", "userReviewDate": "2016-05-14", "userURL": "http://user.17k.com/38729823", "userReview": "<span style='color:red'>\u963f\u6f2b\u5728\u8fd9\u91cc\u5411\u5927\u5bb6\u63a8\u8350\u51e0\u90e8\u795e\u4f5c\uff0c<a target='_blank' href='http://www.17k.com/book/1241850.html'>\u300a\u7ea2\u989c\u8986\u5929\u4e0b\u300b</a><a target='_blank' href='http://www.17k.com/book/1332660.html'>\u300a\u7b11\u50b2\u6c5f\u6e56\u4e4b\u9690\u5f62\u7687\u5e1d\u300b</a><a target='_blank' href='http://www.17k.com/book/1633208.html'>\u300a\u7a7a\u964d\u6843\u82b1360\u5ea6\u7231\u300b</a><a target='_blank' href='http://www.17k.com/book/1481893.html'>\u300a\u6355\u68a6\u730e\u4eba\u300b</a><a target='_blank' href='http://www.17k.com/book/1367303.html'>\u300a\u534e\u65e0\u53cc\u300b</a><a target='_blank' href='http://www.17k.com/book/1418762.html'>\u300a\u4e00\u54c1\u533b\u5983\u300b</a><a target='_blank' href='http://www.17k.com/book/1471713.html'>\u300a\u840c\u59bb\u5012\u5ac1\u300b</a><a target='_blank' href='http://www.17k.com/book/1309665.html'>\u300a\u95ea\u5a5a\u8001\u5a46\u8981\u7ffb\u8eab\u300b</a><a target='_blank' href='http://www.17k.com/book/1548116.html'>\u300a\u8001\u5b50\u662f\u5175\u738b\u300b</a><a target='_blank' href='http://www.17k.com/book/1256338.html'>\u300a\u4fa7\u5ba4\u8c0b\u7565\u300b</a><a target='_blank' href='http://www.17k.com/book/1748873.html'>\u300a\u6709\u4e2a\u5e05\u54e5\u8d56\u4e0a\u6211\u300b</a><a target='_blank' href='http://www.17k.com/book/1701390.html'>\u300a\u91cd\u751f\u4e4b\u5343\u91d1\u6012\u300b</a>\u60c5\u8282\u8dcc\u5b95\u8d77\u4f0f\uff0c\u6263\u4eba\u5fc3\u5f26\uff0c\u6587\u91c7\u6590\u7136\uff0c\u503c\u5f97\u4e00\u770b\u54e6\uff01\uff01...</span>"}, {"userName": "\u53f6\u843d\u679d\u5934", "userReviewDate": "2016-03-17", "userURL": "http://user.17k.com/17056547", "userReview": "<a target='_blank' href='http://www.17k.com/book/631937.html'>\u300a\u547d\u4e4b\u9014\u300b</a>\u8ba2\u9605\u770b\u4e66..."}, {"userName": "\u767d\u65e5\u8863\u886b\u5c3dcom", "userReviewDate": "2016-01-14", "userURL": "http://user.17k.com/43065604", "userReview": "\u60f3\u8ba9\u89c2\u5f71\u548c\u747e\u513f\u5728\u4e00\u8d77\uff0c\u4e0d\u559c\u6b22\u65e0\u75d5\uff0c\u540c\u6837\u90fd\u662f\u8eab\u4e16\u60b2\u60e8\uff0c\u4e3a\u4ec0\u4e48\u4e00\u4e2a\u80fd\u591f\u5f97\u5230\u747e\u513f\u7684\u7231\uff0c\u4e00\u4e2a\u53ea\u80fd\u8fd9\u6837\u5b88\u62a4\u747e\u513f\uff0c\u89c2\u5f71\u6bd4\u65e0\u75d5\u7231\u747e\u513f\uff01\uff01\u4e3a\u4ec0\u4e48\u4e0d\u80fd\u548c\u4ed6\u5728\u4e00\u8d77\uff01\uff01<img src='http://img.17k.com/images/face/115ku.gif' /><img src='http://img.17k.com/images/face/115ku.gif' /><img src='http://img.17k.com/images/face/115ku.gif' />"}, {"userName": "\u4e00\u7247\u65f6\u95f4\u6d77\u7684\u6e29\u67d4\u3002", "userReviewDate": "2015-11-04", "userURL": "http://user.17k.com/43384834", "userReview": "\u770b\u5230\u7b80\u4ecb\u7684\u65f6\u5019\u90fd\u4e0d\u6562\u76f8\u4fe1\u662f\u5a1c\u5a1c\u5199\u7684\uff0c\u5927\u6c14\u6062\u5f18\u4e2d\u53c8\u6709\u7740\u513f\u5973\u60c5\u957f\u7684\u6df1\u60c5\uff0c\u77ed\u77ed\u51e0\u53e5\u8bdd\u628a\u51e0\u4e2a\u4eba\u7684\u6027\u683c\u4e5f\u6709\u4e86\u5f88\u597d\u7684\u6982\u62ec\u3002\u5199\u611f\u60c5\u620f\u7684\u65f6\u5019\u5f88\u751c\uff0c\u4f46\u662f\u6253\u6597\u573a\u666f\u4e5f\u80fd\u8ba9\u6211\u60ac\u7740\u5fc3\u770b\uff01\uff01\uff01\u6700\u4e3b\u8981\u7684\u662f\uff0c\u4e0d\u5c11\u5730\u65b9\u86ee\u5e7d\u9ed8\u7684\uff0c\u4e5f\u5c31\u662f\u6240\u8c13\u7684\u9017\u6bd4&#55357;&#56834;"}, {"userName": "\u9ec4\u74dc\u7684\u5bbf\u547d", "userReviewDate": "2018-02-12", "userURL": "http://user.17k.com/53195742", "userReview": "<a target='_blank' href='http://www.17k.com/book/2377865.html'>\u300a\u81f3\u9738\u82cd\u751f\u8bc0\u300b</a>\u6765\u8bbf\uff0c\u6c42\u652f\u6301\u6c42\u6269\u6563\uff0c\u87f9\u87f9\u3002"}, {"userName": "\u52ff\u604b\u6c5f\u6885", "userReviewDate": "2017-12-26", "userURL": "http://user.17k.com/58863497", "userReview": "\u5348\u597d\uff5e"}, {"userName": "\u5189\u590f\u5929", "userReviewDate": "2017-12-23", "userURL": "http://user.17k.com/54842521", "userReview": "\u5927\u5927\u597d\u5389\u5bb3\uff01<a target='_blank' href='http://www.17k.com/book/2582909.html'>\u300a\u62d0\u4e2a\u70ae\u7070\u907f\u907f\u90aa\u300b</a>\u524d\u6765\u62dc\u8bbf\u5927\u5927\uff0c\u613f\u5927\u5927\u66f4\u4e0a\u4e00\u5c42\u697c"}, {"userName": "\u8a00\u6728\u4e5d", "userReviewDate": "2017-12-17", "userURL": "http://user.17k.com/55947779", "userReview": "\u5927\u5927\u5389\u5bb3\u54af\uff01\u643a<a target='_blank' href='http://www.17k.com/book/2732043.html'>\u300a\u5f53\u4f60\u6c89\u7761\u65f6\u300b</a>\u6765\u8bbf\uff01\u7a7f\u8d8a\u68a6\u5883\u4e0e\u73b0\u5b9e\uff0c\u9634\u8c0b\u4e0e\u8be1\u8ba1\uff0c\u6211\u8fd8\u662f\u60f3\u8981\u6765\u5230\u4f60\u7684\u8eab\u8fb9\uff01"}, {"userName": "\u53f6\u8459\u82b8", "userReviewDate": "2017-12-06", "userURL": "http://user.17k.com/57517697", "userReview": "\u5927\u5927\u52a0\u6cb9\uff01\u643a<a target='_blank' href='http://www.17k.com/book/2663126.html'>\u300a\u4eba\u72d0\u4e4b\u7ea6\u300b</a>\u524d\u6765\u652f\u6301\uff01\u4eb2\u4eb2\u5feb\u6765\u770b\u54e6\uff01\u5c0f\u8bf4\u5730\u5740http://h5.17k.com/book/2663126.html"}, {"userName": "\u5948\u5654\u8c46\u513f", "userReviewDate": "2017-12-05", "userURL": "http://user.17k.com/50202394", "userReview": "\u5927\u5927\u5199\u5f97\u4e0d\u9519\uff0c\u5389\u5bb3\uff0c\u4f69\u670d\uff0c<a target='_blank' href='http://www.17k.com/book/2171174.html'>\u300a\u5f02\u4e16\u81ea\u900d\u9065\u300b</a>\u767b\u95e8\u62dc\u8bbf\uff01\u65b0\u4eba\u521b\u4f5c\uff0c\u8bf7\u5e2e\u5fd9\u6307\u70b9\uff0c\u591a\u591a\u652f\u6301.."}, {"userName": "\u963f\u66ae\u5b8c\u4facmumu", "userReviewDate": "2017-09-28", "userURL": "http://user.17k.com/57093862", "userReview": "<a target='_blank' href='http://www.17k.com/book/2645447.html'>\u300a\u51b7\u66ae\u4e03\u6708\u300b</a>\u6765\u8bbf\uff0c\u5e0c\u671b\u5927\u5bb6\u559c\u6b22\uff5e\u652f\u6301\uff5e\u6536\u85cf\uff0c\u4e00\u8d77\u52a0\u6cb9\u52aa\u529b\uff0c\u5199\u7684\u5f88\u597d\u54e6\uff01http://h5.17k.com/book/2645447.html"}, {"userName": "\u4e00\u53ea\u4e39", "userReviewDate": "2016-09-27", "userURL": "http://user.17k.com/48060827", "userReview": "\u6211\u4ee5\u524d\u7684\u4e00\u672c\u5c0f\u8bf4\uff0c\u5973\u4e3b\u540d\u5b57\u53eb\u505a\uff0c\u83ab\u4f9d\u60c5\u3002"}, {"userName": "\u7384\u98ce\u5c18", "userReviewDate": "2016-09-27", "userURL": "http://user.17k.com/48172843", "userReview": "\u6211\u6765\u4e86\uff0c\u68d2\u68d2\u54d2"}, {"userName": "\u4e00\u53ea\u4e39", "userReviewDate": "2016-09-26", "userURL": "http://user.17k.com/48060827", "userReview": "\u6211\u6765\u4e86\uff01\u6728\u6728\u54d2\uff01"}, {"userName": "\u4e1c\u98ce\u591c\u5439", "userReviewDate": "2016-09-23", "userURL": "http://user.17k.com/43093162", "userReview": "\u665a\u4e0a\u597d\uff0c<a target='_blank' href='http://www.17k.com/book/1420765.html'>\u300a\u5c0f\u57ce\u5947\u5175\u300b</a>\u6765\u7ed9\u5927\u795e\u52a0\u6cb9\uff01\u575a\u6301\u5c31\u662f\u80dc\u5229\uff01"}, {"userName": "\u7384\u98ce\u5c18", "userReviewDate": "2016-09-19", "userURL": "http://user.17k.com/48172843", "userReview": "\u539f\u6765\u662f\u5927\u795e\uff0c\u652f\u6301"}, {"userName": "\u591c\u795e\u5948", "userReviewDate": "2016-09-18", "userURL": "http://user.17k.com/47556785", "userReview": "\u643a\u5e26<a target='_blank' href='http://www.17k.com/book/2080344.html'>\u300a\u7cfb\u7edf\u4e4b\u53f2\u4e0a\u6700\u5751\u7239\u7a7f\u8d8a\u300b</a>\u6765\u8bbf\uff5e\uff0c\u5927\u5927\u52a0\u6cb9\uff5e"}, {"userName": "\u840c\u840c\u7684\u90d1\u4e50", "userReviewDate": "2016-09-15", "userURL": "http://user.17k.com/49792160", "userReview": "\u90d1\u4e50\u5e26\u3010\u795e\u5077\u725b\u803f\u3011\u6765\u8bbf\uff0c\u5927\u5bb6\u6765\u770b\u770b\u5427\uff0c\u6545\u4e8b\u633a\u7cbe\u5f69\u7684\uff01\u4e0d\u597d\u770b\u4f60\u53ef\u4ee5\u9a82\u6211\uff01"}, {"userName": "89504211\u7231\u5c14\u5170", "userReviewDate": "2016-09-08", "userURL": "http://user.17k.com/7761708", "userReview": "\u5feb\u70b8\uff0c\u6211\u7b49\u7684\u5feb\u70b8\u6bdb\u4e86\uff01~~"}, {"userName": "89504211\u7231\u5c14\u5170", "userReviewDate": "2016-08-30", "userURL": "http://user.17k.com/7761708", "userReview": "\u6211\u8fd9\u4e2a\u5305\u5e74\u7684\u4eba\u514d\u8d39\u770b\uff0c\u4f60\u7684\u8981\u6c42\u6211\u6ca1\u529e\u6cd5\u5e2e\u4f60\uff0c\u600e\u4e48\u529e"}], "description": "\u5979\u8de8\u8fc7\u5343\u5e74\uff0c\u8eab\u8d1f\u6740\u6bcd\u4e4b\u4ec7\uff0c\u7a76\u7adf\u662f\u5076\u7136\uff1f\u8fd8\u662f\u5bbf\u547d\uff1f\u3000\u3000\u4ed6\u65e0\u6094\u7b49\u5f85\uff0c\u4e3a\u4e00\u4eba\u593a\u5929\u4e0b\uff0c\u7a76\u7adf\u662f\u62a5\u590d\uff1f\u8fd8\u662f\u4e0d\u7518\uff1f\u3000\u3000\u4e91\u4e2d\u4e4b\u9f99\uff0c\u6c34\u4e2d\u4e4b\u6708\uff0c\u753b\u4e2d\u8c2a\u4ed9\u4eba\uff0c\u9b3c\u872e\u5e7d\u51a5\u82b1\u3002\u3000\u3000\u7ffb\u4e91\u8986\u96e8\u7684\u6d4a\u4e16\u516c\u5b50\uff0c\u7a76\u7adf\u8c01\u80fd\u4f34\u5979\u8eab\u4fa7\u3002\u3000\u3000\u5f53\u5979\u4f20\u627f\u5343\u5e74\u7684\u529b\u91cf\uff0c\u7389\u6307\u8f7b\u6325\u6307\u70b9\u8c01\u7684\u6c5f\u5c71\uff1f\u3000\u3000\u4ed6\u4eec\u7684\u76f8\u9047\u4e0d\u662f\u547d\u8fd0\u7684\u7ed3\u675f\uff0c\u5374\u662f\u7ea0\u7f20\u7684\u5f00\u59cb\u3002\u3000\u3000\u5c18\u57c3\u843d\u5b9a\u68a6\u7a7a\u8c08\uff0c\u7b11\u8bed\u5ae3\u7136\u9001\u6c5f\u5c71\u3002\u3000\u3000\u56de\u9996\u95f4\uff0c\u5979\u5374\u7b11\u9053\uff1a\u201c\u76f8\u516c\uff0c\u6211\u613f\u4e0e\u4f60\u767d\u9996\uff0c\u4f60\u662f\u5426\u8fd8\u613f\u56de\u5934\uff1f\u201d\u3000\u3000\u6d6a\u6dd8\u6c99\u2014\u2014\u767d\u9996\u4e0e\u5171\u3000\u3000\u6218\u7532\u65e7\u7ea2\u7ef8\uff0c\u7fa4\u96c4\u805a\u9996\uff0c\u7eb5\u9a6c\u5f53\u6b4c\u5411\u5929\u7b11\uff0c\u5b9d\u5251\u996e\u8840\u9b3c\u89c1\u6101\uff0c\u4e0d\u6b7b\u4e0d\u4f11\u3002\u3000\u3000\u6c5f\u5c71\u6267\u624b\u4e2d\uff0c\u6298\u5251\u6c89\u821f\uff0c\u4eca\u751f\u540e\u4e16\u4e24\u4e0d\u79bb\uff0c\u7b11\u770b\u4eba\u95f4\u5c3d\u60a0\u60a0\uff0c\u5171\u537f\u767d\u9996\u3002", "title": "\u4e0e\u537f\u5171\u767d\u9996", "url": "http://www.17k.com/book/1186719.html", "average": -1.0, "cover": "http://img.17k.com/images/bookcover/2016/5933/29/1186719-1470917974000.jpg", "reviews": 101368, "authors": [{"url": "http://www.17k.com/zuozhe/38729823", "name": "\u83ab\u6f2b\u60c5"}], "type": ["\u7a7f\u8d8a\u65f6\u7a7a"], "outlinks": ["http://www.17k.com/book/2794982.html", "http://www.17k.com/book/2801292.html", "http://www.17k.com/book/2816318.html", "http://www.17k.com/book/2797575.html", "http://www.17k.com/book/2802516.html", "http://www.17k.com/book/2812195.html", "http://www.17k.com/book/2820143.html", "http://www.17k.com/book/2807943.html", "http://www.17k.com/book/2813457.html", "http://www.17k.com/book/2798058.html", "http://www.17k.com/book/2815617.html", "http://www.17k.com/book/2805259.html", "http://www.17k.com/book/2760255.html", "http://www.17k.com/book/2686894.html", "http://www.17k.com/book/2797016.html", "http://www.17k.com/book/2767246.html", "http://www.17k.com/book/2764239.html", "http://www.17k.com/book/2754498.html", "http://www.17k.com/book/2754900.html", "http://www.17k.com/book/2625740.html", "http://www.17k.com/book/2213315.html", "http://www.17k.com/book/2402178.html", "http://www.17k.com/book/2691221.html", "http://www.17k.com/book/2210699.html", "http://www.17k.com/book/1797752.html", "http://www.17k.com/book/2575507.html", "http://www.17k.com/book/2705181.html", "http://www.17k.com/book/2702539.html", "http://www.17k.com/book/2474887.html", "http://www.17k.com/book/2674733.html", "http://www.17k.com/book/2822076.html", "http://www.17k.com/book/2809894.html", "http://www.17k.com/book/2822077.html", "http://www.17k.com/book/2811930.html", "http://www.17k.com/book/2815548.html", "http://www.17k.com/book/2819620.html", "http://www.17k.com/book/2809964.html", "http://www.17k.com/book/2808200.html", "http://www.17k.com/book/2820100.html", "http://www.17k.com/book/2822978.html", "http://www.17k.com/book/2804337.html", "http://www.17k.com/book/2798814.html", "http://www.17k.com/book/2785153.html", "http://www.17k.com/book/2731559.html", "http://www.17k.com/book/2722533.html", "http://www.17k.com/book/2458377.html", "http://www.17k.com/book/2743300.html", "http://www.17k.com/book/973809.html", "http://www.17k.com/book/2651367.html", "http://www.17k.com/book/2726194.html", "http://www.17k.com/book/2790214.html", "http://www.17k.com/book/493239.html", "http://www.17k.com/book/108821.html", "http://www.17k.com/book/1398783.html", "http://www.17k.com/book/83528.html", "http://www.17k.com/book/1859126.html", "http://www.17k.com/book/1741975.html", "http://www.17k.com/book/192453.html", "http://www.17k.com/book/2459058.html", "http://www.17k.com/book/1050747.html", "http://www.17k.com/book/2700315.html", "http://www.17k.com/book/2818940.html", "http://www.17k.com/book/2819519.html", "http://www.17k.com/book/2816390.html", "http://www.17k.com/book/2819588.html", "http://www.17k.com/book/2813768.html", "http://www.17k.com/book/2822406.html", "http://www.17k.com/book/2772164.html", "http://www.17k.com/book/2784023.html", "http://www.17k.com/book/2811877.html", "http://www.17k.com/book/2809119.html", "http://www.17k.com/book/2803700.html", "http://www.17k.com/book/2819561.html", "http://www.17k.com/book/2746506.html", "http://www.17k.com/book/2811836.html", "http://www.17k.com/book/2614810.html", "http://www.17k.com/book/1592435.html", "http://www.17k.com/book/1949748.html", "http://www.17k.com/book/2265802.html", "http://www.17k.com/book/2743240.html", "http://www.17k.com/book/2657437.html", "http://www.17k.com/book/2644502.html", "http://www.17k.com/book/2199900.html", "http://www.17k.com/book/2725436.html", "http://www.17k.com/book/2629978.html"]}