{"ratings": -1, "userreviews": [{"userName": "\u706b\u5f71272537682", "userReviewDate": "2018-06-02", "userURL": "http://user.17k.com/62448308", "userReview": "\u5199\u5f97\u771f\u597d\uff0c\u6709\u6587\u91c7\uff0c\u6709\u8111\u6d1e\uff0c\u6700\u559c\u6b22\u8fd9\u6837\u7684\u7a7f\u8d8a\u6587\u4e86\uff0c\u597d\u770b\u3002"}, {"userName": "\u5317\u5e84", "userReviewDate": "2018-05-06", "userURL": "http://user.17k.com/57496771", "userReview": "<a target='_blank' href='http://www.17k.com/book/2662206.html'>\u300a\u730e\u90fd\u300b</a>\u524d\u6765\u652f\u6301\uff0c\u8fd9\u8bdd\u662f\u4e0d\u662f\u592a\u8001\u571f\u4e86\uff0c\u54c8\u54c8"}, {"userName": "\u82e5\u742a339168254", "userReviewDate": "2018-05-05", "userURL": "http://user.17k.com/61526481", "userReview": "[\u6253\u8d4f]\u6211\u6253\u8d4f\u4e868\u5143\u7ea2\u5305\uff01\uff01"}, {"userName": "\u82e5\u742a339168254", "userReviewDate": "2018-05-05", "userURL": "http://user.17k.com/61526481", "userReview": "[\u6253\u8d4f]\u6211\u6253\u8d4f\u4e868\u5143\u7ea2\u5305\uff01\uff01"}, {"userName": "17k\u4e66\u53cblq2pkm9bn", "userReviewDate": "2018-05-04", "userURL": "http://user.17k.com/61476741", "userReview": "[\u6253\u8d4f]\u6211\u6253\u8d4f\u4e868\u5143\u7ea2\u5305\uff01\uff01"}, {"userName": "\u79e6\u96ea\u6768", "userReviewDate": "2018-05-03", "userURL": "http://user.17k.com/49664276", "userReview": "\u6253\u5e7f\u544a\u7684\u4eb2\u4eb2\u4eec\u8fdb\u8fd9\u91cc\uff0c\u5927\u5bb6\u4e00\u8d77\u4e92\u76f8\u652f\u6301\u3002"}, {"userName": "\u5f20\u6d77\u6d0b342736671", "userReviewDate": "2018-05-02", "userURL": "http://user.17k.com/54875658", "userReview": "[\u6253\u8d4f]\u6211\u6253\u8d4f\u4e861\u4e2a'\u5c0f\u5fc3\u5fc3'\uff01\uff01"}, {"userName": "\u5f20\u6d77\u6d0b342736671", "userReviewDate": "2018-05-02", "userURL": "http://user.17k.com/54875658", "userReview": "\u597d\u770b\uff0c\u8fd9\u672c\u4e66\u4e00\u5b9a\u4f1a\u706b\u706b\u706b"}, {"userName": "\u866b\u513f\u975e\u975e", "userReviewDate": "2018-05-01", "userURL": "http://user.17k.com/57550383", "userReview": "\u597d\u770b\uff01\u652f\u6301\uff01"}, {"userName": "\u4ee3\u66ae\u96e8", "userReviewDate": "2018-04-30", "userURL": "http://user.17k.com/60158567", "userReview": "\u5927\u5927\u52a0\u6cb9\uff01\u66ae\u96e8\u6765\u6536\u85cf\u5566\uff01"}, {"userName": "\u5f20\u6d77\u6d0b342736671", "userReviewDate": "2018-04-29", "userURL": "http://user.17k.com/54875658", "userReview": "[\u6253\u8d4f]\u6211\u6253\u8d4f\u4e861\u4e2a'\u5c0f\u5fc3\u5fc3'\uff01\uff01"}, {"userName": "\u79e6\u83b2988335171", "userReviewDate": "2018-04-29", "userURL": "http://user.17k.com/54469210", "userReview": "[\u6253\u8d4f]\u6211\u6253\u8d4f\u4e862\u5143\u7ea2\u5305\uff01\uff01"}, {"userName": "\u5154*^\u59b9^*", "userReviewDate": "2018-04-15", "userURL": "http://user.17k.com/60999707", "userReview": "[\u6253\u8d4f]\u6211\u6253\u8d4f\u4e862\u5143\u7ea2\u5305\uff01\uff01"}, {"userName": "\u5468\u5bb6\u5c0f\u59d0\u59d0", "userReviewDate": "2018-04-14", "userURL": "http://user.17k.com/59004807", "userReview": "\u5c0f\u65b0\u4eba\u521d\u6b21\u62dc\u8bbf\uff0c\u8bf7\u591a\u591a\u6307\u6559\uff0c\u5df2\u6536\u85cf\u5566\uff5e"}, {"userName": "..\u79e6\u79e6", "userReviewDate": "2018-04-12", "userURL": "http://user.17k.com/51080371", "userReview": "[\u6253\u8d4f]\u6211\u6253\u8d4f\u4e862\u5143\u7ea2\u5305\uff01\uff01"}, {"userName": "\u4e09\u8bfd3166877882", "userReviewDate": "2018-04-12", "userURL": "http://user.17k.com/60639043", "userReview": "\u6545\u4e8b\u5f88\u7cbe\u5f69\u5440\uff0c\u671f\u5f85\u540e\u9762\u7684\u6587\uff01\u5927\u5927\u52a0\u6cb9\uff01\uff01\uff01"}], "description": "\u4e00\u671d\u7a7f\u8d8a\uff0c\u8212\u6db5\u6765\u5230\u4e86\u6d1e\u623f\uff0c\u53d8\u6210\u4e86\u6346\u7ed1\u7684\u65b0\u5a18\u5b50\u3002\u3000\u3000\u89c1\u8fc7\u6b3a\u7537\u9738\u5973\u3001\u4f5c\u6076\u591a\u7aef\u4eba\u7c7b\u7684\u72fc\uff0c\u540c\u65f6\u771f\u6b63\u7684\u72fc\u5979\u4e5f\u89c1\u8fc7\uff0c\u800c\u4eba\u7c7b\u7684\u72fc\u5b50\u91ce\u5fc3\u8fdc\u6bd4\u771f\u6b63\u7684\u72fc\u66f4\u51f6\u6b8b\u6076\u6bd2\u3002\u3000\u3000\u9762\u5bf9\u773c\u524d\u7684\u56f0\u5883\uff0c\u5014\u5f3a\u7684\u8212\u6db5\u64b8\u8d77\u8896\u5b50\u54ac\u54ac\u7259\uff0c\u5979\u5c31\u4e0d\u4fe1\u5979\u4e00\u73b0\u4ee3\u5973\u9752\u5e74\uff0c\u7ecf\u5546\u79cd\u7530\uff0c\u540c\u65f6\u8fde\u83b7\u51e0\u5c4a\u8dc6\u62f3\u9053\u51a0\u519b\u8363\u8a89\uff0c\u80fd\u6587\u80fd\u6b66\uff0c\u62e5\u6709\u4e00\u8eab\u672c\u4e8b\u7684\u4eba\uff0c\u8fd8\u5728\u8fd9\u53e4\u4ee3\u6df7\u4e0d\u4e0b\u53bb\u3002\u3000\u3000\u8d5a\u94b1\u517b\u5bb6\uff0c\u4e00\u8def\u8650\u6e23\uff0c\u6253\u9020\u68a6\u4e2d\u72fc\u8c37\uff0c\u770b\u5230\u987a\u773c\u7684\u7537\u4eba\uff0c\u987a\u4fbf\u8c08\u8c08\u7231\u60c5\u3002\u8eab\u9022\u4e71\u4e16\uff0c\u773c\u770b\u5bb6\u56ed\u88ab\u6bc1\uff0c\u8212\u6db5\u51b3\u5b9a\u5e26\u7740\u72fc\u7fa4\u51b2\u950b\u9677\u9635\uff0c\u5982\u6b64\u80c6\u5927\u4e4b\u4eba\uff0c\u6562\u8bf4\u4e16\u95f4\u552f\u6709\u5979\u4e00\u4eba\u2026\u2026", "title": "\u4e0e\u72fc\u5171\u821e\uff1a\u9526\u7ee3\u5c71\u6cb3\u4e4b\u519c\u5973", "url": "http://www.17k.com/book/2805765.html", "average": -1.0, "cover": "http://img.17k.com/images/bookcover/2018/14028/70/2805765-1525101824000.jpg", "reviews": 13886, "authors": [{"url": "http://www.17k.com/zuozhe/49664276", "name": "\u79e6\u96ea\u6768"}], "type": ["\u7ecf\u5546\u79cd\u7530"], "outlinks": ["http://www.17k.com/book/2794982.html", "http://www.17k.com/book/2801292.html", "http://www.17k.com/book/2816318.html", "http://www.17k.com/book/2797575.html", "http://www.17k.com/book/2802516.html", "http://www.17k.com/book/2812195.html", "http://www.17k.com/book/2820143.html", "http://www.17k.com/book/2807943.html", "http://www.17k.com/book/2813457.html", "http://www.17k.com/book/2798058.html", "http://www.17k.com/book/2815617.html", "http://www.17k.com/book/2805259.html", "http://www.17k.com/book/2760255.html", "http://www.17k.com/book/2686894.html", "http://www.17k.com/book/2797016.html", "http://www.17k.com/book/2767246.html", "http://www.17k.com/book/2764239.html", "http://www.17k.com/book/2754498.html", "http://www.17k.com/book/2754900.html", "http://www.17k.com/book/2625740.html", "http://www.17k.com/book/2213315.html", "http://www.17k.com/book/2402178.html", "http://www.17k.com/book/2691221.html", "http://www.17k.com/book/2210699.html", "http://www.17k.com/book/1797752.html", "http://www.17k.com/book/2575507.html", "http://www.17k.com/book/2705181.html", "http://www.17k.com/book/2702539.html", "http://www.17k.com/book/2474887.html", "http://www.17k.com/book/2674733.html", "http://www.17k.com/book/2822076.html", "http://www.17k.com/book/2809894.html", "http://www.17k.com/book/2822077.html", "http://www.17k.com/book/2811930.html", "http://www.17k.com/book/2815548.html", "http://www.17k.com/book/2819620.html", "http://www.17k.com/book/2809964.html", "http://www.17k.com/book/2808200.html", "http://www.17k.com/book/2820100.html", "http://www.17k.com/book/2822978.html", "http://www.17k.com/book/2804337.html", "http://www.17k.com/book/2798814.html", "http://www.17k.com/book/2785153.html", "http://www.17k.com/book/2731559.html", "http://www.17k.com/book/2722533.html", "http://www.17k.com/book/2458377.html", "http://www.17k.com/book/2743300.html", "http://www.17k.com/book/973809.html", "http://www.17k.com/book/2651367.html", "http://www.17k.com/book/2726194.html", "http://www.17k.com/book/2790214.html", "http://www.17k.com/book/493239.html", "http://www.17k.com/book/108821.html", "http://www.17k.com/book/1398783.html", "http://www.17k.com/book/83528.html", "http://www.17k.com/book/1859126.html", "http://www.17k.com/book/1741975.html", "http://www.17k.com/book/192453.html", "http://www.17k.com/book/2459058.html", "http://www.17k.com/book/1050747.html", "http://www.17k.com/book/2700315.html", "http://www.17k.com/book/2818940.html", "http://www.17k.com/book/2819519.html", "http://www.17k.com/book/2816390.html", "http://www.17k.com/book/2819588.html", "http://www.17k.com/book/2813768.html", "http://www.17k.com/book/2822406.html", "http://www.17k.com/book/2772164.html", "http://www.17k.com/book/2784023.html", "http://www.17k.com/book/2811877.html", "http://www.17k.com/book/2809119.html", "http://www.17k.com/book/2803700.html", "http://www.17k.com/book/2819561.html", "http://www.17k.com/book/2746506.html", "http://www.17k.com/book/2811836.html", "http://www.17k.com/book/2614810.html", "http://www.17k.com/book/1592435.html", "http://www.17k.com/book/1949748.html", "http://www.17k.com/book/2265802.html", "http://www.17k.com/book/2743240.html", "http://www.17k.com/book/2657437.html", "http://www.17k.com/book/2644502.html", "http://www.17k.com/book/2199900.html", "http://www.17k.com/book/2725436.html", "http://www.17k.com/book/2629978.html"]}