{"ratings": -1, "userreviews": [{"userName": "\u5357\u9675\u738b", "userReviewDate": "2013-09-22", "userURL": "http://user.17k.com/14249102", "userReview": "\u597d\u4e66\uff01\u679c\u65ad\u6536\u4e86\uff0c\u6211\u4e5f\u662f\u4f5c\u8005\uff0c\u5c31\u4e0d\u663e\u6446\u4e86\uff0c\u5565\u4e5f\u4e0d\u8bf4\u4e86\uff0c\u6536\u85cf\u8d35\u5bbe\uff0c\u7ee7\u7eed\u52aa\u529b\uff0c\u5a18\u7684\uff0c\u602a\u4e0d\u5f97\u6211\u4e0d\u7b7e\u7ea6\u5462\u2026\u2026"}, {"userName": "\u5c0f\u65b0\u7684\u60b2\u4f24\u6ca1\u4eba\u61c2", "userReviewDate": "2013-08-23", "userURL": "http://user.17k.com/17216992", "userReview": "\u867d\u7136\u6211\u5f88\u4e0d\u559c\u6b22\u8d85\u591a\u7f8e\u5973\u7684\u82f1\u96c4\u7bc7\uff08\u56e0\u4e3a\u6211\u5c31\u662f\u5973\u7684\uff09\uff0c\u4f46\u5076\u771f\u5fc3\u89c9\u5f97\u5927\u5927\u7684\u6587\u6587\u5199\u5f97\u4e0d\u9519\u2026\u2026"}, {"userName": "\u51e1\u591c\u5357\u98ce", "userReviewDate": "2013-08-11", "userURL": "http://user.17k.com/15127526", "userReview": "<a target='_blank' href='http://www.17k.com/book/610237.html'>\u300a\u65e0\u4e0a\u6d2a\u8352\u300b</a>\u8bc4\u8bba\u5927\u4f5c\uff1a\u9996\u5148\uff0c\u5927\u5927\u7684\u4e66\u540d\u5f88\u4e0d\u9519\uff0c\u6807\u51c6\u7684\u90fd\u5e02\u98ce\u683c\uff0c\u4ecb\u7ecd\u7ed9\u4eba\u6e05\u6670\u611f\uff0c\u6545\u4e8b\u60c5\u8282\u8d28\u6734\u6709\u5e8f\uff0c\u8282\u594f\u611f\u5f3a\uff0c\u60c5\u8282\u9012\u8fdb\u5feb\uff01\u5f88\u4e0d\u9519\u7684\u6587\u6587\uff0c\u6545\u4e8b\u5f15\u5f15\u5165\u80dc\uff0c\u597d\u4e66\uff01\u652f\u6301\uff01\uff01\u503c\u5f97\u4e00\u770b\uff01\uff01\uff01"}, {"userName": "\u968f\u7f18470218130", "userReviewDate": "2018-06-08", "userURL": "http://user.17k.com/58670824", "userReview": "[\u6253\u8d4f]\u6211\u6253\u8d4f\u4e861\u5143\u7ea2\u5305\uff01\uff01"}, {"userName": "rock7015", "userReviewDate": "2018-06-08", "userURL": "http://user.17k.com/46080167", "userReview": "Asaaaaaa"}, {"userName": "rock7015", "userReviewDate": "2018-06-07", "userURL": "http://user.17k.com/46080167", "userReview": "Asaaaaaa"}, {"userName": "rock7015", "userReviewDate": "2018-06-06", "userURL": "http://user.17k.com/46080167", "userReview": "Asaaaaaa"}, {"userName": "rock7015", "userReviewDate": "2018-06-05", "userURL": "http://user.17k.com/46080167", "userReview": "Assaaaaaa"}, {"userName": "rock7015", "userReviewDate": "2018-06-04", "userURL": "http://user.17k.com/46080167", "userReview": "Asaaaaaa"}, {"userName": "rock7015", "userReviewDate": "2018-06-03", "userURL": "http://user.17k.com/46080167", "userReview": "Asaaaaaa"}, {"userName": "rock7015", "userReviewDate": "2018-06-02", "userURL": "http://user.17k.com/46080167", "userReview": "Asaaaaaa"}, {"userName": "rock7015", "userReviewDate": "2018-06-01", "userURL": "http://user.17k.com/46080167", "userReview": "Asaaaaaa"}, {"userName": "17K\u4e66\u53cb93nbz1dg", "userReviewDate": "2018-05-31", "userURL": "http://user.17k.com/61187735", "userReview": "\u8fd9\u4e66\u771f\u4ed6\u5988\u7684\u70c2"}, {"userName": "rock7015", "userReviewDate": "2018-05-31", "userURL": "http://user.17k.com/46080167", "userReview": "Asaaaaaa"}, {"userName": "rock7015", "userReviewDate": "2018-05-30", "userURL": "http://user.17k.com/46080167", "userReview": "Asaaaaaa"}, {"userName": "rock7015", "userReviewDate": "2018-05-29", "userURL": "http://user.17k.com/46080167", "userReview": "Asaaaaaa"}, {"userName": "rock7015", "userReviewDate": "2018-05-28", "userURL": "http://user.17k.com/46080167", "userReview": "Asaaaaaa"}, {"userName": "rock7015", "userReviewDate": "2018-05-27", "userURL": "http://user.17k.com/46080167", "userReview": "Asaaaaaa"}, {"userName": "17k\u4e66\u53cbf9vgqeq8q", "userReviewDate": "2018-05-26", "userURL": "http://user.17k.com/62212934", "userReview": "[\u6253\u8d4f]\u6211\u6253\u8d4f\u4e868\u5143\u7ea2\u5305\uff01\uff01"}, {"userName": "rock7015", "userReviewDate": "2018-05-25", "userURL": "http://user.17k.com/46080167", "userReview": "Asaaaaaa"}], "description": "\u4ece\u5c0f\u5c31\u4e0d\u8d70\u6b63\u9053\u7684\u674e\u4e8c\u86cb\u88ab\u96f7\u5288\u6b7b\u4e86\uff0c\u53c8\u88ab\u96f7\u5288\u91cd\u751f\uff0c\u56e0\u7978\u5f97\u798f\u6709\u4e86\u5f02\u80fd\uff0c\u7a7f\u5899\u672f\uff0c\u98de\u6a90\u8d70\u58c1\uff0c\u8fd8\u6709\u4e00\u624b\u7edd\u4e16\u597d\u533b\u672f\u3002\u3000\u3000\u4e14\u770b\u674e\u4e8c\u86cb\u5982\u4f55\u7eb5\u6a2a\u90fd\u5e02\uff0c\u53d1\u626c\u4e2d\u533b\u3002\u5404\u8272\u7f8e\u5973\u5f53\u7136\u5c11\u4e0d\u4e86\uff0c\u6709\u6821\u82b1\uff0c\u6709\u7a7a\u59d0\uff0c\u6709\u5bcc\u5bb6\u5343\u91d1\uff0c\u8fd8\u6709\u6210\u719f\u7aef\u5e84\u79c0\u4e3d\u7684\u7f8e\u5c11\u5987\uff0c\u2026\u2026\u3002\u3000\u3000\u5438\u8840\u9b3c\u65cf\uff0c\u53f2\u524d\u5de8\u517d\uff0c\u4e16\u754c\u672a\u89e3\u4e4b\u8c1c\u4e00\u7f51\u6253\u5c3d\uff0c\u6253\u6597\u573a\u9762\u7cbe\u5f69\u65e0\u9650\u3002\u878d\u5408\u5404\u79cd\u9898\u6750\u7684\u53f2\u8bd7\u5de8\u7247\uff0c\u4e0d\u5bb9\u9519\u8fc7\u3002\u3000\u3000==================\u3000\u3000\u65b0\u4e66\u300a\u5c11\u5e74\u5999\u624b\u62a4\u82b1\u300b\u5df2\u53d1\u5e03\uff0c\u8fd8\u671b\u65b0\u8001\u4e66\u53cb\u6367\u573a", "title": "\u4e10\u4e16\u795e\u533b", "url": "http://www.17k.com/book/620124.html", "average": -1.0, "cover": "http://img.17k.com/images/bookcover/2014/3100/15/620124-1392104937000.jpg", "reviews": 33226339, "authors": [{"url": "http://www.17k.com/zuozhe/15896472", "name": "\u5f3c\u8001\u8036"}], "type": ["\u90fd\u5e02\u6fc0\u6218"], "outlinks": ["http://www.17k.com/book/2794982.html", "http://www.17k.com/book/2801292.html", "http://www.17k.com/book/2816318.html", "http://www.17k.com/book/2797575.html", "http://www.17k.com/book/2802516.html", "http://www.17k.com/book/2812195.html", "http://www.17k.com/book/2820143.html", "http://www.17k.com/book/2807943.html", "http://www.17k.com/book/2813457.html", "http://www.17k.com/book/2798058.html", "http://www.17k.com/book/2815617.html", "http://www.17k.com/book/2805259.html", "http://www.17k.com/book/2760255.html", "http://www.17k.com/book/2686894.html", "http://www.17k.com/book/2797016.html", "http://www.17k.com/book/2767246.html", "http://www.17k.com/book/2764239.html", "http://www.17k.com/book/2754498.html", "http://www.17k.com/book/2754900.html", "http://www.17k.com/book/2625740.html", "http://www.17k.com/book/2213315.html", "http://www.17k.com/book/2402178.html", "http://www.17k.com/book/2691221.html", "http://www.17k.com/book/2210699.html", "http://www.17k.com/book/1797752.html", "http://www.17k.com/book/2575507.html", "http://www.17k.com/book/2705181.html", "http://www.17k.com/book/2702539.html", "http://www.17k.com/book/2474887.html", "http://www.17k.com/book/2674733.html", "http://www.17k.com/book/2822076.html", "http://www.17k.com/book/2809894.html", "http://www.17k.com/book/2822077.html", "http://www.17k.com/book/2811930.html", "http://www.17k.com/book/2815548.html", "http://www.17k.com/book/2819620.html", "http://www.17k.com/book/2809964.html", "http://www.17k.com/book/2808200.html", "http://www.17k.com/book/2820100.html", "http://www.17k.com/book/2822978.html", "http://www.17k.com/book/2804337.html", "http://www.17k.com/book/2798814.html", "http://www.17k.com/book/2785153.html", "http://www.17k.com/book/2731559.html", "http://www.17k.com/book/2722533.html", "http://www.17k.com/book/2458377.html", "http://www.17k.com/book/2743300.html", "http://www.17k.com/book/973809.html", "http://www.17k.com/book/2651367.html", "http://www.17k.com/book/2726194.html", "http://www.17k.com/book/2790214.html", "http://www.17k.com/book/493239.html", "http://www.17k.com/book/108821.html", "http://www.17k.com/book/1398783.html", "http://www.17k.com/book/83528.html", "http://www.17k.com/book/1859126.html", "http://www.17k.com/book/1741975.html", "http://www.17k.com/book/192453.html", "http://www.17k.com/book/2459058.html", "http://www.17k.com/book/1050747.html", "http://www.17k.com/book/2700315.html", "http://www.17k.com/book/2818940.html", "http://www.17k.com/book/2819519.html", "http://www.17k.com/book/2816390.html", "http://www.17k.com/book/2819588.html", "http://www.17k.com/book/2813768.html", "http://www.17k.com/book/2822406.html", "http://www.17k.com/book/2772164.html", "http://www.17k.com/book/2784023.html", "http://www.17k.com/book/2811877.html", "http://www.17k.com/book/2809119.html", "http://www.17k.com/book/2803700.html", "http://www.17k.com/book/2819561.html", "http://www.17k.com/book/2746506.html", "http://www.17k.com/book/2811836.html", "http://www.17k.com/book/2614810.html", "http://www.17k.com/book/1592435.html", "http://www.17k.com/book/1949748.html", "http://www.17k.com/book/2265802.html", "http://www.17k.com/book/2743240.html", "http://www.17k.com/book/2657437.html", "http://www.17k.com/book/2644502.html", "http://www.17k.com/book/2199900.html", "http://www.17k.com/book/2725436.html", "http://www.17k.com/book/2629978.html"]}