{"ratings": -1, "userreviews": [], "description": "\u4e00\u4e2a\u662f\u8d44\u6df1\u5feb\u7a7f\u5458008\uff0c\u5de5\u4f5c\u5b8c\u6210\u7387100%\u7684\u94b1\u7bd3\u5b50\u3000\u3000\u4e00\u4e2a\u662f\u83dc\u9e1f\u5feb\u7a7f\u5458003\uff0c\u4e13\u804c\u641e\u4e8b\u641e\u4e8b\u641e\u4e8b\u3000\u3000\u5408\u4f19\u642d\u6863\uff1f\u6211\u4eec\u662f\u62d2\u7edd\u7684\u62d2\u7edd\u7684\u62d2\u7edd\u7684\u2026\u2026\u3000\u3000\u4f46\u662f\u6ca1\u6709\u529e\u6cd5\uff0c\u8c01\u8ba9\u603b\u90e8\uff08\u5f3a\u5236\uff09\u5b89\u6392\uff0c\uff08\u5fc5\u987b\uff09\u8ba9\u4e24\u4f4d\u8d70\u5230\u4e00\u8d77\u5462\u2026\u2026\u3000\u3000\u4e3a\u4e86\u94b1\uff08\u4e3a\u4e86\u641e\u4e8b\uff09\uff0c\u6211\u4eec\u8fd8\u662f\u5bc4\u60c5\u4e8e\u5de5\u4f5c\u5427\u2026\u2026", "title": "\u4e13\u804c\u5feb\u7a7f\u5458", "url": "http://www.17k.com/book/2824649.html", "average": -1.0, "cover": "http://img.17k.com/images/bookcover/default_cover1.jpg", "reviews": 107, "authors": [{"url": "http://www.17k.com/zuozhe/61737761", "name": "RockPink"}], "type": ["\u63a2\u9669\u63ed\u79d8"], "outlinks": ["http://www.17k.com/book/2794982.html", "http://www.17k.com/book/2801292.html", "http://www.17k.com/book/2816318.html", "http://www.17k.com/book/2797575.html", "http://www.17k.com/book/2802516.html", "http://www.17k.com/book/2812195.html", "http://www.17k.com/book/2820143.html", "http://www.17k.com/book/2807943.html", "http://www.17k.com/book/2813457.html", "http://www.17k.com/book/2798058.html", "http://www.17k.com/book/2815617.html", "http://www.17k.com/book/2805259.html", "http://www.17k.com/book/2760255.html", "http://www.17k.com/book/2686894.html", "http://www.17k.com/book/2797016.html", "http://www.17k.com/book/2767246.html", "http://www.17k.com/book/2764239.html", "http://www.17k.com/book/2754498.html", "http://www.17k.com/book/2754900.html", "http://www.17k.com/book/2625740.html", "http://www.17k.com/book/2213315.html", "http://www.17k.com/book/2402178.html", "http://www.17k.com/book/2691221.html", "http://www.17k.com/book/2210699.html", "http://www.17k.com/book/1797752.html", "http://www.17k.com/book/2575507.html", "http://www.17k.com/book/2705181.html", "http://www.17k.com/book/2702539.html", "http://www.17k.com/book/2474887.html", "http://www.17k.com/book/2674733.html", "http://www.17k.com/book/2822076.html", "http://www.17k.com/book/2809894.html", "http://www.17k.com/book/2822077.html", "http://www.17k.com/book/2811930.html", "http://www.17k.com/book/2815548.html", "http://www.17k.com/book/2819620.html", "http://www.17k.com/book/2809964.html", "http://www.17k.com/book/2808200.html", "http://www.17k.com/book/2820100.html", "http://www.17k.com/book/2822978.html", "http://www.17k.com/book/2804337.html", "http://www.17k.com/book/2798814.html", "http://www.17k.com/book/2785153.html", "http://www.17k.com/book/2731559.html", "http://www.17k.com/book/2722533.html", "http://www.17k.com/book/2458377.html", "http://www.17k.com/book/2743300.html", "http://www.17k.com/book/973809.html", "http://www.17k.com/book/2651367.html", "http://www.17k.com/book/2726194.html", "http://www.17k.com/book/2790214.html", "http://www.17k.com/book/493239.html", "http://www.17k.com/book/108821.html", "http://www.17k.com/book/1398783.html", "http://www.17k.com/book/83528.html", "http://www.17k.com/book/1859126.html", "http://www.17k.com/book/1741975.html", "http://www.17k.com/book/192453.html", "http://www.17k.com/book/2459058.html", "http://www.17k.com/book/1050747.html", "http://www.17k.com/book/2700315.html", "http://www.17k.com/book/2818940.html", "http://www.17k.com/book/2819519.html", "http://www.17k.com/book/2816390.html", "http://www.17k.com/book/2819588.html", "http://www.17k.com/book/2813768.html", "http://www.17k.com/book/2822406.html", "http://www.17k.com/book/2772164.html", "http://www.17k.com/book/2784023.html", "http://www.17k.com/book/2811877.html", "http://www.17k.com/book/2809119.html", "http://www.17k.com/book/2803700.html", "http://www.17k.com/book/2819561.html", "http://www.17k.com/book/2746506.html", "http://www.17k.com/book/2811836.html", "http://www.17k.com/book/2614810.html", "http://www.17k.com/book/1592435.html", "http://www.17k.com/book/1949748.html", "http://www.17k.com/book/2265802.html", "http://www.17k.com/book/2743240.html", "http://www.17k.com/book/2657437.html", "http://www.17k.com/book/2644502.html", "http://www.17k.com/book/2199900.html", "http://www.17k.com/book/2725436.html", "http://www.17k.com/book/2629978.html"]}