{"ratings": -1, "userreviews": [{"userName": "\u5343\u5c71\u5f84\u5bd2", "userReviewDate": "2018-02-06", "userURL": "http://user.17k.com/59803210", "userReview": "\u5f88\u559c\u6b22\u540c\u4eba\uff0c\u8bf7\u591a\u6307\u6559\uff0c\u5df2\u6536\u85cf\u3002"}, {"userName": "\u54d1\u516b", "userReviewDate": "2018-02-01", "userURL": "http://user.17k.com/37525696", "userReview": "\u7279\u522b\u559c\u6b22\u4e1c\u4eac\u98df\u5c38\u9b3c\uff0c\u627e\u4e86\u597d\u4e45\u624d\u627e\u5230\uff0c\u53ef\u4f60\u600e\u4e48\u4e0d\u66f4\u4e86\uff0c\u52a0\u6cb9\u54c8\uff0c\u770b\u597d\u4f60"}, {"userName": "\u6211\u7684\u524d\u4efb\u8981\u7ed3\u5a5a\u4e86", "userReviewDate": "2017-10-08", "userURL": "http://user.17k.com/55046992", "userReview": "\u4e0a\u5b66\u5feb\u4e50\u54e6~1\u8ba4\u771f\u70b9\uff0c\u522b\u8001\u662f\u60f3\u653e\u5047\u5440"}, {"userName": "\u6cab\u79cb\u541b", "userReviewDate": "2017-10-04", "userURL": "http://user.17k.com/57781131", "userReview": "\u4f5c\u8005\uff0c\u4f60\u8fd8\u662f\u5b66\u751f\u4e48\uff1f\u597d\u5389\u5bb3"}, {"userName": "\u6211\u7684\u524d\u4efb\u8981\u7ed3\u5a5a\u4e86", "userReviewDate": "2017-09-30", "userURL": "http://user.17k.com/55046992", "userReview": "\u56fd\u5e86\u4e86&middot;\u52a0\u6cb9\u5b66\u4e60\u54e6"}, {"userName": "\u6211\u7684\u524d\u4efb\u8981\u7ed3\u5a5a\u4e86", "userReviewDate": "2017-09-18", "userURL": "http://user.17k.com/55046992", "userReview": "\u5feb\u4e2d\u79cb\u4e86\uff0c\u5047\u671f\u5feb\u4e50\u54e6"}, {"userName": "\u6211\u7684\u524d\u4efb\u8981\u7ed3\u5a5a\u4e86", "userReviewDate": "2017-09-01", "userURL": "http://user.17k.com/55046992", "userReview": "\u5f00\u5b66\u52a0\u6cb9\uff0c\u665a\u6765\u4e86~\uff01\u5e0c\u671b\u5bd2\u5047\u80fd\u770b\u5230\u5168\u65b0\u7684\u4f60"}, {"userName": "\u6211\u7684\u524d\u4efb\u8981\u7ed3\u5a5a\u4e86", "userReviewDate": "2017-08-27", "userURL": "http://user.17k.com/55046992", "userReview": "\u5f88\u4e45\u6ca1\u6765\u4e86\uff0c\u626b\u626b\u7070~~"}, {"userName": "\u5fc3\u7a7a\u7f6a\u4ea6\u4ea1", "userReviewDate": "2017-08-25", "userURL": "http://user.17k.com/56355515", "userReview": "\u62dc\u8bfb\uff0c\u4e0d\u9519\u3002"}, {"userName": "\u7483\u6f20baby", "userReviewDate": "2017-08-24", "userURL": "http://user.17k.com/51790888", "userReview": "\u52a0\u6cb9\uff0c\u6211\u6765\u9001\u82b1\u82b1\u5566\uff0c(*^__^*) \u563b\u563b\u2026\u2026"}, {"userName": "\u6512\u4e00\u888b\u8292\u679c", "userReviewDate": "2017-08-19", "userURL": "http://user.17k.com/55437270", "userReview": "\u65e9"}, {"userName": "\u6211\u7684\u524d\u4efb\u8981\u7ed3\u5a5a\u4e86", "userReviewDate": "2017-08-17", "userURL": "http://user.17k.com/55046992", "userReview": "\u5b66\u4e60\u4e86\u4e66\u672c\u5440\uff0c\u770b\u5230\u66f4\u65b0\u7684\u65e5\u671f\u5c31\u77e5\u9053\u4f60\u8ba4\u771f\u5b66\u4e60\u4e86"}, {"userName": "\u6211\u7684\u524d\u4efb\u8981\u7ed3\u5a5a\u4e86", "userReviewDate": "2017-08-16", "userURL": "http://user.17k.com/55046992", "userReview": "\u55ef\uff0c\u4e0d\u9519\uff0c\u770b\u6765\u662f\u8ba4\u771f\u5b66\u4e60\u4e86"}, {"userName": "\u7d2b\u6676\u988d\u8840", "userReviewDate": "2017-08-11", "userURL": "http://user.17k.com/53681131", "userReview": "\u7ec8\u4e8e\u6709\u5c01\u9762\u4e86\uff0c\u597d\u9ad8\u5174\uff01\u5e0c\u671b\u66f4\u591a\u7684\u4eb2\uff0c\u80fd\u591f\u559c\u6b22\u5c0f\u988d\u7684\u6587\u3002\u867d\u7136\u6709\u4e9b\u5730\u65b9\u5c0f\u988d\u5199\u7684\u4e0d\u662f\u5f88\u597d\uff0c\u4f46\u662f\u4f1a\u7ee7\u7eed\u52aa\u529b\u52a0\u6cb9\u7684\uff01"}, {"userName": "\u6211\u7684\u524d\u4efb\u8981\u7ed3\u5a5a\u4e86", "userReviewDate": "2017-08-10", "userURL": "http://user.17k.com/55046992", "userReview": "\u6587\u7b14\u8d8a\u6765\u8d8a\u9971\u6ee1\u4e86\uff0c\u52a0\u6cb9~\uff01"}, {"userName": "\u5728\u4e0b\u82cf\u5f0f\u5fae", "userReviewDate": "2017-08-10", "userURL": "http://user.17k.com/45977835", "userReview": "\u4e3a\u4f55\u628awuli\u6cc9\u59d0\u5199\u5f97\u5982\u6b64\u5f31\uff0c\u6cc9\u7c89\u4e0d\u7518\u554a\uff01\uff01\u9ad8\u69fb\u6cc9\u662fsss\u7ea7\u7684\u554a\u5e76\u4e14\u8fd8\u6709\u4e00\u4e2a\u7ec4\u7ec7\u53eb\u5c0f\u4e11\uff0c\u5efa\u8bae\u4f5c\u8005\u518d\u53bb\u770b\u770b\u6f2b\u753b\u3002\u603b\u4f53\u5199\u7684\u4e0d\u9519\uff01\uff01\uff01\u52a0\u6cb9\u5427\uff01\uff01\uff01\u53bb\u7533\u8bf7\u7b7e\u7ea6\u628a\uff01\uff01\uff01"}, {"userName": "\u6211\u7684\u524d\u4efb\u8981\u7ed3\u5a5a\u4e86", "userReviewDate": "2017-08-06", "userURL": "http://user.17k.com/55046992", "userReview": "\u7d2f\u4e86\u5c31\u6b47\u606f\u4e00\u4f1a~\uff01"}, {"userName": "\u5c01\u5f0a\u8005\u4e36\u6850\u4eba", "userReviewDate": "2017-08-03", "userURL": "http://user.17k.com/42873991", "userReview": "<span style='color:black'>\u5927\u5927\u6709\u65f6\u95f4\u53ef\u4ee5\u770b\u770b\u5c0f\u7684\u6587\u6587\uff0c<a target='_blank' href='http://www.17k.com/book/2606397.html'>\u300a\u706d\u4e16\u9634\u9633\u5e08\u300b</a></span>"}, {"userName": "\u8700\u5f69\u5434\u5986", "userReviewDate": "2017-08-02", "userURL": "http://user.17k.com/55770070", "userReview": "\u5927\u5927\u6709\u65f6\u95f4\u53ef\u4ee5\u770b\u770b\u852c\u83dc\u7684\u6587\u6587\uff0c<a target='_blank' href='http://www.17k.com/book/2540466.html'>\u300a\u795e\u51a5\uff1a\u51f0\u4e0a\u5ac1\u5230\u300b</a>\uff0c\u52a0\u6cb9\uff01"}, {"userName": "\u8700\u5f69\u5434\u5986", "userReviewDate": "2017-08-02", "userURL": "http://user.17k.com/55770070", "userReview": "\u6536\u85cf\u4e86\uff01"}], "description": "\u7efd\u653e\u5427\uff01\u7efd\u653e\u5427\uff01\u8ba9\u8840\u7ea2\u8272\u5996\u5a06\u7684\u5f7c\u5cb8\u82b1\u7efd\u653e\u5427\uff0c\u6b7b\u4ea1\u7684\u6c14\u606f\u5c06\u5f25\u6f2b\u4e16\u754c\u7684\u6bcf\u4e2a\u89d2\u843d\uff0c\u53ea\u4e3a\u8fce\u63a5\u5979\u7684\u5230\u6765\uff01\u3000\u3000\u5728\u8840\u7ea2\u8272\u5f7c\u5cb8\u82b1\u82b1\u6d77\u4e2d\u7684\u5c11\u5973\u98d8\u626c\u7740\u8840\u7ea2\u8272\u7684\u957f\u53d1\uff0c\u4e00\u53cc\u8840\u7ea2\u8272\u7684\u8840\u7738\uff0c\u767d\u5ae9\u65e0\u7455\u7684\u76ae\u80a4\uff0c\u6234\u7740\u767d\u8272\u534a\u8fb9\u9762\u5177\uff0c\u9732\u51fa\u7efd\u653e\u7740\u8840\u7ea2\u8272\u5f7c\u5cb8\u82b1\u7684\u5de6\u534a\u8fb9\u8138\uff0c\u8840\u7ea2\u8272\u7684\u5507\u5982\u540c\u5f7c\u5cb8\u82b1\u82b1\u74e3\u3002\u547d\u8fd0\u7684\u9f7f\u8f6e\u5c06\u4f1a\u5728\u6b64\u8f6c\u52a8\uff0c\u5f00\u59cb\u65b0\u7684\u4e00\u4e2a\u8f6e\u56de\uff0c\u55b0\u79cd\u4e0e\u4eba\u7c7b\u5c06\u4f1a\u8fce\u6765\u4e00\u4e2a\u65b0\u65f6\u4ee3\uff01", "title": "\u4e1c\u4eac\u55b0\u79cd\u4e4b\u5948\u79be\u5f7c\u5cb8", "url": "http://www.17k.com/book/2525562.html", "average": -1.0, "cover": "http://img.17k.com/images/bookcover/2017/12627/63/2525562-1502420140000.jpg", "reviews": 3636, "authors": [{"url": "http://www.17k.com/zuozhe/53681131", "name": "\u7d2b\u6676\u988d\u8840"}], "type": ["\u52a8\u6f2b\u540c\u4eba"], "outlinks": ["http://www.17k.com/book/2794982.html", "http://www.17k.com/book/2801292.html", "http://www.17k.com/book/2816318.html", "http://www.17k.com/book/2797575.html", "http://www.17k.com/book/2802516.html", "http://www.17k.com/book/2812195.html", "http://www.17k.com/book/2820143.html", "http://www.17k.com/book/2807943.html", "http://www.17k.com/book/2813457.html", "http://www.17k.com/book/2798058.html", "http://www.17k.com/book/2815617.html", "http://www.17k.com/book/2805259.html", "http://www.17k.com/book/2760255.html", "http://www.17k.com/book/2686894.html", "http://www.17k.com/book/2797016.html", "http://www.17k.com/book/2767246.html", "http://www.17k.com/book/2764239.html", "http://www.17k.com/book/2754498.html", "http://www.17k.com/book/2754900.html", "http://www.17k.com/book/2625740.html", "http://www.17k.com/book/2213315.html", "http://www.17k.com/book/2402178.html", "http://www.17k.com/book/2691221.html", "http://www.17k.com/book/2210699.html", "http://www.17k.com/book/1797752.html", "http://www.17k.com/book/2575507.html", "http://www.17k.com/book/2705181.html", "http://www.17k.com/book/2702539.html", "http://www.17k.com/book/2474887.html", "http://www.17k.com/book/2674733.html", "http://www.17k.com/book/2822076.html", "http://www.17k.com/book/2809894.html", "http://www.17k.com/book/2822077.html", "http://www.17k.com/book/2811930.html", "http://www.17k.com/book/2815548.html", "http://www.17k.com/book/2819620.html", "http://www.17k.com/book/2809964.html", "http://www.17k.com/book/2808200.html", "http://www.17k.com/book/2820100.html", "http://www.17k.com/book/2822978.html", "http://www.17k.com/book/2804337.html", "http://www.17k.com/book/2798814.html", "http://www.17k.com/book/2785153.html", "http://www.17k.com/book/2731559.html", "http://www.17k.com/book/2722533.html", "http://www.17k.com/book/2458377.html", "http://www.17k.com/book/2743300.html", "http://www.17k.com/book/973809.html", "http://www.17k.com/book/2651367.html", "http://www.17k.com/book/2726194.html", "http://www.17k.com/book/2790214.html", "http://www.17k.com/book/493239.html", "http://www.17k.com/book/108821.html", "http://www.17k.com/book/1398783.html", "http://www.17k.com/book/83528.html", "http://www.17k.com/book/1859126.html", "http://www.17k.com/book/1741975.html", "http://www.17k.com/book/192453.html", "http://www.17k.com/book/2459058.html", "http://www.17k.com/book/1050747.html", "http://www.17k.com/book/2700315.html", "http://www.17k.com/book/2818940.html", "http://www.17k.com/book/2819519.html", "http://www.17k.com/book/2816390.html", "http://www.17k.com/book/2819588.html", "http://www.17k.com/book/2813768.html", "http://www.17k.com/book/2822406.html", "http://www.17k.com/book/2772164.html", "http://www.17k.com/book/2784023.html", "http://www.17k.com/book/2811877.html", "http://www.17k.com/book/2809119.html", "http://www.17k.com/book/2803700.html", "http://www.17k.com/book/2819561.html", "http://www.17k.com/book/2746506.html", "http://www.17k.com/book/2811836.html", "http://www.17k.com/book/2614810.html", "http://www.17k.com/book/1592435.html", "http://www.17k.com/book/1949748.html", "http://www.17k.com/book/2265802.html", "http://www.17k.com/book/2743240.html", "http://www.17k.com/book/2657437.html", "http://www.17k.com/book/2644502.html", "http://www.17k.com/book/2199900.html", "http://www.17k.com/book/2725436.html", "http://www.17k.com/book/2629978.html"]}