{"ratings": -1, "userreviews": [], "description": "\u4e1c\u4eac\u4e8e\u6211\u662f\u4e00\u4e2a\u8ba9\u4eba\u6697\u7136\u795e\u4f24\u7684\u57ce\u5e02\uff0c\u5728\u6211\u7684\u8bb0\u5fc6\u91cc\uff0c\u90a3\u5ea7\u57ce\u5e02\u4f7f\u4e00\u6735\u76db\u5f00\u7684\u73ab\u7470\u53d8\u5f97\u67af\u840e\u3002\u6211\u4ece\u6765\u6ca1\u6709\u60f3\u5230\uff0c\u8eab\u5904\u5f02\u56fd\uff0c\u5979\u5728\u89c2\u5ff5\u548c\u5b9e\u8df5\u4e2d\u90fd\u53d8\u5f97\u582a\u79f0\u65f6\u5c1a\u3002\u800c\u6b63\u662f\u7531\u4e8e\u5979\u7684\u8fd9\u79cd\u65f6\u5c1a\uff0c\u6ce8\u5b9a\u4e86\u6211\u4eec\u7684\u5206\u624b\uff0c\u4f46\u662f\u6211\u4e00\u76f4\u6709\u8fd9\u6837\u4e00\u79cd\u6b66\u65ad\u7684\u76f4\u89c9\uff1a\u8c61\u6211\u8fd9\u6837\u7684\u4eba\uff0c\u4e00\u5b9a\u4f1a\u627e\u5230\u81ea\u5df1\u7684\u771f\u7231\u3002\u3000\u3000>", "title": "\u4e1c\u4eac\u6700\u540e\u4e00\u6735\u7ea2\u73ab\u7470", "url": "http://www.17k.com/book/2836587.html", "average": -1.0, "cover": "http://img.17k.com/images/bookcover/default_cover.jpg", "reviews": 13, "authors": [{"url": "http://www.17k.com/zuozhe/62622128", "name": "\u4e1c\u5317\u5e73\u539f"}], "type": ["\u70ed\u8840\u9752\u6625"], "outlinks": ["http://www.17k.com/book/2794982.html", "http://www.17k.com/book/2801292.html", "http://www.17k.com/book/2816318.html", "http://www.17k.com/book/2797575.html", "http://www.17k.com/book/2802516.html", "http://www.17k.com/book/2812195.html", "http://www.17k.com/book/2820143.html", "http://www.17k.com/book/2807943.html", "http://www.17k.com/book/2813457.html", "http://www.17k.com/book/2798058.html", "http://www.17k.com/book/2815617.html", "http://www.17k.com/book/2805259.html", "http://www.17k.com/book/2760255.html", "http://www.17k.com/book/2686894.html", "http://www.17k.com/book/2797016.html", "http://www.17k.com/book/2767246.html", "http://www.17k.com/book/2764239.html", "http://www.17k.com/book/2754498.html", "http://www.17k.com/book/2754900.html", "http://www.17k.com/book/2625740.html", "http://www.17k.com/book/2213315.html", "http://www.17k.com/book/2402178.html", "http://www.17k.com/book/2691221.html", "http://www.17k.com/book/2210699.html", "http://www.17k.com/book/1797752.html", "http://www.17k.com/book/2575507.html", "http://www.17k.com/book/2705181.html", "http://www.17k.com/book/2702539.html", "http://www.17k.com/book/2474887.html", "http://www.17k.com/book/2674733.html", "http://www.17k.com/book/2822076.html", "http://www.17k.com/book/2809894.html", "http://www.17k.com/book/2822077.html", "http://www.17k.com/book/2811930.html", "http://www.17k.com/book/2815548.html", "http://www.17k.com/book/2819620.html", "http://www.17k.com/book/2809964.html", "http://www.17k.com/book/2808200.html", "http://www.17k.com/book/2820100.html", "http://www.17k.com/book/2822978.html", "http://www.17k.com/book/2804337.html", "http://www.17k.com/book/2798814.html", "http://www.17k.com/book/2785153.html", "http://www.17k.com/book/2731559.html", "http://www.17k.com/book/2722533.html", "http://www.17k.com/book/2458377.html", "http://www.17k.com/book/2743300.html", "http://www.17k.com/book/973809.html", "http://www.17k.com/book/2651367.html", "http://www.17k.com/book/2726194.html", "http://www.17k.com/book/2790214.html", "http://www.17k.com/book/493239.html", "http://www.17k.com/book/108821.html", "http://www.17k.com/book/1398783.html", "http://www.17k.com/book/83528.html", "http://www.17k.com/book/1859126.html", "http://www.17k.com/book/1741975.html", "http://www.17k.com/book/192453.html", "http://www.17k.com/book/2459058.html", "http://www.17k.com/book/1050747.html", "http://www.17k.com/book/2700315.html", "http://www.17k.com/book/2818940.html", "http://www.17k.com/book/2819519.html", "http://www.17k.com/book/2816390.html", "http://www.17k.com/book/2819588.html", "http://www.17k.com/book/2813768.html", "http://www.17k.com/book/2822406.html", "http://www.17k.com/book/2772164.html", "http://www.17k.com/book/2784023.html", "http://www.17k.com/book/2811877.html", "http://www.17k.com/book/2809119.html", "http://www.17k.com/book/2803700.html", "http://www.17k.com/book/2819561.html", "http://www.17k.com/book/2746506.html", "http://www.17k.com/book/2811836.html", "http://www.17k.com/book/2614810.html", "http://www.17k.com/book/1592435.html", "http://www.17k.com/book/1949748.html", "http://www.17k.com/book/2265802.html", "http://www.17k.com/book/2743240.html", "http://www.17k.com/book/2657437.html", "http://www.17k.com/book/2644502.html", "http://www.17k.com/book/2199900.html", "http://www.17k.com/book/2725436.html", "http://www.17k.com/book/2629978.html"]}