{"ratings": -1, "userreviews": [{"userName": "\u62e5\u62b1421252423", "userReviewDate": "2018-06-08", "userURL": "http://user.17k.com/62630702", "userReview": "\u725bb \u4faf\u54e5.."}], "description": "\u6211\u53eb\u5218\u6b63\u9633\uff0c\u662f\u4e1c\u5317\u5218\u5bb6\u8fd9\u4e00\u4ee3\u7684\u62db\u9634\u4eba\u3002\u4ec0\u4e48\u662f\u62db\u9634\u4eba\uff1f\u4e1c\u5317\u9634\u4eba\u65e0\u6570\uff0c\u9700\u8981\u4e00\u4e2a\u9996\u9886\uff0c\u8fd9\u5c31\u662f\u62db\u9634\u4eba\u3002\u73b0\u5728\u7684\u4e1c\u5317\u5206\u4e24\u5bb6\u62db\u9634\u4eba\uff0c\u4e00\u4e2a\u662f\u6211\u4eec\u5218\u5bb6\uff0c\u53e6\u4e00\u4e2a\u662f\u674e\u5bb6\u3002\u3000\u3000\u4e00\u6b21\u8d70\u9634\uff0c\u4e3a\u4e86\u4e00\u4e2a\u67f3\u4ed9\uff0c\u6539\u53d8\u4e86\u6211\u7684\u524d\u534a\u751f......", "title": "\u4e1c\u5317\u79d8\u4f20", "url": "http://www.17k.com/book/2836177.html", "average": -1.0, "cover": "http://img.17k.com/images/bookcover/default_cover1.jpg", "reviews": 163, "authors": [{"url": "http://www.17k.com/zuozhe/62596813", "name": "\u5317\u4e66\u751f"}], "type": ["\u7075\u5f02\u5947\u8c08"], "outlinks": ["http://www.17k.com/book/2794982.html", "http://www.17k.com/book/2801292.html", "http://www.17k.com/book/2816318.html", "http://www.17k.com/book/2797575.html", "http://www.17k.com/book/2802516.html", "http://www.17k.com/book/2812195.html", "http://www.17k.com/book/2820143.html", "http://www.17k.com/book/2807943.html", "http://www.17k.com/book/2813457.html", "http://www.17k.com/book/2798058.html", "http://www.17k.com/book/2815617.html", "http://www.17k.com/book/2805259.html", "http://www.17k.com/book/2760255.html", "http://www.17k.com/book/2686894.html", "http://www.17k.com/book/2797016.html", "http://www.17k.com/book/2767246.html", "http://www.17k.com/book/2764239.html", "http://www.17k.com/book/2754498.html", "http://www.17k.com/book/2754900.html", "http://www.17k.com/book/2625740.html", "http://www.17k.com/book/2213315.html", "http://www.17k.com/book/2402178.html", "http://www.17k.com/book/2691221.html", "http://www.17k.com/book/2210699.html", "http://www.17k.com/book/1797752.html", "http://www.17k.com/book/2575507.html", "http://www.17k.com/book/2705181.html", "http://www.17k.com/book/2702539.html", "http://www.17k.com/book/2474887.html", "http://www.17k.com/book/2674733.html", "http://www.17k.com/book/2822076.html", "http://www.17k.com/book/2809894.html", "http://www.17k.com/book/2822077.html", "http://www.17k.com/book/2811930.html", "http://www.17k.com/book/2815548.html", "http://www.17k.com/book/2819620.html", "http://www.17k.com/book/2809964.html", "http://www.17k.com/book/2808200.html", "http://www.17k.com/book/2820100.html", "http://www.17k.com/book/2822978.html", "http://www.17k.com/book/2804337.html", "http://www.17k.com/book/2798814.html", "http://www.17k.com/book/2785153.html", "http://www.17k.com/book/2731559.html", "http://www.17k.com/book/2722533.html", "http://www.17k.com/book/2458377.html", "http://www.17k.com/book/2743300.html", "http://www.17k.com/book/973809.html", "http://www.17k.com/book/2651367.html", "http://www.17k.com/book/2726194.html", "http://www.17k.com/book/2790214.html", "http://www.17k.com/book/493239.html", "http://www.17k.com/book/108821.html", "http://www.17k.com/book/1398783.html", "http://www.17k.com/book/83528.html", "http://www.17k.com/book/1859126.html", "http://www.17k.com/book/1741975.html", "http://www.17k.com/book/192453.html", "http://www.17k.com/book/2459058.html", "http://www.17k.com/book/1050747.html", "http://www.17k.com/book/2700315.html", "http://www.17k.com/book/2818940.html", "http://www.17k.com/book/2819519.html", "http://www.17k.com/book/2816390.html", "http://www.17k.com/book/2819588.html", "http://www.17k.com/book/2813768.html", "http://www.17k.com/book/2822406.html", "http://www.17k.com/book/2772164.html", "http://www.17k.com/book/2784023.html", "http://www.17k.com/book/2811877.html", "http://www.17k.com/book/2809119.html", "http://www.17k.com/book/2803700.html", "http://www.17k.com/book/2819561.html", "http://www.17k.com/book/2746506.html", "http://www.17k.com/book/2811836.html", "http://www.17k.com/book/2614810.html", "http://www.17k.com/book/1592435.html", "http://www.17k.com/book/1949748.html", "http://www.17k.com/book/2265802.html", "http://www.17k.com/book/2743240.html", "http://www.17k.com/book/2657437.html", "http://www.17k.com/book/2644502.html", "http://www.17k.com/book/2199900.html", "http://www.17k.com/book/2725436.html", "http://www.17k.com/book/2629978.html"]}