{"ratings": -1, "userreviews": [{"userName": "\u6a31\u82b1\u76db\u5f00\u7684\u590f\u5929\u4e4b\u4f1a\u98de\u7684\u5c0f\u732a", "userReviewDate": "2013-11-01", "userURL": "http://user.17k.com/16884561", "userReview": "\u4e0d\u77e5\u9053\u777f\u8a00\u5728\u7ed3\u5c40\u540e\u9762\u662f\u5426\u771f\u7684\u6000\u4e86\u5de6\u5c18\u7684\u5b69\u5b50\u4e86\u8fd8\u662f\u5c0f\u821e\u4f60\u4e3a\u4e86\u6ee1\u8db3\u6211\u4eec\u8fd9\u4e9b\u8bfb\u8005\u7684\u79c1\u6b32\u800c\u5199\u7684\u7ed3\u5c40\u6839\u672c\u5c31\u6ca1\u6709\uff1f"}, {"userName": "joycecoffee", "userReviewDate": "2013-09-05", "userURL": "http://user.17k.com/17344954", "userReview": "\u770b\u5230\"\u70ba\u4ec0\u9ebc\u6c92\u6709\u4eba\u9858\u610f\u554f\u554f\u81ea\u5df1\u7684\u610f\u898b\uff0c\u6191\u4ec0\u9ebc\u5b9a\u90a3\u6c92\u81ea\u5c0a\u7684\u6d3b\u8a08\u662f\u4ed6\u9858\u610f\u8981\u7684\"\u5fc3\u72e0\u72e0\u7684\u75bc\u4e86\u4e00\u4e0bQAQ\n"}, {"userName": "\u796d\u6d45\u5bb8", "userReviewDate": "2013-08-22", "userURL": "http://user.17k.com/15662730", "userReview": "\u8fc7\u6765\u6cbe\u70b9\u4eba\u6c14\uff0c\u8650\u6e23\u653b\uff0c\u72e0\u72e0\u5730\u8650~"}, {"userName": "\u6a31\u82b1\u76db\u5f00\u7684\u590f\u5929\u4e4b\u4f1a\u98de\u7684\u5c0f\u732a", "userReviewDate": "2013-08-21", "userURL": "http://user.17k.com/16884561", "userReview": "\u5de6\u5c18\u597d\u53ef\u601c\u554a\uff0c\u777f\u8a00\u8001\u662f\u6b3a\u8d1f\u4ed6\u592a\u53ef\u6076\u4e86\uff01\u5e0c\u671b\u5c0f\u821e\u5728\u540e\u9762\u7684\u6587\u7ae0\u91cc\u72e0\u72e0\u7684\u8650\u4ed6\u628a\u4e4b\u524d\u5c0f\u5c18\u6240\u53d7\u7684\u82e6\u548c\u59d4\u5c48\u52a0\u500d\u7684\u5949\u8fd8\u56de\u53bb\u3002\u6ca1\u529e\u6cd5\u5c0f\u821e\u4f60\u5199\u7684\u592a\u597d\u5076\u5165\u620f\u592a\u6df1\u4e86\uff01"}, {"userName": "17K\u4e66\u53cb0VFTAS2T", "userReviewDate": "2018-01-17", "userURL": "http://user.17k.com/57298983", "userReview": "\u597d\u4e71\uff0c\u770b\u5f97\u4e0d\u660e\u4e0d\u767d"}, {"userName": "17K\u4e66\u53cb0VFTAS2T", "userReviewDate": "2018-01-05", "userURL": "http://user.17k.com/57298983", "userReview": "\u524d\u9762\u770b\u7740\u6709\u70b9(\u0e51\u2022 . \u2022\u0e51)"}, {"userName": "\u4f55\u62fe\u7396", "userReviewDate": "2018-01-04", "userURL": "http://user.17k.com/57494419", "userReview": "\u5c11\u6709\u89c1\u7687\u5e1d\u653b\u7684233\uff0c\u503e\u57ce\u5927\u5927\u65b0\u4e66\u90fd\u4e0d\u662f\u803d\u7f8e\u4e86\u8bf6\u54ed\u5527\u5527~\u62fe\u7396\u572817\u5199\u7740\u7b49\u503e\u57ce\u5927\u5927\u56de\u6765\u554a"}, {"userName": "\u613f\u4e16\u754c\u266a\u6e29\u67d4\u76f8\u5f85", "userReviewDate": "2017-10-09", "userURL": "http://user.17k.com/55929616", "userReview": "\u5927\u5927\u5199\u7684\u5f88\u597d\u5462\uff0c\u52a0\u6cb9\u3002<a target='_blank' href='http://www.17k.com/book/2642511.html'>\u300a\u6eda\u6eda\u7ea2\u5c18\u83ab\u8d1f\u7231\u300b</a>\u524d\u6765\u62dc\u8bbf\uff0c\u6c42\u56de\u8bbf"}, {"userName": "\u613f\u4e16\u754c\u266a\u6e29\u67d4\u76f8\u5f85", "userReviewDate": "2017-10-06", "userURL": "http://user.17k.com/55929616", "userReview": "\u5927\u5927\u5199\u7684\u5f88\u597d\u5462\u3002<a target='_blank' href='http://www.17k.com/book/2642511.html'>\u300a\u6eda\u6eda\u7ea2\u5c18\u83ab\u8d1f\u7231\u300b</a>\u524d\u6765\u62dc\u8bbf\uff0c\u6c42\u56de\u8bbf\u3002"}, {"userName": "\u64e2\u4ed9", "userReviewDate": "2017-08-06", "userURL": "http://user.17k.com/56705504", "userReview": "\u559c\u6b22\u8fd9\u672c\u4e66\uff0c\u4f5c\u8005\u7279\u522b\u6709\u6587\u91c7\uff0c\u670d\u4e86\uff01"}, {"userName": "_\u5927\u5927\u5927\u5927\u7426_", "userReviewDate": "2017-01-29", "userURL": "http://user.17k.com/52894912", "userReview": "\u6211\u60f3\u8bf4 \u53e5\u5b50\u80fd\u901a\u987a\u70b9\u4e48\uff1f\u7ed9\u9605\u8bfb\u8bbe\u969c\u788d\u5462\uff1f"}, {"userName": "\u7acb\u552f", "userReviewDate": "2016-03-22", "userURL": "http://user.17k.com/45375951", "userReview": "<a target='_blank' href='http://www.17k.com/book/1721661.html'>\u300a\u7ed8\u7075\u300b</a>\u524d\u6765\u62dc\u8bbf\u5927\u5927\uff0c\u671b\u652f\u6301\u6307\u70b9\uff01"}, {"userName": "\u7384\u6668\u627f", "userReviewDate": "2015-11-27", "userURL": "http://user.17k.com/43874381", "userReview": "\u65e0\u6cd5\u98de\u8d77\u7684\u8717\u725b\u643a\u4f5c\u54c1<a target='_blank' href='http://www.17k.com/book/1526839.html'>\u300a\u90a3\u4e9b\u901d\u53bb\u7684\u9752\u6625\u65f6\u5149\u300b</a>\u6765\u62dc\u8bbf\uff0c\u5927\u5927\u6587\u7b14\u8d5e\u5230\u7206\uff0c\u65b0\u4eba\u5199\u4f5c\u4e0d\u6613\uff0c\u671b\u5927\u5bb6\u652f\u6301\u4e00\u4e0b"}, {"userName": "\u96e8\u591c\u5b64\u4e91", "userReviewDate": "2015-08-25", "userURL": "http://user.17k.com/41481081", "userReview": "<span style='color:green'>\u597d\u559c\u6b22\u597d\u559c\u6b22\u8036~ \u867d\u7136\u5b8c\u7ed3\u4e86\uff0c\u4f46\u662f\u8fd8\u662f\u5fcd\u4e0d\u4f4f\u7559\u4e0b\u840c\u840c\u7684\u811a\u5370\uff0c\u54c8\u54c8\uff01</span>"}, {"userName": "\u846c\u6e14\u6b4c", "userReviewDate": "2015-07-22", "userURL": "http://user.17k.com/38612921", "userReview": "<span style='color:blue'>\u643a\u803d\u7f8e\u8a00\u60c5<a target='_blank' href='http://www.17k.com/book/1250502.html'>\u300a\u7a7f\u8d8a\u4e4b\u6709\u793c\u6765\u516e\u300b</a>\u62dc\u8bbf\uff0c\u5927\u5927\u68d2\u68d2\u54d2</span>"}, {"userName": "KITTY521\u60a0", "userReviewDate": "2014-11-27", "userURL": "http://user.17k.com/16474533", "userReview": "\u600e\u4e48\u90fd\u662f\u770b\u4e0d\u4e86\u7684\u7ae0\u8282\u554a\u8fd9\u8bdd\u8ba9\u4e0d\u8ba9\u4eba\u6d3b\u4e86\u554a"}, {"userName": "\u8840\u67d3\u795e\u4f1a", "userReviewDate": "2014-01-16", "userURL": "http://user.17k.com/17401374", "userReview": "<a target='_blank' href='http://www.17k.com/book/736170.html'>\u300a\u50b2\u89c6\u98ce\u4e91\u300b</a>\u524d\u6765\u62dc\u8bbf\u5927\u5927\u795e\u4f5c\uff0c\u60a8\u7684\u6587\u7ae0\u592a\u7cbe\u5f69\u4e86\uff0c\u60c5\u8282\u8d77\u4f0f\u8fed\u4e25\uff0c\u662f\u4e00\u672c\u4e0d\u53ef\u591a\u5f97\u7684\u597d\u4e66\uff0c\u4e0d\u770b\u771f\u7684\u5f88\u53ef\u60dc\u54e6"}, {}, {}, {"userName": "\u5316\u6bd5", "userReviewDate": "2013-12-19", "userURL": "http://user.17k.com/14169018", "userReview": "\u652f\u6301\uff0c\u6492\u82b1\n(\u6765\u81eaAndroid\u5ba2\u6237\u7aef)"}], "description": "\u4ed6\uff0c\u5de6\u5c18\u5de6\u5c1a\u4e66\u4e4b\u5b50\uff0c\u539f\u672c\u52b1\u5fd7\u5f53\u95f2\u4e91\u91ce\u9e64\u4e00\u679a\uff0c\u5374\u786c\u751f\u751f\u88ab\u4e00\u9053\u4ece\u5929\u800c\u964d\u7684\u5723\u65e8\u53d8\u6210\u4e86\u4e00\u4eba\u4e4b\u4e0b\u4e07\u4eba\u4e4b\u4e0a\u7684\u4e1e\u76f8\u3002\u3000\u3000\u8fd9\u90fd\u4e0d\u8981\u7d27\u53c8\u597d\u5403\u597d\u559d\u5c31\u884c\uff0c\u53ef\u4e3a\u4ec0\u4e48\u4ec0\u4e48\u4e8b\u90fd\u8981\u627e\u6211\u6765\u5e72\uff1f\u3000\u3000\u5929\u5927\u5730\u5927\u7687\u5e1d\u6700\u5927\uff0c\u53ef\u662f\u60a8\u7684\u5185\u88e4\u627e\u4e0d\u89c1\u4e86\u4e3a\u4ec0\u4e48\u4e5f\u627e\u6211\uff1f\u3000\u3000\u4f34\u541b\u5982\u4f34\u864e\u554a\uff0c\u6211\u8fd8\u662f\u6536\u62fe\u6536\u62fe\u770b\u770b\u51c6\u5907\u968f\u65f6\u5377\u94fa\u76d6\u8d70\u4eba\u5427\u3002\u3000\u3000\u7ed3\u679c\u67d0\u4eba\u8bf4\uff1a\u201c\u60f3\u9003\uff0c\u8fde\u95e8\u90fd\u6ca1\u6709\uff0c\u4e0a\u7a77\u78a7\u843d\u4e0b\u9ec4\u6cc9\u6211\u8ffd\u5b9a\u4f60\u4e86\u3002\u6240\u4ee5\uff0c\u4f60\u8fd8\u662f\u4e56\u4e56\u7684\u4ece\u4e86\u6211\u5427\uff01\u201d", "title": "\u4e1e\u76f8\u54ea\u91cc\u8dd1", "url": "http://www.17k.com/book/589993.html", "average": -1.0, "cover": "http://img.17k.com/images/bookcover/2014/2949/14/589993-1394622559000.jpg", "reviews": 892939, "authors": [{"url": "http://www.17k.com/zuozhe/16564413", "name": "\u7078\u821e\u503e\u57ce"}], "type": ["\u552f\u7f8e\u7eaf\u7231"], "outlinks": ["http://www.17k.com/book/2794982.html", "http://www.17k.com/book/2801292.html", "http://www.17k.com/book/2816318.html", "http://www.17k.com/book/2797575.html", "http://www.17k.com/book/2802516.html", "http://www.17k.com/book/2812195.html", "http://www.17k.com/book/2820143.html", "http://www.17k.com/book/2807943.html", "http://www.17k.com/book/2813457.html", "http://www.17k.com/book/2798058.html", "http://www.17k.com/book/2815617.html", "http://www.17k.com/book/2805259.html", "http://www.17k.com/book/2760255.html", "http://www.17k.com/book/2686894.html", "http://www.17k.com/book/2797016.html", "http://www.17k.com/book/2767246.html", "http://www.17k.com/book/2764239.html", "http://www.17k.com/book/2754498.html", "http://www.17k.com/book/2754900.html", "http://www.17k.com/book/2625740.html", "http://www.17k.com/book/2213315.html", "http://www.17k.com/book/2402178.html", "http://www.17k.com/book/2691221.html", "http://www.17k.com/book/2210699.html", "http://www.17k.com/book/1797752.html", "http://www.17k.com/book/2575507.html", "http://www.17k.com/book/2705181.html", "http://www.17k.com/book/2702539.html", "http://www.17k.com/book/2474887.html", "http://www.17k.com/book/2674733.html", "http://www.17k.com/book/2822076.html", "http://www.17k.com/book/2809894.html", "http://www.17k.com/book/2822077.html", "http://www.17k.com/book/2811930.html", "http://www.17k.com/book/2815548.html", "http://www.17k.com/book/2819620.html", "http://www.17k.com/book/2809964.html", "http://www.17k.com/book/2808200.html", "http://www.17k.com/book/2820100.html", "http://www.17k.com/book/2822978.html", "http://www.17k.com/book/2804337.html", "http://www.17k.com/book/2798814.html", "http://www.17k.com/book/2785153.html", "http://www.17k.com/book/2731559.html", "http://www.17k.com/book/2722533.html", "http://www.17k.com/book/2458377.html", "http://www.17k.com/book/2743300.html", "http://www.17k.com/book/973809.html", "http://www.17k.com/book/2651367.html", "http://www.17k.com/book/2726194.html", "http://www.17k.com/book/2790214.html", "http://www.17k.com/book/493239.html", "http://www.17k.com/book/108821.html", "http://www.17k.com/book/1398783.html", "http://www.17k.com/book/83528.html", "http://www.17k.com/book/1859126.html", "http://www.17k.com/book/1741975.html", "http://www.17k.com/book/192453.html", "http://www.17k.com/book/2459058.html", "http://www.17k.com/book/1050747.html", "http://www.17k.com/book/2700315.html", "http://www.17k.com/book/2818940.html", "http://www.17k.com/book/2819519.html", "http://www.17k.com/book/2816390.html", "http://www.17k.com/book/2819588.html", "http://www.17k.com/book/2813768.html", "http://www.17k.com/book/2822406.html", "http://www.17k.com/book/2772164.html", "http://www.17k.com/book/2784023.html", "http://www.17k.com/book/2811877.html", "http://www.17k.com/book/2809119.html", "http://www.17k.com/book/2803700.html", "http://www.17k.com/book/2819561.html", "http://www.17k.com/book/2746506.html", "http://www.17k.com/book/2811836.html", "http://www.17k.com/book/2614810.html", "http://www.17k.com/book/1592435.html", "http://www.17k.com/book/1949748.html", "http://www.17k.com/book/2265802.html", "http://www.17k.com/book/2743240.html", "http://www.17k.com/book/2657437.html", "http://www.17k.com/book/2644502.html", "http://www.17k.com/book/2199900.html", "http://www.17k.com/book/2725436.html", "http://www.17k.com/book/2629978.html"]}