{"ratings": -1, "userreviews": [{"userName": "\u6708\u96ea\u98ce\u82b1\u3001\u4f0a\u4eba\u4f55\u5728\u2026", "userReviewDate": "2017-11-07", "userURL": "http://user.17k.com/58339210", "userReview": "[\u6253\u8d4f]\u6211\u6253\u8d4f\u4e861\u5143\u7ea2\u5305\uff01\uff01"}, {"userName": "\u5927\u795e\u9c7c\u513f", "userReviewDate": "2017-11-07", "userURL": "http://user.17k.com/58320096", "userReview": "\u6b22\u8fce\u5927\u5bb6\u652f\u6301\u3002"}], "description": "\u4e3a\u4e86\u5bfb\u627e\u81ea\u5df1\u7684\u5973\u53cb\u6234\u5b89\u5a1c\uff0c\u63a2\u9669\u5bb6\u54c8\u91cc\u68ee\u5076\u7136\u95f4\u8fdb\u5165\u4e86\u53e6\u4e00\u4e2a\u5947\u5e7b\u7684\u4e16\u754c\u3002\u4f46\u662f\u5728\u8fdb\u5165\u4e0a\u4e16\u754c\u7684\u540c\u65f6\uff0c\u4ed6\u4e5f\u5931\u53bb\u4e86\u5f88\u591a\u91cd\u8981\u7684\u8bb0\u5fc6\u3002\u5728\u90a3\u91cc\uff0c\u4ed6\u627e\u5230\u4e86\u4e00\u4e2a\u81ea\u79f0\u6234\u5b89\u5a1c\u7684\u5973\u5b69\uff0c\u53ef\u662f\u4ed6\u5bf9\u5f80\u65e5\u6234\u5b89\u5a1c\u7684\u56de\u5fc6\u5df2\u7ecf\u9057\u5931\u4e86\u5f88\u591a\u3002\u4ea6\u771f\u4ea6\u5047\u4e2d\uff0c\u4ed6\u534f\u52a9\u6234\u5b89\u5a1c\u5f00\u542f\u4e86\u4e00\u573a\u4e0e\u5f3a\u5927\u7684\u90aa\u6076\u52bf\u529b\u7684\u6597\u4e89\u3002\u4ec0\u4e48\u662f\u771f\u76f8\uff0c\u524d\u9014\u53c8\u8be5\u4f55\u53bb\u4f55\u4ece\uff0c\u4e00\u5207\u90fd\u5728\u4e0d\u660e\u4e4b\u4e2d\u3002", "title": "\u4e24\u4e2a\u4e16\u754c\u95f4\u7684\u6545\u4e8b", "url": "http://www.17k.com/book/2716036.html", "average": -1.0, "cover": "http://img.17k.com/images/bookcover/2017/13580/67/2716036-1510067480000.jpg", "reviews": 214, "authors": [{"url": "http://www.17k.com/zuozhe/58320096", "name": "\u5927\u795e\u9c7c\u513f"}], "type": ["\u672a\u6765\u5e7b\u60f3"], "outlinks": ["http://www.17k.com/book/2794982.html", "http://www.17k.com/book/2801292.html", "http://www.17k.com/book/2816318.html", "http://www.17k.com/book/2797575.html", "http://www.17k.com/book/2802516.html", "http://www.17k.com/book/2812195.html", "http://www.17k.com/book/2820143.html", "http://www.17k.com/book/2807943.html", "http://www.17k.com/book/2813457.html", "http://www.17k.com/book/2798058.html", "http://www.17k.com/book/2815617.html", "http://www.17k.com/book/2805259.html", "http://www.17k.com/book/2760255.html", "http://www.17k.com/book/2686894.html", "http://www.17k.com/book/2797016.html", "http://www.17k.com/book/2767246.html", "http://www.17k.com/book/2764239.html", "http://www.17k.com/book/2754498.html", "http://www.17k.com/book/2754900.html", "http://www.17k.com/book/2625740.html", "http://www.17k.com/book/2213315.html", "http://www.17k.com/book/2402178.html", "http://www.17k.com/book/2691221.html", "http://www.17k.com/book/2210699.html", "http://www.17k.com/book/1797752.html", "http://www.17k.com/book/2575507.html", "http://www.17k.com/book/2705181.html", "http://www.17k.com/book/2702539.html", "http://www.17k.com/book/2474887.html", "http://www.17k.com/book/2674733.html", "http://www.17k.com/book/2822076.html", "http://www.17k.com/book/2809894.html", "http://www.17k.com/book/2822077.html", "http://www.17k.com/book/2811930.html", "http://www.17k.com/book/2815548.html", "http://www.17k.com/book/2819620.html", "http://www.17k.com/book/2809964.html", "http://www.17k.com/book/2808200.html", "http://www.17k.com/book/2820100.html", "http://www.17k.com/book/2822978.html", "http://www.17k.com/book/2804337.html", "http://www.17k.com/book/2798814.html", "http://www.17k.com/book/2785153.html", "http://www.17k.com/book/2731559.html", "http://www.17k.com/book/2722533.html", "http://www.17k.com/book/2458377.html", "http://www.17k.com/book/2743300.html", "http://www.17k.com/book/973809.html", "http://www.17k.com/book/2651367.html", "http://www.17k.com/book/2726194.html", "http://www.17k.com/book/2790214.html", "http://www.17k.com/book/493239.html", "http://www.17k.com/book/108821.html", "http://www.17k.com/book/1398783.html", "http://www.17k.com/book/83528.html", "http://www.17k.com/book/1859126.html", "http://www.17k.com/book/1741975.html", "http://www.17k.com/book/192453.html", "http://www.17k.com/book/2459058.html", "http://www.17k.com/book/1050747.html", "http://www.17k.com/book/2700315.html", "http://www.17k.com/book/2818940.html", "http://www.17k.com/book/2819519.html", "http://www.17k.com/book/2816390.html", "http://www.17k.com/book/2819588.html", "http://www.17k.com/book/2813768.html", "http://www.17k.com/book/2822406.html", "http://www.17k.com/book/2772164.html", "http://www.17k.com/book/2784023.html", "http://www.17k.com/book/2811877.html", "http://www.17k.com/book/2809119.html", "http://www.17k.com/book/2803700.html", "http://www.17k.com/book/2819561.html", "http://www.17k.com/book/2746506.html", "http://www.17k.com/book/2811836.html", "http://www.17k.com/book/2614810.html", "http://www.17k.com/book/1592435.html", "http://www.17k.com/book/1949748.html", "http://www.17k.com/book/2265802.html", "http://www.17k.com/book/2743240.html", "http://www.17k.com/book/2657437.html", "http://www.17k.com/book/2644502.html", "http://www.17k.com/book/2199900.html", "http://www.17k.com/book/2725436.html", "http://www.17k.com/book/2629978.html"]}