{"ratings": -1, "userreviews": [{"userName": "F_Gamemod", "userReviewDate": "2018-06-02", "userURL": "http://user.17k.com/60449693", "userReview": "\u5c0f\u8bf4\u6c42\u6536\u85cf<img src='http://img.17k.com/images/face/115ku.gif' />"}, {"userName": "\u697c\u4e00\u7b11", "userReviewDate": "2018-06-02", "userURL": "http://user.17k.com/62240147", "userReview": "\u5148\u628a\u524d\u9762\u7ae0\u8282\u7684\u6392\u7248\u5f04\u4e00\u4e0b\u3002\u5bc6\u5bc6\u9ebb\u9ebb\u7684\uff0c\u773c\u6655\u3002\u52a0\u6cb9\uff01"}, {"userName": "F_Gamemod", "userReviewDate": "2018-05-27", "userURL": "http://user.17k.com/60449693", "userReview": "&nbsp; \u6211\u521b\u5efa\u4e86\u4e00\u4e2a\u8bfb\u8005\u4ea4\u6d41\u7fa4\u7fa4\u540d\u5b57\u672b\u65e5\u6765\u88ad\u8bfb\u8005\u4ea4\u6d41\u7fa4\u7fa4\u53f7787705211\u6b22\u8fce\u4f60\u4eec\u52a0\u5165"}, {"userName": "F_Gamemod", "userReviewDate": "2018-05-25", "userURL": "http://user.17k.com/60449693", "userReview": "<span style='color:red'>\u8c22\u8c22\u7b11\u50b2\u5b64\u8fb0\u7684\u6536\u85cf\u5728\u4e0b\u5728\u6b64\u8c22\u4e86\uff01</span>"}, {"userName": "\u7b11\u50b2\u5b64\u8fb0", "userReviewDate": "2018-05-25", "userURL": "http://user.17k.com/13197515", "userReview": "\u597d\u6587\u7ae0\uff0c\u652f\u6301\uff0c\u5df2\u6536\u85cf\uff01"}, {"userName": "F_Gamemod", "userReviewDate": "2018-05-06", "userURL": "http://user.17k.com/60449693", "userReview": "<span style='color:blue'>\u60f3\u8981\u9f99\u5957\u7684\u8ddf\u6211\u8bf4\u6211\u4f1a\u4f5c\u4e3a\u4e3b\u89d2\u7684\u4f19\u4f34\u5199\u5165\u4e66\u4e2d<img src='http://img.17k.com/images/face/102hh.gif' /><a target='_blank' href='http://user.17k.com/60449693'>@F_Gamemod</a></span>"}, {"userName": "F_Gamemod", "userReviewDate": "2018-03-30", "userURL": "http://user.17k.com/60449693", "userReview": "\u8c22\u8c22\u77e5\u79cb\u61c2\u79cb\u8d4f\u79cb\u9001\u7684\u9c9c\u82b1\u6211\u4f1a\u6309\u7167\u4f60\u7684\u610f\u601d\u6539\u4e00\u4e0b\u3002\u8c22\u8c22\u554a\uff01"}, {"userName": "\u77e5\u79cb\u61c2\u79cb\u8d4f\u79cb", "userReviewDate": "2018-03-25", "userURL": "http://user.17k.com/56115906", "userReview": "\u6536\u85cf\u732e\u82b1\u652f\u6301\uff0c\u770b\u5f97\u771f\u8fc7\u763e\u3002\u8ba2\u9605\u662f\u8981\u4f60\u7b7e\u7ea6\u4e0a\u67b6\u624d\u6709\uff0c\u5efa\u8bae\u4f60\u628a\u7b2c\u516d\u7ae0\u7684\u5c0f\u51996\u6362\u6389\u54e6\u54c8\u54c8\uff0c\u54c8\u54c8\u54c8\uff0c\u5c0f\u7455\u75b5\uff0c\u65e0\u4f24\u5927\u96c5\u3002"}, {"userName": "F_Gamemod", "userReviewDate": "2018-03-17", "userURL": "http://user.17k.com/60449693", "userReview": "<span style='color:black'>\u5e0c\u671b\u8bfb\u8005\u4eec\u80fd\u559c\u6b22\u6211\u7684\u4f5c\u54c1\u6211\u4e5f\u662f\u4e2a\u51fa\u9053\u7684\u5c0f\u65b0\u4eba\u53ef\u80fd\u5199\u7684\u6ca1\u5176\u4ed6\u7684\u4f5c\u8005\u597d\u4e0d\u8fc7\u6211\u4f1a\u5c3d\u5168\u529b\u5b8c\u7ed3\u8fd9\u90e8\u5c0f\u8bf4\u4e3a\u4f60\u4eec\u5448\u73b0\u51fa\u8ddf\u597d\u7684\u5185\u5bb9\u671f\u671b\u4f60\u4eec\u5728\u8bc4\u8bba\u533a\u4e2d\u6307\u51fa\u6211\u7684\u4e0d\u8db3\u4e4b\u5904\u65b0\u4e66\u6c42\u70b9\u51fb\u6c42\u8ba2\u9605</span>"}, {"userName": "F_Gamemod", "userReviewDate": "2018-03-17", "userURL": "http://user.17k.com/60449693", "userReview": "\u4e27\u5c38\u5c0f\u8bf4<a target='_blank' href='http://www.17k.com/book/2795195.html'>\u300a\u4e27\u5c38\u5371\u673a\u672b\u65e5\u6765\u88ad\u300b</a>\u559c\u6b22\u7684\u6765\u770b\u770b\uff0c\u65b0\u4e66\u6c42\u8bc4\u8bba\u6c42\u70b9\u51fb\u6c42\u8ba2\u9605\uff01"}], "description": "\u8bb2\u8ff0\u7684\u662f\u4e27\u5c38\u75c5\u6bd2\u7206\u53d1\u540e\u5168\u7403\u6ca6\u9677\u5218\u9510\u4e00\u4f19\u4eba\u5728\u4e27\u5c38\u4e16\u754c\u8270\u82e6\u751f\u5b58\u4f9d\u9760\u8fdb\u5316\u4e0d\u65ad\u53d8\u5f3a\u6210\u4e3a\u5f3a\u8005\u7684\u6545\u4e8b", "title": "\u4e27\u5c38\u5371\u673a\u672b\u65e5\u6765\u88ad", "url": "http://www.17k.com/book/2795195.html", "average": -1.0, "cover": "http://img.17k.com/images/bookcover/2018/13975/69/2795195-1526798731000.jpg", "reviews": 826, "authors": [{"url": "http://www.17k.com/zuozhe/60449693", "name": "\u8bcd\u5eb8\u767d\u7fbd"}], "type": ["\u672b\u4e16\u5371\u673a"], "outlinks": ["http://www.17k.com/book/2794982.html", "http://www.17k.com/book/2801292.html", "http://www.17k.com/book/2816318.html", "http://www.17k.com/book/2797575.html", "http://www.17k.com/book/2802516.html", "http://www.17k.com/book/2812195.html", "http://www.17k.com/book/2820143.html", "http://www.17k.com/book/2807943.html", "http://www.17k.com/book/2813457.html", "http://www.17k.com/book/2798058.html", "http://www.17k.com/book/2815617.html", "http://www.17k.com/book/2805259.html", "http://www.17k.com/book/2760255.html", "http://www.17k.com/book/2686894.html", "http://www.17k.com/book/2797016.html", "http://www.17k.com/book/2767246.html", "http://www.17k.com/book/2764239.html", "http://www.17k.com/book/2754498.html", "http://www.17k.com/book/2754900.html", "http://www.17k.com/book/2625740.html", "http://www.17k.com/book/2213315.html", "http://www.17k.com/book/2402178.html", "http://www.17k.com/book/2691221.html", "http://www.17k.com/book/2210699.html", "http://www.17k.com/book/1797752.html", "http://www.17k.com/book/2575507.html", "http://www.17k.com/book/2705181.html", "http://www.17k.com/book/2702539.html", "http://www.17k.com/book/2474887.html", "http://www.17k.com/book/2674733.html", "http://www.17k.com/book/2822076.html", "http://www.17k.com/book/2809894.html", "http://www.17k.com/book/2822077.html", "http://www.17k.com/book/2811930.html", "http://www.17k.com/book/2815548.html", "http://www.17k.com/book/2819620.html", "http://www.17k.com/book/2809964.html", "http://www.17k.com/book/2808200.html", "http://www.17k.com/book/2820100.html", "http://www.17k.com/book/2822978.html", "http://www.17k.com/book/2804337.html", "http://www.17k.com/book/2798814.html", "http://www.17k.com/book/2785153.html", "http://www.17k.com/book/2731559.html", "http://www.17k.com/book/2722533.html", "http://www.17k.com/book/2458377.html", "http://www.17k.com/book/2743300.html", "http://www.17k.com/book/973809.html", "http://www.17k.com/book/2651367.html", "http://www.17k.com/book/2726194.html", "http://www.17k.com/book/2790214.html", "http://www.17k.com/book/493239.html", "http://www.17k.com/book/108821.html", "http://www.17k.com/book/1398783.html", "http://www.17k.com/book/83528.html", "http://www.17k.com/book/1859126.html", "http://www.17k.com/book/1741975.html", "http://www.17k.com/book/192453.html", "http://www.17k.com/book/2459058.html", "http://www.17k.com/book/1050747.html", "http://www.17k.com/book/2700315.html", "http://www.17k.com/book/2818940.html", "http://www.17k.com/book/2819519.html", "http://www.17k.com/book/2816390.html", "http://www.17k.com/book/2819588.html", "http://www.17k.com/book/2813768.html", "http://www.17k.com/book/2822406.html", "http://www.17k.com/book/2772164.html", "http://www.17k.com/book/2784023.html", "http://www.17k.com/book/2811877.html", "http://www.17k.com/book/2809119.html", "http://www.17k.com/book/2803700.html", "http://www.17k.com/book/2819561.html", "http://www.17k.com/book/2746506.html", "http://www.17k.com/book/2811836.html", "http://www.17k.com/book/2614810.html", "http://www.17k.com/book/1592435.html", "http://www.17k.com/book/1949748.html", "http://www.17k.com/book/2265802.html", "http://www.17k.com/book/2743240.html", "http://www.17k.com/book/2657437.html", "http://www.17k.com/book/2644502.html", "http://www.17k.com/book/2199900.html", "http://www.17k.com/book/2725436.html", "http://www.17k.com/book/2629978.html"]}