{"ratings": -1, "userreviews": [{"userName": "\u51b7\u6cab\u559c\u6b22\u770b\u968f\u5927", "userReviewDate": "2015-07-19", "userURL": "http://user.17k.com/42283515", "userReview": "\u4e18\u4e18\u7fa4303928743"}, {"userName": "youshihoun1", "userReviewDate": "2018-06-08", "userURL": "http://user.17k.com/45389120", "userReview": "\u56db\u4e2a\u6708\u6ca1\u66f4\u65b0\uff0c\u4e00\u4e2a\u5178\u578b\u7684\u5145\u6ee1\u201c\u60b2\u5267\u8272\u5f69\u201d\u7684\u592a\u76d1\u5e16\u5c31\u6b64\u751f\u6210\uff0c\u7559\u4e0b\u4e86\u4e00\u4e2a\u65e0\u8a00\u7684\u7ed3\u5c40\u3002"}, {"userName": "17K\u4e66\u53cbi6lgr5b3", "userReviewDate": "2018-05-26", "userURL": "http://user.17k.com/61990989", "userReview": "[\u6253\u8d4f]\u6211\u6253\u8d4f\u4e861\u4e2a'\u5c0f\u5fc3\u5fc3'\uff01\uff01"}, {"userName": "\u65af\u6587\u732b\u965b\u4e0b", "userReviewDate": "2018-05-05", "userURL": "http://user.17k.com/37764708", "userReview": "<a target='_blank' href='http://www.17k.com/book/1088354.html'>\u300a\u4e27\u5c38\u4fdd\u5b89\u300b</a>"}, {"userName": "17K\u4e66\u53cbL1V5X0BE", "userReviewDate": "2018-05-03", "userURL": "http://user.17k.com/58688838", "userReview": "\u819c\u62dc\u5927\u795e2\u5e74\u591a\u5c45\u7136\u5199\u4e86\u8fd9\u4e48\u591a\u7ae0\uff0c\u771f\u662f\u62fc\u4e86"}, {"userName": "17K\u4e66\u53cbL1V5X0BE", "userReviewDate": "2018-05-03", "userURL": "http://user.17k.com/58688838", "userReview": "\u4e0d\u66f4\u65b0\u4e86\u5417"}, {"userName": "17K\u4e66\u53cbL1V5X0BE", "userReviewDate": "2018-04-29", "userURL": "http://user.17k.com/58688838", "userReview": "\u989d\uff0c\u4e00\u767e\u7ae0\u9644\u8fd1\u611f\u89c9\u5c31\u8131\u79bb\u539f\u9898\u4e86\uff0c\u5f00\u59cb\u5199\u6253\u4ed7\u751f\u5b58\u4e86\uff0c\u4e27\u5c38\u6839\u672c\u6ca1\u51fa\u573a\uff0c\u611f\u89c9\u5199\u7684\u50cf\u6e38\u620f\u91cc\u7684\u9965\u8352\u4e00\u6837\u4e86"}, {"userName": "WAP101634", "userReviewDate": "2018-04-25", "userURL": "http://user.17k.com/41485273", "userReview": "\u597d\u770b\u7684\u4e66\uff0c\u5927\u5bb6\u652f\u6301\u3002"}, {"userName": "\u65af\u6587\u732b\u965b\u4e0b", "userReviewDate": "2018-04-11", "userURL": "http://user.17k.com/37764708", "userReview": "\u52a0\u6cb9\uff0c\u540c\u662f\u4e27\u5c38\u6587\uff0c\u652f\u6301\u524d\u8f88\uff0c"}, {"userName": "\u7f51\u763e\u5c11\u5e74124320075", "userReviewDate": "2018-04-04", "userURL": "http://user.17k.com/60903712", "userReview": "\u4f5c\u8005\u5199\u7684\u5f88\u7528\u5fc3\uff0c\u800c\u4e14\u514d\u8d39\uff0c\u5927\u5bb6\u6295\u4e0b\u7968\u5427"}, {"userName": "A\u725b\u9b54\u738b", "userReviewDate": "2018-03-12", "userURL": "http://user.17k.com/56738425", "userReview": "\u597d\u4e66\u9700\u8981\u63a8\u5e7f\uff0c\u6b63\u80fd\u91cf!2018\u63a8\u8350\u4e00\u672c\u597d\u770b\u7684\u4e66<a target='_blank' href='http://www.17k.com/book/2551937.html'>\u300a\u8d85\u65b0\u4eba\u300b</a>\uff0c\u60ca\u9669\u523a\u6fc0\uff0c\u6d6a\u6f2b\u6ee1\u5c4b\uff0c\u70ed\u8840\u683c\u6597\uff0c\u751f\u6b7b\u7231\u604b\uff0c\u6696\u6627\u4e0d\u65ad\uff0c\u5929\u5929\u66f4\u65b0\uff0c\u8bf7\u591a\u5173\u7167\uff0c\u6765\u4e2a\u6536\u85cf\u554a!\uff0c\u70b9\u51fb\u4e66\u540d\u5c31\u53ef\u4ee5\u770b\u5230\u4e66\u4e86\u3002"}, {"userName": "\u6731\u8363\u53d1", "userReviewDate": "2018-03-07", "userURL": "http://user.17k.com/47841889", "userReview": "\u5c45\u7136\u4e0d\u6536\u8d39\uff0c\u8ffd"}, {"userName": "\u60f3\u6211\u6240\u60f3\uffe1", "userReviewDate": "2018-03-05", "userURL": "http://user.17k.com/59897003", "userReview": "\u771f\u7684\u597d\u770b\uff0c\u53ea\u6c42\u5feb\u70b9\u66f4\u65b0"}, {"userName": "A\u725b\u9b54\u738b", "userReviewDate": "2018-03-04", "userURL": "http://user.17k.com/56738425", "userReview": "\u597d\u4e66\u9700\u8981\u63a8\u5e7f\uff0c\u6b63\u80fd\u91cf!2018\u63a8\u8350\u4e00\u672c\u597d\u770b\u7684\u4e66<a target='_blank' href='http://www.17k.com/book/2551937.html'>\u300a\u8d85\u65b0\u4eba\u300b</a>\uff0c\u60ca\u9669\u523a\u6fc0\uff0c\u6d6a\u6f2b\u6ee1\u5c4b\uff0c\u70ed\u8840\u683c\u6597\uff0c\u751f\u6b7b\u7231\u604b\uff0c\u6696\u6627\u4e0d\u65ad\uff0c\u5929\u5929\u66f4\u65b0\uff0c\u8bf7\u591a\u5173\u7167\uff0c\u6765\u4e2a\u6536\u85cf\u554a!\uff0c\u70b9\u51fb\u4e66\u540d\u5c31\u53ef\u4ee5\u770b\u5230\u4e66\u4e86\u3002"}, {"userName": "\u7c89\u4ea4\u672c\u5c0a", "userReviewDate": "2018-02-25", "userURL": "http://user.17k.com/58788435", "userReview": "\u5b89\u9759\u7684\u9ec4\u660f\u4e0b\uff0c\u6e05\u98ce\u60a0\u7136\uff0c\u4ed6\u9a91\u7740\u5de8\u9f99\u8e0f\u7834\u957f\u7a7a\uff0c\u7387\u9886\u4ebf\u4e07\u5927\u519b\uff0c\u964d\u4e34\u4eba\u7c7b\u6700\u540e\u7684\u9886\u571f\uff0c\u53ea\u4e3a\u51b3\u4e00\u6b7b\u6218\u3002<a target='_blank' href='http://www.17k.com/book/2737016.html'>\u300a\u65e0\u751f\u7eaa\u5143\u300b</a>\uff0c\u70b9\u5f00\u4e66\u540d\u5373\u53ef\u9605\u8bfb\uff01"}, {"userName": "\u8f69\u4e91\u5fc6", "userReviewDate": "2018-02-20", "userURL": "http://user.17k.com/58576696", "userReview": "<span style='color:black'>\u6765\u770b\u770b\uff0c\u9001\u652f\u6301\u3002</span>"}, {"userName": "\u2197\u6267\u5b50\u4e4b\u63b1\u7399\u5b50\u5055\u9bb1\u2026", "userReviewDate": "2018-02-11", "userURL": "http://user.17k.com/59905002", "userReview": "\u5f88\u597d\u770b\uff0c\u6211\u4f1a\u5728\u6211\u7684\u7fa4\u91cc\u5ba3\u4f20\u8fd9\u90e8\u5c0f\u8bf4\u7684"}, {"userName": "17K\u4e66\u53cb1VXANOY8", "userReviewDate": "2018-02-10", "userURL": "http://user.17k.com/56067055", "userReview": "\u597d\u770b\uff0c\u52a0\u6cb9\u3002"}, {"userName": "\u65af\u6587\u732b\u965b\u4e0b", "userReviewDate": "2018-02-09", "userURL": "http://user.17k.com/37764708", "userReview": "\u5927\u795e\u52a0\u6cb9\uff0c\u5c0f\u8f88\u6765\u6536\u85cf\u62dc\u8bfb\u53d1\u4f5c\u4e86\uff0c\u540c\u65f6\u672b\u4e16\u6587\uff0c\u4e00\u8d77\u52a0\u6cb9\u3002"}, {"userName": "17K\u4e66\u53cbFMVO2H7T", "userReviewDate": "2018-02-08", "userURL": "http://user.17k.com/59675940", "userReview": "*\u8389\u662f\u5565\uff1f\uff1f"}], "description": "\u672b\u4e16\u6765\u4e34\uff0c\u4e27\u5c38\u6a2a\u884c\u3002\u6bc1\u706d\u4e86\u7edd\u5927\u90e8\u5206\u4eba\u7c7b\u7684\u75c5\u6bd2\u5374\u5728\u4e3b\u89d2\u4f53\u5185\u4ea7\u751f\u4e86\u96c6\u4f53\u610f\u8bc6\uff0c\u5f00\u59cb\u4e3a\u4e3b\u89d2\u6539\u9020\u8eab\u4f53\u3002\u3000\u3000\u5e73\u6c11\u5e78\u5b58\u8005\u4e89\u6597\u4e0d\u4f11\u3002\u671f\u5f85\u4e2d\u7684\u519b\u961f\u5e78\u5b58\u65e0\u51e0\u3002\u4e0d\u4f46\u65e0\u6cd5\u6551\u63f4\u5e73\u6c11\uff0c\u53cd\u800c\u56e0\u4e3a\u4e92\u76f8\u653b\u51fb\u800c\u9700\u8981\u5e73\u6c11\u7684\u5e2e\u52a9\u3002\u3000\u3000\u5c31\u8fde\u75c5\u6bd2\u63a7\u5236\u7684\u4e27\u5c38\uff0c\u4e5f\u80cc\u8d1f\u7740\u4e0d\u540c\u7684\u4f7f\u547d\uff0c\u5f62\u6210\u4e86\u4e0d\u540c\u7684\u52bf\u529b\u3002\u3000\u3000\u521a\u6210\u5e74\u7684\u4e3b\u89d2\uff0c\u867d\u7136\u56e0\u4e3a\u4f53\u5185\u75c5\u6bd2\u610f\u8bc6\u7684\u5e2e\u52a9\u800c\u8eab\u624b\u4e0d\u51e1\uff0c\u5374\u5728\u66f4\u591a\u7684\u65f6\u5019\u65e0\u80fd\u4e3a\u529b\u3002\u3000\u3000\u4ed6\u5230\u5e95\u8be5\u5982\u4f55\u9762\u5bf9\u8fd9\u6837\u7684\u4e16\u754c\uff1f\u80fd\u4e0d\u80fd\u4fdd\u6301\u7740\u5355\u7eaf\u6b63\u76f4\uff0c\u5e26\u7740\u4eb2\u4eba\u548c\u670b\u53cb\u4eec\u5efa\u7acb\u65b0\u751f\u6d3b\uff1f\u3000\u3000\u8fd9\u4e0d\u662f\u62ab\u7740\u79d1\u5e7b\u5916\u8863\u7684\u7384\u5e7b\u4fee\u771f\u5c0f\u8bf4\uff0c\u4e5f\u4e0d\u4f1a\u6709\u91cd\u590d\u91cd\u590d\u518d\u91cd\u590d\u7684\u5347\u7ea7\u4e4b\u8def\u3002\u3000\u3000\u672b\u4e16\u5230\u5e95\uff0c\u79d1\u5e7b\u5230\u5e95\u3002", "title": "\u4e27\u5c38\u4e0d\u4e27\u5c38", "url": "http://www.17k.com/book/1306849.html", "average": -1.0, "cover": "http://img.17k.com/images/bookcover/2015/6534/32/1306849-1436793582000.jpg", "reviews": 5635465, "authors": [{"url": "http://www.17k.com/zuozhe/42074445", "name": "\u771f\u7684\u5f88\u968f\u4fbf"}], "type": ["\u672b\u4e16\u5371\u673a"], "outlinks": ["http://www.17k.com/book/2794982.html", "http://www.17k.com/book/2801292.html", "http://www.17k.com/book/2816318.html", "http://www.17k.com/book/2797575.html", "http://www.17k.com/book/2802516.html", "http://www.17k.com/book/2812195.html", "http://www.17k.com/book/2820143.html", "http://www.17k.com/book/2807943.html", "http://www.17k.com/book/2813457.html", "http://www.17k.com/book/2798058.html", "http://www.17k.com/book/2815617.html", "http://www.17k.com/book/2805259.html", "http://www.17k.com/book/2760255.html", "http://www.17k.com/book/2686894.html", "http://www.17k.com/book/2797016.html", "http://www.17k.com/book/2767246.html", "http://www.17k.com/book/2764239.html", "http://www.17k.com/book/2754498.html", "http://www.17k.com/book/2754900.html", "http://www.17k.com/book/2625740.html", "http://www.17k.com/book/2213315.html", "http://www.17k.com/book/2402178.html", "http://www.17k.com/book/2691221.html", "http://www.17k.com/book/2210699.html", "http://www.17k.com/book/1797752.html", "http://www.17k.com/book/2575507.html", "http://www.17k.com/book/2705181.html", "http://www.17k.com/book/2702539.html", "http://www.17k.com/book/2474887.html", "http://www.17k.com/book/2674733.html", "http://www.17k.com/book/2822076.html", "http://www.17k.com/book/2809894.html", "http://www.17k.com/book/2822077.html", "http://www.17k.com/book/2811930.html", "http://www.17k.com/book/2815548.html", "http://www.17k.com/book/2819620.html", "http://www.17k.com/book/2809964.html", "http://www.17k.com/book/2808200.html", "http://www.17k.com/book/2820100.html", "http://www.17k.com/book/2822978.html", "http://www.17k.com/book/2804337.html", "http://www.17k.com/book/2798814.html", "http://www.17k.com/book/2785153.html", "http://www.17k.com/book/2731559.html", "http://www.17k.com/book/2722533.html", "http://www.17k.com/book/2458377.html", "http://www.17k.com/book/2743300.html", "http://www.17k.com/book/973809.html", "http://www.17k.com/book/2651367.html", "http://www.17k.com/book/2726194.html", "http://www.17k.com/book/2790214.html", "http://www.17k.com/book/493239.html", "http://www.17k.com/book/108821.html", "http://www.17k.com/book/1398783.html", "http://www.17k.com/book/83528.html", "http://www.17k.com/book/1859126.html", "http://www.17k.com/book/1741975.html", "http://www.17k.com/book/192453.html", "http://www.17k.com/book/2459058.html", "http://www.17k.com/book/1050747.html", "http://www.17k.com/book/2700315.html", "http://www.17k.com/book/2818940.html", "http://www.17k.com/book/2819519.html", "http://www.17k.com/book/2816390.html", "http://www.17k.com/book/2819588.html", "http://www.17k.com/book/2813768.html", "http://www.17k.com/book/2822406.html", "http://www.17k.com/book/2772164.html", "http://www.17k.com/book/2784023.html", "http://www.17k.com/book/2811877.html", "http://www.17k.com/book/2809119.html", "http://www.17k.com/book/2803700.html", "http://www.17k.com/book/2819561.html", "http://www.17k.com/book/2746506.html", "http://www.17k.com/book/2811836.html", "http://www.17k.com/book/2614810.html", "http://www.17k.com/book/1592435.html", "http://www.17k.com/book/1949748.html", "http://www.17k.com/book/2265802.html", "http://www.17k.com/book/2743240.html", "http://www.17k.com/book/2657437.html", "http://www.17k.com/book/2644502.html", "http://www.17k.com/book/2199900.html", "http://www.17k.com/book/2725436.html", "http://www.17k.com/book/2629978.html"]}