{"ratings": -1, "userreviews": [{"userName": "\u5f25\u97f3\u626c\u5e06", "userReviewDate": "2018-06-01", "userURL": "http://user.17k.com/59727430", "userReview": "\u6765\u652f\u6301\u5927\u5927\uff0c\u52a0\u6cb9\uff01"}, {"userName": "\u661f\u7a7a\u591c\u68a6\u58f9", "userReviewDate": "2018-05-27", "userURL": "http://user.17k.com/58116533", "userReview": "<span style='color:green'>\u52a0\u6cb9\uff0c\u7ee7\u7eed\u52aa\u529b\uff0c\u575a\u6301\u66f4\u65b0\u54df\uff01</span>"}, {"userName": "\u571f\u8c46\u6284\u8089\u4e1d", "userReviewDate": "2018-05-26", "userURL": "http://user.17k.com/38907875", "userReview": "\u5f53\u7136\u88c5\u903c\u4e3a\u4e3b\u7684\u6551\u4e86"}, {"userName": "\u5802\u9633\u4fa0\u5ba2", "userReviewDate": "2018-05-26", "userURL": "http://user.17k.com/52035835", "userReview": "\u7f16\u8f91\u6709\u63a8\u8350\u54e6\uff0c\u6210\u7ee9\u4e0d\u9519\u54e6\uff0c\u52a0\u6cb9\uff01\u770b\u6765\u6211\u7684\u773c\u5149\u4e0d\u9519\uff0c\u4f5c\u54c1\u5fc5\u5b9a\u5927\u706b\uff01"}, {"userName": "0\u7af9\u6797\u542c\u98ce0", "userReviewDate": "2018-05-18", "userURL": "http://user.17k.com/60062436", "userReview": "\u8fd9\u4e2a\u5c01\u9762\u6f02\u4eae!"}, {"userName": "\u73af\u73af\u4e00\u8885\u695a\u5bab\u8170", "userReviewDate": "2018-05-15", "userURL": "http://user.17k.com/59811233", "userReview": "\u65e9\u4e0a\u597d\uff01\u4e2d\u5348\u597d\uff0c\u665a\u4e0a\u597d\uff0c\u5c81\u5c81\u597d\uff0c\u6708\u6708\u597d\uff0c\u5e74\u5e74\u597d\uff01"}, {"userName": "\u73af\u73af\u4e00\u8885\u695a\u5bab\u8170", "userReviewDate": "2018-05-13", "userURL": "http://user.17k.com/59811233", "userReview": "\u5982\u679c\u4f60\u975e\u5f97\u8ba9\u6211\u5728A\u4e0eC\u4e2d\u505a\u4e2a\u4e86\u65ad\uff0c\u6211\u60f3\u6211\u4f1a\u9009C\u3002\u4ec0\u4e48\uff1f\u539f\u56e0\uff1f\u5973\u4eba\u5929\u751f\u7684\u7b2c\u516d\u611f\uff01\u88f8\u8003\u561b\uff0c\u5c31\u5f97\u6709\u778e\u8499\u7684\u9738\u6c14\uff01\u6211\u8003\u5b8c\u56de\u6765\u5566\uff01\u652f\u6301\uff01"}, {"userName": "\u661f\u7a7a\u591c\u68a6\u58f9", "userReviewDate": "2018-05-10", "userURL": "http://user.17k.com/58116533", "userReview": "\u55ef\uff0c\u4e0d\u9519\uff0c\u5f88\u597d\u770b\uff0c\u6587\u7b14\u5f88\u8001\u7ec3\uff0c\u662f\u661f\u7a7a\u559c\u6b22\u7684\u4ed9\u4fa0\uff0c\u7ee7\u7eed\u52aa\u529b\u5427"}, {"userName": "\u5c0f\u738913476881820", "userReviewDate": "2018-05-09", "userURL": "http://user.17k.com/60971133", "userReview": "[\u6253\u8d4f]\u6211\u6253\u8d4f\u4e868\u5143\u7ea2\u5305\uff01\uff01"}, {"userName": "\u65af\u6587\u732b\u965b\u4e0b", "userReviewDate": "2018-05-08", "userURL": "http://user.17k.com/37764708", "userReview": "\u52a0\u6cb9\uff0c\u652f\u6301\u4e00\u4e0b\uff0c"}, {"userName": "\u5802\u9633\u4fa0\u5ba2", "userReviewDate": "2018-05-08", "userURL": "http://user.17k.com/52035835", "userReview": "\u6210\u7ee9\u4e0d\u9519\uff0c\u52a0\u6cb9\uff0c\u5144\u5f1f\uff01"}, {"userName": "\u5802\u9633\u4fa0\u5ba2", "userReviewDate": "2018-05-07", "userURL": "http://user.17k.com/52035835", "userReview": "[\u6253\u8d4f]\u6211\u6253\u8d4f\u4e862\u5143\u7ea2\u5305\uff01\uff01"}, {"userName": "\u5723\u9690\u5e1d\u5143", "userReviewDate": "2018-05-04", "userURL": "http://user.17k.com/57760595", "userReview": "\u7b7e\u5230\u652f\u6301"}, {"userName": "\u73af\u73af\u4e00\u8885\u695a\u5bab\u8170", "userReviewDate": "2018-05-02", "userURL": "http://user.17k.com/59811233", "userReview": "\u4e0b\u5348\u597d\uff01\u73af\u73af\u6765\u770b\u770b\uff01"}, {"userName": "\u5802\u9633\u4fa0\u5ba2", "userReviewDate": "2018-05-01", "userURL": "http://user.17k.com/52035835", "userReview": "\u6563\u534e\u652f\u6301\uff0c\u52a0\u6cb9\uff01"}, {"userName": "\u6587\u53f3", "userReviewDate": "2018-04-29", "userURL": "http://user.17k.com/61338039", "userReview": "\u52a0\u6cb9"}, {"userName": "\u5723\u9690\u5e1d\u5143", "userReviewDate": "2018-04-29", "userURL": "http://user.17k.com/57760595", "userReview": "\u7b7e\u5230\u652f\u6301"}, {"userName": "\u798f\u65b0\u3117\u310c", "userReviewDate": "2018-04-28", "userURL": "http://user.17k.com/47964107", "userReview": "\u5199\u7684\u597d\u770b\uff0c\u52a0\u6cb9"}, {"userName": "\u73af\u73af\u4e00\u8885\u695a\u5bab\u8170", "userReviewDate": "2018-04-27", "userURL": "http://user.17k.com/59811233", "userReview": "\u65e9\u4e0a\u597d\uff01\u73af\u73af\u6765\u4e86\uff0c\u9a6c\u4e0a\u5c31\u8981\u653e\u5047\u4e86\u54df\uff01"}, {"userName": "\u671b\u660e\u5c0f\u4fa0", "userReviewDate": "2018-04-26", "userURL": "http://user.17k.com/58680368", "userReview": "\u4f5c\u8005\u4f60\u597d\uff0c\u795d\u4f60\u5199\u4f5c\u6109\u5feb\uff0c\u65e9\u65e5\u6210\u795e\u3002"}], "description": "\u5c11\u5e74\u5b64\u82e6\uff0c\u4e3a\u80fd\u590d\u4ec7\uff0c\u5728\u4e2d\u5dde\u56db\u5904\u6e38\u8361\uff0c\u65e0\u610f\u95f4\u5377\u5165\u5929\u4e0b\u7eb7\u4e89\u3002\u3000\u3000\u9192\u65f6\u501a\u996e\u82b1\u9152\u95f4\uff0c\u3000\u3000\u9189\u8fd8\u68a6\u81f3\u51cc\u9704\u6bbf\u3002\u3000\u3000\u6f47\u6d12\uff0c\u4e0d\u505a\u5c0f\u4eba\u9b3c\uff0c\u3000\u3000\u5feb\u6d3b\uff0c\u662f\u4e2a\u541b\u5b50\u4ed9\uff01", "title": "\u4e2d\u5dde\u51e1\u4eba\u4f20", "url": "http://www.17k.com/book/2793721.html", "average": -1.0, "cover": "http://img.17k.com/images/bookcover/2018/13968/69/2793721-1523237575000.jpg", "reviews": 12326, "authors": [{"url": "http://www.17k.com/zuozhe/60403526", "name": "\u5468\u8086\u8086"}], "type": ["\u53e4\u5178\u4ed9\u4fa0"], "outlinks": ["http://www.17k.com/book/2794982.html", "http://www.17k.com/book/2801292.html", "http://www.17k.com/book/2816318.html", "http://www.17k.com/book/2797575.html", "http://www.17k.com/book/2802516.html", "http://www.17k.com/book/2812195.html", "http://www.17k.com/book/2820143.html", "http://www.17k.com/book/2807943.html", "http://www.17k.com/book/2813457.html", "http://www.17k.com/book/2798058.html", "http://www.17k.com/book/2815617.html", "http://www.17k.com/book/2805259.html", "http://www.17k.com/book/2760255.html", "http://www.17k.com/book/2686894.html", "http://www.17k.com/book/2797016.html", "http://www.17k.com/book/2767246.html", "http://www.17k.com/book/2764239.html", "http://www.17k.com/book/2754498.html", "http://www.17k.com/book/2754900.html", "http://www.17k.com/book/2625740.html", "http://www.17k.com/book/2213315.html", "http://www.17k.com/book/2402178.html", "http://www.17k.com/book/2691221.html", "http://www.17k.com/book/2210699.html", "http://www.17k.com/book/1797752.html", "http://www.17k.com/book/2575507.html", "http://www.17k.com/book/2705181.html", "http://www.17k.com/book/2702539.html", "http://www.17k.com/book/2474887.html", "http://www.17k.com/book/2674733.html", "http://www.17k.com/book/2822076.html", "http://www.17k.com/book/2809894.html", "http://www.17k.com/book/2822077.html", "http://www.17k.com/book/2811930.html", "http://www.17k.com/book/2815548.html", "http://www.17k.com/book/2819620.html", "http://www.17k.com/book/2809964.html", "http://www.17k.com/book/2808200.html", "http://www.17k.com/book/2820100.html", "http://www.17k.com/book/2822978.html", "http://www.17k.com/book/2804337.html", "http://www.17k.com/book/2798814.html", "http://www.17k.com/book/2785153.html", "http://www.17k.com/book/2731559.html", "http://www.17k.com/book/2722533.html", "http://www.17k.com/book/2458377.html", "http://www.17k.com/book/2743300.html", "http://www.17k.com/book/973809.html", "http://www.17k.com/book/2651367.html", "http://www.17k.com/book/2726194.html", "http://www.17k.com/book/2790214.html", "http://www.17k.com/book/493239.html", "http://www.17k.com/book/108821.html", "http://www.17k.com/book/1398783.html", "http://www.17k.com/book/83528.html", "http://www.17k.com/book/1859126.html", "http://www.17k.com/book/1741975.html", "http://www.17k.com/book/192453.html", "http://www.17k.com/book/2459058.html", "http://www.17k.com/book/1050747.html", "http://www.17k.com/book/2700315.html", "http://www.17k.com/book/2818940.html", "http://www.17k.com/book/2819519.html", "http://www.17k.com/book/2816390.html", "http://www.17k.com/book/2819588.html", "http://www.17k.com/book/2813768.html", "http://www.17k.com/book/2822406.html", "http://www.17k.com/book/2772164.html", "http://www.17k.com/book/2784023.html", "http://www.17k.com/book/2811877.html", "http://www.17k.com/book/2809119.html", "http://www.17k.com/book/2803700.html", "http://www.17k.com/book/2819561.html", "http://www.17k.com/book/2746506.html", "http://www.17k.com/book/2811836.html", "http://www.17k.com/book/2614810.html", "http://www.17k.com/book/1592435.html", "http://www.17k.com/book/1949748.html", "http://www.17k.com/book/2265802.html", "http://www.17k.com/book/2743240.html", "http://www.17k.com/book/2657437.html", "http://www.17k.com/book/2644502.html", "http://www.17k.com/book/2199900.html", "http://www.17k.com/book/2725436.html", "http://www.17k.com/book/2629978.html"]}