{"ratings": -1, "userreviews": [{"userName": "\u68a6\u5bc2\u9b42", "userReviewDate": "2017-09-01", "userURL": "http://user.17k.com/52629319", "userReview": "<span style='color:red'>\u5e7f\u544a\u697c\u3002\u5e26\u4e66\u540d\u6253\u5e7f\u544a\u7684\u4f5c\u8005\u670b\u53cb\u8bf7\u6765\u8fd9\u91cc\uff0c\u5bc2\u9b42\u4f1a\u56de\u8bbf\u3002\u5916\u9762\u4f1a\u88ab\u4e00\u5f8b\u5220\u9664\u7684\u3002\u3002\u3002</span>"}, {"userName": "\u5723\u9690\u5e1d\u5143", "userReviewDate": "2018-05-13", "userURL": "http://user.17k.com/57760595", "userReview": "\u7b7e\u5230\u652f\u6301"}, {"userName": "\u7384\u6708\u5929\u9a84", "userReviewDate": "2018-05-10", "userURL": "http://user.17k.com/59589991", "userReview": "\u5927\u4f6c\uff0c\u521d\u6b21\u89c1\u9762\uff0c\u591a\u591a\u6307\u6559\uff0c\u5df2\u6536\u85cf\uff0c<a target='_blank' href='http://www.17k.com/book/2817985.html'>\u300a\u5947\u534e\u5e74\u6708\u300b</a>\u656c\u4e0a"}, {"userName": "_\u4e5d\u5e7d\u51a5\u5c0a_", "userReviewDate": "2018-04-22", "userURL": "http://user.17k.com/54351721", "userReview": "\u591a\u65e5\u4e0d\u89c1\u5192\u4e2a\u6ce1\uff01\u2229_\u2229\u5237\u5237\u5b58\u5728\u611f\uff01"}, {"userName": "\u5c0f\u841d\u8389\u63a7\u8bf6", "userReviewDate": "2018-04-01", "userURL": "http://user.17k.com/43872315", "userReview": "\u786e\u5b9e\uff0c\uff0c\u4e0d\u8fc7\u6211\u5df2\u7ecf\u662f\u665a\u671f\u4e86\uff0c\u6ca1\u6551\u4e86\uff0c\uff08\u54ed\uff09"}, {"userName": "\u7f8a\u5976\u5c0f\u54e5", "userReviewDate": "2018-04-01", "userURL": "http://user.17k.com/54315957", "userReview": "\u68a6\u7237\u5a01\u6b66\u3002"}, {"userName": "\u783b\u6c34", "userReviewDate": "2018-04-01", "userURL": "http://user.17k.com/54228640", "userReview": "[\u6253\u8d4f]\u6211\u6253\u8d4f\u4e862\u5143\u7ea2\u5305\uff01\uff01"}, {"userName": "_\u4e5d\u5e7d\u51a5\u5c0a_", "userReviewDate": "2018-04-01", "userURL": "http://user.17k.com/54351721", "userReview": "\u6708\u521d\u7b7e\u5230\uff01\u611a\u4eba\u8282\u5feb\u4e50( &acute;\u25bd` )"}, {"userName": "\u5c0f\u841d\u8389\u63a7\u8bf6", "userReviewDate": "2018-03-31", "userURL": "http://user.17k.com/43872315", "userReview": "\u5443\uff0c\u4e0d\u662f\u4f60\u53d1\u7684\u201c\u53d8\u6001\u201d\u4e24\u5b57\u4e48\uff1f\u5413\u5f97\u6211\u7f29\u5728\u89d2\u843d\uff0c\u745f\u745f\u53d1\u6296"}, {"userName": "\u5c0f\u841d\u8389\u63a7\u8bf6", "userReviewDate": "2018-03-30", "userURL": "http://user.17k.com/43872315", "userReview": "\u4e3a\u5565\u9a82\u6211\uff1f"}, {"userName": "\u7f8a\u5976\u5c0f\u54e5", "userReviewDate": "2018-03-29", "userURL": "http://user.17k.com/54315957", "userReview": "[\u6253\u8d4f]\u6211\u6253\u8d4f\u4e865\u5143\u7ea2\u5305\uff01\uff01"}, {"userName": "\u7f8a\u5976\u5c0f\u54e5", "userReviewDate": "2018-03-29", "userURL": "http://user.17k.com/54315957", "userReview": "\u5c0f\u7ea2\u5305\uff0c\u652f\u6301\u4e0b\u68a6\u7237\uff01"}, {"userName": "_\u4e5d\u5e7d\u51a5\u5c0a_", "userReviewDate": "2018-03-29", "userURL": "http://user.17k.com/54351721", "userReview": "\u591c\u665a\u6765\u88ad\uff0c\u5192\u4e2a\u6ce1\u8bc1\u660e\u4e00\u4e0b\u5b58\u5728\u611f\u3002\u2229_\u2229"}, {"userName": "_\u4e5d\u5e7d\u51a5\u5c0a_", "userReviewDate": "2018-03-22", "userURL": "http://user.17k.com/54351721", "userReview": "\u4e0d\u5b9a\u65f6\u51fa\u73b0\u7684\u6211\u6765\u5192\u6ce1\u5566\u3002\u652f\u6301\u4e0d\u53d8\uff01\u65e9\u5b89\uff01\u2229_\u2229"}, {"userName": "\u6b6a\u6b6a\u6b6a0769", "userReviewDate": "2018-03-21", "userURL": "http://user.17k.com/53463530", "userReview": "[\u6253\u8d4f]\u6211\u6253\u8d4f\u4e862\u5143\u7ea2\u5305\uff01\uff01"}, {"userName": "_\u4e5d\u5e7d\u51a5\u5c0a_", "userReviewDate": "2018-03-13", "userURL": "http://user.17k.com/54351721", "userReview": "\u5931\u8e2a\u7684\u6211\u6765\u5192\u6ce1\u5566\uff01\u652f\u6301\u4e0d\u53d8( &acute;\u25bd` )"}, {"userName": "_\u4e5d\u5e7d\u51a5\u5c0a_", "userReviewDate": "2018-03-05", "userURL": "http://user.17k.com/54351721", "userReview": "\u6211\u6765\u5192\u4e2a\u6ce1\uff01\u652f\u6301\u4e0d\u53d8\uff01"}, {"userName": "_\u4e5d\u5e7d\u51a5\u5c0a_", "userReviewDate": "2018-03-02", "userURL": "http://user.17k.com/54351721", "userReview": "\u5143\u5bb5\u8282\u5feb\u4e50"}, {"userName": "_\u4e5d\u5e7d\u51a5\u5c0a_", "userReviewDate": "2018-03-01", "userURL": "http://user.17k.com/54351721", "userReview": "\u6211\u6765\u8e29\u4e2a\u5c0f\u811a\u5370"}, {"userName": "_\u4e5d\u5e7d\u51a5\u5c0a_", "userReviewDate": "2018-02-26", "userURL": "http://user.17k.com/54351721", "userReview": "\u5076\u6765\u770b\u4e66\u4e86\uff0c\u987a\u4fbf\u9001\u4e0aqq\u53f7( &acute;\u25bd` )3571128979\u6b22\u8fce\u6765\u64a9"}], "description": "\u6bcf\u4e2a\u52bf\u529b\uff0c\u5c0f\u5230\u5e2e\u6d3e\u5bb6\u65cf\uff0c\u5927\u5230\u5b97\u95e8\u738b\u56fd\uff0c\u90fd\u6709\u4e00\u4e2a\u6700\u5f3a\u4e4b\u4eba\uff0c\u88ab\u79f0\u4e3a\u4e3b\u6218\u795e\uff01\u4e3b\u6218\u795e\u662f\u4e00\u79cd\u4fe1\u4ef0\uff0c\u662f\u6700\u5f3a\u7684\u8c61\u5f81\u3002\u4e00\u4e2a\u5e1d\u56fd\u6709\u5e1d\u56fd\u7684\u4e3b\u6218\u795e\uff0c\u4e00\u7247\u5927\u9646\u4e5f\u6709\u5927\u9646\u7684\u4e3b\u6218\u795e\uff01\u800c\u8fd9\u4e2a\u4e16\u754c\uff0c\u5374\u4ece\u672a\u6709\u8fc7\u90a3\u4e16\u754c\u7b2c\u4e00\u7684\u2014\u2014\u4e3b\u6218\u795e\u3002", "title": "\u4e3b\u6218\u795e", "url": "http://www.17k.com/book/2629346.html", "average": -1.0, "cover": "http://img.17k.com/images/bookcover/2017/13146/65/2629346-1503221677000.jpg", "reviews": 205049, "authors": [{"url": "http://www.17k.com/zuozhe/52629319", "name": "\u68a6\u5bc2\u9b42"}], "type": ["\u4e1c\u65b9\u7384\u5e7b"], "outlinks": ["http://www.17k.com/book/2794982.html", "http://www.17k.com/book/2801292.html", "http://www.17k.com/book/2816318.html", "http://www.17k.com/book/2797575.html", "http://www.17k.com/book/2802516.html", "http://www.17k.com/book/2812195.html", "http://www.17k.com/book/2820143.html", "http://www.17k.com/book/2807943.html", "http://www.17k.com/book/2813457.html", "http://www.17k.com/book/2798058.html", "http://www.17k.com/book/2815617.html", "http://www.17k.com/book/2805259.html", "http://www.17k.com/book/2760255.html", "http://www.17k.com/book/2686894.html", "http://www.17k.com/book/2797016.html", "http://www.17k.com/book/2767246.html", "http://www.17k.com/book/2764239.html", "http://www.17k.com/book/2754498.html", "http://www.17k.com/book/2754900.html", "http://www.17k.com/book/2625740.html", "http://www.17k.com/book/2213315.html", "http://www.17k.com/book/2402178.html", "http://www.17k.com/book/2691221.html", "http://www.17k.com/book/2210699.html", "http://www.17k.com/book/1797752.html", "http://www.17k.com/book/2575507.html", "http://www.17k.com/book/2705181.html", "http://www.17k.com/book/2702539.html", "http://www.17k.com/book/2474887.html", "http://www.17k.com/book/2674733.html", "http://www.17k.com/book/2822076.html", "http://www.17k.com/book/2809894.html", "http://www.17k.com/book/2822077.html", "http://www.17k.com/book/2811930.html", "http://www.17k.com/book/2815548.html", "http://www.17k.com/book/2819620.html", "http://www.17k.com/book/2809964.html", "http://www.17k.com/book/2808200.html", "http://www.17k.com/book/2820100.html", "http://www.17k.com/book/2822978.html", "http://www.17k.com/book/2804337.html", "http://www.17k.com/book/2798814.html", "http://www.17k.com/book/2785153.html", "http://www.17k.com/book/2731559.html", "http://www.17k.com/book/2722533.html", "http://www.17k.com/book/2458377.html", "http://www.17k.com/book/2743300.html", "http://www.17k.com/book/973809.html", "http://www.17k.com/book/2651367.html", "http://www.17k.com/book/2726194.html", "http://www.17k.com/book/2790214.html", "http://www.17k.com/book/493239.html", "http://www.17k.com/book/108821.html", "http://www.17k.com/book/1398783.html", "http://www.17k.com/book/83528.html", "http://www.17k.com/book/1859126.html", "http://www.17k.com/book/1741975.html", "http://www.17k.com/book/192453.html", "http://www.17k.com/book/2459058.html", "http://www.17k.com/book/1050747.html", "http://www.17k.com/book/2700315.html", "http://www.17k.com/book/2818940.html", "http://www.17k.com/book/2819519.html", "http://www.17k.com/book/2816390.html", "http://www.17k.com/book/2819588.html", "http://www.17k.com/book/2813768.html", "http://www.17k.com/book/2822406.html", "http://www.17k.com/book/2772164.html", "http://www.17k.com/book/2784023.html", "http://www.17k.com/book/2811877.html", "http://www.17k.com/book/2809119.html", "http://www.17k.com/book/2803700.html", "http://www.17k.com/book/2819561.html", "http://www.17k.com/book/2746506.html", "http://www.17k.com/book/2811836.html", "http://www.17k.com/book/2614810.html", "http://www.17k.com/book/1592435.html", "http://www.17k.com/book/1949748.html", "http://www.17k.com/book/2265802.html", "http://www.17k.com/book/2743240.html", "http://www.17k.com/book/2657437.html", "http://www.17k.com/book/2644502.html", "http://www.17k.com/book/2199900.html", "http://www.17k.com/book/2725436.html", "http://www.17k.com/book/2629978.html"]}