{"ratings": -1, "userreviews": [], "description": "\u8fd9\u662f\u4e00\u4e2a\u201c\u4e00\u53ea\u7cbe\u795e\u75c5\u4e27\u5c38\u52aa\u529b\u53d8\u6210\u4eba\u7c7b\u201d\u7684\u6545\u4e8b\uff0c\u3000\u3000\u8fd9\u662f\u4e00\u4e2a\u201c\u4e00\u7fa4\u5947\u602a\u7684\u4eba\u62e8\u5f00\u8ff7\u96fe\u5bfb\u627e\u672b\u65e5\u771f\u76f8\u201d\u7684\u6545\u4e8b\uff0c\u3000\u3000\u8fd9\u662f\u4e00\u4e2a\u201c\u4e27\u5c38\u4e0e\u4eba\u7c7b\u4e4b\u95f4\u7ea0\u7ed3\u7231\u604b\u201d\u7684\u6545\u4e8b\uff0c\u3000\u3000\u8fd9\u662f\u4e00\u4e2a\u201c\u5012\u9709\u4e3b\u89d2\u5728\u4e00\u7fa4\u62e5\u6709\u91d1\u624b\u6307\u7684\u914d\u89d2\u4e2d\u95f4\u8270\u96be\u6c42\u751f\u201d\u7684\u6545\u4e8b\u3002\u3000\u3000\u8fd9\u5c31\u662f\u8fd9\u4e48\u4e00\u4e2a\u626f\u6de1\u7684\u6545\u4e8b\uff01\u3000\u3000\u5f53\u672b\u65e5\u7206\u53d1\u65f6\uff0c\u4e3b\u89d2\u60b2\u54c0\u7684\u53d1\u73b0\uff0c\u81ea\u5df1\u53d8\u6210\u4e27\u5c38\u4e86\u3002\u7136\u540e\uff0c\u4ed6\u5c31\u5f00\u59cb\u4e86\u53d8\u4eba\u4e4b\u8def\u2026\u2026\u3000\u3000\uff08\u5f53\u4f60\u4f9d\u636e\u4e0a\u8ff0\u7b80\u4ecb\u731c\u6d4b\u8fd9\u672c\u5c0f\u8bf4\u7684\u5185\u5bb9\u53ca\u7ed3\u5c40\u65f6\uff0c\u6211\u53ef\u4ee5\u544a\u8bc9\u4f60\uff0c\u4f60\u4eec\u7684\u731c\u6d4b\u57fa\u672c\u4e0a\u90fd\u662f\u9519\u7684\u3002\u3000\u3000\u4e3a\u4ec0\u4e48\uff1f\u56e0\u4e3a\u672c\u4eba\u5212\u8239\u4e0d\u7528\u6868\uff0c\u5168\u9760\u6d6a\uff01\u3000\u3000\u6211\u7acb\u5fd7\u5199\u51fa\u4e00\u672c\u4e0d\u4e00\u6837\u7684\u672b\u65e5\u6d41\u6765\uff0c\u5c31\u662f\u8fd9\u4e48\u521a\uff01\uff09\u3000\u3000\u6ce8\uff1a\u5c0f\u8bf4\u4e2d\u671f\u4f1a\u6709\u7a7f\u8d8a\u53ca\u7cfb\u7edf\u7684\u5143\u7d20\uff0c\u4f46\u524d\u671f\u4e0d\u4f1a\u6709\u3002", "title": "\u4e3b\u89d2\u662f\u4e27\u5c38", "url": "http://www.17k.com/book/2822496.html", "average": -1.0, "cover": "http://img.17k.com/images/bookcover/2018/14112/70/2822496-1526277803000.jpg", "reviews": 1109, "authors": [{"url": "http://www.17k.com/zuozhe/57885995", "name": "\u7fbd\u96ea\u5929\u9633"}], "type": ["\u672b\u4e16\u5371\u673a"], "outlinks": ["http://www.17k.com/book/2794982.html", "http://www.17k.com/book/2801292.html", "http://www.17k.com/book/2816318.html", "http://www.17k.com/book/2797575.html", "http://www.17k.com/book/2802516.html", "http://www.17k.com/book/2812195.html", "http://www.17k.com/book/2820143.html", "http://www.17k.com/book/2807943.html", "http://www.17k.com/book/2813457.html", "http://www.17k.com/book/2798058.html", "http://www.17k.com/book/2815617.html", "http://www.17k.com/book/2805259.html", "http://www.17k.com/book/2760255.html", "http://www.17k.com/book/2686894.html", "http://www.17k.com/book/2797016.html", "http://www.17k.com/book/2767246.html", "http://www.17k.com/book/2764239.html", "http://www.17k.com/book/2754498.html", "http://www.17k.com/book/2754900.html", "http://www.17k.com/book/2625740.html", "http://www.17k.com/book/2213315.html", "http://www.17k.com/book/2402178.html", "http://www.17k.com/book/2691221.html", "http://www.17k.com/book/2210699.html", "http://www.17k.com/book/1797752.html", "http://www.17k.com/book/2575507.html", "http://www.17k.com/book/2705181.html", "http://www.17k.com/book/2702539.html", "http://www.17k.com/book/2474887.html", "http://www.17k.com/book/2674733.html", "http://www.17k.com/book/2822076.html", "http://www.17k.com/book/2809894.html", "http://www.17k.com/book/2822077.html", "http://www.17k.com/book/2811930.html", "http://www.17k.com/book/2815548.html", "http://www.17k.com/book/2819620.html", "http://www.17k.com/book/2809964.html", "http://www.17k.com/book/2808200.html", "http://www.17k.com/book/2820100.html", "http://www.17k.com/book/2822978.html", "http://www.17k.com/book/2804337.html", "http://www.17k.com/book/2798814.html", "http://www.17k.com/book/2785153.html", "http://www.17k.com/book/2731559.html", "http://www.17k.com/book/2722533.html", "http://www.17k.com/book/2458377.html", "http://www.17k.com/book/2743300.html", "http://www.17k.com/book/973809.html", "http://www.17k.com/book/2651367.html", "http://www.17k.com/book/2726194.html", "http://www.17k.com/book/2790214.html", "http://www.17k.com/book/493239.html", "http://www.17k.com/book/108821.html", "http://www.17k.com/book/1398783.html", "http://www.17k.com/book/83528.html", "http://www.17k.com/book/1859126.html", "http://www.17k.com/book/1741975.html", "http://www.17k.com/book/192453.html", "http://www.17k.com/book/2459058.html", "http://www.17k.com/book/1050747.html", "http://www.17k.com/book/2700315.html", "http://www.17k.com/book/2818940.html", "http://www.17k.com/book/2819519.html", "http://www.17k.com/book/2816390.html", "http://www.17k.com/book/2819588.html", "http://www.17k.com/book/2813768.html", "http://www.17k.com/book/2822406.html", "http://www.17k.com/book/2772164.html", "http://www.17k.com/book/2784023.html", "http://www.17k.com/book/2811877.html", "http://www.17k.com/book/2809119.html", "http://www.17k.com/book/2803700.html", "http://www.17k.com/book/2819561.html", "http://www.17k.com/book/2746506.html", "http://www.17k.com/book/2811836.html", "http://www.17k.com/book/2614810.html", "http://www.17k.com/book/1592435.html", "http://www.17k.com/book/1949748.html", "http://www.17k.com/book/2265802.html", "http://www.17k.com/book/2743240.html", "http://www.17k.com/book/2657437.html", "http://www.17k.com/book/2644502.html", "http://www.17k.com/book/2199900.html", "http://www.17k.com/book/2725436.html", "http://www.17k.com/book/2629978.html"]}