{"ratings": -1, "userreviews": [{"userName": "\u5723\u9690\u5e1d\u5143", "userReviewDate": "2018-06-07", "userURL": "http://user.17k.com/57760595", "userReview": "\u7b7e\u5230\u652f\u6301\uff01"}, {"userName": "\u5de6\u6c0f\u5c0f\u732a", "userReviewDate": "2018-06-06", "userURL": "http://user.17k.com/33807972", "userReview": "\u5927\u70ed\u5929\u7684\uff0c\u7801\u5b57\u4e0d\u6613\u6536\u85cf\u4e00\u4e2a\uff0c\u671b\u5927\u5927\u56de\u8bbf\uff01"}, {"userName": "\u950b\u884c\u5929\u4e0b786201708", "userReviewDate": "2018-06-01", "userURL": "http://user.17k.com/58814936", "userReview": "[\u6253\u8d4f]\u6211\u6253\u8d4f\u4e862\u5143\u7ea2\u5305\uff01\uff01"}, {"userName": "17K\u4e66\u53cbRTC6XUK3", "userReviewDate": "2018-04-27", "userURL": "http://user.17k.com/60563230", "userReview": "\uff0c \u5feb\u66f4\u65b0 \u3002"}, {"userName": "\u950b\u884c\u5929\u4e0b786201708", "userReviewDate": "2018-03-04", "userURL": "http://user.17k.com/58814936", "userReview": "[\u6253\u8d4f]\u6211\u6253\u8d4f\u4e862\u5143\u7ea2\u5305\uff01\uff01"}, {"userName": "\u9ec4\u74dc\u7684\u5bbf\u547d", "userReviewDate": "2018-02-09", "userURL": "http://user.17k.com/53195742", "userReview": "<a target='_blank' href='http://www.17k.com/book/2377865.html'>\u300a\u81f3\u9738\u82cd\u751f\u8bc0\u300b</a>\u6765\u8bbf\uff0c\u6c42\u652f\u6301\u6c42\u6269\u6563\uff0c\u87f9\u87f9\u3002"}, {"userName": "\u6697\u591c\u6d41\u661f\u98de", "userReviewDate": "2018-02-07", "userURL": "http://user.17k.com/46865324", "userReview": "<a target='_blank' href='http://www.17k.com/book/2717155.html'>\u300a\u9082\u9005\u5973\u795e\u7231\u4e0a\u6211\u300b</a>\u6765\u8bbf\u5b66\u4e60\uff0c\u5e0c\u671b\u6709\u4eba\u80fd\u770b\u770b\uff0c\u8c22\u8c22\uff01"}, {"userName": "\u5723\u9690\u5e1d\u5143", "userReviewDate": "2018-02-03", "userURL": "http://user.17k.com/57760595", "userReview": "<a target='_blank' href='http://www.17k.com/book/2681494.html'>\u300a\u7075\u8f69\u5f55\u300b</a>\u7b7e\u5230\u652f\u6301"}, {"userName": "\u80e1\u592a\u5e73", "userReviewDate": "2018-01-21", "userURL": "http://user.17k.com/58621619", "userReview": "\u8fd9\u4e48\u597d\u770b\u7684\u4e66\uff0c\u53ef\u60dc\u6ca1\u6709\u4eba\u6253\u8d4f"}, {"userName": "\u950b\u884c\u5929\u4e0b786201708", "userReviewDate": "2018-01-18", "userURL": "http://user.17k.com/58814936", "userReview": "[\u6253\u8d4f]\u6211\u6253\u8d4f\u4e862\u5143\u7ea2\u5305\uff01\uff01"}, {"userName": "\u98de\u96ea\u4e71\u6e05\u98ce", "userReviewDate": "2017-12-28", "userURL": "http://user.17k.com/45159154", "userReview": "<a target='_blank' href='http://www.17k.com/book/2677053.html'>\u300a\u9b54\u5984\u300b</a>\u6765\u8bbf\uff0c\u65e9\uff0c\u706b\u795e"}], "description": "\u4e5d\u5929\u4e5d\u5730\uff0c\u9b42\u8005\u6797\u7acb\u3002\u5f3a\u8005\u7acb\u4e8e\u4e5d\u5929\uff0c\u5982\u7480\u74a8\u661f\u8fb0\uff0c\u5f31\u8005\u530d\u5310\u5927\u5730\uff0c\u4f3c\u6e3a\u5c0f\u877c\u8681\u3002\u5c11\u5e74\u767d\u591c\u610f\u5916\u5f00\u542f\u795e\u79d8\u5929\u9b42\uff0c\u4fee\u65e0\u4e0a\u9b42\u672f\uff0c\u5fa1\u9b42\u5fa1\u5251\uff0c\u51b2\u4e0a\u4e5d\u5929\uff0c\u8361\u5c3d\u661f\u8fb0\uff0c\u4f20\u5947\u7531\u6b64\u5f00\u59cb...\u3000\u3000\uff08\u516c\u4f17\u53f7\uff1a\u706b\u795e\u91cd\u9ece\u6216huoshen66\u4e66\u53cb\u7fa4\uff1a131602520\uff09", "title": "\u4e5d\u5929\u5251\u4e3b", "url": "http://www.17k.com/book/2697004.html", "average": -1.0, "cover": "http://img.17k.com/images/bookcover/partner/70/4/2697004/2697004.jpg", "reviews": 56273, "authors": [{"url": "http://www.17k.com/zuozhe/56805591", "name": "\u706b\u795e"}], "type": ["\u897f\u65b9\u5947\u5e7b"], "outlinks": ["http://www.17k.com/book/2794982.html", "http://www.17k.com/book/2801292.html", "http://www.17k.com/book/2816318.html", "http://www.17k.com/book/2797575.html", "http://www.17k.com/book/2802516.html", "http://www.17k.com/book/2812195.html", "http://www.17k.com/book/2820143.html", "http://www.17k.com/book/2807943.html", "http://www.17k.com/book/2813457.html", "http://www.17k.com/book/2798058.html", "http://www.17k.com/book/2815617.html", "http://www.17k.com/book/2805259.html", "http://www.17k.com/book/2760255.html", "http://www.17k.com/book/2686894.html", "http://www.17k.com/book/2797016.html", "http://www.17k.com/book/2767246.html", "http://www.17k.com/book/2764239.html", "http://www.17k.com/book/2754498.html", "http://www.17k.com/book/2754900.html", "http://www.17k.com/book/2625740.html", "http://www.17k.com/book/2213315.html", "http://www.17k.com/book/2402178.html", "http://www.17k.com/book/2691221.html", "http://www.17k.com/book/2210699.html", "http://www.17k.com/book/1797752.html", "http://www.17k.com/book/2575507.html", "http://www.17k.com/book/2705181.html", "http://www.17k.com/book/2702539.html", "http://www.17k.com/book/2474887.html", "http://www.17k.com/book/2674733.html", "http://www.17k.com/book/2822076.html", "http://www.17k.com/book/2809894.html", "http://www.17k.com/book/2822077.html", "http://www.17k.com/book/2811930.html", "http://www.17k.com/book/2815548.html", "http://www.17k.com/book/2819620.html", "http://www.17k.com/book/2809964.html", "http://www.17k.com/book/2808200.html", "http://www.17k.com/book/2820100.html", "http://www.17k.com/book/2822978.html", "http://www.17k.com/book/2804337.html", "http://www.17k.com/book/2798814.html", "http://www.17k.com/book/2785153.html", "http://www.17k.com/book/2731559.html", "http://www.17k.com/book/2722533.html", "http://www.17k.com/book/2458377.html", "http://www.17k.com/book/2743300.html", "http://www.17k.com/book/973809.html", "http://www.17k.com/book/2651367.html", "http://www.17k.com/book/2726194.html", "http://www.17k.com/book/2790214.html", "http://www.17k.com/book/493239.html", "http://www.17k.com/book/108821.html", "http://www.17k.com/book/1398783.html", "http://www.17k.com/book/83528.html", "http://www.17k.com/book/1859126.html", "http://www.17k.com/book/1741975.html", "http://www.17k.com/book/192453.html", "http://www.17k.com/book/2459058.html", "http://www.17k.com/book/1050747.html", "http://www.17k.com/book/2700315.html", "http://www.17k.com/book/2818940.html", "http://www.17k.com/book/2819519.html", "http://www.17k.com/book/2816390.html", "http://www.17k.com/book/2819588.html", "http://www.17k.com/book/2813768.html", "http://www.17k.com/book/2822406.html", "http://www.17k.com/book/2772164.html", "http://www.17k.com/book/2784023.html", "http://www.17k.com/book/2811877.html", "http://www.17k.com/book/2809119.html", "http://www.17k.com/book/2803700.html", "http://www.17k.com/book/2819561.html", "http://www.17k.com/book/2746506.html", "http://www.17k.com/book/2811836.html", "http://www.17k.com/book/2614810.html", "http://www.17k.com/book/1592435.html", "http://www.17k.com/book/1949748.html", "http://www.17k.com/book/2265802.html", "http://www.17k.com/book/2743240.html", "http://www.17k.com/book/2657437.html", "http://www.17k.com/book/2644502.html", "http://www.17k.com/book/2199900.html", "http://www.17k.com/book/2725436.html", "http://www.17k.com/book/2629978.html"]}