{"ratings": -1, "userreviews": [{"userName": "\u7096\u5927\u9e45", "userReviewDate": "2018-06-08", "userURL": "http://user.17k.com/61338105", "userReview": "\u606d\u559c\u606d\u559c\u5df2\u76d6\u7ae0"}, {"userName": "\u9171\u98de\u4fa0", "userReviewDate": "2018-06-08", "userURL": "http://user.17k.com/58568265", "userReview": "\u65e9\u5b89\u65e9\u5b89\u5566"}, {"userName": "\u661f\u7a7a\u591c\u68a6\u58f9", "userReviewDate": "2018-06-07", "userURL": "http://user.17k.com/58116533", "userReview": "\u5927\u7ea2\u82b1\u5949\u4e0a\uff0c\u665a\u5b89\u5566\uff0c"}, {"userName": "\u661f\u7a7a\u591c\u68a6\u58f9", "userReviewDate": "2018-06-06", "userURL": "http://user.17k.com/58116533", "userReview": "<span style='color:red'>\u597d\u60f3\u770b\u5230\u4f60\u7684\u4e66\u6709\u201c\u5df2\u7b7e\u7ea6\u201d\u5b57\u6837\u5440\uff01</span>"}, {"userName": "\u77e5\u79cb\u61c2\u79cb\u8d4f\u79cb", "userReviewDate": "2018-06-06", "userURL": "http://user.17k.com/56115906", "userReview": "\u7a0d\u5750\u770b\u4e66"}, {"userName": "\u661f\u7a7a\u591c\u68a6\u58f9", "userReviewDate": "2018-06-05", "userURL": "http://user.17k.com/58116533", "userReview": "<span style='color:red'>\u6492\u82b1\u2026\u2026</span>"}, {"userName": "\u4efb\u97f3\u60e0", "userReviewDate": "2018-06-05", "userURL": "http://user.17k.com/60265924", "userReview": "\u5927\u5927\uff0c\u665a\u4e0a\u597d\uff01\u8bfb\u8bfb\u6587\u7ed9\u81ea\u5df1\u7684\u601d\u60f3\u5145\u5145\u7535\u3002"}, {"userName": "\u5343\u4e0e\u5343\u77b3", "userReviewDate": "2018-06-05", "userURL": "http://user.17k.com/57493690", "userReview": "\u665a\u4e0a\u597d\uff0c\u521d\u6b21\u6765\u8bbf\uff0c\u591a\u591a\u6307\u6559"}, {"userName": "\u5bfb\u627e\u4e16\u754c\u4e0a\u6700\u516c\u5e73\u7684\u56fd\u5bb6", "userReviewDate": "2018-06-05", "userURL": "http://user.17k.com/53842388", "userReview": "\u4e0b\u5348\u597d\u5927\u5927\uff0c\u7389\u5973\u83e1\u8776\u7aef\u8336\u6c34\u7ed9\u5927\u516c\u5b50\u6d1b\u51e1\u8427\uff0c\u6b63\u597d\u9047\u89c1\u4ed6\u5728\u4fee\u70bc\uff0c\u4ed6\u7684\u8eab\u4f53\u6709\u4e00\u80a1\u4ed9\u6c14\uff0c\u4f7f\u4ed6\u65e0\u6cd5\u987a\u5229\u4fee\u70bc\uff0c\u83e1\u8776\u4ed9\u5973\u5047\u88c5\u6454\u5012\uff0c\u6253\u788e\u8336\u676f\uff0c\u7528\u81ea\u5df1\u7684\u4ed9\u6c14\u901a\u8fc7\u788e\u8336\u676f\u5411\u6d1b\u51e1\u8427\u8f93\u9001\u4ed9\u6c14\uff0c\u5e2e\u4ed6\u4fee\u70bc\u3002\u671b\u80fd\u56de\u8bbf\u3002"}, {"userName": "\u4efb\u97f3\u60e0", "userReviewDate": "2018-06-05", "userURL": "http://user.17k.com/60265924", "userReview": "\u597d\u7f8e\u7684\u540d\u5b57\uff01"}, {"userName": "\u5bfb\u627e\u4e16\u754c\u4e0a\u6700\u516c\u5e73\u7684\u56fd\u5bb6", "userReviewDate": "2018-06-04", "userURL": "http://user.17k.com/53842388", "userReview": "\u4e0b\u5348\u597d\u5927\u5927\uff0c\u5927\u592b\u4eba\u7684\u5ba0\u7269\u732b\u96ea\u513f\u548c\u7389\u83e1\u8776\u662f\u540c\u7c7b\uff0c\u5b83\u4e0d\u613f\u610f\u4fee\u70bc\uff0c\u83e1\u8776\u4e3a\u5927\u592b\u4eba\u9001\u9c7c\u6c64\uff0c\u5979\u4e0d\u559c\u6b22\u90a3\u4e2a\u5473\u9053\uff0c\u540e\u6765\u5927\u516c\u5b50\u6d1b\u51e1\u8427\u5e2e\u5979\u9001\uff0c\u5979\u6253\u7ffb\u4e86\u8336\u6c34\uff0c\u5f04\u6e7f\u4e86\u5e10\u672c\uff0c\u53ea\u597d\u548c\u5927\u516c\u5b50\u7528\u6247\u5b50\u6247\u5e72\u3002\u671b\u80fd\u56de\u8bbf\u3002"}, {"userName": "\u82b1\u9b41_\u51c9\u7b19", "userReviewDate": "2018-06-04", "userURL": "http://user.17k.com/62229764", "userReview": "\u6e05\u6668\u7684\u7b2c\u4e00\u573a\u5927\u96e8\uff0c\u9001\u53bb\u6211\u7684\u95ee\u5019\u3002 \u65e9\u5b89\uff0c\u4eb2\u7231\u7684\u3002"}, {"userName": "\u96e8\u6668233", "userReviewDate": "2018-06-03", "userURL": "http://user.17k.com/60804302", "userReview": "\u5348\u597d\u5348\u597d~"}, {"userName": "\u5e7b90", "userReviewDate": "2018-06-03", "userURL": "http://user.17k.com/61992700", "userReview": "\u5468\u672b\u6109\u5feb\uff0c\u65e9\u8d77\u95ee\u5b89"}, {"userName": "\u82b1\u9b41_\u51c9\u7b19", "userReviewDate": "2018-06-03", "userURL": "http://user.17k.com/62229764", "userReview": "\u4f60\u8fd8\u5728\u751c\u751c\u68a6\u4e61\uff0c\u6211\u5df2\u6c90\u9633\u5149\uff0c\u8e0f\u671d\u971e\uff0c\u6084\u6084\u98de\u843d\u4f60\u8eab\u65c1\uff0c\u6d12\u4e00\u7247\u795d\u798f\u5728\u4f60\u8eab\u4e0a\uff0c\u9192\u6765\u7684\u4e00\u5239\u90a3\uff0c\u4f60\u4f1a\u53d1\u73b0\u6d51\u8eab\u5145\u6ee1\u529b\u91cf\uff0c\u65e9\u5b89\u3002\u652f\u6301\uff5e"}, {"userName": "\u65f6\u65f6\u96e8\u96e8", "userReviewDate": "2018-06-02", "userURL": "http://user.17k.com/62102185", "userReview": "\u6708\u6708\u665a\u4e0a\u597d\u554a~"}, {"userName": "\u661f\u7a7a\u591c\u68a6\u8d30", "userReviewDate": "2018-06-02", "userURL": "http://user.17k.com/58011970", "userReview": "<span style='color:blue'>\u6084\u6084\u6ef4\u8fc7\u6765\u770b\u770b\u4f60\uff0c\u987a\u4fbf\u6492\u51e0\u6735\u82b1\u82b1\u3002</span>"}, {"userName": "\u82b1\u9b41_\u51c9\u7b19", "userReviewDate": "2018-06-02", "userURL": "http://user.17k.com/62229764", "userReview": "\u4e0b\u5348\u597d\u5450\uff5e\u652f\u6301\uff5e"}, {"userName": "\u77e5\u79cb\u61c2\u79cb\u8d4f\u79cb", "userReviewDate": "2018-06-02", "userURL": "http://user.17k.com/56115906", "userReview": "<span style='color:black'>\u5348\u597d\u52a0\u6cb9\uff0c\u7801\u5b57\u5feb\u4e50\u3002</span>"}, {"userName": "\u81f3\u540c", "userReviewDate": "2018-06-02", "userURL": "http://user.17k.com/42347855", "userReview": "\u54c8\u54c8\uff0c\u7b2c\u4e00\u6b21\u770b\u89c1\u5199\u732b\u7684\uff0c\u52a0\u6cb9\u3002"}], "description": "\u5929\u73b0\u5f02\u8c61\uff0c\u7389\u91d1\u83b2\u8131\u843d\uff0c\u7389\u51dd\u6db5\u789f\u5949\u5929\u4e3b\u547d\u4ee4\u4e0b\u754c\u5bfb\u627e\u7389\u91d1\u83b2\u788e\u7247.......\u3000\u3000\u5929\u73b0\u5f02\u8c61\uff0c\u6d1b\u51e1\u8427\u88ab\u9010\u51fa\u5e08\u95e8\uff0c\u53c8\u56e0\u4e27\u7236\u4e0d\u5f97\u4e0d\u56de\u5230\u6d1b\u5e9c\uff0c\u6491\u8d77\u6d1b\u5bb6\u7684\u4ea7\u4e1a......\u3000\u3000\u548c\u5929\u73b0\u5f02\u8c61\u6709\u5173\u7684\u4e24\u4e2a\u4eba\u56e0\u7389\u91d1\u8776\u800c\u4ea7\u751f\u4e00\u6bb5\u7231\u6068\u60c5\u4ec7\u7684\u6545\u4e8b.....\u3000\u3000\u6b8a\u4e0d\u77e5\u4e8c\u4eba\u7684\u76f8\u9047\u76f8\u77e5\u76f8\u604b\u76f8\u6068\u76f8\u4ec7\u5374\u662f\u56e0\u5343\u5e74\u524d\u7684\u90a3\u573a\u76f8\u604b......\u3000\u3000\u6b64\u4e66\u4e13\u4e3a\u5973\u751f\u6253\u9020\u7684\u4e00\u672c\u7231\u60c5\u5c0f\u8bf4\uff0c\u6ee1\u8db3\u6240\u6709\u5973\u751f\u5976\u6cb9\u86cb\u7cd5\u822c\u751c\u751c\u7231\u60c5\uff0c\u5145\u6ee1\u6cea\u6c34\u822c\u8650\u8650\u7684\u7231\u60c5\u3000\u3000\u8fdb\u6765\u4fbf\u53ef\u4e00\u8bd5\u771f\u5047", "title": "\u4e5d\u5c3e\u732b\u4ed9", "url": "http://www.17k.com/book/2812764.html", "average": -1.0, "cover": "http://img.17k.com/images/bookcover/2018/14063/70/2812764-1525612638000.jpg", "reviews": 1668, "authors": [{"url": "http://www.17k.com/zuozhe/53108576", "name": "\u6708\u4e0b\u5360\u535c"}], "type": ["\u7384\u5e7b\u4ed9\u4fa0"], "outlinks": ["http://www.17k.com/book/2794982.html", "http://www.17k.com/book/2801292.html", "http://www.17k.com/book/2816318.html", "http://www.17k.com/book/2797575.html", "http://www.17k.com/book/2802516.html", "http://www.17k.com/book/2812195.html", "http://www.17k.com/book/2820143.html", "http://www.17k.com/book/2807943.html", "http://www.17k.com/book/2813457.html", "http://www.17k.com/book/2798058.html", "http://www.17k.com/book/2815617.html", "http://www.17k.com/book/2805259.html", "http://www.17k.com/book/2760255.html", "http://www.17k.com/book/2686894.html", "http://www.17k.com/book/2797016.html", "http://www.17k.com/book/2767246.html", "http://www.17k.com/book/2764239.html", "http://www.17k.com/book/2754498.html", "http://www.17k.com/book/2754900.html", "http://www.17k.com/book/2625740.html", "http://www.17k.com/book/2213315.html", "http://www.17k.com/book/2402178.html", "http://www.17k.com/book/2691221.html", "http://www.17k.com/book/2210699.html", "http://www.17k.com/book/1797752.html", "http://www.17k.com/book/2575507.html", "http://www.17k.com/book/2705181.html", "http://www.17k.com/book/2702539.html", "http://www.17k.com/book/2474887.html", "http://www.17k.com/book/2674733.html", "http://www.17k.com/book/2822076.html", "http://www.17k.com/book/2809894.html", "http://www.17k.com/book/2822077.html", "http://www.17k.com/book/2811930.html", "http://www.17k.com/book/2815548.html", "http://www.17k.com/book/2819620.html", "http://www.17k.com/book/2809964.html", "http://www.17k.com/book/2808200.html", "http://www.17k.com/book/2820100.html", "http://www.17k.com/book/2822978.html", "http://www.17k.com/book/2804337.html", "http://www.17k.com/book/2798814.html", "http://www.17k.com/book/2785153.html", "http://www.17k.com/book/2731559.html", "http://www.17k.com/book/2722533.html", "http://www.17k.com/book/2458377.html", "http://www.17k.com/book/2743300.html", "http://www.17k.com/book/973809.html", "http://www.17k.com/book/2651367.html", "http://www.17k.com/book/2726194.html", "http://www.17k.com/book/2790214.html", "http://www.17k.com/book/493239.html", "http://www.17k.com/book/108821.html", "http://www.17k.com/book/1398783.html", "http://www.17k.com/book/83528.html", "http://www.17k.com/book/1859126.html", "http://www.17k.com/book/1741975.html", "http://www.17k.com/book/192453.html", "http://www.17k.com/book/2459058.html", "http://www.17k.com/book/1050747.html", "http://www.17k.com/book/2700315.html", "http://www.17k.com/book/2818940.html", "http://www.17k.com/book/2819519.html", "http://www.17k.com/book/2816390.html", "http://www.17k.com/book/2819588.html", "http://www.17k.com/book/2813768.html", "http://www.17k.com/book/2822406.html", "http://www.17k.com/book/2772164.html", "http://www.17k.com/book/2784023.html", "http://www.17k.com/book/2811877.html", "http://www.17k.com/book/2809119.html", "http://www.17k.com/book/2803700.html", "http://www.17k.com/book/2819561.html", "http://www.17k.com/book/2746506.html", "http://www.17k.com/book/2811836.html", "http://www.17k.com/book/2614810.html", "http://www.17k.com/book/1592435.html", "http://www.17k.com/book/1949748.html", "http://www.17k.com/book/2265802.html", "http://www.17k.com/book/2743240.html", "http://www.17k.com/book/2657437.html", "http://www.17k.com/book/2644502.html", "http://www.17k.com/book/2199900.html", "http://www.17k.com/book/2725436.html", "http://www.17k.com/book/2629978.html"]}