{"ratings": -1, "userreviews": [{"userName": "\u5e7d\u83b9Luna", "userReviewDate": "2018-04-25", "userURL": "http://user.17k.com/61159268", "userReview": "\u5e0c\u671b\u5927\u5bb6\u53ef\u4ee5\u6307\u51fa\u5199\u5f97\u7275\u5f3a\u6216\u504f\u79bb\u53e4\u7c4d\u4e2d\u795e\u517d\u5f62\u8c61\u7684\u5730\u65b9\uff0c\u8c22\u8c22\u8bfb\u8005\u4eec\uff01"}, {"userName": "\u7096\u5927\u9e45", "userReviewDate": "2018-06-05", "userURL": "http://user.17k.com/61338105", "userReview": "\u4eca\u5929\u8fd8\u6ca1\u66f4\u65b0\u90a3"}, {"userName": "\u77e5\u79cb\u61c2\u79cb\u8d4f\u79cb", "userReviewDate": "2018-06-04", "userURL": "http://user.17k.com/56115906", "userReview": "\u665a\u597d\u770b\u4e66\u3002"}, {"userName": "\u7096\u5927\u9e45", "userReviewDate": "2018-06-03", "userURL": "http://user.17k.com/61338105", "userReview": "\u6211\u4e5f\u5efa\u8bae\u5199\u5f02\u517d\u7684\u8bdd\u53c2\u8003<a target='_blank' href='http://www.17k.com/book/1554578.html'>\u300a\u5c71\u6d77\u7ecf\u300b</a>\uff0c\u52a0\u6cb9\uff01"}, {"userName": "\u697c\u4e00\u7b11", "userReviewDate": "2018-05-30", "userURL": "http://user.17k.com/62240147", "userReview": "\u652f\u6301\uff0c\u5199\u5f02\u517d\u7684\u8bdd\u5efa\u8bae\u770b\u770b<a target='_blank' href='http://www.17k.com/book/1554578.html'>\u300a\u5c71\u6d77\u7ecf\u300b</a><a target='_blank' href='http://www.17k.com/book/798453.html'>\u300a\u795e\u5f02\u7ecf\u300b</a>\u539f\u6587\u8bd1\u6587\u3002\u53e4\u7c4d\u63cf\u5199\u4e00\u822c\u6bd4\u8f83\u7b80\u964b\uff0c\u6240\u4ee5\u66f4\u591a\u7684\u8981\u81ea\u5df1\u60f3\u8c61\u4e86\u3002\u52a0\u6cb9\u5427\uff0c\u81ea\u521b\u4f53\u7cfb\u5f88\u4e0d\u5bb9\u6613\u3002"}, {"userName": "\u6d41\u4e91\u5c01\u5929", "userReviewDate": "2018-05-30", "userURL": "http://user.17k.com/45987364", "userReview": "\u6709\u4e9b\u975e\u4e3b\u6d41\uff0c\u4e0d\u8fc7\u5374\u8ba9\u6211\u8fd9\u201c\u6df7\u6c8c\u4e24\u4eea\u4e24\u4eea\u56db\u8c61\u201d\u7684\u65e7\u6587\u98ce\u597d\u597d\u8bfb\u4e86\u4e09\u7ae0\uff0c\u81ea\u521b\u4f53\u7cfb\u662f\u5f88\u96be\u7684\uff0c\u5982\u679c\u4e0d\u5199\u4e0a\u767e\u4e07\u6765\u5b57\u662f\u4e0d\u5bb9\u6613\u88ab\u4eba\u8ba4\u53ef\u7684\uff0c\u9053\u8def\u8fd8\u5f88\u957f\uff0c\u52a0\u6cb9\u4e86\u3002"}, {"userName": "\u65f6\u65f6\u96e8\u96e8", "userReviewDate": "2018-05-27", "userURL": "http://user.17k.com/62102185", "userReview": "\u652f\u6301\u4f60~\u52a0\u6cb9\u554a!\u559c\u6b22\u4f60\u7684\u6587~"}, {"userName": "\u5343\u4e0e\u5343\u77b3", "userReviewDate": "2018-05-27", "userURL": "http://user.17k.com/57493690", "userReview": "\u8fd9\u79cd\u7384\u5e7b\u6587\u6587\u6211\u4e5f\u86ee\u559c\u6b22\u54d2\uff0c\u52a0\u6cb9"}, {"userName": "\u5343\u4e0e\u5343\u77b3", "userReviewDate": "2018-05-27", "userURL": "http://user.17k.com/57493690", "userReview": "\u4f60\u7684\u5c01\u9762\u4e5f\u8d85\u7ea7\u597d\u770b(\u25cb\uff9f\u03b5\uff9f\u25cb)"}, {"userName": "\u6708\u843d\u68a6\u8ffd\u5fc6", "userReviewDate": "2018-05-26", "userURL": "http://user.17k.com/57478135", "userReview": "\u5468\u672b\u6109\u5feb"}, {"userName": "\u4e5d\u53f6\u6a90\u96e8", "userReviewDate": "2018-05-19", "userURL": "http://user.17k.com/61958826", "userReview": "\u54e6\u54e6\uff0c\u4e3a\u58f9\u53f7\u5c0f\u59d0\u59d0\u75af\u72c2\u6253\u7535\u8bdd\uff08\u624b\u52a8\u6ed1\u7a3d\uff09"}, {"userName": "\u7f57\u9a6c\u6d1e\u77f318906019016", "userReviewDate": "2018-05-18", "userURL": "http://user.17k.com/61897515", "userReview": "[\u6253\u8d4f]\u6211\u6253\u8d4f\u4e868\u5143\u7ea2\u5305\uff01\uff01"}, {"userName": "\u5468\u672b\u4f11\u95f2", "userReviewDate": "2018-05-18", "userURL": "http://user.17k.com/61284982", "userReview": "[\u6253\u8d4f]\u6211\u6253\u8d4f\u4e868\u5143\u7ea2\u5305\uff01\uff01"}, {"userName": "\u665b\u7746\u4e03\u97f3", "userReviewDate": "2018-05-11", "userURL": "http://user.17k.com/61579039", "userReview": "\u6587\u7b14\u5f88\u597d\uff0c\u671f\u5f85\u540e\u7eed"}, {"userName": "\u6708\u843d\u68a6\u8ffd\u5fc6", "userReviewDate": "2018-05-05", "userURL": "http://user.17k.com/57478135", "userReview": "\u521d\u8bbf\u652f\u6301"}, {"userName": "\u5468\u672b\u4f11\u95f2", "userReviewDate": "2018-05-04", "userURL": "http://user.17k.com/61284982", "userReview": "[\u6253\u8d4f]\u6211\u6253\u8d4f\u4e868\u5143\u7ea2\u5305\uff01\uff01"}, {"userName": "\u6155\u5bd2\u3001\u68a6\u9065", "userReviewDate": "2018-05-01", "userURL": "http://user.17k.com/61415441", "userReview": "\u5199\u5f97\u5f88\u597d\uff0c\u6587\u7b14\u975e\u5e38\u7ec6\u817b"}, {"userName": "\u6155\u5bd2\u3001\u68a6\u9065", "userReviewDate": "2018-05-01", "userURL": "http://user.17k.com/61415441", "userReview": "[\u6253\u8d4f]\u6211\u6253\u8d4f\u4e863\u5143\u7ea2\u5305\uff01\uff01"}, {"userName": "\u987e\u745e\u6885", "userReviewDate": "2018-05-01", "userURL": "http://user.17k.com/61408103", "userReview": "[\u6253\u8d4f]\u6211\u6253\u8d4f\u4e865\u5143\u7ea2\u5305\uff01\uff01"}, {"userName": "\uff5e572402832", "userReviewDate": "2018-04-27", "userURL": "http://user.17k.com/61285103", "userReview": "[\u6253\u8d4f]\u6211\u6253\u8d4f\u4e868\u5143\u7ea2\u5305\uff01\uff01"}], "description": "\u4ebf\u5e74\u524d\u7684\u795e\u517d\u5927\u6218\u9020\u6210\u7684\u91cd\u521b\uff0c\u4f7f\u4f17\u795e\u517d\u4e0e\u5341\u5927\u795e\u517d\u4e4b\u9996\u7684\u4e5d\u5c3e\u72d0\u5df2\u65e0\u529b\u627f\u53d7\u5982\u4eca\u5373\u5c06\u5230\u6765\u7684\u52ab\u96be\u3002\u3000\u3000\u9762\u5bf9\u5343\u94a7\u4e00\u53d1\u7684\u5f62\u52bf\uff0c\u4e3a\u4e86\u795e\u517d\u4e00\u65b9\uff0c\u4e5d\u5c3e\u72d0\u4e0d\u60dc\u4ed8\u51fa\u518d\u6b21\u9677\u5165\u6c89\u7761\u7684\u4ee3\u4ef7\uff0c\u5c06\u81ea\u5df1\u7684\u8840\u8109\u4f20\u7ed9\u4e86\u4e0b\u754c\u7684\u4e00\u4e2a\u5973\u5b69\u3002\u3000\u3000\u201c\u4ee5\u9752\u4e18\u4e5d\u5c3e\u548c\u4e0a\u53e4\u5341\u795e\u4e4b\u540d\uff0c\u6211\uff0c\u5c06\u8840\u8109\u8d50\u4e88\u4f60\uff0c\u5c06\u6551\u4e16\u4e4b\u4efb\u4ea4\u4e88\u4f60\u3002\u613f\u4f60\uff0c\u80fd\u963b\u6b64\u9634\u9633\u4e4b\u52ab\uff01\u201d\u3000\u3000\u201c\u8eab\u4e3a\u5341\u795e\u4e4b\u9996\u7684\u5979\u90fd\u505a\u51fa\u5982\u6b64\u727a\u7272\u4e86\uff0c\u6211\u4eec\u2026\u2026\u53c8\u6709\u4ec0\u4e48\u8d44\u683c\u53ef\u4ee5\u7f6e\u8eab\u4e8b\u5916\uff1f\u3000\u3000\u5927\u9646\u7e41\u8363\u5b89\u5b81\u7684\u8868\u8c61\u4e0b\uff0c\u5df2\u662f\u6697\u6d41\u6c79\u6d8c\u3002\u5728\u8fd9\u795e\u4e0e\u9b54\u7684\u5bf9\u5cd9\u4e2d\uff0c\u7a76\u7adf\u8c01\u624d\u662f\u730e\u7269\uff1f\u3000\u3000\u662f\u8c01\uff0c\u5728\u6697\u4e2d\u64cd\u63a7\u7740\u4e00\u5207\uff0c\u4e0d\u6000\u597d\u610f\u5730\u6ce8\u89c6\u7740\u88ab\u73a9\u5f04\u4e8e\u638c\u4e2d\u7684\u68cb\u5b50\uff1f\u3000\u3000\u4e14\u770b\u7ee7\u627f\u4e86\u4e5d\u5c3e\u72d0\u8840\u8109\u7684\u5c11\u5973\uff0c\u4e0e\u540c\u6837\u5f97\u5341\u795e\u771f\u4f20\u7684\u4f19\u4f34\u4eec\uff0c\u5982\u4f55\u95ee\u9f0e\u5929\u4e0b\uff0c\u62ef\u6551\u82cd\u751f\uff0c\u6210\u4e3a\u53f1\u54a4\u98ce\u4e91\u7684\u4e00\u4ee3\u4f20\u5947\uff01", "title": "\u4e5d\u5c3e\u6708\u534e\u5f55", "url": "http://www.17k.com/book/2814462.html", "average": -1.0, "cover": "http://img.17k.com/images/bookcover/2018/14072/70/2814462-1527075176000.jpg", "reviews": 1584, "authors": [{"url": "http://www.17k.com/zuozhe/61159268", "name": "\u5f26\u7fbd\u7483"}], "type": ["\u4e1c\u65b9\u7384\u5e7b"], "outlinks": ["http://www.17k.com/book/2794982.html", "http://www.17k.com/book/2801292.html", "http://www.17k.com/book/2816318.html", "http://www.17k.com/book/2797575.html", "http://www.17k.com/book/2802516.html", "http://www.17k.com/book/2812195.html", "http://www.17k.com/book/2820143.html", "http://www.17k.com/book/2807943.html", "http://www.17k.com/book/2813457.html", "http://www.17k.com/book/2798058.html", "http://www.17k.com/book/2815617.html", "http://www.17k.com/book/2805259.html", "http://www.17k.com/book/2760255.html", "http://www.17k.com/book/2686894.html", "http://www.17k.com/book/2797016.html", "http://www.17k.com/book/2767246.html", "http://www.17k.com/book/2764239.html", "http://www.17k.com/book/2754498.html", "http://www.17k.com/book/2754900.html", "http://www.17k.com/book/2625740.html", "http://www.17k.com/book/2213315.html", "http://www.17k.com/book/2402178.html", "http://www.17k.com/book/2691221.html", "http://www.17k.com/book/2210699.html", "http://www.17k.com/book/1797752.html", "http://www.17k.com/book/2575507.html", "http://www.17k.com/book/2705181.html", "http://www.17k.com/book/2702539.html", "http://www.17k.com/book/2474887.html", "http://www.17k.com/book/2674733.html", "http://www.17k.com/book/2822076.html", "http://www.17k.com/book/2809894.html", "http://www.17k.com/book/2822077.html", "http://www.17k.com/book/2811930.html", "http://www.17k.com/book/2815548.html", "http://www.17k.com/book/2819620.html", "http://www.17k.com/book/2809964.html", "http://www.17k.com/book/2808200.html", "http://www.17k.com/book/2820100.html", "http://www.17k.com/book/2822978.html", "http://www.17k.com/book/2804337.html", "http://www.17k.com/book/2798814.html", "http://www.17k.com/book/2785153.html", "http://www.17k.com/book/2731559.html", "http://www.17k.com/book/2722533.html", "http://www.17k.com/book/2458377.html", "http://www.17k.com/book/2743300.html", "http://www.17k.com/book/973809.html", "http://www.17k.com/book/2651367.html", "http://www.17k.com/book/2726194.html", "http://www.17k.com/book/2790214.html", "http://www.17k.com/book/493239.html", "http://www.17k.com/book/108821.html", "http://www.17k.com/book/1398783.html", "http://www.17k.com/book/83528.html", "http://www.17k.com/book/1859126.html", "http://www.17k.com/book/1741975.html", "http://www.17k.com/book/192453.html", "http://www.17k.com/book/2459058.html", "http://www.17k.com/book/1050747.html", "http://www.17k.com/book/2700315.html", "http://www.17k.com/book/2818940.html", "http://www.17k.com/book/2819519.html", "http://www.17k.com/book/2816390.html", "http://www.17k.com/book/2819588.html", "http://www.17k.com/book/2813768.html", "http://www.17k.com/book/2822406.html", "http://www.17k.com/book/2772164.html", "http://www.17k.com/book/2784023.html", "http://www.17k.com/book/2811877.html", "http://www.17k.com/book/2809119.html", "http://www.17k.com/book/2803700.html", "http://www.17k.com/book/2819561.html", "http://www.17k.com/book/2746506.html", "http://www.17k.com/book/2811836.html", "http://www.17k.com/book/2614810.html", "http://www.17k.com/book/1592435.html", "http://www.17k.com/book/1949748.html", "http://www.17k.com/book/2265802.html", "http://www.17k.com/book/2743240.html", "http://www.17k.com/book/2657437.html", "http://www.17k.com/book/2644502.html", "http://www.17k.com/book/2199900.html", "http://www.17k.com/book/2725436.html", "http://www.17k.com/book/2629978.html"]}