{"ratings": -1, "userreviews": [{"userName": "\u95fb\u9999\u53ef\u4eba", "userReviewDate": "2018-05-10", "userURL": "http://user.17k.com/52694972", "userReview": "[\u6253\u8d4f]\u6211\u6253\u8d4f\u4e8688\u5143\u7ea2\u5305\uff01\uff01"}, {"userName": "\u6e05\u6eaa\u6d63\u82b1", "userReviewDate": "2018-05-07", "userURL": "http://user.17k.com/57610445", "userReview": "\u4e00\u76f4\u4ee5\u6765\uff0c\u90fd\u975e\u5e38\u4f69\u670d\u5199\u795e\u8bdd\u5f02\u754c\u7684\u4f5c\u8005\uff0c\u4e0d\u4ec5\u9f13\u821e\u4eba\u5fc3\uff0c\u8fd8\u80fd\u4ece\u4e2d\u660e\u767d\u4e00\u4e9b\u9053\u7406\uff0c\u5927\u5927\u7684\u6587\u7b14\u4e0d\u9519\uff0c\u601d\u8def\u6e05\u6670\uff0c\u661f\u6708\u4e0d\u4ec5\u6709\u89c2\u65e5\u6708\u661f\u8fb0\uff0c\u609f\u5929\u9053\u81f3\u7406\u4e4b\u672f\uff0c\u8fd8\u662f\u4f4d\u201c\u7738\u5982\u661f\u8fb0\uff0c\u9762\u5982\u7693\u6708\u201d\u7684\u7f8e\u7537\u3002\u4f73\u4f5c\u5fc5\u987b\u6536\u85cf\u7ec6\u8bfb\u624d\u4e0d\u8f9c\u8d1f\u4f5c\u8005\u8f9b\u82e6\u7801\u5b57\u3002"}, {"userName": "\u90d1\u9e3f\u9b41", "userReviewDate": "2018-04-13", "userURL": "http://user.17k.com/60059338", "userReview": "\u770b\u4e86\u51e0\u7ae0\uff0c\u5f00\u7bc7\u5f88\u6709\u6c14\u52bf\uff0c\u8bed\u8a00\u6d41\u7545\uff0c\u5c0f\u6807\u9898\u6574\u9f50\u5bcc\u6709\u53d8\u5316\u3002\u2014\u2014\u4e0d\u9519\uff01\u8fd9\u7c7b\u4f5c\u54c1\u5f88\u591a\uff0c\u5199\u51fa\u81ea\u5df1\u7684\u7279\u8272\uff0c\u795d\u541b\u66f4\u4e0a\u5c42\u697c\uff01"}, {"userName": "\u73af\u73af\u4e00\u8885\u695a\u5bab\u8170", "userReviewDate": "2018-06-08", "userURL": "http://user.17k.com/59811233", "userReview": "\u665a\u4e0a\u597d\uff0c\u6765\u770b\u5927\u5927\uff01\u4eca\u5929\u9ad8\u8003\u7ed3\u675f\u4e86\uff0c\u4e00\u5207\u90fd\u4f1a\u5c18\u57c3\u843d\u5b9a\uff01"}, {"userName": "\u516d\u6708\u5e38\u5728\u50b2\u96ea\u65e0\u53cc", "userReviewDate": "2018-06-08", "userURL": "http://user.17k.com/34964187", "userReview": "\u6765\u770b\u4f60 &nbsp;\u5468\u4e94\u6109\u5feb"}, {"userName": "\u6e05\u6eaa\u6d63\u82b1", "userReviewDate": "2018-06-08", "userURL": "http://user.17k.com/57610445", "userReview": "<span style='color:blue'>\u4eca\u5929\u6709\u4e8b\u51fa\u53bb\u4e00\u5929\uff0c\u8fd9\u65f6\u4e5f\u53ea\u80fd\u4e0a\u6765\u5306\u5306\u4e00\u77a5\uff0c\u611f\u8c22\u679c\u51bb\u5bf9\u68a6\u82e5\u4e00\u76f4\u4ee5\u6765\u7684\u5927\u529b\u652f\u6301\u4e0e\u539a\u7231\uff0c\u4f60\u4e5f\u662f\u6587\u7b14\u6d53\u539a\uff0c\u8db3\u89c1\u6587\u91c7\u6590\u7136\uff01\u4eca\u5929\u6709\u4e8b\uff0c\u6539\u5929\u804a\uff01</span>"}, {"userName": "\u6e05\u6eaa\u6d63\u82b1", "userReviewDate": "2018-06-08", "userURL": "http://user.17k.com/57610445", "userReview": "<span style='color:blue'>\u5bf9\u4e86\u679c\u51bb\uff0c\u5929\u70ed\u4e86\u66f4\u5f97\u4f11\u606f\u597d\uff0c\u8981\u6709\u5145\u8db3\u7684\u7761\u7720\uff0c\u6211\u89c9\u5f97\u4f60\u7761\u5f97\u592a\u5c11\uff0c\u8fd9\u6837\u65f6\u95f4\u4e45\u4e86\u5bf9\u8eab\u4f53\u662f\u5f88\u5927\u7684\u4f24\u5bb3\uff0c\u6211\u6df1\u53d7\u5176\u5bb3\u4f60\u8981\u6ce8\u610f\u3002</span>"}, {"userName": "\u95fb\u9999\u53ef\u4eba", "userReviewDate": "2018-06-08", "userURL": "http://user.17k.com/52694972", "userReview": "\u897f\uff0c\u7f8e\u4eba\u6765\uff0c\u54c8\uff0c\u4eca\u5929\u53bb\u8003\u4e86\uff0c\u55ef\u6ee1\u5206\u6ca1\u95ee\u9898"}, {"userName": "\u73af\u73af\u4e00\u8885\u695a\u5bab\u8170", "userReviewDate": "2018-06-08", "userURL": "http://user.17k.com/59811233", "userReview": "\u65e9\u4e0a\u597d\uff01\u9001\u82b1\u652f\u6301\uff01"}, {"userName": "\u73de\u7fbd\u60a0", "userReviewDate": "2018-06-08", "userURL": "http://user.17k.com/54860633", "userReview": "\u5c0f\u5c0f\u897f\u8d77\u5f97\u771f\u65e9\u3002\u652f\u6301<a target='_blank' href='http://www.17k.com/book/2802106.html'>\u300a\u4e5d\u57df\u795e\u8bdd\u300b</a>"}, {"userName": "\u90d1\u9e3f\u9b41", "userReviewDate": "2018-06-08", "userURL": "http://user.17k.com/60059338", "userReview": "\u8c22\u8c22\u4f60\u7684\u9f13\u52b1\uff01\u6700\u8fd1\u6bd4\u8f83\u5fd9\uff0c\u7533\u8bf7\u7684\u4e8b\u653e\u4e00\u653e\u3002\u2014\u2014\u66f4\u4e0a\u4e00\u5c42\u697c\uff01"}, {"userName": "\u5fc3\u7a7a\u7f6a\u4ea6\u4ea1", "userReviewDate": "2018-06-08", "userURL": "http://user.17k.com/56355515", "userReview": "\u65e9\u8bfb\u8bbf\u53cb\u6765\u770b\u5c0f\u897f\uff0c\u652f\u6301\u4e0d\u53d8\u3002"}, {"userName": "\u7396\u5bb6\u5c0f\u516e", "userReviewDate": "2018-06-07", "userURL": "http://user.17k.com/55310698", "userReview": "\u66ae\u590f\u4e4b\u591c\uff0c\u5fae\u98ce\u6e10\u6696\uff0c\u7761\u610f\u7f31\u7efb\uff0c\u79fb\u8eab\u4e34\u7a97\uff0c\u8fd1\u770b\u67f3\u679d\u6708\u8272\u4e0b\u7fe9\u821e\u6447\u66f3\uff0c\u9065\u542c\u6c60\u5858\u7ef5\u7ef5\u86d9\u9e23\u3002\u643a\u4e00\u4efd\u606c\u6de1\uff0c\u608d\u7136\u5165\u68a6\u3002\u665a\u5b89\u3002"}, {"userName": "\u6c34\u6e05\u6eaa\u6d41\u6d45", "userReviewDate": "2018-06-07", "userURL": "http://user.17k.com/54054794", "userReview": "\u53cb\u53cb\u665a\u4e0a\u597d\uff01\\(^o^)/~"}, {"userName": "\u516d\u6708\u5e38\u5728\u50b2\u96ea\u65e0\u53cc", "userReviewDate": "2018-06-07", "userURL": "http://user.17k.com/34964187", "userReview": "<span style='color:black'>\u4fdd\u7559\u610f\u89c1 &nbsp;\u6211\u89c9\u5f97\u4ed6\u6700\u5927\u7684\u7f3a\u70b9\u5c31\u662f\u592a\u6ce8\u91cd\u60c5\u4e86</span>"}, {"userName": "\u95fb\u9999\u53ef\u4eba", "userReviewDate": "2018-06-07", "userURL": "http://user.17k.com/52694972", "userReview": "\u897f\u897f\u897f\u897f\u897f\uff0c\u6211\u4eec\u662f\u670b\u53cb\u4e0d\uff1f\u4eca\u5929\u9ad8\u8003\u4f60\u90fd\u4e0d\u63d0\u9192\u6211\uff0c\u5bb3\u6211\u7761\u8fdf\u4e86\u6ca1\u8d76\u4e0a\uff0c\u53cb\u60c5\u6ca1\u4e86"}, {"userName": "\u6e05\u6eaa\u6d63\u82b1", "userReviewDate": "2018-06-07", "userURL": "http://user.17k.com/57610445", "userReview": "<span style='color:blue'>\u679c\u51bb\u4e0a\u5348\u597d\uff01\u4eca\u5929\u5fd9\u4e86\u4e00\u4e0a\u5348\uff0c\u773c\u90fd\u82b1\u4e86\uff0c\u4e0d\u884c\uff0c\u6211\u5f97\u5148\u53bb\u6b47\u4e0b\u773c\u775b\u4e86\u3002</span>"}, {"userName": "\u73af\u73af\u4e00\u8885\u695a\u5bab\u8170", "userReviewDate": "2018-06-07", "userURL": "http://user.17k.com/59811233", "userReview": "\u4eca\u5929\u9ad8\u8003\uff0c\u8bf4\u70b9\u4ec0\u4e48\u5427\uff0c\u60f3\u8d77\u9ad8\u4e09\u90a3\u5e74\u80cc\u7684\u4e00\u6bb5\u6587\u5b57\uff0c\u5230\u73b0\u5728\u8bb0\u5fc6\u5c24\u65b0\uff0c\u5f88\u591a\u6587\u5b57\u770b\u8fc7\u4e00\u904d\u5c31\u5fd8\u4e86\uff0c\u4f46\u9ad8\u4e2d\u65f6\u4ee3\u770b\u8fc7\u7684\u6587\u5b57\u597d\u50cf\u5df2\u7ecf\u6df1\u5165\u9aa8\u9ad3 \u8bed\u6587\u662f\u70ab\u76ee\u7684\u5148\u79e6\u7e41\u661f\uff0c\u662f\u768e\u6d01\u7684\u6c49\u5bab\u79cb\u6708;\u662f\u73e0\u843d\u7389\u76d8\u7684\u7435\u7436\uff0c\u662f\u9ad8\u5c71\u6d41\u6c34\u7684\u7434\u6587\u662f\u8bba\u8bed\u8bf4\u6587\u7684\u5b54\u5b50;\u662f\u900d\u9065\u4e91\u6e38\u7684\u5e84\u5468;\u662f\u6295\u6c5f\u6c42\u745f;\u662f\u201c\u63a8\u201d\u201c\u6572\u201d\u4e0d\u5b9a\u7684\u6708\u4e0b\u95e8\uff0c\u662f\u4f46\u6c42\u4e00\u5b57\u7684\u6570\u830e\u987b;\u662f\u5e84\u5b50\u7684\u900d\u9065\u4e91\u6e38\uff0c\u662f\u5b54\u5b50\u7684\u98a0\u6c9b\u6d41\u79bb;\u662f\u9b4f\u738b\u7684\u8001\u9aa5\u4e4b\u5fd7\uff0c\u662f\u8bf8\u845b\u7684\u9526\u56ca\u5999\u8ba1;\u662f\u541b\u5b50\u597d\u9011\u7684<a target='_blank' href='http://www.17k.com/book/1554579.html'>\u300a\u8bd7\u7ecf\u300b</a>\uff0c\u662f\u9b42\u516e\u5f52\u6765\u7684<a target='_blank' href='http://www.17k.com/book/1518305.html'>\u300a\u695a\u8f9e\u300b</a>;\u662f\u6267\u8fc7\u7f8a\u97ad\u7684\u300a\u5175\u6cd5\u300b\uff0c\u662f\u53d7\u8fc7\u5bab\u5211\u7684<a target='_blank' href='http://www.17k.com/book/1471987.html'>\u300a\u53f2\u8bb0\u300b</a>;\u662f\u674e\u592a\u767d\u7684\u676f\u4e2d\u9152\uff0c\u662f\u66f9\u96ea\u82b9\u7684\u68a6\u4e2d\u6cea;\u662f\u5343\u53e4\u7edd\u5531\u7684\u8bd7\u8bcd\u66f2\u8d4b\uff0c\u662f..."}, {"userName": "\u51c9\u68a6\u5c0f\u897f", "userReviewDate": "2018-06-07", "userURL": "http://user.17k.com/60302244", "userReview": "\u5c0f\u897f\u6ca1\u6709\u5fd9\u5566\uff0c\u4e5f\u4e0d\u77e5\u9053\u5e72\u561b\uff0c\u54ce~"}, {"userName": "\u5189\u594b\u6597", "userReviewDate": "2018-06-07", "userURL": "http://user.17k.com/58862624", "userReview": "\u652f\u6301<a target='_blank' href='http://www.17k.com/book/2802106.html'>\u300a\u4e5d\u57df\u795e\u8bdd\u300b</a>\uff01"}], "description": "\u661f\u6708\u6765\u81ea\u4e8e\u534e\u590f\u53e4\u8001\u4f20\u627f\u7684\u5360\u535c\u5bb6\u65cf\uff0c\u4e3a\u4e86\u5370\u8bc1\u7237\u7237\u7384\u673a\u8001\u4eba\u201c\u4e09\u5341\u516d\u5b57\u201d\u7684\u5927\u9884\u8a00\u672f\uff0c\u4ed6\u7ecf\u5386\u4e86\u79bb\u5947\u7684\u5929\u5730\u5f02\u8c61\uff0c\u7a7f\u8d8a\u65f6\u7a7a\u6765\u5230\u4e86\u4e5d\u57df\u5927\u9646\uff0c\u5f00\u542f\u4e86\u4ed6\u7684\u795e\u8bdd\u4e4b\u8def\u3002\u3000\u3000\u4e00\u8def\u8d70\u6765\uff0c\u4e3a\u7231\u6267\u7740\uff0c\u60c5\u6df1\u4e49\u91cd\u2026\u2026\u5386\u7ecf\u8270\u9669\uff0c\u4e5d\u6b7b\u4e00\u751f\uff01\u3000\u3000\u6700\u540e\uff0c\u661f\u6708\u51ed\u501f\u7740\u4ed6\u90a3\u201c\u5343\u78e8\u4e07\u97e7\uff0c\u9532\u800c\u4e0d\u820d\u201d\u7684\u7cbe\u795e\uff0c\u7eb5\u6a2a\u4e5d\u57df\uff0c\u7ec8\u6210\u5927\u5668\uff01", "title": "\u4e5d\u57df\u795e\u8bdd", "url": "http://www.17k.com/book/2802106.html", "average": -1.0, "cover": "http://img.17k.com/images/bookcover/2018/14010/70/2802106-1523633125000.jpg", "reviews": 19706, "authors": [{"url": "http://www.17k.com/zuozhe/60791840", "name": "\u679c\u51bb\u5c0f\u5c0f\u897f"}], "type": ["\u5f02\u754c\u5927\u9646"], "outlinks": ["http://www.17k.com/book/2794982.html", "http://www.17k.com/book/2801292.html", "http://www.17k.com/book/2816318.html", "http://www.17k.com/book/2797575.html", "http://www.17k.com/book/2802516.html", "http://www.17k.com/book/2812195.html", "http://www.17k.com/book/2820143.html", "http://www.17k.com/book/2807943.html", "http://www.17k.com/book/2813457.html", "http://www.17k.com/book/2798058.html", "http://www.17k.com/book/2815617.html", "http://www.17k.com/book/2805259.html", "http://www.17k.com/book/2760255.html", "http://www.17k.com/book/2686894.html", "http://www.17k.com/book/2797016.html", "http://www.17k.com/book/2767246.html", "http://www.17k.com/book/2764239.html", "http://www.17k.com/book/2754498.html", "http://www.17k.com/book/2754900.html", "http://www.17k.com/book/2625740.html", "http://www.17k.com/book/2213315.html", "http://www.17k.com/book/2402178.html", "http://www.17k.com/book/2691221.html", "http://www.17k.com/book/2210699.html", "http://www.17k.com/book/1797752.html", "http://www.17k.com/book/2575507.html", "http://www.17k.com/book/2705181.html", "http://www.17k.com/book/2702539.html", "http://www.17k.com/book/2474887.html", "http://www.17k.com/book/2674733.html", "http://www.17k.com/book/2822076.html", "http://www.17k.com/book/2809894.html", "http://www.17k.com/book/2822077.html", "http://www.17k.com/book/2811930.html", "http://www.17k.com/book/2815548.html", "http://www.17k.com/book/2819620.html", "http://www.17k.com/book/2809964.html", "http://www.17k.com/book/2808200.html", "http://www.17k.com/book/2820100.html", "http://www.17k.com/book/2822978.html", "http://www.17k.com/book/2804337.html", "http://www.17k.com/book/2798814.html", "http://www.17k.com/book/2785153.html", "http://www.17k.com/book/2731559.html", "http://www.17k.com/book/2722533.html", "http://www.17k.com/book/2458377.html", "http://www.17k.com/book/2743300.html", "http://www.17k.com/book/973809.html", "http://www.17k.com/book/2651367.html", "http://www.17k.com/book/2726194.html", "http://www.17k.com/book/2790214.html", "http://www.17k.com/book/493239.html", "http://www.17k.com/book/108821.html", "http://www.17k.com/book/1398783.html", "http://www.17k.com/book/83528.html", "http://www.17k.com/book/1859126.html", "http://www.17k.com/book/1741975.html", "http://www.17k.com/book/192453.html", "http://www.17k.com/book/2459058.html", "http://www.17k.com/book/1050747.html", "http://www.17k.com/book/2700315.html", "http://www.17k.com/book/2818940.html", "http://www.17k.com/book/2819519.html", "http://www.17k.com/book/2816390.html", "http://www.17k.com/book/2819588.html", "http://www.17k.com/book/2813768.html", "http://www.17k.com/book/2822406.html", "http://www.17k.com/book/2772164.html", "http://www.17k.com/book/2784023.html", "http://www.17k.com/book/2811877.html", "http://www.17k.com/book/2809119.html", "http://www.17k.com/book/2803700.html", "http://www.17k.com/book/2819561.html", "http://www.17k.com/book/2746506.html", "http://www.17k.com/book/2811836.html", "http://www.17k.com/book/2614810.html", "http://www.17k.com/book/1592435.html", "http://www.17k.com/book/1949748.html", "http://www.17k.com/book/2265802.html", "http://www.17k.com/book/2743240.html", "http://www.17k.com/book/2657437.html", "http://www.17k.com/book/2644502.html", "http://www.17k.com/book/2199900.html", "http://www.17k.com/book/2725436.html", "http://www.17k.com/book/2629978.html"]}