{"ratings": -1, "userreviews": [{"userName": "\u5305\u5b50\u6253\u72d7", "userReviewDate": "2018-06-01", "userURL": "http://user.17k.com/48331757", "userReview": "\u5c0f\u9c7c\u6765\u8bbf\u652f\u6301\uff0c\u8282\u65e5\u5feb\u4e50~"}, {"userName": "\u68a6\u9192\u5929\u5dee", "userReviewDate": "2018-05-30", "userURL": "http://user.17k.com/59595211", "userReview": "\u5929\u5dee\u6765\u652f\u6301\u5927\u5927\u5566\uff0c\u52a0\u6cb9\u3002"}, {"userName": "\u5305\u5b50\u6253\u72d7", "userReviewDate": "2018-05-29", "userURL": "http://user.17k.com/48331757", "userReview": "\u5c0f\u9c7c\u53c8\u6765\u652f\u6301\uff0c\u52a0\u6cb9\uff01"}, {"userName": "17K\u4e66\u53cbptqkmtqm", "userReviewDate": "2018-05-25", "userURL": "http://user.17k.com/61681296", "userReview": "\u5f88\u597d\u770b\uff01\u52a0\u6cb9\uff01"}, {"userName": "\u81f3\u540c", "userReviewDate": "2018-05-25", "userURL": "http://user.17k.com/42347855", "userReview": "\u6ca1\u6709\u6765\u8fc7\uff0c\u770b\u770b\uff0c\u4e0d\u9519\uff0c\u52a0\u6cb9\u3002"}, {"userName": "\u679c\u51bb\u5c0f\u5c0f\u897f", "userReviewDate": "2018-05-21", "userURL": "http://user.17k.com/60791840", "userReview": "\u65b0\u7684\u4e00\u5468\u5f00\u59cb\u4e86\uff0c\u524d\u6765\u652f\u6301\u5c0f\u51e1\uff0c\u795d\u5c0f\u51e1\u7684\u4f5c\u54c1\u5927\u706b\uff01\uff01\uff01"}, {"userName": "\u7389\u74a71", "userReviewDate": "2018-05-20", "userURL": "http://user.17k.com/61555080", "userReview": "\u52a0\u6cb9\uff01\u9c9c\u82b1\u652f\u6301\u4e0b\uff01"}, {"userName": "\u68a6\u9192\u5929\u5dee", "userReviewDate": "2018-05-20", "userURL": "http://user.17k.com/59595211", "userReview": "<span style='color:black'>\u52a0\u6cb9\uff0c\u52aa\u529b</span>"}, {"userName": "\u80c6\u5c0f\u9b3c523354172", "userReviewDate": "2018-05-17", "userURL": "http://user.17k.com/59636293", "userReview": "\u5306\u5306\u6765\u8bbf\uff0c\u795d\u5927\u5927\u7801\u5b57\u6109\u5feb\uff01"}, {"userName": "\u679c\u51bb\u5c0f\u5c0f\u897f", "userReviewDate": "2018-05-17", "userURL": "http://user.17k.com/60791840", "userReview": "\u6df1\u591c\u6765\u8bbf\uff0c\u652f\u6301\u5c0f\u51e1\uff01\uff01\uff01"}, {"userName": "\u5305\u5b50\u6253\u72d7", "userReviewDate": "2018-05-15", "userURL": "http://user.17k.com/48331757", "userReview": "\u7b2c\u4e00\u6b21\u6765\uff0c\u5199\u7684\u5f88\u597d\uff0c\u52a0\u6cb9\uff01\uff01"}, {"userName": "\u6c88\u6e05\u751f", "userReviewDate": "2018-05-14", "userURL": "http://user.17k.com/61786644", "userReview": "[\u6253\u8d4f]\u6211\u6253\u8d4f\u4e868\u5143\u7ea2\u5305\uff01\uff01"}, {"userName": "\u718a635947984", "userReviewDate": "2018-05-14", "userURL": "http://user.17k.com/61784756", "userReview": "[\u6253\u8d4f]\u6211\u6253\u8d4f\u4e868\u5143\u7ea2\u5305\uff01\uff01"}, {"userName": "\u69ff\u742a972563788", "userReviewDate": "2018-05-14", "userURL": "http://user.17k.com/61785159", "userReview": "[\u6253\u8d4f]\u6211\u6253\u8d4f\u4e868\u5143\u7ea2\u5305\uff01\uff01"}, {"userName": "\u5723\u9690\u5e1d\u5143", "userReviewDate": "2018-05-13", "userURL": "http://user.17k.com/57760595", "userReview": "\u7b7e\u5230\u652f\u6301"}, {"userName": "\u8dc3\u9f99\u95e8\u7684\u9c7c", "userReviewDate": "2018-05-13", "userURL": "http://user.17k.com/38204384", "userReview": "\u65e9\u4e0a\u597d\uff0c\u652f\u6301\uff01"}, {"userName": "17k\u4e66\u53cbp5y84inl0", "userReviewDate": "2018-05-12", "userURL": "http://user.17k.com/61528179", "userReview": "\u652f\u6301\u51e1\u5996\uff01\u7231\u4f60\u4e48\u4e48\u54d2"}, {"userName": "\u5b64\u9e3f341178268", "userReviewDate": "2018-05-12", "userURL": "http://user.17k.com/61181986", "userReview": "\u652f\u6301\u4e00\u4e0b"}, {"userName": "\u68a6\u6e38\u5343\u53e4", "userReviewDate": "2018-05-08", "userURL": "http://user.17k.com/40795945", "userReview": "\u9c9c\u82b1\u6492\u4e0b\uff01\u652f\u6301\u51e1\u5996\uff01\u52a0\u6cb9\uff01"}, {"userName": "\u7389\u74a71", "userReviewDate": "2018-05-08", "userURL": "http://user.17k.com/61555080", "userReview": "\u5199\u7684\u4e0d\u9519\uff01\u6492\u82b1\u652f\u6301\uff01\u5e0c\u671b\u5927\u5927\u591a\u591a\u66f4\u65b0\uff01"}], "description": "\u65e0\u5c3d\u82f1\u8c6a\u51b2\u5929\u800c\u8d77\uff0c\u4ed6\u4eec\u6740\u5411\u65e0\u7a77\u6df7\u6c8c\u6df1\u5904\uff0c\u4e00\u53bb\u4e0d\u590d\u8fd4\uff0c\u53ea\u7559\u4e0b\u4e00\u66f2\u66f2\u5639\u4eae\u7684\u6218\u6b4c\uff0c\u50cf\u662f\u5728\u8bc9\u8bf4\u7740\u4e0d\u4e00\u6837\u7684\u4f20\u5947\u3002\u3000\u3000\u6218\u5929\u6218\u5730\uff0c\u65e0\u6570\u4eba\u9006\u5929\u800c\u4e0a\uff0c\u60ca\u624d\u7edd\u8273\uff0c\u4e00\u66f2\u66f2\u52a8\u4eba\u7684\u6218\u6b4c\u54cd\u5f7b\u5929\u5730\uff0c\u5f62\u6210\u4e00\u9996\u9996\u9707\u5929\u52a8\u5730\u7684\u5343\u53e4\u7edd\u5531\u3002\u3000\u3000\u4e00\u5c11\u5e74\u9006\u5929\u800c\u8d77\uff0c\u8ffd\u5bfb\u6d88\u5931\u7684\u6218\u6b4c\uff0c\u7834\u865a\u7a7a\uff0c\u9006\u4e5d\u52ab\uff01\u638c\u751f\u6b7b\uff0c\u5b9a\u4e7e\u5764\uff01\u82f1\u8c6a\u767e\u4e07\u8361\u5bf0\u5b87\uff01", "title": "\u4e5d\u52ab\u9b54\u5c0a", "url": "http://www.17k.com/book/2783897.html", "average": -1.0, "cover": "http://img.17k.com/images/bookcover/2018/13919/69/2783897-1523455633000.jpg", "reviews": 31062, "authors": [{"url": "http://www.17k.com/zuozhe/56148805", "name": "\u51e1\u5996"}], "type": ["\u4e1c\u65b9\u7384\u5e7b"], "outlinks": ["http://www.17k.com/book/2794982.html", "http://www.17k.com/book/2801292.html", "http://www.17k.com/book/2816318.html", "http://www.17k.com/book/2797575.html", "http://www.17k.com/book/2802516.html", "http://www.17k.com/book/2812195.html", "http://www.17k.com/book/2820143.html", "http://www.17k.com/book/2807943.html", "http://www.17k.com/book/2813457.html", "http://www.17k.com/book/2798058.html", "http://www.17k.com/book/2815617.html", "http://www.17k.com/book/2805259.html", "http://www.17k.com/book/2760255.html", "http://www.17k.com/book/2686894.html", "http://www.17k.com/book/2797016.html", "http://www.17k.com/book/2767246.html", "http://www.17k.com/book/2764239.html", "http://www.17k.com/book/2754498.html", "http://www.17k.com/book/2754900.html", "http://www.17k.com/book/2625740.html", "http://www.17k.com/book/2213315.html", "http://www.17k.com/book/2402178.html", "http://www.17k.com/book/2691221.html", "http://www.17k.com/book/2210699.html", "http://www.17k.com/book/1797752.html", "http://www.17k.com/book/2575507.html", "http://www.17k.com/book/2705181.html", "http://www.17k.com/book/2702539.html", "http://www.17k.com/book/2474887.html", "http://www.17k.com/book/2674733.html", "http://www.17k.com/book/2822076.html", "http://www.17k.com/book/2809894.html", "http://www.17k.com/book/2822077.html", "http://www.17k.com/book/2811930.html", "http://www.17k.com/book/2815548.html", "http://www.17k.com/book/2819620.html", "http://www.17k.com/book/2809964.html", "http://www.17k.com/book/2808200.html", "http://www.17k.com/book/2820100.html", "http://www.17k.com/book/2822978.html", "http://www.17k.com/book/2804337.html", "http://www.17k.com/book/2798814.html", "http://www.17k.com/book/2785153.html", "http://www.17k.com/book/2731559.html", "http://www.17k.com/book/2722533.html", "http://www.17k.com/book/2458377.html", "http://www.17k.com/book/2743300.html", "http://www.17k.com/book/973809.html", "http://www.17k.com/book/2651367.html", "http://www.17k.com/book/2726194.html", "http://www.17k.com/book/2790214.html", "http://www.17k.com/book/493239.html", "http://www.17k.com/book/108821.html", "http://www.17k.com/book/1398783.html", "http://www.17k.com/book/83528.html", "http://www.17k.com/book/1859126.html", "http://www.17k.com/book/1741975.html", "http://www.17k.com/book/192453.html", "http://www.17k.com/book/2459058.html", "http://www.17k.com/book/1050747.html", "http://www.17k.com/book/2700315.html", "http://www.17k.com/book/2818940.html", "http://www.17k.com/book/2819519.html", "http://www.17k.com/book/2816390.html", "http://www.17k.com/book/2819588.html", "http://www.17k.com/book/2813768.html", "http://www.17k.com/book/2822406.html", "http://www.17k.com/book/2772164.html", "http://www.17k.com/book/2784023.html", "http://www.17k.com/book/2811877.html", "http://www.17k.com/book/2809119.html", "http://www.17k.com/book/2803700.html", "http://www.17k.com/book/2819561.html", "http://www.17k.com/book/2746506.html", "http://www.17k.com/book/2811836.html", "http://www.17k.com/book/2614810.html", "http://www.17k.com/book/1592435.html", "http://www.17k.com/book/1949748.html", "http://www.17k.com/book/2265802.html", "http://www.17k.com/book/2743240.html", "http://www.17k.com/book/2657437.html", "http://www.17k.com/book/2644502.html", "http://www.17k.com/book/2199900.html", "http://www.17k.com/book/2725436.html", "http://www.17k.com/book/2629978.html"]}