{"ratings": -1, "userreviews": [{"userName": "\u9b45\u5f71\u6b8a\uff0a\u534a\u590f\u79bb\u964c", "userReviewDate": "2017-08-05", "userURL": "http://user.17k.com/56760532", "userReview": "\u597d\u770b\u7684\u54e6\uff01\u6211\u89c9\u5f97\u7b2c\u4e00\u7ae0\u56e0\u8be5\u5199\u9707\u64bc\u4e00\u70b9\uff0c\u5c31\u66f4\u597d\u4e86\uff0c\u8fd9\u6837\u4f1a\u6709\u66f4\u591a\u4eba\u5165\u5751\uff01\u4f60\u7684\u6587\u7b14\u5f88\u597d\u54e6\uff01\u6bd4\u6211\u7684\u597d\u592a\u591a\u4e86(\uff1b\u2032\u2312`)\uff0c\u5199\u4e66\u561b\uff0c\u65ad\u66f4\u6211\u5e38\u6709\u7684\u4e8b\uff0c\u597d\u591a\u5927\u5927\u4e5f\u662f\uff0c\u6240\u4ee5\u8981\u8d81\u65ad\u66f4\u8fd9\u51e0\u5929\u597d\u597d\u6784\u601d\u4e00\u4e0b\u6587\u6587\uff0c\u52a0\u6cb9\u52a0\u6cb9\u52a0\u6cb9\uff01\uff01\uff01"}, {"userName": "\u5766\u514b786446888", "userReviewDate": "2018-04-26", "userURL": "http://user.17k.com/55383032", "userReview": "\u52a0\u6cb9\uff01\u5171\u52c9\uff01"}, {"userName": "\u79be\u5b50721386151", "userReviewDate": "2018-04-11", "userURL": "http://user.17k.com/54804134", "userReview": "\u8fd9\u672c\u4e66\u591a\u6b21\u88ab\u6253\u538b\uff0c\u9ed1\u5e55"}, {"userName": "\u5c4f\u5927\u59d0", "userReviewDate": "2018-04-04", "userURL": "http://user.17k.com/60804979", "userReview": "[\u6253\u8d4f]\u6211\u6253\u8d4f\u4e861\u4e2a'\u5c0f\u5fc3\u5fc3'\uff01\uff01"}, {"userName": "\u5c4f\u5927\u59d0", "userReviewDate": "2018-04-01", "userURL": "http://user.17k.com/60804979", "userReview": "[\u6253\u8d4f]\u6211\u6253\u8d4f\u4e861\u4e2a'\u5c0f\u5fc3\u5fc3'\uff01\uff01"}, {"userName": "\u5c4f\u5927\u59d0", "userReviewDate": "2018-03-30", "userURL": "http://user.17k.com/60804979", "userReview": "[\u6253\u8d4f]\u6211\u6253\u8d4f\u4e861\u4e2a'\u5c0f\u5fc3\u5fc3'\uff01\uff01"}, {"userName": "\u679c\u5473\u7ef4c", "userReviewDate": "2018-02-24", "userURL": "http://user.17k.com/60130921", "userReview": "[\u6253\u8d4f]\u6211\u6253\u8d4f\u4e862\u5143\u7ea2\u5305\uff01\uff01"}, {"userName": "\u79be\u5b50721386151", "userReviewDate": "2018-02-24", "userURL": "http://user.17k.com/54804134", "userReview": "\u7531\u4e8e\u8eab\u4f53\u539f\u56e0\uff0c\u66f4\u65b0\u4e0d\u53ca\u65f6\uff0c\u803d\u8bef\u670b\u53cb\u4eec\u770b\u4e66\uff0c\u7279\u8868\u6b49\u610f\u3002\u4f60\u82e5\u4e0d\u79bb\u6211\u5b9a\u4e0d\u5f03\u3002"}, {"userName": "\u7476\u7434\u5f26\u65ad", "userReviewDate": "2018-02-14", "userURL": "http://user.17k.com/59045489", "userReview": "\u60c5\u4eba\u8282\u5feb\u4e50\uff0c\u9001\u82b1"}, {"userName": "\u5e9f\u589f\u5929\u591c\u6709\u5947\u8c2d", "userReviewDate": "2017-10-25", "userURL": "http://user.17k.com/57463065", "userReview": "QJKKNFDFN<a target='_blank' href='http://www.17k.com/book/2695774.html'>\u300a\u6211\u6709\u4e00\u4e2a\u64a9\u59b9\u5927\u793c\u5305\u300b</a>\u524d\u6765\u62dc\u8bfb\uff0c\u5927\u4f5c\u5df2\u6536\u85cf\uff01\u65b0\u4eba\u4e92\u52c9"}, {"userName": "\u9e7f\u8fc7\u5bd2\u820d", "userReviewDate": "2017-10-15", "userURL": "http://user.17k.com/50140633", "userReview": "<a target='_blank' href='http://www.17k.com/book/2514304.html'>\u300a\u6211\u7684\u60ca\u609a\u7b14\u5f55\u300b</a>\u524d\u6765\u62dc\u8bbf\uff01\u5927\u5927\u68d2\u68d2\u54d2\uff08\uff61&ograve; \u2200 &oacute;\uff61\uff09\u7ee7\u7eed\u52aa\u529b\u54e6_(:\u0437\u300d\u2220)_"}, {"userName": "\u5728\u6587\u5b66\u9876\u7aef\u7684\u4eba", "userReviewDate": "2017-10-14", "userURL": "http://user.17k.com/52578730", "userReview": "<a target='_blank' href='http://www.17k.com/book/2625976.html'>\u300a\u9006\u8f6c\u6d85\u69c3\u300b</a>\u524d\u6765\u62dc\u8bbf\u5927\u795e\uff01\u76fc\u56de\u987e\uff01\u5927\u795e\u52a0\u6cb9\uff01"}, {"userName": "\u767e\u4e66\u7f18", "userReviewDate": "2017-10-14", "userURL": "http://user.17k.com/57679916", "userReview": "\u4e66\u7f18\u643a\u5e26\u201c\u76d7\u6625\u201d\u6765\u62dc\u8bbf\uff0c\u5e0c\u671b\u4e66\u53cb\u652f\u6301\u70b9\u8d5e\u3001\u6536\u85cf\uff0c\u4e66\u7f18\u795d\u60a8\uff0c\u8d22\u6e90\u8302\u76db\uff0c\u5fc3\u60f3\u4e8b\u6210\u3002\u4e8b\u4e8b\u5982\u610f\uff01"}, {"userName": "\u767e\u4e66\u7f18", "userReviewDate": "2017-10-14", "userURL": "http://user.17k.com/57679916", "userReview": "\u4e66\u7f18\u643a\u5e26\u201c\u76d7\u6625\u201d\u6765\u62dc\u8bbf\uff0c\u5e0c\u671b\u4e66\u53cb\u652f\u6301\u70b9\u8d5e\u3001\u6536\u85cf\uff0c\u4e66\u7f18\u795d\u60a8\uff0c\u8d22\u6e90\u8302\u76db\uff0c\u5fc3\u60f3\u4e8b\u6210\u3002\u4e8b\u4e8b\u5982\u610f\uff01"}, {"userName": "\u767e\u4e66\u7f18", "userReviewDate": "2017-10-13", "userURL": "http://user.17k.com/57679916", "userReview": "\u4e66\u7f18\u643a\u5e26\u201c\u76d7\u6625\u201d\u6765\u62dc\u8bbf\uff0c\u5e0c\u671b\u4e66\u53cb\u652f\u6301\uff0c\u4e66\u7f18\u795d\u60a8\uff0c\u8d22\u6e90\u8302\u76db\uff0c\u5fc3\u60f3\u4e8b\u6210\u3002\u4e8b\u4e8b\u5982\u610f\uff01"}, {"userName": "\u767e\u4e66\u7f18", "userReviewDate": "2017-10-12", "userURL": "http://user.17k.com/57679916", "userReview": "\u4e66\u7f18\u643a\u5e26\u201c\u76d7\u6625\u201d\u6765\u62dc\u8bbf\uff0c\u5e0c\u671b\u4e66\u53cb\u652f\u6301\uff0c\u4e66\u7f18\u795d\u60a8\uff0c\u8d22\u6e90\u8302\u76db\uff0c\u5fc3\u60f3\u4e8b\u6210\u3002\u4e8b\u4e8b\u5982\u610f\uff01"}, {"userName": "Visionary9810354", "userReviewDate": "2017-10-11", "userURL": "http://user.17k.com/57805486", "userReview": "<a target='_blank' href='http://www.17k.com/book/2685589.html'>\u300a\u8840\u754c\u4e4b\u7075\u300b</a>\u524d\u6765\u819c\u62dc"}, {"userName": "\u613f\u4e16\u754c\u266a\u6e29\u67d4\u76f8\u5f85", "userReviewDate": "2017-10-09", "userURL": "http://user.17k.com/55929616", "userReview": "\u5927\u5927\u5199\u7684\u5f88\u597d\u5462\uff0c\u52a0\u6cb9\u3002<a target='_blank' href='http://www.17k.com/book/2642511.html'>\u300a\u6eda\u6eda\u7ea2\u5c18\u83ab\u8d1f\u7231\u300b</a>\u524d\u6765\u62dc\u8bbf\uff0c\u6c42\u56de\u8bbf"}, {"userName": "\u265a\u5f20\u67d0\u4eba", "userReviewDate": "2017-08-19", "userURL": "http://user.17k.com/56534136", "userReview": "<span style='color:black'>&nbsp; \u4e0a\u53e4\u4e4b\u65e0\u5b57\u5929\u4e66\u8bf7\u5927\u5bb6\u591a\u591a\u652f\u6301</span>"}, {"userName": "\u6216\u8bb8 \u8fd8\u6709\u4eba\u8981\u7b49", "userReviewDate": "2017-08-19", "userURL": "http://user.17k.com/56885166", "userReview": "<span style='color:black'>\u5927\u5927\u5f88\u68d2\uff0c<a target='_blank' href='http://www.17k.com/book/2623487.html'>\u300a\u6297\u65e5\u4e4b\u70ed\u8840\u795e\u5175\u300b</a>\u524d\u6765\u62dc\u8bbf</span>"}], "description": "\u4e91\u5929\u5782\u4e0b\u51b0\u51cc\u82b1\uff0c\u6765\u81ea\u51b0\u96ea\u5927\u9646\u7684\u65e0\u540d\u5c0f\u5352\uff0c\u5200\u5c16\u4e0a\u51dd\u51fa\u94f6\u8272\u98ce\u66b4\uff0c\u3000\u3000\u65a9\u6708\u5200\u5212\u8fc7\u7f8e\u4e3d\u6167\u5c3e\uff0c\u51b0\u523b\u4e0a\u7559\u4e0b\u95ea\u8000\u5149\u8f89\uff0c\u8840\u5165\u767d\u96ea\u4ea4\u76f8\u8f89\u6620\uff0c\u3000\u3000\u60ca\u8d77\u98de\u96ea\u8fde\u5929\uff0c\u770b\u5c0f\u4eba\u7269\u5982\u4f55\u9006\u5929\u6210\u957f\uff0c\u51b0\u4e0e\u8840\uff01", "title": "\u4e5d\u54c1\u730e\u9b54\u5e08", "url": "http://www.17k.com/book/2464092.html", "average": -1.0, "cover": "http://img.17k.com/images/bookcover/2017/12320/61/2464092-1505653913000.jpg", "reviews": 10117, "authors": [{"url": "http://www.17k.com/zuozhe/54327842", "name": "\u6c89\u9ed8\u79be\u5b50"}], "type": ["\u5f02\u672f\u8d85\u80fd"], "outlinks": ["http://www.17k.com/book/2794982.html", "http://www.17k.com/book/2801292.html", "http://www.17k.com/book/2816318.html", "http://www.17k.com/book/2797575.html", "http://www.17k.com/book/2802516.html", "http://www.17k.com/book/2812195.html", "http://www.17k.com/book/2820143.html", "http://www.17k.com/book/2807943.html", "http://www.17k.com/book/2813457.html", "http://www.17k.com/book/2798058.html", "http://www.17k.com/book/2815617.html", "http://www.17k.com/book/2805259.html", "http://www.17k.com/book/2760255.html", "http://www.17k.com/book/2686894.html", "http://www.17k.com/book/2797016.html", "http://www.17k.com/book/2767246.html", "http://www.17k.com/book/2764239.html", "http://www.17k.com/book/2754498.html", "http://www.17k.com/book/2754900.html", "http://www.17k.com/book/2625740.html", "http://www.17k.com/book/2213315.html", "http://www.17k.com/book/2402178.html", "http://www.17k.com/book/2691221.html", "http://www.17k.com/book/2210699.html", "http://www.17k.com/book/1797752.html", "http://www.17k.com/book/2575507.html", "http://www.17k.com/book/2705181.html", "http://www.17k.com/book/2702539.html", "http://www.17k.com/book/2474887.html", "http://www.17k.com/book/2674733.html", "http://www.17k.com/book/2822076.html", "http://www.17k.com/book/2809894.html", "http://www.17k.com/book/2822077.html", "http://www.17k.com/book/2811930.html", "http://www.17k.com/book/2815548.html", "http://www.17k.com/book/2819620.html", "http://www.17k.com/book/2809964.html", "http://www.17k.com/book/2808200.html", "http://www.17k.com/book/2820100.html", "http://www.17k.com/book/2822978.html", "http://www.17k.com/book/2804337.html", "http://www.17k.com/book/2798814.html", "http://www.17k.com/book/2785153.html", "http://www.17k.com/book/2731559.html", "http://www.17k.com/book/2722533.html", "http://www.17k.com/book/2458377.html", "http://www.17k.com/book/2743300.html", "http://www.17k.com/book/973809.html", "http://www.17k.com/book/2651367.html", "http://www.17k.com/book/2726194.html", "http://www.17k.com/book/2790214.html", "http://www.17k.com/book/493239.html", "http://www.17k.com/book/108821.html", "http://www.17k.com/book/1398783.html", "http://www.17k.com/book/83528.html", "http://www.17k.com/book/1859126.html", "http://www.17k.com/book/1741975.html", "http://www.17k.com/book/192453.html", "http://www.17k.com/book/2459058.html", "http://www.17k.com/book/1050747.html", "http://www.17k.com/book/2700315.html", "http://www.17k.com/book/2818940.html", "http://www.17k.com/book/2819519.html", "http://www.17k.com/book/2816390.html", "http://www.17k.com/book/2819588.html", "http://www.17k.com/book/2813768.html", "http://www.17k.com/book/2822406.html", "http://www.17k.com/book/2772164.html", "http://www.17k.com/book/2784023.html", "http://www.17k.com/book/2811877.html", "http://www.17k.com/book/2809119.html", "http://www.17k.com/book/2803700.html", "http://www.17k.com/book/2819561.html", "http://www.17k.com/book/2746506.html", "http://www.17k.com/book/2811836.html", "http://www.17k.com/book/2614810.html", "http://www.17k.com/book/1592435.html", "http://www.17k.com/book/1949748.html", "http://www.17k.com/book/2265802.html", "http://www.17k.com/book/2743240.html", "http://www.17k.com/book/2657437.html", "http://www.17k.com/book/2644502.html", "http://www.17k.com/book/2199900.html", "http://www.17k.com/book/2725436.html", "http://www.17k.com/book/2629978.html"]}