{"ratings": -1, "userreviews": [{"userName": "\u6a59...~pencil", "userReviewDate": "2018-06-08", "userURL": "http://user.17k.com/62632468", "userReview": "\u4e50\u8f69\u652f\u6301\u4f60\uff01\uff01\uff01\u7231\u4f60\u4e48\u4e48\u54d2\uff01\uff01\uff01"}, {"userName": "17K\u4e66\u53cbm93c5bzc", "userReviewDate": "2018-06-03", "userURL": "http://user.17k.com/62210213", "userReview": "[\u6253\u8d4f]\u6211\u6253\u8d4f\u4e862\u4e2a'\u5c0f\u5fc3\u5fc3'\uff01\uff01"}], "description": "\u4e16\u95f4\u6709\u4e09\u9646\uff0c\u7384\u5929\uff0c\u51a5\u5730\uff0c\u6d2a\u8352\u4e09\u9646\u5f62\u5982\u956f\u72b6\uff0c\u3000\u3000\u4e2d\u6709\u4e00\u6d77\uff0c\u540d\u66f0\u201c\u65e0\u95f4\u201d\uff0c\u3000\u3000\u6d77\u4e2d\u6709\u4e00\u5c9b\uff0c\u4e0a\u5c45\u795e\u517d\uff0c\u6b64\u5c9b\u767e\u5e74\u4e00\u5f00\uff0c\u5c9b\u4e0a\u795e\u517d\u4e07\u5e74\u4e00\u6e21\u52ab......\u3000\u3000\u4e5d\u5bb6\u65ad\u6307\u5c11\u5e74\u4e60\u5f97\u81f3\u5f3a\u6b66\u5b66\"\u5723\u9f99\u4f53\"\uff0c\u3000\u3000\u5374\u56e0\u6b64\u52a0\u901f\u53d8\u8001\u3000\u3000\u4ece\u6b64\u5468\u6e38\u56db\u6d77\uff0c\u8e0f\u4e0a\u5bfb\u627e\u795e\u517d\u5c9b\u4e4b\u65c5\u3002", "title": "\u4e5d\u6307\u4ed9\u4eba", "url": "http://www.17k.com/book/2830803.html", "average": -1.0, "cover": "http://img.17k.com/images/bookcover/2018/14154/70/2830803-1527382134000.jpg", "reviews": 153, "authors": [{"url": "http://www.17k.com/zuozhe/62210213", "name": "\u516d\u9053\u4ed9\u5e1d"}], "type": ["\u6d2a\u8352\u5c01\u795e"], "outlinks": ["http://www.17k.com/book/2794982.html", "http://www.17k.com/book/2801292.html", "http://www.17k.com/book/2816318.html", "http://www.17k.com/book/2797575.html", "http://www.17k.com/book/2802516.html", "http://www.17k.com/book/2812195.html", "http://www.17k.com/book/2820143.html", "http://www.17k.com/book/2807943.html", "http://www.17k.com/book/2813457.html", "http://www.17k.com/book/2798058.html", "http://www.17k.com/book/2815617.html", "http://www.17k.com/book/2805259.html", "http://www.17k.com/book/2760255.html", "http://www.17k.com/book/2686894.html", "http://www.17k.com/book/2797016.html", "http://www.17k.com/book/2767246.html", "http://www.17k.com/book/2764239.html", "http://www.17k.com/book/2754498.html", "http://www.17k.com/book/2754900.html", "http://www.17k.com/book/2625740.html", "http://www.17k.com/book/2213315.html", "http://www.17k.com/book/2402178.html", "http://www.17k.com/book/2691221.html", "http://www.17k.com/book/2210699.html", "http://www.17k.com/book/1797752.html", "http://www.17k.com/book/2575507.html", "http://www.17k.com/book/2705181.html", "http://www.17k.com/book/2702539.html", "http://www.17k.com/book/2474887.html", "http://www.17k.com/book/2674733.html", "http://www.17k.com/book/2822076.html", "http://www.17k.com/book/2809894.html", "http://www.17k.com/book/2822077.html", "http://www.17k.com/book/2811930.html", "http://www.17k.com/book/2815548.html", "http://www.17k.com/book/2819620.html", "http://www.17k.com/book/2809964.html", "http://www.17k.com/book/2808200.html", "http://www.17k.com/book/2820100.html", "http://www.17k.com/book/2822978.html", "http://www.17k.com/book/2804337.html", "http://www.17k.com/book/2798814.html", "http://www.17k.com/book/2785153.html", "http://www.17k.com/book/2731559.html", "http://www.17k.com/book/2722533.html", "http://www.17k.com/book/2458377.html", "http://www.17k.com/book/2743300.html", "http://www.17k.com/book/973809.html", "http://www.17k.com/book/2651367.html", "http://www.17k.com/book/2726194.html", "http://www.17k.com/book/2790214.html", "http://www.17k.com/book/493239.html", "http://www.17k.com/book/108821.html", "http://www.17k.com/book/1398783.html", "http://www.17k.com/book/83528.html", "http://www.17k.com/book/1859126.html", "http://www.17k.com/book/1741975.html", "http://www.17k.com/book/192453.html", "http://www.17k.com/book/2459058.html", "http://www.17k.com/book/1050747.html", "http://www.17k.com/book/2700315.html", "http://www.17k.com/book/2818940.html", "http://www.17k.com/book/2819519.html", "http://www.17k.com/book/2816390.html", "http://www.17k.com/book/2819588.html", "http://www.17k.com/book/2813768.html", "http://www.17k.com/book/2822406.html", "http://www.17k.com/book/2772164.html", "http://www.17k.com/book/2784023.html", "http://www.17k.com/book/2811877.html", "http://www.17k.com/book/2809119.html", "http://www.17k.com/book/2803700.html", "http://www.17k.com/book/2819561.html", "http://www.17k.com/book/2746506.html", "http://www.17k.com/book/2811836.html", "http://www.17k.com/book/2614810.html", "http://www.17k.com/book/1592435.html", "http://www.17k.com/book/1949748.html", "http://www.17k.com/book/2265802.html", "http://www.17k.com/book/2743240.html", "http://www.17k.com/book/2657437.html", "http://www.17k.com/book/2644502.html", "http://www.17k.com/book/2199900.html", "http://www.17k.com/book/2725436.html", "http://www.17k.com/book/2629978.html"]}