{"ratings": -1, "userreviews": [{"userName": "\u5929\u57df\u82cd\u7a79234177164", "userReviewDate": "2018-06-06", "userURL": "http://user.17k.com/58277389", "userReview": "\u9ad8\u8003\u5feb\u5230\u4e86\uff0c\u952e\u76d8\u4e3a\u5b66\u5b50\u4eec\u9001\u4e0a\u795d\u8a00\uff1a\u795d\u5b66\u5b50\u4eec\u5341\u5e74\u6052\u5fc3\u4eca\u671d\u6210\u3002"}, {"userName": "\u5723\u9690\u5e1d\u5143", "userReviewDate": "2018-04-29", "userURL": "http://user.17k.com/57760595", "userReview": "\u7b7e\u5230\u652f\u6301"}, {"userName": "\u661f\u7a7a\u591c\u68a6\u58f9", "userReviewDate": "2018-04-27", "userURL": "http://user.17k.com/58116533", "userReview": "<span style='color:red'>\u52a0\u6cb9\u2196(^\u03c9^)\u2197\uff0c\u6492\u82b1\u652f\u6301\u597d\u4e66</span>"}, {"userName": "\u5929\u57df\u82cd\u7a79234177164", "userReviewDate": "2018-04-20", "userURL": "http://user.17k.com/58277389", "userReview": "QQ\u7fa4\uff1a771764338 \u6b22\u8fce\u5404\u4f4d\u52a0\u5165\u5176\u4e2d\u3002"}, {"userName": "\u5723\u9690\u5e1d\u5143", "userReviewDate": "2018-04-14", "userURL": "http://user.17k.com/57760595", "userReview": "\u7b7e\u5230\u652f\u6301"}, {"userName": "\u8c37\u6eaa", "userReviewDate": "2018-04-13", "userURL": "http://user.17k.com/45854448", "userReview": "\u518d\u6765\u770b\u4e66"}, {"userName": "\u5929\u57df\u82cd\u7a79234177164", "userReviewDate": "2018-04-02", "userURL": "http://user.17k.com/58277389", "userReview": "\u6700\u8fd1\u8fd9\u6bb5\u65f6\u95f4\u4f1a\u5bf9\u4e66\u4e2d\u7684\u9519\u522b\u5b57\u548c\u4e00\u4e9b\u4fe1\u606f\u8fdb\u884c\u4fee\u6539\uff0c\u8bf7\u5927\u5bb6\u539f\u8c05\u3002"}, {"userName": "\u5c0f\u5c0f\u5c1b\u6a59\u5b50", "userReviewDate": "2018-03-27", "userURL": "http://user.17k.com/60055591", "userReview": "\u6a59\u5b50\u56de\u8bbf\uff0c\u5927\u5927\u52a0\u6cb9\uff0c\u652f\u6301\u3002"}, {"userName": "\u592e\u5b50\u5440", "userReviewDate": "2018-03-26", "userURL": "http://user.17k.com/60344960", "userReview": "\u665a\u597d\uff0c\u52a0\u6cb9"}, {"userName": "\u5929\u57df\u82cd\u7a79234177164", "userReviewDate": "2018-03-26", "userURL": "http://user.17k.com/58277389", "userReview": "\u5404\u4f4d\u770b\u5b98\uff0c\u660e\u5929\u7ed3\u675f\u7b2c\u4e8c\u5377\uff0c\u540e\u5929\u6b63\u5f0f\u8fdb\u5165\u7b2c\u4e09\u5377\uff1a\u9053\u9704\u4e71\u6218\u3002\u8bf7\u5927\u5bb6\u591a\u591a\u652f\u6301\u3002\u8c22\u8c22\u5927\u5bb6\uff01"}, {"userName": "\u661f\u7a7a\u591c\u68a6\u58f9", "userReviewDate": "2018-03-22", "userURL": "http://user.17k.com/58116533", "userReview": "\u665a\u5b89\uff01\u597d\u68a6\uff0c\u660e\u5929\u89c1"}, {"userName": "\u661f\u7a7a\u591c\u68a6\u58f9", "userReviewDate": "2018-03-19", "userURL": "http://user.17k.com/58116533", "userReview": "\u4e0b\u5348\u597d\uff0c\u989d(\u2299o\u2299)\u2026\uff0c\u53c8\u662f\u661f\u671f\u4e00\u4e86\uff0c\u597d\u70e6\u4eba"}, {"userName": "\u661f\u7a7a\u591c\u68a6\u58f9", "userReviewDate": "2018-03-17", "userURL": "http://user.17k.com/58116533", "userReview": "\u65f6\u95f4\u8fc7\u5f97\u771f\u5feb\u554a\uff01\u8f6c\u773c\u4e4b\u95f4\u53c8\u5230\u5468\u672b\u4e86\uff0c\u795d\u4f60\u5468\u672b\u6109\u5feb\uff0c\u7801\u5b57\u6512\u7a3f\u5feb\u4e50\uff01\u54c8\u54c8\uff01\u661f\u7a7a\u5148\u51fa\u53bb\u6d6a\u4f1a\u513f\uff0c\u7801\u5b57\u592a\u7279\u4e48\u7d2f\u4e86\uff0c\u91ca\u653e\u4e00\u4e0b\u5fc3\u60c5\uff0c\u6d3b\u52a8\u6d3b\u52a8\u7b4b\u9aa8\uff0c\u6296\u64de\u6296\u64de\u7cbe\u795e\uff0c\u665a\u4e0a\u7ee7\u7eed\u594b\u6597\u518d\u8bb2<a target='_blank' href='http://www.17k.com/book/2705953.html'>\u300a\u9b3c\u8ff9\u5bfb\u8e2a\u300b</a>\u7684\u6545\u4e8b\u3002\u52a0\u6cb9\u2196(^\u03c9^)\u2197\uff0c\u4e00\u8d77\u52aa\u529b\u5427\uff0c\u661f\u7a7a\u6709\u7a7a\u4f1a\u5e38\u6765\u7684\u3002"}, {"userName": "\u661f\u7a7a\u591c\u68a6\u58f9", "userReviewDate": "2018-03-15", "userURL": "http://user.17k.com/58116533", "userReview": "\u5927\u5927\u4e2d\u5348\u597d\uff0c\u52a0\u6cb9\u2196(^\u03c9^)\u2197\uff0c\u770b\u4e66\u652f\u6301\u4e86"}, {"userName": "\u661f\u7a7a\u591c\u68a6\u58f9", "userReviewDate": "2018-03-13", "userURL": "http://user.17k.com/58116533", "userReview": "\u665a\u4e0a\u597d\uff0c\u52a0\u6cb9\u554a\uff0c\u54c8\u54c8&#55357;&#56836;\uff0c\u661f\u7a7a\u6700\u8fd1\u8981\u51c6\u5907\u4e0a\u67b6\u4e86\uff0c\u606d\u8bf7\u5927\u5927\u5230\u65f6\u5019\u7ed9\u661f\u7a7a\u6367\u6367\u573a\uff0c\u52a0\u6cb9\u52a9\u5a01\uff0c\u805a\u4e00\u805a\u4eba\u6c14\uff0c\u4e00\u5b9a\u8981\u53bb\u5662\uff01\u5148\u8c22\u8fc7\u5566\uff01"}, {"userName": "\u661f\u7a7a\u591c\u68a6\u58f9", "userReviewDate": "2018-03-10", "userURL": "http://user.17k.com/58116533", "userReview": "\u665a\u4e0a\u597d\uff0c\u52a0\u6cb9\u2196(^\u03c9^)\u2197\uff0c\u7ee7\u7eed\u52aa\u529b\u66f4\u65b0\u54df\uff0c"}, {"userName": "\u94bb\u6728\u53d6\u6c34", "userReviewDate": "2018-03-07", "userURL": "http://user.17k.com/42481780", "userReview": "<a target='_blank' href='http://www.17k.com/book/2776518.html'>\u300a\u6765\u6253\u6211\u5440\u300b</a>\u6765\u8bbf\uff0c\u5927\u5927\u4e3a\u4f55\u4e0d\u7b7e\u7ea6\u5462"}, {"userName": "\u68a6\u5361\u5361", "userReviewDate": "2018-03-07", "userURL": "http://user.17k.com/43821669", "userReview": "<a target='_blank' href='http://www.17k.com/book/2725127.html'>\u300a\u4e4b\u663c\u5b85 \u300b</a>\u6765\u56de\u8bbf\u4e86\u545745"}, {"userName": "\u58a8\u7fbd\u7a0b", "userReviewDate": "2018-02-22", "userURL": "http://user.17k.com/51574691", "userReview": "<a target='_blank' href='http://www.17k.com/book/2743867.html'>\u300a\u7834\u4ed9\u57df\u300b</a>\u5230\u8bbf\uff0c\u6536\u85cf\u548c\u9c9c\u82b1\u9001\u4e0a\u3002"}, {"userName": "\u7d2b\u708e\u661f\u541bDS", "userReviewDate": "2018-02-21", "userURL": "http://user.17k.com/59832623", "userReview": "<a target='_blank' href='http://www.17k.com/book/2772977.html'>\u300a\u76db\u6b87\u8363\u8000\u300b</a>\u6765\u8bbf\uff0c\u8fd8\u671b\u6307\u70b9\u4e00\u756a"}], "description": "\u5929\u5730\u4e4b\u521d\uff0c\u4e09\u5343\u5927\u9053\u8986\u76d6\u7740\u8bf8\u5929\u4e07\u754c\uff0c\u5f97\u9053\u8005\u4e00\u4ee3\u4ee3\u5d1b\u8d77\uff0c\u53c8\u4ee3\u4ee3\u7684\u5760\u843d\u6d88\u6563\u3002\u3000\u3000\u81f3\u4ed9\u9053\u76db\u4e16\uff0c\u4e00\u53ea\u77f3\u7334\u5d1b\u8d77\uff0c\u6a2a\u626b\u4e09\u5341\u4e09\u91cd\u5929\uff0c\u6b32\u6253\u7834\u5927\u9053\u4e4b\u675f\u7f1a\u3002\u4f46\u6700\u7ec8\u88ab\u65e0\u4e0a\u4f5b\u9640\u5982\u6765\u4f5b\u7956\u4e3a\u9996\u7b49\u8bf8\u591a\u5927\u80fd\u8054\u624b\uff0c\u9547\u538b\u4e8e\u4e94\u6307\u5c71\u3002\u3000\u3000\u5982\u4eca\uff0c\u5929\u9053\u81f3\u4e0a\uff0c\u4ed9\u9053\u7684\u79e9\u5e8f\u5b8c\u5168\u88ab\u6253\u7834\u3002\u800c\u5728\u8fd9\u573a\u52ab\u96be\u4e2d\uff0c\u516b\u5341\u4e00\u65cf\u541b\u4e34\u5929\u4e0b\uff0c\u638c\u7ba1\u8bf8\u5929\u4e07\u754c\u3002\u3000\u3000\u4e00\u4e2a\u5c11\u5e74\uff0c\u4e0d\u7518\u88ab\u5929\u9053\u79e9\u5e8f\u6240\u7981\u9522\uff0c\u71c3\u70e7\u70ed\u8840\uff0c\u7206\u53d1\u6218\u610f\uff0c\u6b32\u4e0e\u5929\u9053\u4e89\u53d6\u90a3\u4e00\u4e1d\u9041\u53bb\u7684\u7f18\u3002", "title": "\u4e5d\u6e38\u5929", "url": "http://www.17k.com/book/2713321.html", "average": -1.0, "cover": "http://img.17k.com/images/bookcover/2018/13566/67/2713321-1515552252000.jpg", "reviews": 2737, "authors": [{"url": "http://www.17k.com/zuozhe/58277389", "name": "\u9ed8\u9ed8\u6572\u952e\u76d8"}], "type": ["\u5947\u5e7b\u4fee\u771f"], "outlinks": ["http://www.17k.com/book/2794982.html", "http://www.17k.com/book/2801292.html", "http://www.17k.com/book/2816318.html", "http://www.17k.com/book/2797575.html", "http://www.17k.com/book/2802516.html", "http://www.17k.com/book/2812195.html", "http://www.17k.com/book/2820143.html", "http://www.17k.com/book/2807943.html", "http://www.17k.com/book/2813457.html", "http://www.17k.com/book/2798058.html", "http://www.17k.com/book/2815617.html", "http://www.17k.com/book/2805259.html", "http://www.17k.com/book/2760255.html", "http://www.17k.com/book/2686894.html", "http://www.17k.com/book/2797016.html", "http://www.17k.com/book/2767246.html", "http://www.17k.com/book/2764239.html", "http://www.17k.com/book/2754498.html", "http://www.17k.com/book/2754900.html", "http://www.17k.com/book/2625740.html", "http://www.17k.com/book/2213315.html", "http://www.17k.com/book/2402178.html", "http://www.17k.com/book/2691221.html", "http://www.17k.com/book/2210699.html", "http://www.17k.com/book/1797752.html", "http://www.17k.com/book/2575507.html", "http://www.17k.com/book/2705181.html", "http://www.17k.com/book/2702539.html", "http://www.17k.com/book/2474887.html", "http://www.17k.com/book/2674733.html", "http://www.17k.com/book/2822076.html", "http://www.17k.com/book/2809894.html", "http://www.17k.com/book/2822077.html", "http://www.17k.com/book/2811930.html", "http://www.17k.com/book/2815548.html", "http://www.17k.com/book/2819620.html", "http://www.17k.com/book/2809964.html", "http://www.17k.com/book/2808200.html", "http://www.17k.com/book/2820100.html", "http://www.17k.com/book/2822978.html", "http://www.17k.com/book/2804337.html", "http://www.17k.com/book/2798814.html", "http://www.17k.com/book/2785153.html", "http://www.17k.com/book/2731559.html", "http://www.17k.com/book/2722533.html", "http://www.17k.com/book/2458377.html", "http://www.17k.com/book/2743300.html", "http://www.17k.com/book/973809.html", "http://www.17k.com/book/2651367.html", "http://www.17k.com/book/2726194.html", "http://www.17k.com/book/2790214.html", "http://www.17k.com/book/493239.html", "http://www.17k.com/book/108821.html", "http://www.17k.com/book/1398783.html", "http://www.17k.com/book/83528.html", "http://www.17k.com/book/1859126.html", "http://www.17k.com/book/1741975.html", "http://www.17k.com/book/192453.html", "http://www.17k.com/book/2459058.html", "http://www.17k.com/book/1050747.html", "http://www.17k.com/book/2700315.html", "http://www.17k.com/book/2818940.html", "http://www.17k.com/book/2819519.html", "http://www.17k.com/book/2816390.html", "http://www.17k.com/book/2819588.html", "http://www.17k.com/book/2813768.html", "http://www.17k.com/book/2822406.html", "http://www.17k.com/book/2772164.html", "http://www.17k.com/book/2784023.html", "http://www.17k.com/book/2811877.html", "http://www.17k.com/book/2809119.html", "http://www.17k.com/book/2803700.html", "http://www.17k.com/book/2819561.html", "http://www.17k.com/book/2746506.html", "http://www.17k.com/book/2811836.html", "http://www.17k.com/book/2614810.html", "http://www.17k.com/book/1592435.html", "http://www.17k.com/book/1949748.html", "http://www.17k.com/book/2265802.html", "http://www.17k.com/book/2743240.html", "http://www.17k.com/book/2657437.html", "http://www.17k.com/book/2644502.html", "http://www.17k.com/book/2199900.html", "http://www.17k.com/book/2725436.html", "http://www.17k.com/book/2629978.html"]}