{"ratings": -1, "userreviews": [{"userName": "\u6f20\u51e1\u5fc3", "userReviewDate": "2018-05-24", "userURL": "http://user.17k.com/60211665", "userReview": "\u5efa\u4e2a\u7ea0\u9519\u697c\uff0c\u5e0c\u671b\u5404\u4f4d\u6307\u6b63"}, {"userName": "\u6f20\u51e1\u5fc3", "userReviewDate": "2018-05-07", "userURL": "http://user.17k.com/60211665", "userReview": "\u65b0\u4eba\u5199\u4f5c\uff0c\u5f88\u591a\u4e0d\u8db3\u5e0c\u671b\u5404\u4f4d\u5927\u5927\u6307\u51fa\u6765\uff0c\u51e1\u5fc3\u5c3d\u91cf\u6539\u6b63\uff0c\u62dc\u8c22\u5404\u4f4d"}, {"userName": "\u97e9\u4ed9\u5251", "userReviewDate": "2018-06-05", "userURL": "http://user.17k.com/57159020", "userReview": "\u6536\u85cf\u5b66\u4e60\u3002"}, {"userName": "\u7b11\u50b2\u5b64\u8fb0", "userReviewDate": "2018-06-04", "userURL": "http://user.17k.com/13197515", "userReview": "\u7bc7\u5e45\u5927\u6539\u5440\uff01"}, {"userName": "\u7b11\u50b2\u5b64\u8fb0", "userReviewDate": "2018-06-04", "userURL": "http://user.17k.com/13197515", "userReview": "\u6492\u82b1\uff0c\u7b7e\u5230\uff01"}, {"userName": "\u7b11\u50b2\u5b64\u8fb0", "userReviewDate": "2018-05-31", "userURL": "http://user.17k.com/13197515", "userReview": "\u6211\u53d1\u73b0\u4e00\u4e2a\u95ee\u9898\uff0c\u4f60\u7684\u6587\u7ae0\u6c34\u5206\u6709\u4e9b\u591a\u4e86\uff0c\u60c5\u8282\u5b9a\u683c\u5728\u4e00\u4e2a\u753b\u9762\uff0c\u8be5\u6253\u67b6\u7684\u65f6\u5019\u4e0d\u6253\u67b6\uff0c\u8fc7\u591a\u7684\u63cf\u5199\u4e00\u4e9b\u65e0\u7528\u7684\uff0c\u4f7f\u5f97\u4e00\u7247\u6587\u7ae0\u53ea\u51fa\u73b0\u4e09\u81f3\u4e94\u4e2a\u955c\u5934\u3002\u5982\u679c\u628a\u6253\u67b6\u7684\u620f\u4efd\u505a\u8db3\uff0c\u6216\u8bb8\u4f1a\u589e\u52a0\u6fc0\u60c5\u4e0e\u70ed\u8840\u3002\u5982\u679c\u60f3\u6c34\u591a\u4e9b\uff0c\u4e0d\u9632\u589e\u52a0\u7bc7\u5e45\u5b57\u6570\uff0c\u5c31\u50cf\u897f\u6e38\u8bb0\u6bcf\u4e00\u7ae0\u4e03\u5343\u5b57\uff0c\u6216\u8bb8\u6548\u679c\u60ca\u4eba\u3002\u671f\u5f85\u4e2d...."}, {"userName": "\u7b11\u50b2\u5b64\u8fb0", "userReviewDate": "2018-05-31", "userURL": "http://user.17k.com/13197515", "userReview": "\u6bcf\u65e5\u4e00\u7b7e\uff0c\u52a0\u6cb9\uff01"}, {"userName": "\u7b11\u50b2\u5b64\u8fb0", "userReviewDate": "2018-05-30", "userURL": "http://user.17k.com/13197515", "userReview": "\u7b7e\u5230\uff0c\u5171\u52c9\uff0c\u52a0\u6cb9\uff01"}, {"userName": "\u7b11\u50b2\u5b64\u8fb0", "userReviewDate": "2018-05-29", "userURL": "http://user.17k.com/13197515", "userReview": "\u7b7e\u5230\uff0c\u6492\u82b1\uff0c\u4e00\u6837\u4e0d\u5c11\uff0c\u52a0\u6cb9\uff01"}, {"userName": "\u98ce042236587", "userReviewDate": "2018-05-29", "userURL": "http://user.17k.com/61878870", "userReview": "\u98ce\u5377\u957f\u7a7a\u524d\u6765\u62a5\u5230&nbsp; &nbsp;\u7b7e\u5230\uff0c\u5b66\u4e60\uff0c\u652f\u6301\uff0c\u6536\u85cf\uff01"}, {"userName": "\u7b11\u50b2\u5b64\u8fb0", "userReviewDate": "2018-05-28", "userURL": "http://user.17k.com/13197515", "userReview": "\u4e00\u8d77\u52aa\u529b\uff0c\u9c9c\u82b1\u9001\u4e0a\uff01"}, {"userName": "\u7b11\u50b2\u5b64\u8fb0", "userReviewDate": "2018-05-27", "userURL": "http://user.17k.com/13197515", "userReview": "\u7b7e\u665a\u5230\uff0c\u5468\u672b\u5f00\u5fc3\uff01\u52a0\u6cb9\uff01"}, {"userName": "\u7b11\u50b2\u5b64\u8fb0", "userReviewDate": "2018-05-26", "userURL": "http://user.17k.com/13197515", "userReview": "\u5468\u672b\u6109\u5feb\uff01"}, {"userName": "\u7b11\u50b2\u5b64\u8fb0", "userReviewDate": "2018-05-25", "userURL": "http://user.17k.com/13197515", "userReview": "\u597d\u6587\uff0c\u6253\u8d4f\u4ee5\u8d44\u9f13\u52b1\uff01"}, {"userName": "\u7b11\u50b2\u5b64\u8fb0", "userReviewDate": "2018-05-25", "userURL": "http://user.17k.com/13197515", "userReview": "[\u6253\u8d4f]\u6211\u6253\u8d4f\u4e861\u5143\u7ea2\u5305\uff01\uff01"}, {"userName": "\u7b11\u50b2\u5b64\u8fb0", "userReviewDate": "2018-05-25", "userURL": "http://user.17k.com/13197515", "userReview": "\u7b7e\u5230\uff0c\u652f\u6301\uff01\u52a0\u6cb9\uff01"}, {"userName": "\u98ce042236587", "userReviewDate": "2018-05-25", "userURL": "http://user.17k.com/61878870", "userReview": "\u6218\u795e\u5e1d\u660a\u524d\u6765\u62dc\u8bbf"}, {"userName": "\u7b11\u50b2\u5b64\u8fb0", "userReviewDate": "2018-05-24", "userURL": "http://user.17k.com/13197515", "userReview": "\u597d\u6587\u7ae0\uff0c\u600e\u4e48\u4e0d\u7b7e\u7ea6/"}, {"userName": "\u7b11\u50b2\u5b64\u8fb0", "userReviewDate": "2018-05-23", "userURL": "http://user.17k.com/13197515", "userReview": "\u9c9c\u82b1\u6492\u4e0a\uff0c\u52a0\u6cb9\uff01"}, {"userName": "\u7b11\u50b2\u5b64\u8fb0", "userReviewDate": "2018-05-22", "userURL": "http://user.17k.com/13197515", "userReview": "\u4e0b\u5348\u597d\uff01"}], "description": "\u5929\u6b66\u5927\u9646\uff0c\u4e00\u4e2a\u91cd\u751f\u7684\u5c11\u5e74\uff0c\u80cc\u8d1f\u7740\u524d\u4e16\u7684\u4ec7\u6068\uff0c\u5728\u5404\u4e2a\u964c\u751f\u7684\u4e16\u754c\u524d\u884c\uff0c\u3000\u3000\u5728\u6d85\u69c3\u91cd\u8715\u53d8\uff0c\u5728\u6740\u4f10\u4e2d\u6210\u957f\uff0c\u3000\u3000\u957f\u5929\u9053\u4e4b\u96f7\uff0c\u6267\u708e\u9b54\u4e4b\u5251\uff0c\u63a7\u5e0c\u671b\u4e4b\u706b\uff0c\u3000\u3000\u7687\u9053\u7684\u5a01\u4e25\u538b\u584c\u56db\u65b9\uff0c\u3000\u3000\u6491\u8d77\u65b0\u7684\u5e0c\u671b......", "title": "\u4e5d\u6d85", "url": "http://www.17k.com/book/2809837.html", "average": -1.0, "cover": "http://img.17k.com/images/bookcover/2018/14049/70/2809837-1524650721000.jpg", "reviews": 758, "authors": [{"url": "http://www.17k.com/zuozhe/60211665", "name": "\u6f20\u51e1\u5fc3"}], "type": ["\u5947\u5e7b\u4fee\u771f"], "outlinks": ["http://www.17k.com/book/2794982.html", "http://www.17k.com/book/2801292.html", "http://www.17k.com/book/2816318.html", "http://www.17k.com/book/2797575.html", "http://www.17k.com/book/2802516.html", "http://www.17k.com/book/2812195.html", "http://www.17k.com/book/2820143.html", "http://www.17k.com/book/2807943.html", "http://www.17k.com/book/2813457.html", "http://www.17k.com/book/2798058.html", "http://www.17k.com/book/2815617.html", "http://www.17k.com/book/2805259.html", "http://www.17k.com/book/2760255.html", "http://www.17k.com/book/2686894.html", "http://www.17k.com/book/2797016.html", "http://www.17k.com/book/2767246.html", "http://www.17k.com/book/2764239.html", "http://www.17k.com/book/2754498.html", "http://www.17k.com/book/2754900.html", "http://www.17k.com/book/2625740.html", "http://www.17k.com/book/2213315.html", "http://www.17k.com/book/2402178.html", "http://www.17k.com/book/2691221.html", "http://www.17k.com/book/2210699.html", "http://www.17k.com/book/1797752.html", "http://www.17k.com/book/2575507.html", "http://www.17k.com/book/2705181.html", "http://www.17k.com/book/2702539.html", "http://www.17k.com/book/2474887.html", "http://www.17k.com/book/2674733.html", "http://www.17k.com/book/2822076.html", "http://www.17k.com/book/2809894.html", "http://www.17k.com/book/2822077.html", "http://www.17k.com/book/2811930.html", "http://www.17k.com/book/2815548.html", "http://www.17k.com/book/2819620.html", "http://www.17k.com/book/2809964.html", "http://www.17k.com/book/2808200.html", "http://www.17k.com/book/2820100.html", "http://www.17k.com/book/2822978.html", "http://www.17k.com/book/2804337.html", "http://www.17k.com/book/2798814.html", "http://www.17k.com/book/2785153.html", "http://www.17k.com/book/2731559.html", "http://www.17k.com/book/2722533.html", "http://www.17k.com/book/2458377.html", "http://www.17k.com/book/2743300.html", "http://www.17k.com/book/973809.html", "http://www.17k.com/book/2651367.html", "http://www.17k.com/book/2726194.html", "http://www.17k.com/book/2790214.html", "http://www.17k.com/book/493239.html", "http://www.17k.com/book/108821.html", "http://www.17k.com/book/1398783.html", "http://www.17k.com/book/83528.html", "http://www.17k.com/book/1859126.html", "http://www.17k.com/book/1741975.html", "http://www.17k.com/book/192453.html", "http://www.17k.com/book/2459058.html", "http://www.17k.com/book/1050747.html", "http://www.17k.com/book/2700315.html", "http://www.17k.com/book/2818940.html", "http://www.17k.com/book/2819519.html", "http://www.17k.com/book/2816390.html", "http://www.17k.com/book/2819588.html", "http://www.17k.com/book/2813768.html", "http://www.17k.com/book/2822406.html", "http://www.17k.com/book/2772164.html", "http://www.17k.com/book/2784023.html", "http://www.17k.com/book/2811877.html", "http://www.17k.com/book/2809119.html", "http://www.17k.com/book/2803700.html", "http://www.17k.com/book/2819561.html", "http://www.17k.com/book/2746506.html", "http://www.17k.com/book/2811836.html", "http://www.17k.com/book/2614810.html", "http://www.17k.com/book/1592435.html", "http://www.17k.com/book/1949748.html", "http://www.17k.com/book/2265802.html", "http://www.17k.com/book/2743240.html", "http://www.17k.com/book/2657437.html", "http://www.17k.com/book/2644502.html", "http://www.17k.com/book/2199900.html", "http://www.17k.com/book/2725436.html", "http://www.17k.com/book/2629978.html"]}