{"ratings": -1, "userreviews": [{"userName": "\u7f18\u5e7a", "userReviewDate": "2018-05-06", "userURL": "http://user.17k.com/40802560", "userReview": "\u53ef\u4ee5\u66f4\u65b0\u4e86\u5417\uff1f"}, {"userName": "\u7f18\u5e7a", "userReviewDate": "2018-05-05", "userURL": "http://user.17k.com/40802560", "userReview": "\u600e\u4e48\u90fd\u4e0d\u66f4\u65b0\u5440"}, {"userName": "\u5149\u5934\u559c936081975", "userReviewDate": "2018-04-14", "userURL": "http://user.17k.com/60395563", "userReview": "[\u6253\u8d4f]\u6211\u6253\u8d4f\u4e862\u5143\u7ea2\u5305\uff01\uff01"}, {"userName": "\u5149\u5934\u559c936081975", "userReviewDate": "2018-04-14", "userURL": "http://user.17k.com/60395563", "userReview": "[\u6253\u8d4f]\u6211\u6253\u8d4f\u4e862\u5143\u7ea2\u5305\uff01\uff01"}, {"userName": "\u5723\u9690\u5e1d\u5143", "userReviewDate": "2018-03-31", "userURL": "http://user.17k.com/57760595", "userReview": "\u7b7e\u5230\u652f\u6301"}, {"userName": "A\u725b\u9b54\u738b", "userReviewDate": "2018-03-04", "userURL": "http://user.17k.com/56738425", "userReview": "\u597d\u4e66\u9700\u8981\u63a8\u5e7f\uff0c\u6b63\u80fd\u91cf!2018\u63a8\u8350\u4e00\u672c\u597d\u770b\u7684\u4e66<a target='_blank' href='http://www.17k.com/book/2551937.html'>\u300a\u8d85\u65b0\u4eba\u300b</a>\uff0c\u60ca\u9669\u523a\u6fc0\uff0c\u6d6a\u6f2b\u6ee1\u5c4b\uff0c\u70ed\u8840\u683c\u6597\uff0c\u751f\u6b7b\u7231\u604b\uff0c\u6696\u6627\u4e0d\u65ad\uff0c\u5929\u5929\u66f4\u65b0\uff0c\u8bf7\u591a\u5173\u7167\uff0c\u6765\u4e2a\u6536\u85cf\u554a!\uff0c\u70b9\u51fb\u4e66\u540d\u5c31\u53ef\u4ee5\u770b\u5230\u4e66\u4e86\u3002"}, {"userName": "kool\u6377", "userReviewDate": "2018-03-01", "userURL": "http://user.17k.com/56730892", "userReview": "2018\u63a8\u8350\u4e00\u672c\u597d\u770b\u7684\u4e66<a target='_blank' href='http://www.17k.com/book/2728167.html'>\u300a\u6211\u548c\u5996\u517d\u6709\u4e2a\u7ea6\u4f1a\u300b</a>,\u5929\u5929\u66f4\u65b0\uff0c\u8bf7\u591a\u5173\u7167\uff0c\u6765\u4e2a\u6536\u85cf\u554a!\uff0c\u70b9\u51fb\u4e66\u540d\u5c31\u53ef\u4ee5\u770b\u5230\u4e66\u4e86\u3002"}, {"userName": "\u674e\u632f\u5f3a\u51cc\u632f\u5b50", "userReviewDate": "2018-02-28", "userURL": "http://user.17k.com/41481450", "userReview": "\u65b0\u4eba\u4e5d\u9704\u6e05\u98ce\u643a\u65b0\u4f5c<a target='_blank' href='http://www.17k.com/book/2784527.html'>\u300a\u95ee\u5929\u4e07\u91cc\u300b</a>\u6765\u8bbf\uff0c\u5e0c\u671b\u5927\u5bb6\u591a\u591a\u652f\u6301\u4f5c\u8005\u541b\uff0c\u4e5f\u5e0c\u671b\u52a0\u5927\u652f\u6301\u4e00\u4e0b\u6e05\u98ce\u7684\u65b0\u4f5c\uff0c\u6c42\u6536\u85cf\uff0c\u6c42\u5173\u6ce8"}, {"userName": "\u6697\u591c\u6d41\u661f\u98de", "userReviewDate": "2018-02-28", "userURL": "http://user.17k.com/46865324", "userReview": "<a target='_blank' href='http://www.17k.com/book/2717155.html'>\u300a\u9082\u9005\u5973\u795e\u7231\u4e0a\u6211\u300b</a>\u6765\u8bbf\u5b66\u4e60\uff0c\u5e0c\u671b\u6709\u4eba\u80fd\u770b\u770b\uff0c\u8c22\u8c22\u3002"}, {"userName": "\u5c0f\u767d\u5c0f\u767dTWO", "userReviewDate": "2018-02-13", "userURL": "http://user.17k.com/59792440", "userReview": "\u524d\u8f88\u4e66\u5199\u7684\u771f\u7684\u5f88\u597d\uff01 <a target='_blank' href='http://www.17k.com/book/2770961.html'>\u300a\u6362\u5929\u6211\u4e3a\u5c0a\u300b</a> \u65b0\u4f5c\u54c1\u5df2\u7ecf\u51fa\u7089 \u6b22\u8fce\u6765\u8e29 \u4e0d\u4e00\u6837\u7684\u5957\u8def \u4e0d\u4e00\u6837\u7684\u4eba\u7269\u6027\u683c \u4e0d\u4e00\u6837\u7684\u4e00\u7fa4\u4eba \u90fd\u5c06\u5728\u540e\u8fb9\u7684\u5267\u60c5\u4e00\u4e00\u95ea\u73b0 \u5267\u60c5\u5f88\u597d \u6b22\u8fce\u7ed9\u51fa\u5efa\u8bae \u4fdd\u8bc1\u4e0d\u65ad\u66f4 \u800c\u4e14\u8fd8\u4f1a\u7206\u66f4 \u6bcf\u5929\u81f3\u5c113-5\u66f4"}, {"userName": "\u9ec4\u74dc\u7684\u5bbf\u547d", "userReviewDate": "2018-02-09", "userURL": "http://user.17k.com/53195742", "userReview": "<a target='_blank' href='http://www.17k.com/book/2377865.html'>\u300a\u81f3\u9738\u82cd\u751f\u8bc0\u300b</a>\u6765\u8bbf\uff0c\u6c42\u652f\u6301\u6c42\u6269\u6563\uff0c\u87f9\u87f9\u3002"}, {"userName": "\u5723\u9690\u5e1d\u5143", "userReviewDate": "2018-02-03", "userURL": "http://user.17k.com/57760595", "userReview": "<a target='_blank' href='http://www.17k.com/book/2681494.html'>\u300a\u7075\u8f69\u5f55\u300b</a>\u7b7e\u5230\u652f\u6301"}, {"userName": "\u70ed\u6d77\u6c90\u9633", "userReviewDate": "2018-01-24", "userURL": "http://user.17k.com/58610453", "userReview": "<a target='_blank' href='http://www.17k.com/book/2729786.html'>\u300a\u6211\u8fd9\u4e9b\u5e74\u7684\u4fee\u4ed9\u6545\u4e8b\u300b</a>\u6765\u8bbf\u652f\u6301\uff0c\u7ed9\u5927\u5927\u589e\u52a0\u70b9\u4eba\u6c14\uff0c\u5927\u5927\u52a0\u6cb9\u3002\u5404\u4f4d\u4e66\u53cb\u53ef\u4ee5\u770b\u4e0b\u6211\u7684\u4f5c\u54c1\uff0c\u65b0\u4eba\u6c42\u652f\u6301\u3002"}, {"userName": "xmqhome", "userReviewDate": "2018-01-22", "userURL": "http://user.17k.com/1121751", "userReview": "&nbsp; <a target='_blank' href='http://www.17k.com/book/799926.html'>\u300a\u4ed9\u7f18\u65e0\u9650\u300b</a>\u6765\u8bbf\uff0c\u62dc\u8bfb\u5927\u4f5c\uff0c\u5199\u5f97\u5f88\u7cbe\u5f69\uff0c\u9001\u4e0a\u9c9c\u82b1\u4ee5\u8868\u652f\u6301\uff0c\u795d\u5927\u5927\u8d8a\u5199\u8d8a\u597d\uff0c\u75af\u72c2\u5927\u5356\u3002\u540c\u65f6\uff0c\u501f\u8d35\u5b9d\u5730\u6253\u4e2a\u5e7f\u544a\uff0c\u672c\u4eba\u4f5c\u54c1\u6b63\u5728\u8fde\u8f7d\uff0c\u6b22\u8fce\u5404\u4f4d\u6709\u5174\u8da3\u7684\u8bfb\u8005\u591a\u591a\u524d\u5f80\u8ba2\u9605\u652f\u6301\u3002"}, {"userName": "A\u725b\u9b54\u738b", "userReviewDate": "2018-01-19", "userURL": "http://user.17k.com/56738425", "userReview": "\u63a8\u8350\u4e00\u672c\u60ca\u9669\u523a\u6fc0\u597d\u770b\u7684\u4e66<a target='_blank' href='http://www.17k.com/book/2728167.html'>\u300a\u6211\u548c\u5996\u517d\u6709\u4e2a\u7ea6\u4f1a\u300b</a>\uff0c\u8bf7\u591a\u591a\u652f\u6301\uff0c\u6765\u4e2a\u6536\u85cf\u5427! \u70b9\u51fb\u4e66\u540d\u5c31\u53ef\u4ee5\u770b\u5230\u4e66\u5566\u3002"}, {"userName": "\u58a8\u51b6\u5b50", "userReviewDate": "2018-01-17", "userURL": "http://user.17k.com/59423714", "userReview": "\u643a<a target='_blank' href='http://www.17k.com/book/2757279.html'>\u300a\u5e1d\u5c0a\u795e\u9053\u300b</a>\u524d\u6765\u7b7e\u5230\uff01\u5927\u5bb6\u4e92\u52a8\u4e00\u4e0b\u54e6\uff01"}, {"userName": "kool\u6377", "userReviewDate": "2018-01-16", "userURL": "http://user.17k.com/56730892", "userReview": "\u63a8\u8350\u4e00\u672c\u597d\u770b\u7684\u4e66<a target='_blank' href='http://www.17k.com/book/2551937.html'>\u300a\u8d85\u65b0\u4eba\u300b</a>\uff0c\u8bf7\u591a\u591a\u652f\u6301\uff0c\u6765\u4e2a\u6536\u85cf\u5427\uff01"}, {"userName": "\u6cb8\u817e\u7684\u96e8", "userReviewDate": "2018-01-11", "userURL": "http://user.17k.com/59147041", "userReview": "<a target='_blank' href='http://www.17k.com/book/2749421.html'>\u300a\u5929\u708e\u6218\u795e\u300b</a>\u65b0\u4eba\u65b0\u4e66\uff0c\u8bf7\u591a\u591a\u652f\u6301\u3002"}, {"userName": "\u97e3\u7b9b\u9011\u8d01", "userReviewDate": "2017-12-29", "userURL": "http://user.17k.com/59105996", "userReview": "\u5411\u5927\u5927\u5b66\u4e60\uff0c\u90fd\u5e02\u7206\u7b11\u65e0\u5398\u5934\u559c\u5267<a target='_blank' href='http://www.17k.com/book/2747068.html'>\u300a\u975e\u51e1\u4f7f\u547d\u300b</a>\u62dc\u4e0a\uff01\u7279\u522b\u63d0\u9192\uff1a\u770b\u4e66\u7684\u8fc7\u7a0b\u4e2d\uff0c\u7b11\u5c94\u6c14\u5c5e\u5e38\u6001\uff01"}, {"userName": "\u829d\u5170\u7389\u6811113776312", "userReviewDate": "2017-12-25", "userURL": "http://user.17k.com/54691896", "userReview": "\u4e66\u8352\u7684\u670b\u53cb\uff0c\u6211\u7ed9\u5927\u5bb6\u63a8\u8350\u4e00\u672c\u4e66<a target='_blank' href='http://www.17k.com/book/2724537.html'>\u300a\u82cd\u7a79\u8427\u5e1d\u300b</a>"}], "description": "\u4ed6\u66fe\u662f\u4ed9\u95e8\u5f03\u5f92\uff0c\u906d\u4eba\u9677\u5bb3\uff0c\u5343\u5e74\u540e\u91cd\u751f\u9192\u6765\uff0c\u51ed\u4e0d\u706d\u795e\u9b42\uff0c\u76d6\u4e16\u795e\u529f\uff0c\u4ee4\u516b\u65b9\u98ce\u4e91\u4e71\uff0c\u593a\u5929\u5730\u9020\u5316\uff0c\u638c\u751f\u6b7b\u4e4b\u6743\uff0c\u53f1\u54a4\u4e5d\u5883\uff0c\u6614\u65e5\u8bf8\u795e\u4e3a\u60e7\u3002\u3000\u3000\uff08\u60ac\u7591\u4ed9\u4fa0\u5267\u60c5\u6d41\uff0c\u4e66\u53cb\u5343\u4eba\u7fa4\uff1a76089602\u3002\u5fae\u4fe1\u516c\u4f17\u53f7\uff1a\u795e\u51fa\u53e4\u5f02\uff09", "title": "\u4e5d\u754c\u4ed9\u5c0a", "url": "http://www.17k.com/book/2697634.html", "average": -1.0, "cover": "http://img.17k.com/images/bookcover/partner/76/34/2697634/2697634.jpg", "reviews": 191350, "authors": [{"url": "http://www.17k.com/zuozhe/56805591", "name": "\u795e\u51fa\u53e4\u5f02"}], "type": ["\u53e4\u5178\u4ed9\u4fa0"], "outlinks": ["http://www.17k.com/book/2794982.html", "http://www.17k.com/book/2801292.html", "http://www.17k.com/book/2816318.html", "http://www.17k.com/book/2797575.html", "http://www.17k.com/book/2802516.html", "http://www.17k.com/book/2812195.html", "http://www.17k.com/book/2820143.html", "http://www.17k.com/book/2807943.html", "http://www.17k.com/book/2813457.html", "http://www.17k.com/book/2798058.html", "http://www.17k.com/book/2815617.html", "http://www.17k.com/book/2805259.html", "http://www.17k.com/book/2760255.html", "http://www.17k.com/book/2686894.html", "http://www.17k.com/book/2797016.html", "http://www.17k.com/book/2767246.html", "http://www.17k.com/book/2764239.html", "http://www.17k.com/book/2754498.html", "http://www.17k.com/book/2754900.html", "http://www.17k.com/book/2625740.html", "http://www.17k.com/book/2213315.html", "http://www.17k.com/book/2402178.html", "http://www.17k.com/book/2691221.html", "http://www.17k.com/book/2210699.html", "http://www.17k.com/book/1797752.html", "http://www.17k.com/book/2575507.html", "http://www.17k.com/book/2705181.html", "http://www.17k.com/book/2702539.html", "http://www.17k.com/book/2474887.html", "http://www.17k.com/book/2674733.html", "http://www.17k.com/book/2822076.html", "http://www.17k.com/book/2809894.html", "http://www.17k.com/book/2822077.html", "http://www.17k.com/book/2811930.html", "http://www.17k.com/book/2815548.html", "http://www.17k.com/book/2819620.html", "http://www.17k.com/book/2809964.html", "http://www.17k.com/book/2808200.html", "http://www.17k.com/book/2820100.html", "http://www.17k.com/book/2822978.html", "http://www.17k.com/book/2804337.html", "http://www.17k.com/book/2798814.html", "http://www.17k.com/book/2785153.html", "http://www.17k.com/book/2731559.html", "http://www.17k.com/book/2722533.html", "http://www.17k.com/book/2458377.html", "http://www.17k.com/book/2743300.html", "http://www.17k.com/book/973809.html", "http://www.17k.com/book/2651367.html", "http://www.17k.com/book/2726194.html", "http://www.17k.com/book/2790214.html", "http://www.17k.com/book/493239.html", "http://www.17k.com/book/108821.html", "http://www.17k.com/book/1398783.html", "http://www.17k.com/book/83528.html", "http://www.17k.com/book/1859126.html", "http://www.17k.com/book/1741975.html", "http://www.17k.com/book/192453.html", "http://www.17k.com/book/2459058.html", "http://www.17k.com/book/1050747.html", "http://www.17k.com/book/2700315.html", "http://www.17k.com/book/2818940.html", "http://www.17k.com/book/2819519.html", "http://www.17k.com/book/2816390.html", "http://www.17k.com/book/2819588.html", "http://www.17k.com/book/2813768.html", "http://www.17k.com/book/2822406.html", "http://www.17k.com/book/2772164.html", "http://www.17k.com/book/2784023.html", "http://www.17k.com/book/2811877.html", "http://www.17k.com/book/2809119.html", "http://www.17k.com/book/2803700.html", "http://www.17k.com/book/2819561.html", "http://www.17k.com/book/2746506.html", "http://www.17k.com/book/2811836.html", "http://www.17k.com/book/2614810.html", "http://www.17k.com/book/1592435.html", "http://www.17k.com/book/1949748.html", "http://www.17k.com/book/2265802.html", "http://www.17k.com/book/2743240.html", "http://www.17k.com/book/2657437.html", "http://www.17k.com/book/2644502.html", "http://www.17k.com/book/2199900.html", "http://www.17k.com/book/2725436.html", "http://www.17k.com/book/2629978.html"]}