{"ratings": -1, "userreviews": [{"userName": "17K\u4e66\u53cbMQZVSMJP", "userReviewDate": "2018-06-08", "userURL": "http://user.17k.com/62633397", "userReview": "\u7d2b\u5c9a\u5927\u5c0f\u59d0\u7b7e\u5230"}, {"userName": "17K\u4e66\u53cbUI8MYGOI", "userReviewDate": "2018-06-08", "userURL": "http://user.17k.com/62473800", "userReview": "[\u6253\u8d4f]\u6211\u6253\u8d4f\u4e862\u5143\u7ea2\u5305\uff01\uff01"}, {"userName": "17K\u4e66\u53cbUI8MYGOI", "userReviewDate": "2018-06-08", "userURL": "http://user.17k.com/62473800", "userReview": "[\u6253\u8d4f]\u6211\u6253\u8d4f\u4e861\u4e2a'\u5c0f\u5fc3\u5fc3'\uff01\uff01"}, {"userName": "17K\u4e66\u53cbMQZVSMJP", "userReviewDate": "2018-06-08", "userURL": "http://user.17k.com/62633397", "userReview": "[\u6253\u8d4f]\u6211\u6253\u8d4f\u4e861\u5143\u7ea2\u5305\uff01\uff01"}, {"userName": "17K\u4e66\u53cbMQZVSMJP", "userReviewDate": "2018-06-08", "userURL": "http://user.17k.com/62633397", "userReview": "\u60c5\u8282\u8dcc\u5b95\uff0c\u4f5c\u8005\u6587\u5b57\u529f\u5e95\u6df1\u539a\uff0c\u4e00\u90e8\u96be\u5f97\u7684\u7f51\u7edc\u597d\u4e66\uff0c\u88ab\u5708\u7c89"}, {"userName": "17K\u4e66\u53cbMQZVSMJP", "userReviewDate": "2018-06-08", "userURL": "http://user.17k.com/62633397", "userReview": "[\u6253\u8d4f]\u6211\u6253\u8d4f\u4e861\u4e2a'\u5c0f\u5fc3\u5fc3'\uff01\uff01"}, {"userName": "17K\u4e66\u53cbMQZVSMJP", "userReviewDate": "2018-06-08", "userURL": "http://user.17k.com/62633397", "userReview": "[\u6253\u8d4f]\u6211\u6253\u8d4f\u4e861\u4e2a'\u5c0f\u5fc3\u5fc3'\uff01\uff01"}, {"userName": "17K\u4e66\u53cbUI8MYGOI", "userReviewDate": "2018-06-07", "userURL": "http://user.17k.com/62473800", "userReview": "[\u6253\u8d4f]\u6211\u6253\u8d4f\u4e865\u5143\u7ea2\u5305\uff01\uff01"}, {"userName": "17K\u4e66\u53cbUI8MYGOI", "userReviewDate": "2018-06-07", "userURL": "http://user.17k.com/62473800", "userReview": "[\u6253\u8d4f]\u6211\u6253\u8d4f\u4e865\u5143\u7ea2\u5305\uff01\uff01"}, {"userName": "17K\u4e66\u53cbUI8MYGOI", "userReviewDate": "2018-06-06", "userURL": "http://user.17k.com/62473800", "userReview": "[\u6253\u8d4f]\u6211\u6253\u8d4f\u4e862\u5143\u7ea2\u5305\uff01\uff01"}, {"userName": "17K\u4e66\u53cbUI8MYGOI", "userReviewDate": "2018-06-06", "userURL": "http://user.17k.com/62473800", "userReview": "[\u6253\u8d4f]\u6211\u6253\u8d4f\u4e861\u4e2a'\u5c0f\u5fc3\u5fc3'\uff01\uff01"}, {"userName": "17K\u4e66\u53cbUI8MYGOI", "userReviewDate": "2018-06-04", "userURL": "http://user.17k.com/62473800", "userReview": "[\u6253\u8d4f]\u6211\u6253\u8d4f\u4e861\u4e2a'\u5c0f\u5fc3\u5fc3'\uff01\uff01"}, {"userName": "17K\u4e66\u53cbUI8MYGOI", "userReviewDate": "2018-06-03", "userURL": "http://user.17k.com/62473800", "userReview": "\u8fd9\u6837\u4e0d\u591a\u89c1\u7684\u597d\u4e66\u5fc5\u987b\u9876\uff01"}, {"userName": "17K\u4e66\u53cbUI8MYGOI", "userReviewDate": "2018-06-03", "userURL": "http://user.17k.com/62473800", "userReview": "[\u6253\u8d4f]\u6211\u6253\u8d4f\u4e862\u5143\u7ea2\u5305\uff01\uff01"}, {"userName": "17K\u4e66\u53cbUI8MYGOI", "userReviewDate": "2018-06-03", "userURL": "http://user.17k.com/62473800", "userReview": "\u770b\u8fc7\u90a3\u4e48\u591a\u5c0f\u8bf4\uff0c\u8fd9\u672c\uff0c\u771f\u5fc3\u4e0d\u9519\uff01"}, {"userName": "17K\u4e66\u53cbUI8MYGOI", "userReviewDate": "2018-06-03", "userURL": "http://user.17k.com/62473800", "userReview": "[\u6253\u8d4f]\u6211\u6253\u8d4f\u4e862\u5143\u7ea2\u5305\uff01\uff01"}, {"userName": "17K\u4e66\u53cbUI8MYGOI", "userReviewDate": "2018-06-03", "userURL": "http://user.17k.com/62473800", "userReview": "\u5199\u7684\u5f88\u662f\u5927\u6c14\uff0c\u503c\u5f97\u4e00\u8bfb\uff0c\u6536\u85cf\u4e86"}, {"userName": "17K\u4e66\u53cbUI8MYGOI", "userReviewDate": "2018-06-03", "userURL": "http://user.17k.com/62473800", "userReview": "[\u6253\u8d4f]\u6211\u6253\u8d4f\u4e861\u5143\u7ea2\u5305\uff01\uff01"}, {"userName": "17K\u4e66\u53cbUI8MYGOI", "userReviewDate": "2018-06-03", "userURL": "http://user.17k.com/62473800", "userReview": "[\u6253\u8d4f]\u6211\u6253\u8d4f\u4e861\u4e2a'\u5c0f\u5fc3\u5fc3'\uff01\uff01"}, {"userName": "\u5929\u9a6c\u884c\u7a7a5379", "userReviewDate": "2018-06-03", "userURL": "http://user.17k.com/62386006", "userReview": "[\u6253\u8d4f]\u6211\u6253\u8d4f\u4e868\u5143\u7ea2\u5305\uff01\uff01"}], "description": "\u5929\u624d\u5c11\u5e74\u725f\u5b50\u67ab\uff0c\u8bef\u5165\u9b54\u754c\uff0c\u5c61\u83b7\u5947\u7f18\uff0c\u4e00\u8154\u70ed\u8840\uff0c\u7eb5\u6a2a\u636d\u9616\u3002\u3000\u3000\u6b63\u4e49\u4e4b\u5251\u65a9\u5c3d\u9b51\u9b45\u9b4d\u9b49\uff0c\u5a01\u6b66\u4e4b\u5e08\u8e0f\u7834\u4e09\u754c\u98ce\u4e91\u3002\u3000\u3000\u4eba\u5fc3\u53f5\u6d4b\uff0c\u5927\u667a\u5468\u65cb\u3002\u3000\u3000\u5929\u9053\u662d\u5f70\uff0c\u552f\u543e\u5c01\u5929\uff01", "title": "\u4e5d\u77b3\u81f3\u5c0a", "url": "http://www.17k.com/book/2833438.html", "average": -1.0, "cover": "http://img.17k.com/images/bookcover/default_cover1.jpg", "reviews": 498, "authors": [{"url": "http://www.17k.com/zuozhe/62386006", "name": "\u5929\u9a6c\u884c\u7a7a70"}], "type": ["\u4e1c\u65b9\u7384\u5e7b"], "outlinks": ["http://www.17k.com/book/2794982.html", "http://www.17k.com/book/2801292.html", "http://www.17k.com/book/2816318.html", "http://www.17k.com/book/2797575.html", "http://www.17k.com/book/2802516.html", "http://www.17k.com/book/2812195.html", "http://www.17k.com/book/2820143.html", "http://www.17k.com/book/2807943.html", "http://www.17k.com/book/2813457.html", "http://www.17k.com/book/2798058.html", "http://www.17k.com/book/2815617.html", "http://www.17k.com/book/2805259.html", "http://www.17k.com/book/2760255.html", "http://www.17k.com/book/2686894.html", "http://www.17k.com/book/2797016.html", "http://www.17k.com/book/2767246.html", "http://www.17k.com/book/2764239.html", "http://www.17k.com/book/2754498.html", "http://www.17k.com/book/2754900.html", "http://www.17k.com/book/2625740.html", "http://www.17k.com/book/2213315.html", "http://www.17k.com/book/2402178.html", "http://www.17k.com/book/2691221.html", "http://www.17k.com/book/2210699.html", "http://www.17k.com/book/1797752.html", "http://www.17k.com/book/2575507.html", "http://www.17k.com/book/2705181.html", "http://www.17k.com/book/2702539.html", "http://www.17k.com/book/2474887.html", "http://www.17k.com/book/2674733.html", "http://www.17k.com/book/2822076.html", "http://www.17k.com/book/2809894.html", "http://www.17k.com/book/2822077.html", "http://www.17k.com/book/2811930.html", "http://www.17k.com/book/2815548.html", "http://www.17k.com/book/2819620.html", "http://www.17k.com/book/2809964.html", "http://www.17k.com/book/2808200.html", "http://www.17k.com/book/2820100.html", "http://www.17k.com/book/2822978.html", "http://www.17k.com/book/2804337.html", "http://www.17k.com/book/2798814.html", "http://www.17k.com/book/2785153.html", "http://www.17k.com/book/2731559.html", "http://www.17k.com/book/2722533.html", "http://www.17k.com/book/2458377.html", "http://www.17k.com/book/2743300.html", "http://www.17k.com/book/973809.html", "http://www.17k.com/book/2651367.html", "http://www.17k.com/book/2726194.html", "http://www.17k.com/book/2790214.html", "http://www.17k.com/book/493239.html", "http://www.17k.com/book/108821.html", "http://www.17k.com/book/1398783.html", "http://www.17k.com/book/83528.html", "http://www.17k.com/book/1859126.html", "http://www.17k.com/book/1741975.html", "http://www.17k.com/book/192453.html", "http://www.17k.com/book/2459058.html", "http://www.17k.com/book/1050747.html", "http://www.17k.com/book/2700315.html", "http://www.17k.com/book/2818940.html", "http://www.17k.com/book/2819519.html", "http://www.17k.com/book/2816390.html", "http://www.17k.com/book/2819588.html", "http://www.17k.com/book/2813768.html", "http://www.17k.com/book/2822406.html", "http://www.17k.com/book/2772164.html", "http://www.17k.com/book/2784023.html", "http://www.17k.com/book/2811877.html", "http://www.17k.com/book/2809119.html", "http://www.17k.com/book/2803700.html", "http://www.17k.com/book/2819561.html", "http://www.17k.com/book/2746506.html", "http://www.17k.com/book/2811836.html", "http://www.17k.com/book/2614810.html", "http://www.17k.com/book/1592435.html", "http://www.17k.com/book/1949748.html", "http://www.17k.com/book/2265802.html", "http://www.17k.com/book/2743240.html", "http://www.17k.com/book/2657437.html", "http://www.17k.com/book/2644502.html", "http://www.17k.com/book/2199900.html", "http://www.17k.com/book/2725436.html", "http://www.17k.com/book/2629978.html"]}