{"ratings": -1, "userreviews": [], "description": "\u5929\u9a84\u516d\u4e5d\uff0c\u4e0d\u8d62\u4e0d\u4f11\u3002\u52c7\u5f80\u76f4\u524d\uff0c\u4e0d\u61c8\u8ffd\u6c42\u3002\u3000\u3000\u4e00\u6761\u6bdb\u6bdb\u866b\u6837\u7684\u56fd\u5bb6\uff0c\u51ed\u4f55\u5c61\u5c61\u6311\u8845\u6211\u4eec\u7684\u7956\u56fd\uff0c\u8ba9\u6211\u4eec\u56fd\u4eba\u500d\u53d7\u6b3a\u8fb1\uff01\uff01\u3000\u3000\u56e0\u4e3a\u6211\u4eec\u592a\u8fc7\u4e8e\u8f6f\u5f31\uff0c\u9ebb\u6728\uff0c\u53cb\u5584\uff01\uff01\u3000\u3000\u8eab\u4e3a\u4e5d\u73ed\u6218\u795e\uff0c\u6211\u4eec\u8981\u7528\u81ea\u5df1\u7684\u884c\u52a8\u544a\u8bc9\u5984\u56fe\u628a\u6211\u4eec\u7684\u7956\u56fd\u53d8\u6210\u6b96\u6c11\u5730\u7684\u5f39\u4e38\u5c0f\u56fd:\u72af\u6211\u4e2d\u534e\u8005\uff0c\u5fc5\u8bdb\uff01\u3000\u3000\u6211\u4eec\u4e5d\u73ed\u5b81\u613f\u51b2\u5728\u6218\u6597\u7b2c\u4e00\u7ebf\uff0c\u505a\u4e2d\u56fd\u6700\u51f6\u731b\u6700\u72e0\u8fa3\u7684\u5b88\u62a4\u8005\uff0c\u53ea\u4e3a\u4fdd\u536b\u7956\u56fd\uff01\uff01", "title": "\u4e5d\u73ed\u9b42", "url": "http://www.17k.com/book/2775025.html", "average": -1.0, "cover": "http://img.17k.com/images/bookcover/2018/13875/69/2775025-1518242079000.jpg", "reviews": 506, "authors": [{"url": "http://www.17k.com/zuozhe/59869895", "name": "\u9752\u4e18\u72d0\u5c11"}], "type": ["\u6218\u53f2\u98ce\u4e91"], "outlinks": ["http://www.17k.com/book/2794982.html", "http://www.17k.com/book/2801292.html", "http://www.17k.com/book/2816318.html", "http://www.17k.com/book/2797575.html", "http://www.17k.com/book/2802516.html", "http://www.17k.com/book/2812195.html", "http://www.17k.com/book/2820143.html", "http://www.17k.com/book/2807943.html", "http://www.17k.com/book/2813457.html", "http://www.17k.com/book/2798058.html", "http://www.17k.com/book/2815617.html", "http://www.17k.com/book/2805259.html", "http://www.17k.com/book/2760255.html", "http://www.17k.com/book/2686894.html", "http://www.17k.com/book/2797016.html", "http://www.17k.com/book/2767246.html", "http://www.17k.com/book/2764239.html", "http://www.17k.com/book/2754498.html", "http://www.17k.com/book/2754900.html", "http://www.17k.com/book/2625740.html", "http://www.17k.com/book/2213315.html", "http://www.17k.com/book/2402178.html", "http://www.17k.com/book/2691221.html", "http://www.17k.com/book/2210699.html", "http://www.17k.com/book/1797752.html", "http://www.17k.com/book/2575507.html", "http://www.17k.com/book/2705181.html", "http://www.17k.com/book/2702539.html", "http://www.17k.com/book/2474887.html", "http://www.17k.com/book/2674733.html", "http://www.17k.com/book/2822076.html", "http://www.17k.com/book/2809894.html", "http://www.17k.com/book/2822077.html", "http://www.17k.com/book/2811930.html", "http://www.17k.com/book/2815548.html", "http://www.17k.com/book/2819620.html", "http://www.17k.com/book/2809964.html", "http://www.17k.com/book/2808200.html", "http://www.17k.com/book/2820100.html", "http://www.17k.com/book/2822978.html", "http://www.17k.com/book/2804337.html", "http://www.17k.com/book/2798814.html", "http://www.17k.com/book/2785153.html", "http://www.17k.com/book/2731559.html", "http://www.17k.com/book/2722533.html", "http://www.17k.com/book/2458377.html", "http://www.17k.com/book/2743300.html", "http://www.17k.com/book/973809.html", "http://www.17k.com/book/2651367.html", "http://www.17k.com/book/2726194.html", "http://www.17k.com/book/2790214.html", "http://www.17k.com/book/493239.html", "http://www.17k.com/book/108821.html", "http://www.17k.com/book/1398783.html", "http://www.17k.com/book/83528.html", "http://www.17k.com/book/1859126.html", "http://www.17k.com/book/1741975.html", "http://www.17k.com/book/192453.html", "http://www.17k.com/book/2459058.html", "http://www.17k.com/book/1050747.html", "http://www.17k.com/book/2700315.html", "http://www.17k.com/book/2818940.html", "http://www.17k.com/book/2819519.html", "http://www.17k.com/book/2816390.html", "http://www.17k.com/book/2819588.html", "http://www.17k.com/book/2813768.html", "http://www.17k.com/book/2822406.html", "http://www.17k.com/book/2772164.html", "http://www.17k.com/book/2784023.html", "http://www.17k.com/book/2811877.html", "http://www.17k.com/book/2809119.html", "http://www.17k.com/book/2803700.html", "http://www.17k.com/book/2819561.html", "http://www.17k.com/book/2746506.html", "http://www.17k.com/book/2811836.html", "http://www.17k.com/book/2614810.html", "http://www.17k.com/book/1592435.html", "http://www.17k.com/book/1949748.html", "http://www.17k.com/book/2265802.html", "http://www.17k.com/book/2743240.html", "http://www.17k.com/book/2657437.html", "http://www.17k.com/book/2644502.html", "http://www.17k.com/book/2199900.html", "http://www.17k.com/book/2725436.html", "http://www.17k.com/book/2629978.html"]}