{"ratings": -1, "userreviews": [], "description": "\u4ed6\u53eb\u5929\u4f55\uff0c\u4ed9\u754c\u7b2c\u4e00\u6218\u795e\u5927\u5f1f\u5b50\uff0c\u4ed9\u754c\u7b2c\u4e00\u795e\u5251\u6240\u5316\u3002\u3000\u3000\u6570\u4e07\u8f7d\u5149\u9634\uff0c\u53ea\u4e3a\u8361\u6da4\u90aa\u9b54\uff0c\u5b88\u62a4\u4e16\u95f4\u592a\u5e73\u3002\u3000\u3000\u4ed9\u9b54\u4e24\u754c\u76f8\u5b89\u65e0\u4e8b\u540e\uff0c\u9690\u5c45\u51e1\u754c\u987b\u5f25\u5c71\uff0c\u770b\u4e91\u5377\u4e91\u8212\u3001\u82b1\u5f00\u82b1\u843d\uff0c\u5b88\u7740\u795e\u4ed9\u7684\u6f2b\u6f2b\u4e00\u751f\u3002\u3000\u3000\u5979\u53eb\u9701\u9704\uff0c\u987b\u5f25\u5c71\u4e0b\u70df\u971e\u6751\u4e2d\u4e0d\u8c19\u4e16\u4e8b\u73a9\u95f9\u7ea2\u5c18\u7684\u5c11\u5973\u3002\u3000\u3000\u5341\u4e8c\u5c81\u4e4b\u524d\uff0c\u5979\u7684\u4e16\u754c\u5355\u7eaf\u660e\u5a9a\uff0c\u5b88\u7740\u51e1\u754c\u7684\u6f2b\u6f2b\u4e00\u751f\u3002\u3000\u3000\u5341\u4e8c\u5c81\u751f\u8fb0\uff0c\u767d\u6c34\u6cb3\u7554\u76f8\u9047\uff0c\u60ca\u9e3f\u4e00\u77a5\uff0c\u4ed6\u65b9\u77e5\u8fd9\u6570\u4e07\u5e74\u7684\u65f6\u5149\uff0c\u4ed6\u9664\u4e86\u5b88\u536b\u5929\u4e0b\u7684\u8d23\u4efb\uff0c\u53ea\u662f\u5728\u7b49\u5f85\u5979\u7684\u51fa\u73b0\u800c\u5df2\uff1b\u800c\u5979\u4ece\u6b64\u591a\u4e86\u4e00\u4e2a\u75f4\u68a6\uff0c\u4fee\u9053\u6210\u4ed9\uff0c\u4e0e\u8fd9\u4f4d\u795e\u4ed9\u54e5\u54e5\u957f\u76f8\u53ae\u5b88\u3002\u3000\u3000\u4ed6\u4eec\u4e0d\u77e5\u9053\u7684\u662f\uff0c\u5979\u672c\u5e76\u4e0d\u662f\u51e1\u4eba\uff0c\u800c\u4ed6\u548c\u5979\u4e4b\u95f4\uff0c\u547d\u8fd0\u65e9\u5df2\u8fde\u4e3a\u4e00\u7ebf\u2026\u2026", "title": "\u4e5d\u9704\u9701", "url": "http://www.17k.com/book/2469500.html", "average": -1.0, "cover": "http://img.17k.com/images/bookcover/default_cover2.jpg", "reviews": 1576, "authors": [{"url": "http://www.17k.com/zuozhe/54155752", "name": "\u516b\u5341\u5f26"}], "type": ["\u7384\u5e7b\u4ed9\u4fa0"], "outlinks": ["http://www.17k.com/book/2794982.html", "http://www.17k.com/book/2801292.html", "http://www.17k.com/book/2816318.html", "http://www.17k.com/book/2797575.html", "http://www.17k.com/book/2802516.html", "http://www.17k.com/book/2812195.html", "http://www.17k.com/book/2820143.html", "http://www.17k.com/book/2807943.html", "http://www.17k.com/book/2813457.html", "http://www.17k.com/book/2798058.html", "http://www.17k.com/book/2815617.html", "http://www.17k.com/book/2805259.html", "http://www.17k.com/book/2760255.html", "http://www.17k.com/book/2686894.html", "http://www.17k.com/book/2797016.html", "http://www.17k.com/book/2767246.html", "http://www.17k.com/book/2764239.html", "http://www.17k.com/book/2754498.html", "http://www.17k.com/book/2754900.html", "http://www.17k.com/book/2625740.html", "http://www.17k.com/book/2213315.html", "http://www.17k.com/book/2402178.html", "http://www.17k.com/book/2691221.html", "http://www.17k.com/book/2210699.html", "http://www.17k.com/book/1797752.html", "http://www.17k.com/book/2575507.html", "http://www.17k.com/book/2705181.html", "http://www.17k.com/book/2702539.html", "http://www.17k.com/book/2474887.html", "http://www.17k.com/book/2674733.html", "http://www.17k.com/book/2822076.html", "http://www.17k.com/book/2809894.html", "http://www.17k.com/book/2822077.html", "http://www.17k.com/book/2811930.html", "http://www.17k.com/book/2815548.html", "http://www.17k.com/book/2819620.html", "http://www.17k.com/book/2809964.html", "http://www.17k.com/book/2808200.html", "http://www.17k.com/book/2820100.html", "http://www.17k.com/book/2822978.html", "http://www.17k.com/book/2804337.html", "http://www.17k.com/book/2798814.html", "http://www.17k.com/book/2785153.html", "http://www.17k.com/book/2731559.html", "http://www.17k.com/book/2722533.html", "http://www.17k.com/book/2458377.html", "http://www.17k.com/book/2743300.html", "http://www.17k.com/book/973809.html", "http://www.17k.com/book/2651367.html", "http://www.17k.com/book/2726194.html", "http://www.17k.com/book/2790214.html", "http://www.17k.com/book/493239.html", "http://www.17k.com/book/108821.html", "http://www.17k.com/book/1398783.html", "http://www.17k.com/book/83528.html", "http://www.17k.com/book/1859126.html", "http://www.17k.com/book/1741975.html", "http://www.17k.com/book/192453.html", "http://www.17k.com/book/2459058.html", "http://www.17k.com/book/1050747.html", "http://www.17k.com/book/2700315.html", "http://www.17k.com/book/2818940.html", "http://www.17k.com/book/2819519.html", "http://www.17k.com/book/2816390.html", "http://www.17k.com/book/2819588.html", "http://www.17k.com/book/2813768.html", "http://www.17k.com/book/2822406.html", "http://www.17k.com/book/2772164.html", "http://www.17k.com/book/2784023.html", "http://www.17k.com/book/2811877.html", "http://www.17k.com/book/2809119.html", "http://www.17k.com/book/2803700.html", "http://www.17k.com/book/2819561.html", "http://www.17k.com/book/2746506.html", "http://www.17k.com/book/2811836.html", "http://www.17k.com/book/2614810.html", "http://www.17k.com/book/1592435.html", "http://www.17k.com/book/1949748.html", "http://www.17k.com/book/2265802.html", "http://www.17k.com/book/2743240.html", "http://www.17k.com/book/2657437.html", "http://www.17k.com/book/2644502.html", "http://www.17k.com/book/2199900.html", "http://www.17k.com/book/2725436.html", "http://www.17k.com/book/2629978.html"]}