{"ratings": -1, "userreviews": [{"userName": "\u7f6a\u627f", "userReviewDate": "2018-03-21", "userURL": "http://user.17k.com/60097133", "userReview": "\u4f5c\u8005\u5a01\u6b66\uff0c<a target='_blank' href='http://www.17k.com/book/2782565.html'>\u300a\u64ce\u5929\u5e1d\u4e3b\u300b</a>\u524d\u6765\u795d\u8d3a\u5927\u5927\u5927\u4f5c\u5927\u5356"}, {"userName": "\u84a8\u58a8", "userReviewDate": "2018-02-24", "userURL": "http://user.17k.com/55976660", "userReview": "\u4f5c\u8005\u5927\u5927\u7684\u4e66\u771f\u597d\u770b\uff0c\u5df2\u7ecf\u6536\u85cf\u3002\u4e66\u8352\u7684\u670b\u53cb\uff0c\u6211\u7ed9\u5927\u5bb6\u63a8\u8350\u4e00\u672c\u4e66<a target='_blank' href='http://www.17k.com/book/2770227.html'>\u300a\u5251\u5df2\u51fa\u9798\u300b</a>\u3002"}, {"userName": "xmqhome", "userReviewDate": "2017-12-27", "userURL": "http://user.17k.com/1121751", "userReview": "&nbsp; <a target='_blank' href='http://www.17k.com/book/799926.html'>\u300a\u4ed9\u7f18\u65e0\u9650\u300b</a>\u6765\u8bbf\uff0c\u9001\u82b1\u652f\u6301\uff0c\u795d\u8d8a\u5199\u8d8a\u597d\uff0c\u4f5c\u54c1\u75af\u72c2\u5927\u5356\u3002\u540c\u65f6\uff0c\u501f\u8d35\u5b9d\u5730\u6253\u4e2a\u5e7f\u544a\uff0c\u672c\u4eba\u4f5c\u54c1\u6b63\u5728\u8fde\u8f7d\uff0c\u6b22\u8fce\u5404\u4f4d\u6709\u5174\u8da3\u7684\u8bfb\u8005\u591a\u591a\u524d\u5f80\u8ba2\u9605\u652f\u6301\u3002"}, {"userName": "\u6625\u79cb\u5144", "userReviewDate": "2017-12-25", "userURL": "http://user.17k.com/58519982", "userReview": "\u6625\u79cb\u5144\u643a\u5e26<a target='_blank' href='http://www.17k.com/book/2731490.html'>\u300a\u5fa1\u6b66\u5f11\u5929\u300b</a>\u524d\u6765\u652f\u6301\u5927\u5927\uff01\uff01\u52a0\u6cb9\u54e6\uff01\uff01"}, {"userName": "\u884d\u6c5f", "userReviewDate": "2017-12-24", "userURL": "http://user.17k.com/58935745", "userReview": "[\u6253\u8d4f]\u6211\u6253\u8d4f\u4e861\u5143\u7ea2\u5305\uff01\uff01"}, {"userName": "\u884d\u6c5f", "userReviewDate": "2017-12-24", "userURL": "http://user.17k.com/58935745", "userReview": "<span style='color:red'><a target='_blank' href='http://www.17k.com/book/2743655.html'>\u300a\u9f99\u8840\u795e\u5175\u300b</a>\u300a\u9f99\u8840\u795e\u5175<a target='_blank' href='http://www.17k.com/book/2743655.html'>\u300a\u9f99\u8840\u795e\u5175\u300b</a>\u524d\u6765\u8e6d\u4e00\u6ce2</span>"}], "description": "\u7ea2\u5c18\u6709\u8def\u591a\u8ff7\u60d8\uff0c\u6076\u4e16\u6d4a\u6c61\u5c3d\u5f89\u5f9c\uff0c\u4e0d\u7fa1\u8bf8\u4ed9\u957f\u751f\u5fd7\uff0c\u5c82\u80dc\u4eca\u5bb5\u9189\u4e00\u573a\u3002", "title": "\u4e5d\u9633\u6218\u5c0a", "url": "http://www.17k.com/book/2692326.html", "average": -1.0, "cover": "http://img.17k.com/images/bookcover/partner/23/26/2692326/2692326.jpg", "reviews": 31731, "authors": [{"url": "http://www.17k.com/zuozhe/56805969", "name": "\u6218\u6597\u5927\u767d\u83dc"}], "type": ["\u4e1c\u65b9\u7384\u5e7b"], "outlinks": ["http://www.17k.com/book/2794982.html", "http://www.17k.com/book/2801292.html", "http://www.17k.com/book/2816318.html", "http://www.17k.com/book/2797575.html", "http://www.17k.com/book/2802516.html", "http://www.17k.com/book/2812195.html", "http://www.17k.com/book/2820143.html", "http://www.17k.com/book/2807943.html", "http://www.17k.com/book/2813457.html", "http://www.17k.com/book/2798058.html", "http://www.17k.com/book/2815617.html", "http://www.17k.com/book/2805259.html", "http://www.17k.com/book/2760255.html", "http://www.17k.com/book/2686894.html", "http://www.17k.com/book/2797016.html", "http://www.17k.com/book/2767246.html", "http://www.17k.com/book/2764239.html", "http://www.17k.com/book/2754498.html", "http://www.17k.com/book/2754900.html", "http://www.17k.com/book/2625740.html", "http://www.17k.com/book/2213315.html", "http://www.17k.com/book/2402178.html", "http://www.17k.com/book/2691221.html", "http://www.17k.com/book/2210699.html", "http://www.17k.com/book/1797752.html", "http://www.17k.com/book/2575507.html", "http://www.17k.com/book/2705181.html", "http://www.17k.com/book/2702539.html", "http://www.17k.com/book/2474887.html", "http://www.17k.com/book/2674733.html", "http://www.17k.com/book/2822076.html", "http://www.17k.com/book/2809894.html", "http://www.17k.com/book/2822077.html", "http://www.17k.com/book/2811930.html", "http://www.17k.com/book/2815548.html", "http://www.17k.com/book/2819620.html", "http://www.17k.com/book/2809964.html", "http://www.17k.com/book/2808200.html", "http://www.17k.com/book/2820100.html", "http://www.17k.com/book/2822978.html", "http://www.17k.com/book/2804337.html", "http://www.17k.com/book/2798814.html", "http://www.17k.com/book/2785153.html", "http://www.17k.com/book/2731559.html", "http://www.17k.com/book/2722533.html", "http://www.17k.com/book/2458377.html", "http://www.17k.com/book/2743300.html", "http://www.17k.com/book/973809.html", "http://www.17k.com/book/2651367.html", "http://www.17k.com/book/2726194.html", "http://www.17k.com/book/2790214.html", "http://www.17k.com/book/493239.html", "http://www.17k.com/book/108821.html", "http://www.17k.com/book/1398783.html", "http://www.17k.com/book/83528.html", "http://www.17k.com/book/1859126.html", "http://www.17k.com/book/1741975.html", "http://www.17k.com/book/192453.html", "http://www.17k.com/book/2459058.html", "http://www.17k.com/book/1050747.html", "http://www.17k.com/book/2700315.html", "http://www.17k.com/book/2818940.html", "http://www.17k.com/book/2819519.html", "http://www.17k.com/book/2816390.html", "http://www.17k.com/book/2819588.html", "http://www.17k.com/book/2813768.html", "http://www.17k.com/book/2822406.html", "http://www.17k.com/book/2772164.html", "http://www.17k.com/book/2784023.html", "http://www.17k.com/book/2811877.html", "http://www.17k.com/book/2809119.html", "http://www.17k.com/book/2803700.html", "http://www.17k.com/book/2819561.html", "http://www.17k.com/book/2746506.html", "http://www.17k.com/book/2811836.html", "http://www.17k.com/book/2614810.html", "http://www.17k.com/book/1592435.html", "http://www.17k.com/book/1949748.html", "http://www.17k.com/book/2265802.html", "http://www.17k.com/book/2743240.html", "http://www.17k.com/book/2657437.html", "http://www.17k.com/book/2644502.html", "http://www.17k.com/book/2199900.html", "http://www.17k.com/book/2725436.html", "http://www.17k.com/book/2629978.html"]}