{"ratings": -1, "userreviews": [{"userName": "\u5a36\u732b\u7684\u8001\u9f20", "userReviewDate": "2012-10-30", "userURL": "http://user.17k.com/2420173", "userReview": "\u4f5c\u54c1\uff1a<a target='_blank' href='http://www.17k.com/book/85549.html'>\u300a\u6218\u7687\u300b</a>\uff08\u5df2\u5b8c\u7ed3\uff09\n\u4f5c\u8005\uff1a\u50b2\u5929\u65e0\u75d5\n\u4f5c\u54c1\u5b57\u6570\uff1a713\u4e07\u5b57\n\u8fde\u63a5\uff1ahttp://www.17k.com/book/85549.html\n\u602a\u80ce\u8c22\u50b2\u5b87\u672c\u65e0\u6cd5\u4fee\u70bc\u6597\u6c14\uff0c\u610f\u5916\u5f97\u5230\u4e00\u679a\u795e\u79d8\u7684\u795e\u4e39\uff0c\u547d\u8fd0\u8f6c\u6298\uff0c\u5f97\u65e0\u4e0a\u5929\u738b\u5200\uff0c\u611f\u609f\u751f\u547d\u771f\u8c1b\uff0c\u72ec\u521b\u65f6\u95f4\u6597\u6280\u3001\u7a7a\u95f4\u6597\u6280\uff0c\u51b3\u6218\u4e0a\u53e4\u5927\u5bb6\u65cf\uff0c\u5927\u9646\u767e\u65cf\uff0c\u5728\u5947\u5965\u5927\u9646\u7ffb\u624b\u4e3a\u4e91\u8986\u624b\u4e3a\u96e8\uff0c\u4e0e\u53f2\u518c\u4e0a\u7559\u4e0b\u4e07\u53e4\u6700\u4e3a\u6d53\u91cd\u7684\u4e00\u7b14\uff0c\u662f\u4e3a\u66b4\u541b\u4e00\u6012\uff0c\u6d41\u8840\u5343\u91cc\uff1b\u5200\u72c2\u5578\u5929\uff0c\u4e07\u4e16\u81e3\u670d\u7684\u8f89\u714c\u7bc7\u7ae0\u3002\n\n\u4f5c\u54c1\uff1a<a target='_blank' href='http://www.17k.com/book/399539.html'>\u300a\u754c\u7687\u300b</a>\n\u4f5c\u8005\uff1a\u50b2\u5929\u65e0\u75d5\n\u4f5c\u54c1\u5b57\u6570\uff1a68\u4e07\u5b57(\u65e5\u66f4\u4e09\u7ae0\uff0c\u4e0d\u5b9a\u65f6\u7206\u53d1)\n\u8fde\u63a5\uff1ahttp://www.17k.com/book/"}, {"userName": "\u8840\u916c", "userReviewDate": "2010-11-12", "userURL": "http://user.17k.com/2296", "userReview": "\u5475\u5475"}, {"userName": "\u029f\u1d1c\u1d0f-x\u026a\u1d64\u1a5b", "userReviewDate": "2018-05-03", "userURL": "http://user.17k.com/61459152", "userReview": "\u5305\u6708\u514d\u8d39\u770b\u4e48"}, {"userName": "17K\u4e66\u53cba3z44bri", "userReviewDate": "2018-04-05", "userURL": "http://user.17k.com/60912624", "userReview": "[\u6253\u8d4f]\u6211\u6253\u8d4f\u4e861\u5143\u7ea2\u5305\uff01\uff01"}, {"userName": "\u9053\u6d3e\u4fee\u58eb", "userReviewDate": "2018-03-30", "userURL": "http://user.17k.com/38531921", "userReview": "\u9053\u5bb6\u4e09\u6e05\u6c38\u4e45\u4e3a\u81f3\u5c0a"}, {"userName": "\u9053\u6d3e\u4fee\u58eb", "userReviewDate": "2018-03-30", "userURL": "http://user.17k.com/38531921", "userReview": "\u9053\u5bb6\u4e09\u6e05\u6c38\u4e45\u4e3a\u81f3\u5c0a"}, {"userName": "A\u725b\u9b54\u738b", "userReviewDate": "2018-02-17", "userURL": "http://user.17k.com/56738425", "userReview": "2018\u63a8\u8350\u4e00\u672c\u597d\u770b\u7684\u4e66<a target='_blank' href='http://www.17k.com/book/2551937.html'>\u300a\u8d85\u65b0\u4eba\u300b</a>\uff0c\u60ca\u9669\u523a\u6fc0\uff0c\u6d6a\u6f2b\u6ee1\u5c4b\uff0c\u70ed\u8840\u683c\u6597\uff0c\u751f\u6b7b\u7231\u604b\uff0c\u6696\u6627\u4e0d\u65ad\uff0c\u5929\u5929\u66f4\u65b0\uff0c\u8bf7\u591a\u5173\u7167\uff0c\u6765\u4e2a\u6536\u85cf\u554a!\uff0c\u70b9\u51fb\u4e66\u540d\u5c31\u53ef\u4ee5\u770b\u5230\u4e66\u4e86\u3002"}, {"userName": "\u5c0f\u767d\u5c0f\u767dTWO", "userReviewDate": "2018-02-12", "userURL": "http://user.17k.com/59792440", "userReview": "\u524d\u8f88\u4e66\u5199\u7684\u771f\u7684\u5f88\u597d\uff01 <a target='_blank' href='http://www.17k.com/book/2770961.html'>\u300a\u6362\u5929\u6211\u4e3a\u5c0a\u300b</a> \u65b0\u4f5c\u54c1\u5df2\u7ecf\u51fa\u7089 \u6b22\u8fce\u6765\u8e29 \u4e0d\u4e00\u6837\u7684\u5957\u8def \u4e0d\u4e00\u6837\u7684\u4eba\u7269\u6027\u683c \u4e0d\u4e00\u6837\u7684\u4e00\u7fa4\u4eba \u90fd\u5c06\u5728\u540e\u8fb9\u7684\u5267\u60c5\u4e00\u4e00\u95ea\u73b0 \u5267\u60c5\u5f88\u597d \u6b22\u8fce\u7ed9\u51fa\u5efa\u8bae \u4fdd\u8bc1\u4e0d\u65ad\u66f4 \u800c\u4e14\u8fd8\u4f1a\u7206\u66f4"}, {"userName": "\u5ca9\u6cca", "userReviewDate": "2018-02-09", "userURL": "http://user.17k.com/52703967", "userReview": "<a target='_blank' href='http://www.17k.com/book/2388836.html'>\u300a\u7fa3\u4ed9\u9b54\u5f71\u300b</a><a target='_blank' href='http://www.17k.com/book/2347646.html'>\u300a\u7f8e\u4e3d\u65e0\u754c\u300b</a>\u6765\u62dc\u8bbf\u5927\u5927\uff0c\u5927\u5927\u6587\u7b14\u771f\u597d\uff01\u6c42\u6269\u6563\uff0c\u6c42\u544a\u77e5\uff0c\u6c42\u6536\u85cf"}, {"userName": "A\u725b\u9b54\u738b", "userReviewDate": "2018-01-25", "userURL": "http://user.17k.com/56738425", "userReview": "\u63a8\u8350\u4e00\u672c\u60ca\u9669\u523a\u6fc0\u597d\u770b\u7684\u4e66<a target='_blank' href='http://www.17k.com/book/2728167.html'>\u300a\u6211\u548c\u5996\u517d\u6709\u4e2a\u7ea6\u4f1a\u300b</a>\uff0c\u591a\u591a\u652f\u6301\uff0c\u6765\u4e2a\u6536\u85cf!\u70b9\u51fb\u4e66\u540d\u5c31\u53ef\u4ee5\u770b\u5230\u4e66\u4e86\u3002"}, {"userName": "\u70ed\u6d77\u6c90\u9633", "userReviewDate": "2018-01-24", "userURL": "http://user.17k.com/58610453", "userReview": "<a target='_blank' href='http://www.17k.com/book/2729786.html'>\u300a\u6211\u8fd9\u4e9b\u5e74\u7684\u4fee\u4ed9\u6545\u4e8b\u300b</a>\u6765\u8bbf\u652f\u6301\uff0c\u7ed9\u5927\u5927\u589e\u52a0\u70b9\u4eba\u6c14\uff0c\u5927\u5927\u52a0\u6cb9\u3002\u5404\u4f4d\u4e66\u53cb\u53ef\u4ee5\u770b\u4e0b\u6211\u7684\u4f5c\u54c1\uff0c\u65b0\u4eba\u6c42\u652f\u6301\u3002"}, {"userName": "A\u725b\u9b54\u738b", "userReviewDate": "2018-01-19", "userURL": "http://user.17k.com/56738425", "userReview": "\u63a8\u8350\u4e00\u672c\u60ca\u9669\u523a\u6fc0\u597d\u770b\u7684\u4e66<a target='_blank' href='http://www.17k.com/book/2728167.html'>\u300a\u6211\u548c\u5996\u517d\u6709\u4e2a\u7ea6\u4f1a\u300b</a>\uff0c\u8bf7\u591a\u591a\u652f\u6301\uff0c\u6765\u4e2a\u6536\u85cf\u5427! \u70b9\u51fb\u4e66\u540d\u5c31\u53ef\u4ee5\u770b\u5230\u4e66\u5566\u3002"}, {"userName": "kool\u6377", "userReviewDate": "2018-01-18", "userURL": "http://user.17k.com/56730892", "userReview": "\u63a8\u8350\u4e00\u672c\u597d\u770b\u7684\u4e66<a target='_blank' href='http://www.17k.com/book/2551937.html'>\u300a\u8d85\u65b0\u4eba\u300b</a>\uff0c\u8bf7\u591a\u591a\u652f\u6301\uff0c\u6765\u4e2a\u6536\u85cf\u5427\uff01"}, {"userName": "kool\u6377", "userReviewDate": "2018-01-04", "userURL": "http://user.17k.com/56730892", "userReview": "\u63a8\u8350\u4e00\u672c\u597d\u770b\u7684\u4e66<a target='_blank' href='http://www.17k.com/book/2551937.html'>\u300a\u8d85\u65b0\u4eba\u300b</a>\uff0c\u8bf7\u6765\u4e2a\u6536\u85cf\u5427\uff01"}, {"userName": "\u4e1c\u5382\u67ad\u96c4", "userReviewDate": "2017-12-30", "userURL": "http://user.17k.com/58053875", "userReview": "\u6211\u6b63\u5728\u8bfb17K\u5c0f\u8bf4\u7f51\u7684\u597d\u4e66<a target='_blank' href='http://www.17k.com/book/2727306.html'>\u300a\u5929\u8eaf\u300b</a>\uff0c\u8d85\u7ed9\u529b~\u72d7\u8840\u5267\u60c5\uff01\u5e7d\u9ed8\u7b14\u98ce\uff01\u76d7\u5893\u7687\u9675\uff01\u7384\u5e7b\u5185\u5bb9\uff01\u5c3d\u5728\u5176\u4e2d\uff01"}, {"userName": "\u829d\u5170\u7389\u6811113776312", "userReviewDate": "2017-12-30", "userURL": "http://user.17k.com/54691896", "userReview": "\u4f5c\u8005\u5927\u5927\u7684\u4e66\u5199\u7684\u771f\u597d\u770b\u3002\u4e66\u8352\u4e86\u7684\u670b\u53cb\u4eec\uff0c\u6211\u7ed9\u5927\u5bb6\u63a8\u8350\u4e00\u672c\u4e66<a target='_blank' href='http://www.17k.com/book/2724537.html'>\u300a\u82cd\u7a79\u8427\u5e1d\u300b</a>"}, {"userName": "\u9e70\u795eA", "userReviewDate": "2017-12-28", "userURL": "http://user.17k.com/55953348", "userReview": "<span style='color:black'><a target='_blank' href='http://www.17k.com/book/2728167.html'>\u300a\u6211\u548c\u5996\u517d\u6709\u4e2a\u7ea6\u4f1a\u300b</a></span>"}, {"userName": "\u829d\u5170\u7389\u6811113776312", "userReviewDate": "2017-12-26", "userURL": "http://user.17k.com/54691896", "userReview": "\u6709\u4e66\u8352\u7684\u670b\u53cb\uff0c\u6211\u7ed9\u5927\u5bb6\u63a8\u8350\u4e00\u672c\u4e66<a target='_blank' href='http://www.17k.com/book/2724537.html'>\u300a\u82cd\u7a79\u8427\u5e1d\u300b</a>"}, {"userName": "\u829d\u5170\u7389\u6811113776312", "userReviewDate": "2017-12-25", "userURL": "http://user.17k.com/54691896", "userReview": "\u4e66\u8352\u7684\u670b\u53cb\uff0c\u6211\u7ed9\u5927\u5bb6\u63a8\u8350\u4e00\u672c\u4e66<a target='_blank' href='http://www.17k.com/book/2724537.html'>\u300a\u82cd\u7a79\u8427\u5e1d\u300b</a>"}, {"userName": "\u5e78\u798f\u6765\u6572\u95e8\u5f53", "userReviewDate": "2017-11-26", "userURL": "http://user.17k.com/58475500", "userReview": "\u5927\u5927\u5411\u4f60\u81f4\u656c \u5927\u5927\u52a0\u6cb9\u5c0f\u4eba\u7269\u5468\u9e4f\u56e0\u4e00\u6b21\u610f\u5916\u8ba4\u8bc6\u4e86\u4e00\u4e2a\u795e\u79d8\u7684\u8001\u8005 \u4eba\u751f\u8f68\u8ff9\u4ece\u6b64\u6539\u53d8 <a target='_blank' href='http://www.17k.com/book/2722432.html'>\u300a\u8d85\u54c1\u91d1\u878d\u5e08\u300b</a> \u91d1\u878d\u4e16\u5bb6\u7684\u5343\u91d1\u3001\u529f\u592b\u9ad8\u6df1\u7684\u5973\u7279\u79cd\u5175\u3001\u6821\u82b1\u3001\u8b66\u82b1\u3001\u5973\u660e\u661f\u2026\u2026\u2026\u2026 \u4e0d\u4f1a\u529f\u592b\uff0c\u53ea\u4f1a\u6cb9\u5634\u6ed1\u820c\u7684\u5468\u9e4f\u5982\u4f55\u80fd\u9a7e\u9a6d\u8fd9\u4e48\u591a\u7f8e\u5973\u5462 \u5f53\u4ed6\u6210\u4e3a\u91d1\u878d\u5e1d\uff0c\u6210\u4e3a\u5168\u7403\u6700\u6709\u5f71\u54cd\u529b\u7684\u4eba\u7269\u65f6\uff0c\u8bb0\u8005\u91c7\u8bbf\u4ed6:\u201c\u4f60\u5bf9\u56fd\u4e0e\u56fd\u4e4b\u95f4\u7684\u5173\u7cfb\u600e\u4e48\u770b\u65f6\u201d\uff0c\u4ed6\u8bf4:\u201c\u6211\u73b0\u5728\u6b63\u5728\u641e\u513f\u5973\u79c1\u60c5\uff0c\u56fd\u5bb6\u5927\u4e8b\u8fd9\u79cd\u5c0f\u4e8b\u4e0d\u8981\u6765\u70e6\u6211\u2026\u2026\u2026\u2026\u2026\u201d"}], "description": "\u5343\u5e74\u4e16\u5bb6\u5f03\u5b50\u5b54\u7389\u5f97\u5230\u5929\u5c0a\u7684\u4f20\u627f\uff0c\u4e07\u5343\u529f\u6cd5\u96c6\u4e8e\u4e00\u8eab\uff0c\u4ee5\u4e94\u884c\u5747\u8861\u4e4b\u4f53\u6f14\u5316\u5929\u5730\u9634\u9633\uff0c\u4ee5\u5deb\u65cf\u8840\u8109\u4fee\u70bc\u4e5d\u8f6c\u7384\u529f\u3002\u3000\u3000\u56e0\u81f3\u7231\u8eab\u6b7b\uff0c\u4e3a\u5bfb\u590d\u6d3b\u4e4b\u6cd5\u9020\u4e0b\u65e0\u8fb9\u6740\u622e\u3002\u5b54\u7389\u4ee5\u53e4\u6b66\u53ea\u624b\u7834\u5929\uff0c\u4ee5\u7956\u5deb\u795e\u901a\u7834\u706d\u5b87\u5b99\u6d2a\u8352\uff0c\u4e0e\u5929\u9053\u5723\u4eba\u5468\u65cb\uff0c\u805a\u96c6\u5929\u5730\u4e94\u65b9\u65d7\uff0c\u7ec8\u6210\u6df7\u5143\u65e0\u6781\u6559\u4e3b\uff0c\u5728\u65e0\u91cf\u91cf\u52ab\u4e2d\u50b2\u89c6\u7fa4\u96c4\uff0c\u7b11\u50b2\u5929\u4e0b\u3002", "title": "\u4e5d\u9634\u4e5d\u9633\u4e4b\u9634\u9633\u795e\u529f", "url": "http://www.17k.com/book/71749.html", "average": -1.0, "cover": "http://img.17k.com/images/bookcover/2012/358/1/71749.jpg", "reviews": 60581605, "authors": [{"url": "http://www.17k.com/zuozhe/2420173", "name": "\u5a36\u732b\u7684\u8001\u9f20"}], "type": ["\u73b0\u4ee3\u4fee\u771f"], "outlinks": ["http://www.17k.com/book/2794982.html", "http://www.17k.com/book/2801292.html", "http://www.17k.com/book/2816318.html", "http://www.17k.com/book/2797575.html", "http://www.17k.com/book/2802516.html", "http://www.17k.com/book/2812195.html", "http://www.17k.com/book/2820143.html", "http://www.17k.com/book/2807943.html", "http://www.17k.com/book/2813457.html", "http://www.17k.com/book/2798058.html", "http://www.17k.com/book/2815617.html", "http://www.17k.com/book/2805259.html", "http://www.17k.com/book/2760255.html", "http://www.17k.com/book/2686894.html", "http://www.17k.com/book/2797016.html", "http://www.17k.com/book/2767246.html", "http://www.17k.com/book/2764239.html", "http://www.17k.com/book/2754498.html", "http://www.17k.com/book/2754900.html", "http://www.17k.com/book/2625740.html", "http://www.17k.com/book/2213315.html", "http://www.17k.com/book/2402178.html", "http://www.17k.com/book/2691221.html", "http://www.17k.com/book/2210699.html", "http://www.17k.com/book/1797752.html", "http://www.17k.com/book/2575507.html", "http://www.17k.com/book/2705181.html", "http://www.17k.com/book/2702539.html", "http://www.17k.com/book/2474887.html", "http://www.17k.com/book/2674733.html", "http://www.17k.com/book/2822076.html", "http://www.17k.com/book/2809894.html", "http://www.17k.com/book/2822077.html", "http://www.17k.com/book/2811930.html", "http://www.17k.com/book/2815548.html", "http://www.17k.com/book/2819620.html", "http://www.17k.com/book/2809964.html", "http://www.17k.com/book/2808200.html", "http://www.17k.com/book/2820100.html", "http://www.17k.com/book/2822978.html", "http://www.17k.com/book/2804337.html", "http://www.17k.com/book/2798814.html", "http://www.17k.com/book/2785153.html", "http://www.17k.com/book/2731559.html", "http://www.17k.com/book/2722533.html", "http://www.17k.com/book/2458377.html", "http://www.17k.com/book/2743300.html", "http://www.17k.com/book/973809.html", "http://www.17k.com/book/2651367.html", "http://www.17k.com/book/2726194.html", "http://www.17k.com/book/2790214.html", "http://www.17k.com/book/493239.html", "http://www.17k.com/book/108821.html", "http://www.17k.com/book/1398783.html", "http://www.17k.com/book/83528.html", "http://www.17k.com/book/1859126.html", "http://www.17k.com/book/1741975.html", "http://www.17k.com/book/192453.html", "http://www.17k.com/book/2459058.html", "http://www.17k.com/book/1050747.html", "http://www.17k.com/book/2700315.html", "http://www.17k.com/book/2818940.html", "http://www.17k.com/book/2819519.html", "http://www.17k.com/book/2816390.html", "http://www.17k.com/book/2819588.html", "http://www.17k.com/book/2813768.html", "http://www.17k.com/book/2822406.html", "http://www.17k.com/book/2772164.html", "http://www.17k.com/book/2784023.html", "http://www.17k.com/book/2811877.html", "http://www.17k.com/book/2809119.html", "http://www.17k.com/book/2803700.html", "http://www.17k.com/book/2819561.html", "http://www.17k.com/book/2746506.html", "http://www.17k.com/book/2811836.html", "http://www.17k.com/book/2614810.html", "http://www.17k.com/book/1592435.html", "http://www.17k.com/book/1949748.html", "http://www.17k.com/book/2265802.html", "http://www.17k.com/book/2743240.html", "http://www.17k.com/book/2657437.html", "http://www.17k.com/book/2644502.html", "http://www.17k.com/book/2199900.html", "http://www.17k.com/book/2725436.html", "http://www.17k.com/book/2629978.html"]}