{"ratings": -1, "userreviews": [{"userName": "\u83ab\u77e5\u541b", "userReviewDate": "2018-01-15", "userURL": "http://user.17k.com/58616414", "userReview": "\u3010\u5e7f\u544a\u697c\u3011\u6253\u5e7f\u544a\uff0c\u8fdb\u8fd9\u91cc\uff0c\u4e66\u8bc4\u533a\uff0c\u4e00\u5f8b\u5220\u3002"}, {"userName": "L&amp;\u4e5a", "userReviewDate": "2018-06-08", "userURL": "http://user.17k.com/54460174", "userReview": "666666"}, {"userName": "L&amp;\u4e5a", "userReviewDate": "2018-06-07", "userURL": "http://user.17k.com/54460174", "userReview": ",......."}, {"userName": "\u8d3e\u6ce2839272703", "userReviewDate": "2018-06-06", "userURL": "http://user.17k.com/61163498", "userReview": "[\u6253\u8d4f]\u6211\u6253\u8d4f\u4e861\u4e2a'\u5c0f\u5fc3\u5fc3'\uff01\uff01"}, {"userName": "17K\u4e66\u53cbUB7Q8EMF", "userReviewDate": "2018-06-06", "userURL": "http://user.17k.com/55639470", "userReview": "\u52a0\u6cb9\u52a0\u6cb9\u52a0\u6cb9"}, {"userName": "L&amp;\u4e5a", "userReviewDate": "2018-06-05", "userURL": "http://user.17k.com/54460174", "userReview": "\u5ab8\u73bb\u7483\u676f\u6765"}, {"userName": "\u4e1c\u5357\u897f\u5317\u98cedj887152902", "userReviewDate": "2018-06-05", "userURL": "http://user.17k.com/54497674", "userReview": "66666"}, {"userName": "17K\u4e66\u53cbf8dioytn", "userReviewDate": "2018-06-01", "userURL": "http://user.17k.com/59094982", "userReview": "\u53ee\u53ee\u5f53\u5f53\u53ee\u53ee\u5f53\u5f53"}, {"userName": "\u606c\u9759\u7684\u795e", "userReviewDate": "2018-05-30", "userURL": "http://user.17k.com/51073979", "userReview": "\u901f\u5ea6\u4e0e\u6fc0\u60c5"}, {"userName": "\u4e1c\u5357\u897f\u5317\u98cedj887152902", "userReviewDate": "2018-05-30", "userURL": "http://user.17k.com/54497674", "userReview": "66666"}, {"userName": "L&amp;\u4e5a", "userReviewDate": "2018-05-29", "userURL": "http://user.17k.com/54460174", "userReview": "\u5403\u65e9\u70b9\u4e86\u5417"}, {"userName": "\u533f\u540d2446300", "userReviewDate": "2018-05-28", "userURL": "http://user.17k.com/25281788", "userReview": "[\u6253\u8d4f]\u6211\u6253\u8d4f\u4e861\u5143\u7ea2\u5305\uff01\uff01"}, {"userName": "\u79cb\u5fc3695435852", "userReviewDate": "2018-05-27", "userURL": "http://user.17k.com/61485103", "userReview": "\u5199\u7684\u4e0d\u9519\uff01\uff01\u652f\u6301\u4f60\uff01\uff01"}, {"userName": "17K\u4e66\u53cbUB7Q8EMF", "userReviewDate": "2018-05-26", "userURL": "http://user.17k.com/55639470", "userReview": "\u52a0\u6cb9\u52a0\u6cb9\u52a0\u6cb9"}, {"userName": "L&amp;\u4e5a", "userReviewDate": "2018-05-24", "userURL": "http://user.17k.com/54460174", "userReview": "\u4e5f\u65e9\u65e9\u65e9\u6676"}, {"userName": "17K\u4e66\u53cbf8dioytn", "userReviewDate": "2018-05-23", "userURL": "http://user.17k.com/59094982", "userReview": "\u51c6\u5907\u597d\u6df1\u5565\u5565\u5565"}, {"userName": "L&amp;\u4e5a", "userReviewDate": "2018-05-23", "userURL": "http://user.17k.com/54460174", "userReview": "\u7535\u68af\u5361\u6562\u4f60"}, {"userName": "\u250f\u261e\u7ecf\u4e0d\u8d77\u226f\u7684\u8bf1\u60d1\u03c0\u2026", "userReviewDate": "2018-05-20", "userURL": "http://user.17k.com/59040572", "userReview": "[\u6253\u8d4f]\u6211\u6253\u8d4f\u4e861\u5143\u7ea2\u5305\uff01\uff01"}, {"userName": "L&amp;\u4e5a", "userReviewDate": "2018-05-19", "userURL": "http://user.17k.com/54460174", "userReview": "\u8695\u4e0d\u662f\u7b97\u597d\u4e86"}, {"userName": "L&amp;\u4e5a", "userReviewDate": "2018-05-16", "userURL": "http://user.17k.com/54460174", "userReview": "\u6668\u5149\u5bb6\u56ed\u5e74"}], "description": "\u4e61\u91ce\u5c11\u5e74\uff0c\u8bef\u5165\u8352\u91ce\u4ed9\u5883\uff0c\u62fe\u8352\u77f3\uff0c\u7834\u9f99\u5973\u771f\u8eab\uff0c\u6c72\u9f99\u6c14\uff0c\u4e0d\u5f97\u4e0d\u5b66\u4e60\u4e5d\u9f99\u7bb4\u8a00\uff0c\u66ff\u9f99\u5973\u517b\u6c14\u7eed\u547d\u3002\u3000\u3000\u61f5\u61c2\u7684\u4fee\u884c\u4e4b\u8def\uff0c\u5c31\u6b64\u5f00\u59cb\u2026\u2026", "title": "\u4e5d\u9f99\u5723\u5c0a", "url": "http://www.17k.com/book/2730138.html", "average": -1.0, "cover": "http://img.17k.com/images/bookcover/2018/13650/68/2730138-1515986656000.jpg", "reviews": 782092, "authors": [{"url": "http://www.17k.com/zuozhe/58616414", "name": "\u83ab\u77e5\u541b"}], "type": ["\u4e1c\u65b9\u7384\u5e7b"], "outlinks": ["http://www.17k.com/book/2794982.html", "http://www.17k.com/book/2801292.html", "http://www.17k.com/book/2816318.html", "http://www.17k.com/book/2797575.html", "http://www.17k.com/book/2802516.html", "http://www.17k.com/book/2812195.html", "http://www.17k.com/book/2820143.html", "http://www.17k.com/book/2807943.html", "http://www.17k.com/book/2813457.html", "http://www.17k.com/book/2798058.html", "http://www.17k.com/book/2815617.html", "http://www.17k.com/book/2805259.html", "http://www.17k.com/book/2760255.html", "http://www.17k.com/book/2686894.html", "http://www.17k.com/book/2797016.html", "http://www.17k.com/book/2767246.html", "http://www.17k.com/book/2764239.html", "http://www.17k.com/book/2754498.html", "http://www.17k.com/book/2754900.html", "http://www.17k.com/book/2625740.html", "http://www.17k.com/book/2213315.html", "http://www.17k.com/book/2402178.html", "http://www.17k.com/book/2691221.html", "http://www.17k.com/book/2210699.html", "http://www.17k.com/book/1797752.html", "http://www.17k.com/book/2575507.html", "http://www.17k.com/book/2705181.html", "http://www.17k.com/book/2702539.html", "http://www.17k.com/book/2474887.html", "http://www.17k.com/book/2674733.html", "http://www.17k.com/book/2822076.html", "http://www.17k.com/book/2809894.html", "http://www.17k.com/book/2822077.html", "http://www.17k.com/book/2811930.html", "http://www.17k.com/book/2815548.html", "http://www.17k.com/book/2819620.html", "http://www.17k.com/book/2809964.html", "http://www.17k.com/book/2808200.html", "http://www.17k.com/book/2820100.html", "http://www.17k.com/book/2822978.html", "http://www.17k.com/book/2804337.html", "http://www.17k.com/book/2798814.html", "http://www.17k.com/book/2785153.html", "http://www.17k.com/book/2731559.html", "http://www.17k.com/book/2722533.html", "http://www.17k.com/book/2458377.html", "http://www.17k.com/book/2743300.html", "http://www.17k.com/book/973809.html", "http://www.17k.com/book/2651367.html", "http://www.17k.com/book/2726194.html", "http://www.17k.com/book/2790214.html", "http://www.17k.com/book/493239.html", "http://www.17k.com/book/108821.html", "http://www.17k.com/book/1398783.html", "http://www.17k.com/book/83528.html", "http://www.17k.com/book/1859126.html", "http://www.17k.com/book/1741975.html", "http://www.17k.com/book/192453.html", "http://www.17k.com/book/2459058.html", "http://www.17k.com/book/1050747.html", "http://www.17k.com/book/2700315.html", "http://www.17k.com/book/2818940.html", "http://www.17k.com/book/2819519.html", "http://www.17k.com/book/2816390.html", "http://www.17k.com/book/2819588.html", "http://www.17k.com/book/2813768.html", "http://www.17k.com/book/2822406.html", "http://www.17k.com/book/2772164.html", "http://www.17k.com/book/2784023.html", "http://www.17k.com/book/2811877.html", "http://www.17k.com/book/2809119.html", "http://www.17k.com/book/2803700.html", "http://www.17k.com/book/2819561.html", "http://www.17k.com/book/2746506.html", "http://www.17k.com/book/2811836.html", "http://www.17k.com/book/2614810.html", "http://www.17k.com/book/1592435.html", "http://www.17k.com/book/1949748.html", "http://www.17k.com/book/2265802.html", "http://www.17k.com/book/2743240.html", "http://www.17k.com/book/2657437.html", "http://www.17k.com/book/2644502.html", "http://www.17k.com/book/2199900.html", "http://www.17k.com/book/2725436.html", "http://www.17k.com/book/2629978.html"]}