{"ratings": -1, "userreviews": [{"userName": "17K\u4e66\u53cbXMQQP4B4", "userReviewDate": "2018-06-05", "userURL": "http://user.17k.com/59470988", "userReview": "[\u6253\u8d4f]\u6211\u6253\u8d4f\u4e8618\u5143\u7ea2\u5305\uff01\uff01"}, {"userName": "17k\u4e66\u53cb2jx9w7s8h", "userReviewDate": "2018-06-01", "userURL": "http://user.17k.com/62183973", "userReview": "\u6211\u770b\u8fc7\u6700\u65e0\u804a\u7684\u5c0f\u8bf4\uff0c\u6ca1\u6709\u4e4b\u4e00\uff0c\u662f\u6700\u3002"}, {"userName": "\u8001\u6797", "userReviewDate": "2018-05-29", "userURL": "http://user.17k.com/17454236", "userReview": "\u662f\u4e0d\u662f\u6362\u4f5c\u8005\u4e86\uff1f"}, {"userName": "17K\u4e66\u53cbXMQQP4B4", "userReviewDate": "2018-05-26", "userURL": "http://user.17k.com/59470988", "userReview": "[\u6253\u8d4f]\u6211\u6253\u8d4f\u4e8618\u5143\u7ea2\u5305\uff01\uff01"}, {"userName": "17K\u4e66\u53cbXMQQP4B4", "userReviewDate": "2018-05-23", "userURL": "http://user.17k.com/59470988", "userReview": "[\u6253\u8d4f]\u6211\u6253\u8d4f\u4e8618\u5143\u7ea2\u5305\uff01\uff01"}, {"userName": "17K\u4e66\u53cbXMQQP4B4", "userReviewDate": "2018-05-23", "userURL": "http://user.17k.com/59470988", "userReview": "[\u6253\u8d4f]\u6211\u6253\u8d4f\u4e8618\u5143\u7ea2\u5305\uff01\uff01"}, {"userName": "\u4e0d\u5403\u8349\u7684\u7f8a1955", "userReviewDate": "2018-05-20", "userURL": "http://user.17k.com/47652213", "userReview": "[\u6253\u8d4f]\u6211\u6253\u8d4f\u4e861\u4e2a'\u5c0f\u5fc3\u5fc3'\uff01\uff01"}, {"userName": "17k\u4e66\u53cbes9zlfhjz", "userReviewDate": "2018-05-18", "userURL": "http://user.17k.com/61899581", "userReview": "[\u6253\u8d4f]\u6211\u6253\u8d4f\u4e861\u5143\u7ea2\u5305\uff01\uff01"}, {"userName": "\u623e\u6c141323", "userReviewDate": "2018-05-17", "userURL": "http://user.17k.com/7727431", "userReview": "\u6765\u770b\u770b\u597d\u770b\u4e0d"}, {"userName": "\u5e7d\u5170\u7eff\u4e91", "userReviewDate": "2018-05-17", "userURL": "http://user.17k.com/51075587", "userReview": "\u66f4\u65b0\u4e0d\u51c6\u65f6"}, {"userName": "17K\u4e66\u53cbtyai10ld", "userReviewDate": "2018-05-15", "userURL": "http://user.17k.com/57545397", "userReview": "[\u6253\u8d4f]\u6211\u6253\u8d4f\u4e861\u4e2a'\u5c0f\u5fc3\u5fc3'\uff01\uff01"}, {"userName": "\u521a\u5e73", "userReviewDate": "2018-05-11", "userURL": "http://user.17k.com/60577189", "userReview": "\u6211\u5f88\u559c\u6b22\u8fd9\u672c\u4e66"}, {"userName": "\u8463\u96f7584005933", "userReviewDate": "2018-05-09", "userURL": "http://user.17k.com/61474168", "userReview": "[\u6253\u8d4f]\u6211\u6253\u8d4f\u4e861\u4e2a'\u5c0f\u5fc3\u5fc3'\uff01\uff01"}, {"userName": "\u9f99\u821e\u5929\u7fd4373556544", "userReviewDate": "2018-05-04", "userURL": "http://user.17k.com/59437558", "userReview": "\u6ca1\u610f\u601d\uff0c\u4e0d\u597d\u8003"}, {"userName": "17K\u4e66\u53cb4tp6l1hp", "userReviewDate": "2018-04-27", "userURL": "http://user.17k.com/60959382", "userReview": "[\u6253\u8d4f]\u6211\u6253\u8d4f\u4e861\u4e2a'\u5c0f\u5fc3\u5fc3'\uff01\uff01"}, {"userName": "\u8096\u5c0f\u8bf4", "userReviewDate": "2018-04-23", "userURL": "http://user.17k.com/50558793", "userReview": "\u4e0d\u9519\uff0c\u6709\u70b9\u610f\u601d\uff01"}, {"userName": "17K\u4e66\u53cb1MV9QJHR", "userReviewDate": "2018-04-21", "userURL": "http://user.17k.com/59635537", "userReview": "\u8fd9\u662f\u4e00\u672c\u5f88\u597d\u770b\u7684\u4e66\u3002"}, {"userName": "\u773c\u955c389257720", "userReviewDate": "2018-03-27", "userURL": "http://user.17k.com/57370185", "userReview": "\u6b64\u4e66\u592a\u53d7\u4e0d\u4e86"}, {"userName": "17K\u4e66\u53cbXMQQP4B4", "userReviewDate": "2018-03-22", "userURL": "http://user.17k.com/59470988", "userReview": "[\u6253\u8d4f]\u6211\u6253\u8d4f\u4e868\u5143\u7ea2\u5305\uff01\uff01"}, {"userName": "\u8a00\u7075\u72ec\u5c0a", "userReviewDate": "2018-03-18", "userURL": "http://user.17k.com/60276934", "userReview": "\u6211\u643a<a target='_blank' href='http://www.17k.com/book/2789007.html'>\u300a\u97e9\u5a31\u4e4b\u7b2c\u5341\u56db\u4eba\u300b</a>\u6765\u8bbf\uff0c\u6709\u5174\u8da3\u7684\u670b\u53cb\u53ef\u4ee5\u6765\u770b\u54e6\u3002sone\uff0c\u5996\u7cbe\uff0c\u4ed9\u540e\uff0cvip\u6765\u770b\u5427"}], "description": "\u6797\u8f69\u5728\u6218\u573a\u53f1\u54a4\u7eb5\u6a2a\uff0c\u5374\u88ab\u4eba\u7b97\u8ba1\u51c4\u51c9\u9000\u51fa\u3002\u56de\u5230\u5bb6\u4e2d\u7684\u4ed6\uff0c\u672c\u4ee5\u4e3a\u8fd9\u8f88\u5b50\u5c31\u8fd9\u4e48\u9ed8\u9ed8\u65e0\u4e3a\uff0c\u6ca1\u60f3\u5230\u7956\u4f20\u795e\u519c\u5c3a\u663e\u7075\uff0c\u53d6\u4e4b\u4e0d\u5c3d\u7684\u7075\u6cc9\uff0c\u5403\u4e0d\u5b8c\u7684\u53ef\u53e3\u897f\u74dc\u2026\u2026\u770b\u4ed6\u5982\u4f55\u7ee7\u7eed\u5f81\u670d\u8fd9\u4e2a\u4e16\u754c\uff01", "title": "\u4e61\u6751\u5175\u738b", "url": "http://www.17k.com/book/2662940.html", "average": -1.0, "cover": "http://img.17k.com/images/bookcover/partner/29/40/2662940/2662940.jpg", "reviews": 278415, "authors": [{"url": "http://www.17k.com/zuozhe/57222195", "name": "\u5927\u82b1\u88e4\u8869"}], "type": ["\u90fd\u5e02\u751f\u6d3b"], "outlinks": ["http://www.17k.com/book/2794982.html", "http://www.17k.com/book/2801292.html", "http://www.17k.com/book/2816318.html", "http://www.17k.com/book/2797575.html", "http://www.17k.com/book/2802516.html", "http://www.17k.com/book/2812195.html", "http://www.17k.com/book/2820143.html", "http://www.17k.com/book/2807943.html", "http://www.17k.com/book/2813457.html", "http://www.17k.com/book/2798058.html", "http://www.17k.com/book/2815617.html", "http://www.17k.com/book/2805259.html", "http://www.17k.com/book/2760255.html", "http://www.17k.com/book/2686894.html", "http://www.17k.com/book/2797016.html", "http://www.17k.com/book/2767246.html", "http://www.17k.com/book/2764239.html", "http://www.17k.com/book/2754498.html", "http://www.17k.com/book/2754900.html", "http://www.17k.com/book/2625740.html", "http://www.17k.com/book/2213315.html", "http://www.17k.com/book/2402178.html", "http://www.17k.com/book/2691221.html", "http://www.17k.com/book/2210699.html", "http://www.17k.com/book/1797752.html", "http://www.17k.com/book/2575507.html", "http://www.17k.com/book/2705181.html", "http://www.17k.com/book/2702539.html", "http://www.17k.com/book/2474887.html", "http://www.17k.com/book/2674733.html", "http://www.17k.com/book/2822076.html", "http://www.17k.com/book/2809894.html", "http://www.17k.com/book/2822077.html", "http://www.17k.com/book/2811930.html", "http://www.17k.com/book/2815548.html", "http://www.17k.com/book/2819620.html", "http://www.17k.com/book/2809964.html", "http://www.17k.com/book/2808200.html", "http://www.17k.com/book/2820100.html", "http://www.17k.com/book/2822978.html", "http://www.17k.com/book/2804337.html", "http://www.17k.com/book/2798814.html", "http://www.17k.com/book/2785153.html", "http://www.17k.com/book/2731559.html", "http://www.17k.com/book/2722533.html", "http://www.17k.com/book/2458377.html", "http://www.17k.com/book/2743300.html", "http://www.17k.com/book/973809.html", "http://www.17k.com/book/2651367.html", "http://www.17k.com/book/2726194.html", "http://www.17k.com/book/2790214.html", "http://www.17k.com/book/493239.html", "http://www.17k.com/book/108821.html", "http://www.17k.com/book/1398783.html", "http://www.17k.com/book/83528.html", "http://www.17k.com/book/1859126.html", "http://www.17k.com/book/1741975.html", "http://www.17k.com/book/192453.html", "http://www.17k.com/book/2459058.html", "http://www.17k.com/book/1050747.html", "http://www.17k.com/book/2700315.html", "http://www.17k.com/book/2818940.html", "http://www.17k.com/book/2819519.html", "http://www.17k.com/book/2816390.html", "http://www.17k.com/book/2819588.html", "http://www.17k.com/book/2813768.html", "http://www.17k.com/book/2822406.html", "http://www.17k.com/book/2772164.html", "http://www.17k.com/book/2784023.html", "http://www.17k.com/book/2811877.html", "http://www.17k.com/book/2809119.html", "http://www.17k.com/book/2803700.html", "http://www.17k.com/book/2819561.html", "http://www.17k.com/book/2746506.html", "http://www.17k.com/book/2811836.html", "http://www.17k.com/book/2614810.html", "http://www.17k.com/book/1592435.html", "http://www.17k.com/book/1949748.html", "http://www.17k.com/book/2265802.html", "http://www.17k.com/book/2743240.html", "http://www.17k.com/book/2657437.html", "http://www.17k.com/book/2644502.html", "http://www.17k.com/book/2199900.html", "http://www.17k.com/book/2725436.html", "http://www.17k.com/book/2629978.html"]}