{"ratings": -1, "userreviews": [{"userName": "hwlmx", "userReviewDate": "2018-06-01", "userURL": "http://user.17k.com/41494853", "userReview": "\u51cc\u5929\u4e5d\u5251\u6765\u8bbf\u4e86\uff0c\u5927\u5927\u52a0\u6cb9\uff0c\u9c9c\u82b1\u6536\u85cf\u5949\u4e0a\u3002\u3002\u3002\u3002"}, {"userName": "\u5d06\u5cd2\u957f\u6885", "userReviewDate": "2018-04-18", "userURL": "http://user.17k.com/56340257", "userReview": "\u50ac\u66f4\uff0c\uff0c\u50ac\u66f4\u3002\u3002\u3002\u3002\u3002\u3002"}, {"userName": "\u53ef\u53efand\u571f\u8c46", "userReviewDate": "2018-04-10", "userURL": "http://user.17k.com/59919551", "userReview": "\u4eba\u7269\u523b\u753b\u5f88\u7ec6\u817b\uff0c\u52a0\u6cb9\uff0c\u52a0\u6cb9\uff01"}, {"userName": "\u82a5\u672b\u6cbe\u767d\u7cd6", "userReviewDate": "2018-04-02", "userURL": "http://user.17k.com/43412698", "userReview": "\u9001\u82b1\u652f\u6301\u3002\u52a0\u6cb9\uff01"}, {"userName": "\u82a5\u672b\u6cbe\u767d\u7cd6", "userReviewDate": "2018-04-01", "userURL": "http://user.17k.com/43412698", "userReview": "\u9001\u82b1\u529b\u9876"}, {"userName": "\u6708\u843d\u68a6\u8ffd\u5fc6", "userReviewDate": "2018-03-31", "userURL": "http://user.17k.com/57478135", "userReview": "\u665a\u8bbf\u652f\u6301\uff0c\u5468\u672b\u6109\u5feb(\u0e05&gt;\u03c9&lt;*\u0e05)\u9ad8\u4e3e\u8ffd\u5fc6\u7684\u5c0f\u722a\u722a\u652f\u6301\u5206\u9014"}, {"userName": "\u6d1b\u4e8c\u5341\u4e09", "userReviewDate": "2018-03-29", "userURL": "http://user.17k.com/45731080", "userReview": "\u6536\u85cf\u652f\u6301\uff0c\u52a0\u6cb9\u54e6<a target='_blank' href='http://www.17k.com/book/2205303.html'>\u300a\u6d1b\u795e\u8bc0\u300b</a>"}, {"userName": "\u7a7a\u65e0\u957f\u7434", "userReviewDate": "2018-03-29", "userURL": "http://user.17k.com/60527366", "userReview": "[\u6253\u8d4f]\u6211\u6253\u8d4f\u4e868\u5143\u7ea2\u5305\uff01\uff01"}, {"userName": "\u7a7a\u65e0\u957f\u7434", "userReviewDate": "2018-03-28", "userURL": "http://user.17k.com/60527366", "userReview": "\u597d\u770b\u52a0\u6cb9\uff0c\u6587\u7b14\u5f88\u4e0d\u9519\uff01"}, {"userName": "\u77b3\u6853", "userReviewDate": "2018-03-27", "userURL": "http://user.17k.com/60483512", "userReview": "\u652f\u6301\u652f\u6301\uff01\u5df2\u6536\u85cf\uff01"}, {"userName": "\u957f\u591c\u957f\u4e1c", "userReviewDate": "2018-03-27", "userURL": "http://user.17k.com/60578081", "userReview": "\u652f\u6301\u652f\u6301\uff01\u6295\u6843\u62a5\u674e\uff01\u548c\u6211\u5bb6\u5927\u5927\u7684<a target='_blank' href='http://www.17k.com/book/2796068.html'>\u300a\u534a\u7f18\u5929\u547d\u534a\u7f18\u541b\u300b</a>\u4e00\u5757\u513f\u52aa\u529b\u54e6(&acute;-\u03c9-`)&#55357;&#56856;\ufe0f"}, {"userName": "\u6570\u6668\u660f", "userReviewDate": "2018-03-24", "userURL": "http://user.17k.com/57365610", "userReview": "\u6668\u660f\u6765\u652f\u6301\u5662\uff5e"}, {"userName": "\u68a6\u60f3\u6210\u771f4", "userReviewDate": "2018-03-22", "userURL": "http://user.17k.com/60547958", "userReview": "[\u6253\u8d4f]\u6211\u6253\u8d4f\u4e865\u5143\u7ea2\u5305\uff01\uff01"}, {"userName": "\u68a6\u60f3\u6210\u771f4", "userReviewDate": "2018-03-22", "userURL": "http://user.17k.com/60547958", "userReview": "\u6587\u4e0d\u9519\uff0c\u652f\u6301\u4e00\u4e0b\uff01"}, {"userName": "\u4e0d\u5206\u9014", "userReviewDate": "2018-03-21", "userURL": "http://user.17k.com/57572937", "userReview": "[\u6253\u8d4f]\u6211\u6253\u8d4f\u4e861\u5143\u7ea2\u5305\uff01\uff01"}, {"userName": "\u661f\u56fe2018", "userReviewDate": "2018-03-21", "userURL": "http://user.17k.com/57803654", "userReview": "[\u6253\u8d4f]\u6211\u6253\u8d4f\u4e863\u5143\u7ea2\u5305\uff01\uff01"}, {"userName": "\u661f\u56fe2018", "userReviewDate": "2018-03-21", "userURL": "http://user.17k.com/57803654", "userReview": "\u671f\u5f85\u5feb\u66f4\uff01"}, {"userName": "\u7a7a\u65e0\u957f\u7434", "userReviewDate": "2018-03-21", "userURL": "http://user.17k.com/60527366", "userReview": "[\u6253\u8d4f]\u6211\u6253\u8d4f\u4e862\u5143\u7ea2\u5305\uff01\uff01"}, {"userName": "\u5d06\u5cd2\u957f\u6885", "userReviewDate": "2018-03-21", "userURL": "http://user.17k.com/56340257", "userReview": "[\u6253\u8d4f]\u6211\u6253\u8d4f\u4e862\u5143\u7ea2\u5305\uff01\uff01"}, {"userName": "\u5982\u4f60\u661f\u5149\u7480\u74a8", "userReviewDate": "2018-03-21", "userURL": "http://user.17k.com/60522097", "userReview": "\u652f\u6301\u4e00\u4e0b\uff0c\u52a0\u6cb9\uff0c\u5199\u7684\u4e0d\u9519\uff01"}], "description": "\u613f\u82cd\u5929\u9274\u8bc1\uff0c\u8bb8\u4f60\u4e00\u751f\uff0c\u4e0d\u6c42\u6765\u4e16\uff0c\u6211\u53ea\u8981\u8fd9\u8f88\u5b50\u8db3\u4ee5\u3002\u3000\u3000\u2026\u2026\u3000\u3000\u7ecf\u4e45\u5343\u5e74\u2026\u2026\u3000\u3000\u2026\u2026\u82e5\u80fd\u805a\u9f50\u4e07\u5bb6\u706f\u706b\uff0c\u4fbf\u53ef\u4ee5\u5e2e\u4ed6\u91cd\u5851\u5143\u795e\u3002\u3000\u3000\u53ea\u662f\uff1a\u201c\u2026\u2026\uff01\u201d\u3000\u3000\u201c\u53ea\u662f\u4e3a\u4ec0\u4e48\u201d\u7389\u6e58\u8377\u95ee\uff1a\u3000\u3000\u201c\u4f60\u8981\u653e\u5f03\u4e00\u751f\u7684\u4fee\u4e3a\uff0c\u4e14\u4e0e\u4ed6\u6c38\u751f\u90fd\u4e0d\u80fd\u76f8\u89c1\uff1f\u201d\u795e\u5973\u9eef\u7136\u3002\u3000\u3000\u2026\u2026\u3000\u3000\u201c\u6211\u2026\u2026\uff01\u201d", "title": "\u4e66\u751f\u5947\u82b1\u5f55", "url": "http://www.17k.com/book/2795038.html", "average": -1.0, "cover": "http://img.17k.com/images/bookcover/2018/13975/69/2795038-1521443952000.jpg", "reviews": 1656, "authors": [{"url": "http://www.17k.com/zuozhe/57572937", "name": "\u4e0d\u5206\u9014"}], "type": ["\u7384\u5e7b\u4ed9\u4fa0"], "outlinks": ["http://www.17k.com/book/2794982.html", "http://www.17k.com/book/2801292.html", "http://www.17k.com/book/2816318.html", "http://www.17k.com/book/2797575.html", "http://www.17k.com/book/2802516.html", "http://www.17k.com/book/2812195.html", "http://www.17k.com/book/2820143.html", "http://www.17k.com/book/2807943.html", "http://www.17k.com/book/2813457.html", "http://www.17k.com/book/2798058.html", "http://www.17k.com/book/2815617.html", "http://www.17k.com/book/2805259.html", "http://www.17k.com/book/2760255.html", "http://www.17k.com/book/2686894.html", "http://www.17k.com/book/2797016.html", "http://www.17k.com/book/2767246.html", "http://www.17k.com/book/2764239.html", "http://www.17k.com/book/2754498.html", "http://www.17k.com/book/2754900.html", "http://www.17k.com/book/2625740.html", "http://www.17k.com/book/2213315.html", "http://www.17k.com/book/2402178.html", "http://www.17k.com/book/2691221.html", "http://www.17k.com/book/2210699.html", "http://www.17k.com/book/1797752.html", "http://www.17k.com/book/2575507.html", "http://www.17k.com/book/2705181.html", "http://www.17k.com/book/2702539.html", "http://www.17k.com/book/2474887.html", "http://www.17k.com/book/2674733.html", "http://www.17k.com/book/2822076.html", "http://www.17k.com/book/2809894.html", "http://www.17k.com/book/2822077.html", "http://www.17k.com/book/2811930.html", "http://www.17k.com/book/2815548.html", "http://www.17k.com/book/2819620.html", "http://www.17k.com/book/2809964.html", "http://www.17k.com/book/2808200.html", "http://www.17k.com/book/2820100.html", "http://www.17k.com/book/2822978.html", "http://www.17k.com/book/2804337.html", "http://www.17k.com/book/2798814.html", "http://www.17k.com/book/2785153.html", "http://www.17k.com/book/2731559.html", "http://www.17k.com/book/2722533.html", "http://www.17k.com/book/2458377.html", "http://www.17k.com/book/2743300.html", "http://www.17k.com/book/973809.html", "http://www.17k.com/book/2651367.html", "http://www.17k.com/book/2726194.html", "http://www.17k.com/book/2790214.html", "http://www.17k.com/book/493239.html", "http://www.17k.com/book/108821.html", "http://www.17k.com/book/1398783.html", "http://www.17k.com/book/83528.html", "http://www.17k.com/book/1859126.html", "http://www.17k.com/book/1741975.html", "http://www.17k.com/book/192453.html", "http://www.17k.com/book/2459058.html", "http://www.17k.com/book/1050747.html", "http://www.17k.com/book/2700315.html", "http://www.17k.com/book/2818940.html", "http://www.17k.com/book/2819519.html", "http://www.17k.com/book/2816390.html", "http://www.17k.com/book/2819588.html", "http://www.17k.com/book/2813768.html", "http://www.17k.com/book/2822406.html", "http://www.17k.com/book/2772164.html", "http://www.17k.com/book/2784023.html", "http://www.17k.com/book/2811877.html", "http://www.17k.com/book/2809119.html", "http://www.17k.com/book/2803700.html", "http://www.17k.com/book/2819561.html", "http://www.17k.com/book/2746506.html", "http://www.17k.com/book/2811836.html", "http://www.17k.com/book/2614810.html", "http://www.17k.com/book/1592435.html", "http://www.17k.com/book/1949748.html", "http://www.17k.com/book/2265802.html", "http://www.17k.com/book/2743240.html", "http://www.17k.com/book/2657437.html", "http://www.17k.com/book/2644502.html", "http://www.17k.com/book/2199900.html", "http://www.17k.com/book/2725436.html", "http://www.17k.com/book/2629978.html"]}