{"ratings": -1, "userreviews": [], "description": "\u201c\u5373\u4f7f\u4f60\u5f02\u59d3\u738b\u7eb5\u6709\u8c6a\u60c5\u767e\u4e08\u5bbd\uff0c\u4eca\u65e5\u4f9d\u65e7\u6ca6\u4e3a\u6211\u67aa\u4e0b\u4ea1\u7075\uff01\u201d\u9752\u5e74\u7537\u4eba\u6301\u67aa\u800c\u7acb\uff0c\u9762\u5bf9\u767e\u4e07\u519b\u961f\u4f9d\u65e7\u6f47\u6d12\u81ea\u5982\u3002\u3000\u3000\u201c\u5fc3\u6709\u4e00\u4e8b\uff0c\u6c38\u4e0d\u80fd\u5fd8\uff01\u66fe\u6709\u4e8c\u5341\u4e07\u623f\u5bb6\u7532\u5b50\u519b\u6218\u6b7b\u86ee\u8352\u8fb9\u9672\uff0c\u4eca\u6709\u623f\u5bb6\u9057\u5b64\u65e0\u75c5\u56f0\u57ce\uff01\u6740\u5c3d\u8d1f\u6211\u623f\u5bb6\u4e4b\u4eba\uff01\u4eba\uff01\u5c60\u4e4b\uff01\u7272\u755c\uff01\u6740\u4e4b\uff01\u4e0d\u7559\u4e00\u4eba\u4e00\u7269\uff01\u201d\u8eab\u7740\u767d\u8272\u94e0\u7532\uff0c\u8de8\u9a91\u9ed1\u8272\u9a8f\u9a6c\u9752\u5e74\u7537\u4eba\u6d41\u51fa\u4e00\u884c\u6cea\u6c34\u3002", "title": "\u4e71\u4e16\u4eba\u5c60", "url": "http://www.17k.com/book/2836495.html", "average": -1.0, "cover": "http://img.17k.com/images/bookcover/default_cover1.jpg", "reviews": 40, "authors": [{"url": "http://www.17k.com/zuozhe/62362753", "name": "\u6d51\u6d4a\u7684\u5fc3"}], "type": ["\u6218\u4e89\u5e7b\u60f3"], "outlinks": ["http://www.17k.com/book/2794982.html", "http://www.17k.com/book/2801292.html", "http://www.17k.com/book/2816318.html", "http://www.17k.com/book/2797575.html", "http://www.17k.com/book/2802516.html", "http://www.17k.com/book/2812195.html", "http://www.17k.com/book/2820143.html", "http://www.17k.com/book/2807943.html", "http://www.17k.com/book/2813457.html", "http://www.17k.com/book/2798058.html", "http://www.17k.com/book/2815617.html", "http://www.17k.com/book/2805259.html", "http://www.17k.com/book/2760255.html", "http://www.17k.com/book/2686894.html", "http://www.17k.com/book/2797016.html", "http://www.17k.com/book/2767246.html", "http://www.17k.com/book/2764239.html", "http://www.17k.com/book/2754498.html", "http://www.17k.com/book/2754900.html", "http://www.17k.com/book/2625740.html", "http://www.17k.com/book/2213315.html", "http://www.17k.com/book/2402178.html", "http://www.17k.com/book/2691221.html", "http://www.17k.com/book/2210699.html", "http://www.17k.com/book/1797752.html", "http://www.17k.com/book/2575507.html", "http://www.17k.com/book/2705181.html", "http://www.17k.com/book/2702539.html", "http://www.17k.com/book/2474887.html", "http://www.17k.com/book/2674733.html", "http://www.17k.com/book/2822076.html", "http://www.17k.com/book/2809894.html", "http://www.17k.com/book/2822077.html", "http://www.17k.com/book/2811930.html", "http://www.17k.com/book/2815548.html", "http://www.17k.com/book/2819620.html", "http://www.17k.com/book/2809964.html", "http://www.17k.com/book/2808200.html", "http://www.17k.com/book/2820100.html", "http://www.17k.com/book/2822978.html", "http://www.17k.com/book/2804337.html", "http://www.17k.com/book/2798814.html", "http://www.17k.com/book/2785153.html", "http://www.17k.com/book/2731559.html", "http://www.17k.com/book/2722533.html", "http://www.17k.com/book/2458377.html", "http://www.17k.com/book/2743300.html", "http://www.17k.com/book/973809.html", "http://www.17k.com/book/2651367.html", "http://www.17k.com/book/2726194.html", "http://www.17k.com/book/2790214.html", "http://www.17k.com/book/493239.html", "http://www.17k.com/book/108821.html", "http://www.17k.com/book/1398783.html", "http://www.17k.com/book/83528.html", "http://www.17k.com/book/1859126.html", "http://www.17k.com/book/1741975.html", "http://www.17k.com/book/192453.html", "http://www.17k.com/book/2459058.html", "http://www.17k.com/book/1050747.html", "http://www.17k.com/book/2700315.html", "http://www.17k.com/book/2818940.html", "http://www.17k.com/book/2819519.html", "http://www.17k.com/book/2816390.html", "http://www.17k.com/book/2819588.html", "http://www.17k.com/book/2813768.html", "http://www.17k.com/book/2822406.html", "http://www.17k.com/book/2772164.html", "http://www.17k.com/book/2784023.html", "http://www.17k.com/book/2811877.html", "http://www.17k.com/book/2809119.html", "http://www.17k.com/book/2803700.html", "http://www.17k.com/book/2819561.html", "http://www.17k.com/book/2746506.html", "http://www.17k.com/book/2811836.html", "http://www.17k.com/book/2614810.html", "http://www.17k.com/book/1592435.html", "http://www.17k.com/book/1949748.html", "http://www.17k.com/book/2265802.html", "http://www.17k.com/book/2743240.html", "http://www.17k.com/book/2657437.html", "http://www.17k.com/book/2644502.html", "http://www.17k.com/book/2199900.html", "http://www.17k.com/book/2725436.html", "http://www.17k.com/book/2629978.html"]}