{"ratings": -1, "userreviews": [{"userName": "zhaoshiyong999", "userReviewDate": "2018-05-21", "userURL": "http://user.17k.com/51248403", "userReview": "\u542c\u8bf4\u662f\u90e8\u6709\u771f\u5b9e\u7ec6\u8282\u7684\u5c0f\u8bf4\uff0c\u5f88\u671f\u5f85\uff0c\u5148\u4e0b\u8f7d\u4e0b\u6765\u4e86\u3002"}, {"userName": "\u6211\u6709\u6ee1\u9762\u4eba\u73b2\u73d1", "userReviewDate": "2018-05-17", "userURL": "http://user.17k.com/60975490", "userReview": "666666"}, {"userName": "\u5c0f\u9b54\u5973\u5c15\u5c15", "userReviewDate": "2018-05-07", "userURL": "http://user.17k.com/60792351", "userReview": "\u597d\u4f5c\u54c1\uff0c\u7ee7\u7eed\u52a0\u6cb9\u66f4\u65b0"}, {"userName": "\u5c0f\u9b54\u5973\u5c15\u5c15", "userReviewDate": "2018-05-07", "userURL": "http://user.17k.com/60792351", "userReview": "[\u6253\u8d4f]\u6211\u6253\u8d4f\u4e868\u5143\u7ea2\u5305\uff01\uff01"}, {"userName": "\u5c0f\u9b54\u5973\u5c15\u5c15", "userReviewDate": "2018-03-29", "userURL": "http://user.17k.com/60792351", "userReview": "<span style='color:black'>\u5f88\u559c\u6b22\u8fd9\u4e66\u7684\u98ce\u683c\uff0c\u5c01\u9762\u5f88\u5438\u5f15\u4eba</span>"}, {"userName": "\u5c0f\u9b54\u5973\u5c15\u5c15", "userReviewDate": "2018-03-29", "userURL": "http://user.17k.com/60792351", "userReview": "\u597d\u4e66\uff0c\u4e00\u53e3\u6c14\u770b\u5b8c\uff0c\u52a0\u6cb9\u52a0\u6cb9"}, {"userName": "\u661f\u7a7a\u591c\u68a6\u58f9", "userReviewDate": "2018-03-23", "userURL": "http://user.17k.com/58116533", "userReview": "\u5927\u5927\u5348\u597d\uff0c\u7ee7\u7eed\u52a0\u6cb9\uff0c\u661f\u7a7a\u6765\u770b\u4e66\u5566"}, {"userName": "\u574f\u5c0f\u5b50\u7684\u7eaf\u60c5", "userReviewDate": "2018-03-22", "userURL": "http://user.17k.com/60383691", "userReview": "<a target='_blank' href='http://www.17k.com/book/2798234.html'>\u300a\u90aa\u6027\u6b8b\u60c5\u300b</a>\u8e6d\u8e6d\u70ed\u5ea6\uff0c\u5927\u5927\u7b14\u4e0b\u5999\u7b14\u751f\u82b1\uff0c\u732e\u4e11\u4e86\u3002"}, {"userName": "\u5341\u5e74\u4e4b\u524d\u6211\u8fd8\u5728", "userReviewDate": "2018-03-21", "userURL": "http://user.17k.com/59301026", "userReview": "&nbsp; <a target='_blank' href='http://www.17k.com/book/2786594.html'>\u300a\u541b\u81e3\u5f55\u300b</a> \u5f3a\u529b\u652f\u6301 &nbsp;\u671b\u56de\u65b9&nbsp;"}, {"userName": "\u661f\u7a7a\u591c\u68a6\u58f9", "userReviewDate": "2018-03-20", "userURL": "http://user.17k.com/58116533", "userReview": "\u4e66\u4e0d\u9519\uff0c\u5c01\u9762\u5f88\u9177\u70ab\uff0c\u4f5c\u8005\u4ecb\u7ecd\u5f88\u9738\u9053\uff0c\u661f\u7a7a\u62dc\u670d\uff0c\u4e0d\u8fc7\u7f8e\u4e2d\u4e0d\u8db3\u7684\u662f\uff0c\u7ae0\u8282\u5e8f\u53f7\u5f88\u4e71\uff0c\u800c\u4e14\u8fd8\u6ca1\u6709\u7ae0\u8282\u540d\u79f0\u3002\u4e0d\u8fc7\u5185\u5bb9\u8fd8\u662f\u76f8\u5f53\u7cbe\u5f69\u7684\uff0c\u6587\u7b14\u4e5f\u53ef\u5708\u53ef\u70b9\uff0c\u661f\u7a7a\u5f88\u559c\u6b22\u3002\u5e0c\u671b\u5927\u5927\u518d\u63a5\u518d\u5389\uff0c\u52c7\u521b\u4f73\u7ee9\u3002\u661f\u7a7a\u643a\u62d9\u4f5c<a target='_blank' href='http://www.17k.com/book/2705953.html'>\u300a\u9b3c\u8ff9\u5bfb\u8e2a\u300b</a>\u62dc\u8bfb\u4f73\u4f5c\uff0c\u652f\u6301\u597d\u4e66\uff0c\u795d\u4f60\u521b\u4f5c\u5feb\u4e50\uff0c\u5f00\u5f00\u5fc3\u5fc3\u6bcf\u4e00\u5929\u3002"}, {"userName": "\u7231\u53eb\u7684\u5c0f\u82b1\u732b\u54aa\u54aa", "userReviewDate": "2018-03-19", "userURL": "http://user.17k.com/57601707", "userReview": "\u300a\u5510\u50e7 \u8fc7\u9633\u5173 &nbsp;\u300b\u6765\u8bbf\uff0c\u5f3a\u529b\u652f\u6301 !\u671f\u5f85\u56de\u8bbf\u3002"}, {"userName": "\u65af\u6587\u732b\u965b\u4e0b", "userReviewDate": "2018-03-19", "userURL": "http://user.17k.com/37764708", "userReview": "\u65e9\u5b89\uff0c\u52a0\u6cb9\uff0c"}, {"userName": "\u65af\u6587\u732b\u965b\u4e0b", "userReviewDate": "2018-03-12", "userURL": "http://user.17k.com/37764708", "userReview": "\u5c01\u9762\u5f88\u6f02\u4eae\uff0c\u5199\u7684\u5199\u4e0d\u9519\uff0c\u4e00\u672c\u6709\u6df1\u5ea6\u7684\u60ac\u7591\u597d\u6587\uff0c\u52a0\u6cb9\uff0c\u575a\u6301\u5199\u4e0b\u53bb\uff0c\u770b\u597d\u4f60\uff0c"}, {"userName": "\u4e2d\u6d41\u7825\u67f1", "userReviewDate": "2018-03-12", "userURL": "http://user.17k.com/17379", "userReview": "[\u6253\u8d4f]\u6211\u6253\u8d4f\u4e862\u5143\u7ea2\u5305\uff01\uff01"}, {"userName": "\u5012\u7acb\u5ba2", "userReviewDate": "2018-03-12", "userURL": "http://user.17k.com/60385054", "userReview": "[\u6253\u8d4f]\u6211\u6253\u8d4f\u4e862\u5143\u7ea2\u5305\uff01\uff01"}, {"userName": "\u9a8f\u9a6c\u9a8f\u9a6c", "userReviewDate": "2018-03-12", "userURL": "http://user.17k.com/60385011", "userReview": "[\u6253\u8d4f]\u6211\u6253\u8d4f\u4e862\u5143\u7ea2\u5305\uff01\uff01"}, {"userName": "\u5c71\u91cd\u6c34\u590d", "userReviewDate": "2018-03-12", "userURL": "http://user.17k.com/56710449", "userReview": "[\u6253\u8d4f]\u6211\u6253\u8d4f\u4e862\u5143\u7ea2\u5305\uff01\uff01"}, {"userName": "\u5f20\u5927\u55b5770642978", "userReviewDate": "2018-03-12", "userURL": "http://user.17k.com/60384961", "userReview": "[\u6253\u8d4f]\u6211\u6253\u8d4f\u4e862\u5143\u7ea2\u5305\uff01\uff01"}, {"userName": "\u89d2\u843d\u5904\u7684\u72fc", "userReviewDate": "2018-03-02", "userURL": "http://user.17k.com/58137971", "userReview": "<span style='color:black'>\u7b80\u5355\u7684\u8bdd\u8bed\uff0c\u771f\u8bda\u7684\u795d\u798f\uff0c\u5143\u5bb5\u5feb\u4e50\u3002<a target='_blank' href='http://www.17k.com/book/2710936.html'>\u300a\u5b85\u7537\u7cfb\u7edf\u300b</a></span>"}, {"userName": "\u4e2d\u6d41\u7825\u67f1", "userReviewDate": "2018-03-01", "userURL": "http://user.17k.com/17379", "userReview": "[\u6253\u8d4f]\u6211\u6253\u8d4f\u4e862\u5143\u7ea2\u5305\uff01\uff01"}], "description": "\u51cc\u6668\u56db\u70b9\u4e0d\u5230\uff0c110\u63a5\u8b66\u5e73\u53f0\u5927\u5385\u91cc\u706f\u706b\u901a\u660e\u3002\u5728\u8fd9\u4e2a\u5730\u65b9\uff0c\u4ece\u6765\u5c31\u6ca1\u6709\u9ed1\u591c\u767d\u663c\u7684\u533a\u5206\uff0c\u76f8\u53cd\uff0c\u591c\u665a\u4f3c\u4e4e\u624d\u662f\u771f\u6b63\u7684\u767d\u65e5\uff0c\u5fd9\u788c\u3001\u6709\u5e8f\u3001\u7eb7\u6742\u3001\u5e73\u548c\u7684\u4eba\u58f0\u91cc\uff0c\u5bf9\u5e94\u7684\u662f\u5404\u79cd\u5404\u6837\u8bed\u8c03\u548c\u5185\u5bb9\u7684\u6765\u7535\u3002", "title": "\u4e8c\u5341\u4e94\u65f6\u533a", "url": "http://www.17k.com/book/2785918.html", "average": -1.0, "cover": "http://img.17k.com/images/bookcover/2018/13929/69/2785918-1521181172000.jpg", "reviews": 30503465, "authors": [{"url": "http://www.17k.com/zuozhe/60191717", "name": "\u845b\u5723\u6d01"}], "type": ["\u4fa6\u63a2\u63a8\u7406"], "outlinks": ["http://www.17k.com/book/2794982.html", "http://www.17k.com/book/2801292.html", "http://www.17k.com/book/2816318.html", "http://www.17k.com/book/2797575.html", "http://www.17k.com/book/2802516.html", "http://www.17k.com/book/2812195.html", "http://www.17k.com/book/2820143.html", "http://www.17k.com/book/2807943.html", "http://www.17k.com/book/2813457.html", "http://www.17k.com/book/2798058.html", "http://www.17k.com/book/2815617.html", "http://www.17k.com/book/2805259.html", "http://www.17k.com/book/2760255.html", "http://www.17k.com/book/2686894.html", "http://www.17k.com/book/2797016.html", "http://www.17k.com/book/2767246.html", "http://www.17k.com/book/2764239.html", "http://www.17k.com/book/2754498.html", "http://www.17k.com/book/2754900.html", "http://www.17k.com/book/2625740.html", "http://www.17k.com/book/2213315.html", "http://www.17k.com/book/2402178.html", "http://www.17k.com/book/2691221.html", "http://www.17k.com/book/2210699.html", "http://www.17k.com/book/1797752.html", "http://www.17k.com/book/2575507.html", "http://www.17k.com/book/2705181.html", "http://www.17k.com/book/2702539.html", "http://www.17k.com/book/2474887.html", "http://www.17k.com/book/2674733.html", "http://www.17k.com/book/2822076.html", "http://www.17k.com/book/2809894.html", "http://www.17k.com/book/2822077.html", "http://www.17k.com/book/2811930.html", "http://www.17k.com/book/2815548.html", "http://www.17k.com/book/2819620.html", "http://www.17k.com/book/2809964.html", "http://www.17k.com/book/2808200.html", "http://www.17k.com/book/2820100.html", "http://www.17k.com/book/2822978.html", "http://www.17k.com/book/2804337.html", "http://www.17k.com/book/2798814.html", "http://www.17k.com/book/2785153.html", "http://www.17k.com/book/2731559.html", "http://www.17k.com/book/2722533.html", "http://www.17k.com/book/2458377.html", "http://www.17k.com/book/2743300.html", "http://www.17k.com/book/973809.html", "http://www.17k.com/book/2651367.html", "http://www.17k.com/book/2726194.html", "http://www.17k.com/book/2790214.html", "http://www.17k.com/book/493239.html", "http://www.17k.com/book/108821.html", "http://www.17k.com/book/1398783.html", "http://www.17k.com/book/83528.html", "http://www.17k.com/book/1859126.html", "http://www.17k.com/book/1741975.html", "http://www.17k.com/book/192453.html", "http://www.17k.com/book/2459058.html", "http://www.17k.com/book/1050747.html", "http://www.17k.com/book/2700315.html", "http://www.17k.com/book/2818940.html", "http://www.17k.com/book/2819519.html", "http://www.17k.com/book/2816390.html", "http://www.17k.com/book/2819588.html", "http://www.17k.com/book/2813768.html", "http://www.17k.com/book/2822406.html", "http://www.17k.com/book/2772164.html", "http://www.17k.com/book/2784023.html", "http://www.17k.com/book/2811877.html", "http://www.17k.com/book/2809119.html", "http://www.17k.com/book/2803700.html", "http://www.17k.com/book/2819561.html", "http://www.17k.com/book/2746506.html", "http://www.17k.com/book/2811836.html", "http://www.17k.com/book/2614810.html", "http://www.17k.com/book/1592435.html", "http://www.17k.com/book/1949748.html", "http://www.17k.com/book/2265802.html", "http://www.17k.com/book/2743240.html", "http://www.17k.com/book/2657437.html", "http://www.17k.com/book/2644502.html", "http://www.17k.com/book/2199900.html", "http://www.17k.com/book/2725436.html", "http://www.17k.com/book/2629978.html"]}