{"ratings": -1, "userreviews": [{"userName": "\u5948\u8bd7", "userReviewDate": "2017-11-03", "userURL": "http://user.17k.com/58180016", "userReview": "\u65b0\u840c\u6765\u8bbf\uff01\u5927\u5927\u5199\u5f97\u5b9e\u5728\u662f\u592a\u597d\u4e86\uff01\u4e0d\u5c0f\u5fc3\u5c31\u843d\u5751(\uff65\u0e34\u03d6\uff65\u0e34)\u3063 <a target='_blank' href='http://www.17k.com/book/2709072.html'>\u300a\u5c18\u5fe7\u300b</a>\u671b\u6765\u8bbf\uff01"}, {"userName": "\u674e\u65e0\u547d", "userReviewDate": "2017-11-02", "userURL": "http://user.17k.com/57024055", "userReview": "<a target='_blank' href='http://www.17k.com/book/2654528.html'>\u300a\u51a5\u5929\u697c\u300b</a>\u671f\u5f85\u5927\u5bb6\u6279\u8bc4\u6307\u5bfc\u8c22\u8c22..."}, {"userName": "\u53f6\u8459\u82b8", "userReviewDate": "2017-11-01", "userURL": "http://user.17k.com/57517697", "userReview": "\u5927\u5927\u52a0\u6cb9\uff01\u643a<a target='_blank' href='http://www.17k.com/book/2663126.html'>\u300a\u4eba\u72d0\u4e4b\u7ea6\u300b</a>\u524d\u6765\u652f\u6301\uff01\u4eb2\u4eec\u5feb\u6765\u770b\u54e6\uff01\u5c0f\u8bf4\u5730\u5740http://h5.17k.com/book/2663126.html"}, {"userName": "\u674e\u65e0\u547d", "userReviewDate": "2017-10-23", "userURL": "http://user.17k.com/57024055", "userReview": "\u5927\u5927\u5199\u5f97\u771f\u597d\uff0c<a target='_blank' href='http://www.17k.com/book/2654528.html'>\u300a\u51a5\u5929\u697c\u300b</a>\u6765\u652f\u6301\uff0c\u539a\u8138\u76ae\u6253\u6270\u4e86\uff0c\u671b\u56de\u8bbf\u6307\u6559\u4e00\u4e0b..."}], "description": "\u590f\u7d2b\u51b0\uff0c\u51b7\u591c\u56fd\u8d6b\u8d6b\u6709\u540d\u7684\u590f\u5bb6\u4e09\u5c0f\u59d0\uff0c\u81ea\u5c0f\u53d7\u5c3d\u5bb6\u5ead\u59d0\u59b9\u7684\u51cc\u8fb1\u3002\u7239\u7239\u4e0d\u75bc\uff0c\u59e8\u5a18\u4e0d\u7231\u3002\u5341\u4e94\u5e74\u540e\uff0c\u4e00\u573a\u8d50\u5a5a\u66f4\u662f\u5c06\u5979\u63a8\u5230\u98ce\u53e3\u6d6a\u5c16\u3002\u6d1e\u623f\u82b1\u70db\u591c\uff0c\u4ea4\u676f\u9152\u6362\u6210\u4e86\u5408\u6b22\u836f\u3002\u590f\u7d2b\u51b0\u56e0\u4e3a\u627f\u53d7\u4e0d\u4e86\u8fd9\u523a\u6fc0\uff0c\u4f53\u5f31\u5f52\u897f\u3002\u4e91\u843d\u6e05\uff0c\u4e43\u662f\u6697\u591c\u5973\u738b\uff0c\u9876\u7ea7\u7279\u5de5\u3002\u5fc3\u72e0\u624b\u8fa3\uff0c\u777f\u667a\u6df1\u6c89\uff0c\u950b\u8292\u7edd\u4e16\u3002\u518d\u7741\u773c\uff0c\u624d\u77e5\u592b\u541b\u5df2\u53d8\u6210\u964c\u751f\u7537\u4eba\u2026\u2026\u5341\u5e74\u9690\u5fcd\uff0c\u4e94\u5e74\u4f2a\u88c5\uff0c\u4e00\u671d\u91cd\u751f\uff0c\u5979\u624d\u534e\u60ca\u4e16\uff0c\u6b66\u827a\u8d85\u7fa4\uff0c\u5f11\u7236\u6740\u592b\uff0c\u8fb1\u59d0\u51cc\u59b9\uff0c\u593a\u6743\u8c0b\u4f4d\u3002\u5979\u4e91\u843d\u6e05\u4ece\u6765\u4e0d\u541d\u556c\uff0c\u4eba\u82e5\u72af\u6211\uff0c\u6211\u6709\u7684\u662f\u65f6\u95f4\u5949\u966a\u5230\u5e95\uff01", "title": "\u4e8c\u5ac1\uff0c\u76db\u5ba0\u5929\u624d\u9006\u5983", "url": "http://www.17k.com/book/2698308.html", "average": -1.0, "cover": "http://img.17k.com/images/bookcover/partner/83/8/2698308/2698308.jpg", "reviews": 143683, "authors": [{"url": "http://www.17k.com/zuozhe/56805684", "name": "\u6e05\u96e8\u7eff\u7af9"}], "type": ["\u7a7f\u8d8a\u65f6\u7a7a"], "outlinks": ["http://www.17k.com/book/2794982.html", "http://www.17k.com/book/2801292.html", "http://www.17k.com/book/2816318.html", "http://www.17k.com/book/2797575.html", "http://www.17k.com/book/2802516.html", "http://www.17k.com/book/2812195.html", "http://www.17k.com/book/2820143.html", "http://www.17k.com/book/2807943.html", "http://www.17k.com/book/2813457.html", "http://www.17k.com/book/2798058.html", "http://www.17k.com/book/2815617.html", "http://www.17k.com/book/2805259.html", "http://www.17k.com/book/2760255.html", "http://www.17k.com/book/2686894.html", "http://www.17k.com/book/2797016.html", "http://www.17k.com/book/2767246.html", "http://www.17k.com/book/2764239.html", "http://www.17k.com/book/2754498.html", "http://www.17k.com/book/2754900.html", "http://www.17k.com/book/2625740.html", "http://www.17k.com/book/2213315.html", "http://www.17k.com/book/2402178.html", "http://www.17k.com/book/2691221.html", "http://www.17k.com/book/2210699.html", "http://www.17k.com/book/1797752.html", "http://www.17k.com/book/2575507.html", "http://www.17k.com/book/2705181.html", "http://www.17k.com/book/2702539.html", "http://www.17k.com/book/2474887.html", "http://www.17k.com/book/2674733.html", "http://www.17k.com/book/2822076.html", "http://www.17k.com/book/2809894.html", "http://www.17k.com/book/2822077.html", "http://www.17k.com/book/2811930.html", "http://www.17k.com/book/2815548.html", "http://www.17k.com/book/2819620.html", "http://www.17k.com/book/2809964.html", "http://www.17k.com/book/2808200.html", "http://www.17k.com/book/2820100.html", "http://www.17k.com/book/2822978.html", "http://www.17k.com/book/2804337.html", "http://www.17k.com/book/2798814.html", "http://www.17k.com/book/2785153.html", "http://www.17k.com/book/2731559.html", "http://www.17k.com/book/2722533.html", "http://www.17k.com/book/2458377.html", "http://www.17k.com/book/2743300.html", "http://www.17k.com/book/973809.html", "http://www.17k.com/book/2651367.html", "http://www.17k.com/book/2726194.html", "http://www.17k.com/book/2790214.html", "http://www.17k.com/book/493239.html", "http://www.17k.com/book/108821.html", "http://www.17k.com/book/1398783.html", "http://www.17k.com/book/83528.html", "http://www.17k.com/book/1859126.html", "http://www.17k.com/book/1741975.html", "http://www.17k.com/book/192453.html", "http://www.17k.com/book/2459058.html", "http://www.17k.com/book/1050747.html", "http://www.17k.com/book/2700315.html", "http://www.17k.com/book/2818940.html", "http://www.17k.com/book/2819519.html", "http://www.17k.com/book/2816390.html", "http://www.17k.com/book/2819588.html", "http://www.17k.com/book/2813768.html", "http://www.17k.com/book/2822406.html", "http://www.17k.com/book/2772164.html", "http://www.17k.com/book/2784023.html", "http://www.17k.com/book/2811877.html", "http://www.17k.com/book/2809119.html", "http://www.17k.com/book/2803700.html", "http://www.17k.com/book/2819561.html", "http://www.17k.com/book/2746506.html", "http://www.17k.com/book/2811836.html", "http://www.17k.com/book/2614810.html", "http://www.17k.com/book/1592435.html", "http://www.17k.com/book/1949748.html", "http://www.17k.com/book/2265802.html", "http://www.17k.com/book/2743240.html", "http://www.17k.com/book/2657437.html", "http://www.17k.com/book/2644502.html", "http://www.17k.com/book/2199900.html", "http://www.17k.com/book/2725436.html", "http://www.17k.com/book/2629978.html"]}