{"ratings": -1, "userreviews": [{"userName": "\u7ea2\u978b\u7eff\u889c\u95ef\u6c5f\u6e56", "userReviewDate": "2018-02-05", "userURL": "http://user.17k.com/59299196", "userReview": "\u52a0\u6cb9\uff01\u4e89\u53d6\u65e9\u65e5\u7b7e\u7ea6\u4e0a\u67b6\uff01\u65b0\u4eba\u643a<a target='_blank' href='http://www.17k.com/book/2755362.html'>\u300a\u7ea2\u978b\u7eff\u889c\u95ef\u6c5f\u6e56\u300b</a>\u62dc\u8bbf\uff01"}, {"userName": "\u5e9f\u589f\u5929\u591c\u6709\u5947\u8c2d", "userReviewDate": "2017-10-26", "userURL": "http://user.17k.com/57463065", "userReview": "999<a target='_blank' href='http://www.17k.com/book/2695774.html'>\u300a\u6211\u6709\u4e00\u4e2a\u64a9\u59b9\u5927\u793c\u5305\u300b</a>\u524d\u6765\u62dc\u8bfb\uff0c\u5927\u4f5c\u6536\u85cf\uff01"}, {"userName": "\u5173\u6cb3\u4e07\u91cc", "userReviewDate": "2017-09-02", "userURL": "http://user.17k.com/57071997", "userReview": "\u5927\u5927\u52a0\u6cb9\u0669(&nbsp;'\u03c9'&nbsp;)\u0648 <a target='_blank' href='http://www.17k.com/book/2638806.html'>\u300a\u5e7d\u7384\u4e3b\u5bb0\u300b</a>\u6765\u8bbf"}, {"userName": "\u4e5d\u4e5d\u8273\u9633\u5929\u5927\u4e66\u866b", "userReviewDate": "2017-01-19", "userURL": "http://user.17k.com/37777312", "userReview": "\u4e0a\u4e00\u6735\uff0c\u770b\u4e8c\u54e5"}, {"userName": "\u767d\u4e91\u751f\u5904\u6709\u4eba\u5bb6", "userReviewDate": "2017-01-12", "userURL": "http://user.17k.com/52027746", "userReview": "\u6587\u5f88\u771f\u631a\u3001\u5f88\u6e29\u6696\uff0c\u8d5e\u4e00\u4e2a\u3002<a target='_blank' href='http://www.17k.com/book/2297023.html'>\u300a\u6dd8\u6c14\u9b3c\u548c\u5012\u9709\u86cb\u300b</a>\u5230\u8bbf\u3002"}, {"userName": "\u711a\u90aaCheerup", "userReviewDate": "2016-12-27", "userURL": "http://user.17k.com/43397916", "userReview": "<a target='_blank' href='http://www.17k.com/book/2263910.html'>\u300a\u4e07\u53e4\u96f7\u5e1d\u51b3\u300b</a>\u6765\u6b64\u4e00\u6e38"}, {"userName": "\u79fb\u52a8\u7684\u811a\u5370", "userReviewDate": "2016-12-23", "userURL": "http://user.17k.com/46764254", "userReview": "<a target='_blank' href='http://www.17k.com/book/2286614.html'>\u300a\u56f0\u9053\u4e4b\u5dc5\u300b</a>\u9001\u82b1\u652f\u6301\uff0c\u52a0\u6cb9\uff01"}, {"userName": "\u7d2b\u7af9\u5c0f\u5c4b", "userReviewDate": "2016-11-17", "userURL": "http://user.17k.com/50982107", "userReview": "<span style='color:black'><a target='_blank' href='http://www.17k.com/book/2125921.html'>\u300a\u5f7c\u5cb8\u9b54\u7075\u96c6\u300b</a>\u524d\u6765\u62dc\u8bbf\uff01\uff01\uff01\uff01\u652f\u6301\uff01\uff01\uff01\uff01\uff01\u52a0\u6cb9</span>"}, {"userName": "\u8ff6\u256f\u7f18\u7121\u4efd298188588", "userReviewDate": "2016-10-06", "userURL": "http://user.17k.com/49887716", "userReview": "<a target='_blank' href='http://www.17k.com/book/2148018.html'>\u300a\u4e00\u54c1\u5c11\u4e3b\u7cfb\u7edf\u300b</a>\u524d\u6765\u62dc\u8bfb\u5927\u4f5c\uff0c\u4e92\u76f8\u652f\u6301\uff01"}, {"userName": "\u7334\u8d5b\u96f7\u54e6", "userReviewDate": "2016-09-21", "userURL": "http://user.17k.com/45114665", "userReview": "\u6591\u7af9\u541b\u9001\u63a8\u8350\u798f\u5229\u4e86!\u5feb\u6765\u6295\u7968\u3002\u65b0\u7684\u5956\u52b1\u793c\u5305\u7b49\u4f60\u6765\u5f00\u542f\uff0c\u4e00\u8d77\u6765\u6295\u7968\u9009\u51fa\u4f60\u6240\u7231\u5427\uff01\uff01http://bbs.17k.com/thread-3374834-1-1.html"}, {"userName": "\u7334\u8d5b\u96f7\u54e6", "userReviewDate": "2016-09-16", "userURL": "http://user.17k.com/45114665", "userReview": "<span style='color:black'> http://bbs.17k.com/thread-3374834-1-1.html \u5f88\u597d\u770b\u7684\u54df\uff0c\u5e0c\u671b\u5927\u5bb6\u80fd\u53bb\u770b\u4e00\u770b*^_^*</span>"}, {"userName": "\u5fae\u96e8\u6de1\u58a8", "userReviewDate": "2016-06-16", "userURL": "http://user.17k.com/46698069", "userReview": "<a target='_blank' href='http://user.17k.com/35772061'>@\u4e00\u5929\u56db\u5c0f\u65f6</a> <a target='_blank' href='http://www.17k.com/book/1899499.html'>\u300a\u82f1\u96c4\u8054\u76df\u4e4b\u6821\u56ed\u9ad8\u624b\u300b</a>\u6765\u8bbf\uff0c\u671b\u56de\u8bbf\uff0c\u6c42\u9c9c\u82b1,\u6c42\u6536\u85cf\uff0c\u6c42\u6307\u70b9\uff01"}, {"userName": "\u4e0d\u88ab\u53d6\u4ee3", "userReviewDate": "2016-05-20", "userURL": "http://user.17k.com/45905515", "userReview": "<span style='color:black'>\u590f\u5929\u6765\u4e86\uff0c\u6211\u4eec\u4e00\u8d77\u53d8\u5f02\u5427\uff01\u4e0d\u88ab\u53d6\u4ee3\u643a<a target='_blank' href='http://www.17k.com/book/1839830.html'>\u300a\u86fe\u5b50\u4fa0\u300b</a>\u524d\u6765\u652f\u6301\uff0c\u5927\u5927\u6587\u7b14\u5f88\u597d\uff0c\u60c5\u8282\u5f88\u5999\uff0c\u671b\u79fb\u6b65\u9605\u8bfb\uff0c\u6536\u85cf\u4e00\u4e0b\u5566\uff01</span>"}, {"userName": "\u5510\u9752\u886b988", "userReviewDate": "2016-05-15", "userURL": "http://user.17k.com/38379148", "userReview": "\u643a<a target='_blank' href='http://www.17k.com/book/1860214.html'>\u300a\u5251\u5578\u6843\u82b1\u6e90\u300b</a>\u62dc\u8bfb\u3002"}, {"userName": "\u871c\u871c\u9f20", "userReviewDate": "2016-05-07", "userURL": "http://user.17k.com/43630190", "userReview": "<span style='color:black'>\u6765\u770b\u5c0f\u8bf4\u4e86\uff0c\u6587\u7b14\u4e0d\u9519\uff0c\u5927\u4f5c\u5df2\u6536\u85cf\u7ec6\u8bfb\uff0c\u6709\u7a7a\u5417\uff1f\u8bf7\u5e2e\u5fd9\u770b\u4e0b<a target='_blank' href='http://www.17k.com/book/1845932.html'>\u300a\u4e00\u5ff5\u5982\u65af\u300b</a>\u597d\u5417\uff1fjuoujtfd<a target='_blank' href='http://user.17k.com/35772061'>@\u4e00\u5929\u56db\u5c0f\u65f6</a></span>"}, {"userName": "\u4e00\u6735\u83dc", "userReviewDate": "2016-01-26", "userURL": "http://user.17k.com/37389786", "userReview": "<a target='_blank' href='http://www.17k.com/book/1409047.html'>\u300a\u6d1b\u8a00\u4f50\u300b</a><a target='_blank' href='http://www.17k.com/book/1045490.html'>\u300a\u6211\u548c\u9ca8\u9c7c\u7684\u7ea6\u5b9a\u300b</a>\u524d\u6765\u4e3a\u5927\u5927\u6367\u573a\u3002"}, {"userName": "520677547580", "userReviewDate": "2015-12-25", "userURL": "http://user.17k.com/44244983", "userReview": "<a target='_blank' href='http://www.17k.com/book/1580346.html'>\u300a\u795e\u9b54\u4e5d\u9053\u300b</a>\u732e\u4e0a\u7ed9\u5927\u5927"}, {"userName": "\u9b54\u6b32\u8e0f\u5929", "userReviewDate": "2015-06-22", "userURL": "http://user.17k.com/41633878", "userReview": "\u65b0\u4eba\u643a\u5e26<a target='_blank' href='http://www.17k.com/book/1279714.html'>\u300a\u9b54\u6b32\u8e0f\u5929\u300b</a>\u62dc\u8bbf\uff0c\u671b\u5927\u795e\u56de\u8bbf"}, {"userName": "\u9999\u74dc\u9a91\u58eb", "userReviewDate": "2015-06-19", "userURL": "http://user.17k.com/41519793", "userReview": "\u643a\u7206\u7b11\u5c0f\u8bf4<a target='_blank' href='http://www.17k.com/book/1266181.html'>\u300a\u7f8e\u5973\u4e0a\u53f8\u8d5b\u706d\u7edd\u300b</a>\u6765\u8bbf\uff01\u7801\u5b57\u8d35\u5728\u575a\u6301\uff0c\u4f5c\u8005\u52a0\u6cb9\uff01\uff01"}, {"userName": "\u5f1f\u4e00", "userReviewDate": "2015-06-11", "userURL": "http://user.17k.com/33550040", "userReview": "\u5c0f\u5f1f\u4e0d\u624d\uff0c\u643a\u5e26\u5eb8\u4fd7\u5e73\u51e1\u7684\u4f5c\u54c1<a target='_blank' href='http://www.17k.com/book/1264599.html'>\u300a\u6211\u7ec8\u4e8e\u5feb\u8981\u6b7b\u4e86\u300b</a>\u5230\u8bbf\u3002"}], "description": "\u4f5b\u8bf4\uff0c\u4e00\u82b1\u4e00\u4e16\u754c\uff0c\u4e00\u53f6\u4e00\u5982\u6765\u3002\u751f\u800c\u4e3a\u4eba\uff0c\u6bcf\u4e00\u4e2a\u4eba\u90fd\u6709\u4e00\u4e2a\u5c5e\u4e8e\u81ea\u5df1\u7684\u4e16\u754c\uff01\u3000\u3000\u8fd9\u672c\u4e66\u53ea\u4e3a\u5e26\u4f60\u8d70\u8fdb\u201c\u65e0\u4eba\u80fd\u61c2\u201d\u7684\u4e8c\u54e5\u7684\u4e16\u754c\uff01\u3000\u3000\u4eba\u7684\u4e00\u751f\u5e94\u8be5\u8fd9\u6837\u5ea6\u8fc7\uff1a\u5f53\u4ed6\u56de\u9996\u5f80\u4e8b\u7684\u65f6\u5019\uff0c\u4e0d\u56e0\u865a\u5ea6\u5e74\u534e\u800c\u6094\u6068\uff0c\u4e0d\u56e0\u788c\u788c\u65e0\u4e3a\u800c\u7f9e\u803b\u3002\u3000\u3000\u8fd9\u53e5\u8bdd\u548c\u8fd9\u672c\u4e66\uff0c\u90fd\u53ea\u4e3a\u9001\u7ed9\u81ea\u5df1\uff0c\u56e0\u4e3a\u5728\u6bcf\u4e00\u4e2a\u4eba\u7684\u4e16\u754c\u91cc\uff0c\u4f60\u90fd\u662f\u8fc7\u5ba2\uff0c\u53ea\u6709\u5728\u4f60\u81ea\u5df1\u7684\u4e16\u754c\u91cc\u4f60\u624d\u662f\u4e3b\u89d2\uff01\u3000\u3000\u9752\u6625\u65e0\u6094\uff0c\u597d\u597d\u7231\u81ea\u5df1\uff0c\u505a\u4e00\u4e2a\u77e5\u8db3\u5e38\u4e50\u7b11\u770b\u4eba\u751f\u7684\u4e8c\u54e5\uff01", "title": "\u4e8c\u54e5\u7684\u4e16\u754c", "url": "http://www.17k.com/book/1174713.html", "average": -1.0, "cover": "http://img.17k.com/images/bookcover/2015/5873/29/1174713-1450421191000.jpg", "reviews": 13700, "authors": [{"url": "http://www.17k.com/zuozhe/35772061", "name": "\u4e09\u5341\u4e00\u767e"}], "type": ["\u70ed\u8840\u9752\u6625"], "outlinks": ["http://www.17k.com/book/2794982.html", "http://www.17k.com/book/2801292.html", "http://www.17k.com/book/2816318.html", "http://www.17k.com/book/2797575.html", "http://www.17k.com/book/2802516.html", "http://www.17k.com/book/2812195.html", "http://www.17k.com/book/2820143.html", "http://www.17k.com/book/2807943.html", "http://www.17k.com/book/2813457.html", "http://www.17k.com/book/2798058.html", "http://www.17k.com/book/2815617.html", "http://www.17k.com/book/2805259.html", "http://www.17k.com/book/2760255.html", "http://www.17k.com/book/2686894.html", "http://www.17k.com/book/2797016.html", "http://www.17k.com/book/2767246.html", "http://www.17k.com/book/2764239.html", "http://www.17k.com/book/2754498.html", "http://www.17k.com/book/2754900.html", "http://www.17k.com/book/2625740.html", "http://www.17k.com/book/2213315.html", "http://www.17k.com/book/2402178.html", "http://www.17k.com/book/2691221.html", "http://www.17k.com/book/2210699.html", "http://www.17k.com/book/1797752.html", "http://www.17k.com/book/2575507.html", "http://www.17k.com/book/2705181.html", "http://www.17k.com/book/2702539.html", "http://www.17k.com/book/2474887.html", "http://www.17k.com/book/2674733.html", "http://www.17k.com/book/2822076.html", "http://www.17k.com/book/2809894.html", "http://www.17k.com/book/2822077.html", "http://www.17k.com/book/2811930.html", "http://www.17k.com/book/2815548.html", "http://www.17k.com/book/2819620.html", "http://www.17k.com/book/2809964.html", "http://www.17k.com/book/2808200.html", "http://www.17k.com/book/2820100.html", "http://www.17k.com/book/2822978.html", "http://www.17k.com/book/2804337.html", "http://www.17k.com/book/2798814.html", "http://www.17k.com/book/2785153.html", "http://www.17k.com/book/2731559.html", "http://www.17k.com/book/2722533.html", "http://www.17k.com/book/2458377.html", "http://www.17k.com/book/2743300.html", "http://www.17k.com/book/973809.html", "http://www.17k.com/book/2651367.html", "http://www.17k.com/book/2726194.html", "http://www.17k.com/book/2790214.html", "http://www.17k.com/book/493239.html", "http://www.17k.com/book/108821.html", "http://www.17k.com/book/1398783.html", "http://www.17k.com/book/83528.html", "http://www.17k.com/book/1859126.html", "http://www.17k.com/book/1741975.html", "http://www.17k.com/book/192453.html", "http://www.17k.com/book/2459058.html", "http://www.17k.com/book/1050747.html", "http://www.17k.com/book/2700315.html", "http://www.17k.com/book/2818940.html", "http://www.17k.com/book/2819519.html", "http://www.17k.com/book/2816390.html", "http://www.17k.com/book/2819588.html", "http://www.17k.com/book/2813768.html", "http://www.17k.com/book/2822406.html", "http://www.17k.com/book/2772164.html", "http://www.17k.com/book/2784023.html", "http://www.17k.com/book/2811877.html", "http://www.17k.com/book/2809119.html", "http://www.17k.com/book/2803700.html", "http://www.17k.com/book/2819561.html", "http://www.17k.com/book/2746506.html", "http://www.17k.com/book/2811836.html", "http://www.17k.com/book/2614810.html", "http://www.17k.com/book/1592435.html", "http://www.17k.com/book/1949748.html", "http://www.17k.com/book/2265802.html", "http://www.17k.com/book/2743240.html", "http://www.17k.com/book/2657437.html", "http://www.17k.com/book/2644502.html", "http://www.17k.com/book/2199900.html", "http://www.17k.com/book/2725436.html", "http://www.17k.com/book/2629978.html"]}