{"ratings": -1, "userreviews": [{"userName": "\u67d4\u6c34\u8426\u82b1", "userReviewDate": "2015-11-17", "userURL": "http://user.17k.com/42905880", "userReview": "\u67d4\u6c34\u8426\u82b1\u643a<a target='_blank' href='http://www.17k.com/book/1387421.html'>\u300a\u534a\u968f\u6d41\u6c34\u534a\u968f\u5c18\u300b</a>\u6765\u62dc\u8bbf,\u6c42\u56de\u8bbf\u3001\u6c42\u6536\u85cf\u3002\u559c\u6b22\u4f60\u7684\u5927\u4f5c,\u9605\u8bfb\u4e2d\u3002"}], "description": "\u4e00\u4e2a\u795e\u5947\u7684\u906d\u9047\uff0c\u4e00\u6bb5\u4e0d\u53ef\u601d\u8bae\u7684\u7ecf\u5386\uff0c\u4e00\u573a\u96be\u4ee5\u5272\u820d\u7684\u604b\u60c5\uff0c\u4e00\u4e9b\u575a\u6301\u5230\u5e95\u7684\u6218\u6597\u3002\u4e3b\u89d2\u5c31\u662f\u6211\uff0c\u571f\u65b9\u4f18\u4e00\uff01\u662f\u4e00\u4e2a\u5c3e\u884c\u53d8\u6001\u3002\u5176\u5b9e\u6211\u4e0d\u662f\u9e7f\u53d6\u62d3\u6d77\uff0c\u53ea\u662f\u6211\u89c9\u5f97\u7a7f\u77ed\u88d9\u7684\u5c11\u5973\u5f88\u6f02\u4eae\u800c\u5df2\u3002\u5f53\u7136\uff0c\u6211\u4e0d\u662f\u8fd9\u4e2a\u4e8c\u6b21\u5143\u7684\u4eba\uff0c\u6211\u4e5f\u4e0d\u77e5\u9053\u4e3a\u4ec0\u4e48\u5c31\u4ece\u73b0\u5b9e\u7684\u4e16\u754c\u7a7f\u8d8a\u5230\u4e86\u8fd9\u91cc\u3002\u561b\uff0c\u80fd\u6765\u5c31\u80fd\u79bb\u561b\uff0c\u80af\u5b9a\u6709\u529e\u6cd5\u56de\u53bb\u7684\u3002\u53cd\u6b63\uff0c\u65e0\u8bba\u5982\u4f55\u4e5f\u8981\u52aa\u529b\u6218\u6597\u4e0b\u53bb\uff0c\u4e3a\u4e86\u81ea\u5df1\u7684\u751f\u547d\u3002", "title": "\u4e8c\u6b21\u5143\u7684\u65f6\u7a7a\u4e4b\u95e8", "url": "http://www.17k.com/book/1505173.html", "average": -1.0, "cover": "http://img.17k.com/images/bookcover/default_cover2.jpg", "reviews": 1235, "authors": [{"url": "http://www.17k.com/zuozhe/43719902", "name": "\u6267\u7b14\u7684\u6e29\u67d4"}], "type": ["\u7075\u9b42\u8f6c\u6362"], "outlinks": ["http://www.17k.com/book/2794982.html", "http://www.17k.com/book/2801292.html", "http://www.17k.com/book/2816318.html", "http://www.17k.com/book/2797575.html", "http://www.17k.com/book/2802516.html", "http://www.17k.com/book/2812195.html", "http://www.17k.com/book/2820143.html", "http://www.17k.com/book/2807943.html", "http://www.17k.com/book/2813457.html", "http://www.17k.com/book/2798058.html", "http://www.17k.com/book/2815617.html", "http://www.17k.com/book/2805259.html", "http://www.17k.com/book/2760255.html", "http://www.17k.com/book/2686894.html", "http://www.17k.com/book/2797016.html", "http://www.17k.com/book/2767246.html", "http://www.17k.com/book/2764239.html", "http://www.17k.com/book/2754498.html", "http://www.17k.com/book/2754900.html", "http://www.17k.com/book/2625740.html", "http://www.17k.com/book/2213315.html", "http://www.17k.com/book/2402178.html", "http://www.17k.com/book/2691221.html", "http://www.17k.com/book/2210699.html", "http://www.17k.com/book/1797752.html", "http://www.17k.com/book/2575507.html", "http://www.17k.com/book/2705181.html", "http://www.17k.com/book/2702539.html", "http://www.17k.com/book/2474887.html", "http://www.17k.com/book/2674733.html", "http://www.17k.com/book/2822076.html", "http://www.17k.com/book/2809894.html", "http://www.17k.com/book/2822077.html", "http://www.17k.com/book/2811930.html", "http://www.17k.com/book/2815548.html", "http://www.17k.com/book/2819620.html", "http://www.17k.com/book/2809964.html", "http://www.17k.com/book/2808200.html", "http://www.17k.com/book/2820100.html", "http://www.17k.com/book/2822978.html", "http://www.17k.com/book/2804337.html", "http://www.17k.com/book/2798814.html", "http://www.17k.com/book/2785153.html", "http://www.17k.com/book/2731559.html", "http://www.17k.com/book/2722533.html", "http://www.17k.com/book/2458377.html", "http://www.17k.com/book/2743300.html", "http://www.17k.com/book/973809.html", "http://www.17k.com/book/2651367.html", "http://www.17k.com/book/2726194.html", "http://www.17k.com/book/2790214.html", "http://www.17k.com/book/493239.html", "http://www.17k.com/book/108821.html", "http://www.17k.com/book/1398783.html", "http://www.17k.com/book/83528.html", "http://www.17k.com/book/1859126.html", "http://www.17k.com/book/1741975.html", "http://www.17k.com/book/192453.html", "http://www.17k.com/book/2459058.html", "http://www.17k.com/book/1050747.html", "http://www.17k.com/book/2700315.html", "http://www.17k.com/book/2818940.html", "http://www.17k.com/book/2819519.html", "http://www.17k.com/book/2816390.html", "http://www.17k.com/book/2819588.html", "http://www.17k.com/book/2813768.html", "http://www.17k.com/book/2822406.html", "http://www.17k.com/book/2772164.html", "http://www.17k.com/book/2784023.html", "http://www.17k.com/book/2811877.html", "http://www.17k.com/book/2809119.html", "http://www.17k.com/book/2803700.html", "http://www.17k.com/book/2819561.html", "http://www.17k.com/book/2746506.html", "http://www.17k.com/book/2811836.html", "http://www.17k.com/book/2614810.html", "http://www.17k.com/book/1592435.html", "http://www.17k.com/book/1949748.html", "http://www.17k.com/book/2265802.html", "http://www.17k.com/book/2743240.html", "http://www.17k.com/book/2657437.html", "http://www.17k.com/book/2644502.html", "http://www.17k.com/book/2199900.html", "http://www.17k.com/book/2725436.html", "http://www.17k.com/book/2629978.html"]}