{"ratings": -1, "userreviews": [{"userName": "\u7af9\u4e0b\u661f\u67f3", "userReviewDate": "2018-05-26", "userURL": "http://user.17k.com/56040077", "userReview": "\u5927\u5927\u665a\u4e0a\u597d\uff01\u9996\u6b21\u6765\u8bbf\uff0c\u671f\u5f85\u4f60\u7684\u5230\u8bbf\u554a\uff01"}, {"userName": "\u53ef\u7231\u7684\u5c0f\u9b3c\u9b3c", "userReviewDate": "2018-05-21", "userURL": "http://user.17k.com/60948187", "userReview": "[\u6253\u8d4f]\u6211\u6253\u8d4f\u4e861\u5143\u7ea2\u5305\uff01\uff01"}, {"userName": "\u53ef\u7231\u7684\u5c0f\u9b3c\u9b3c", "userReviewDate": "2018-05-21", "userURL": "http://user.17k.com/60948187", "userReview": "[\u6253\u8d4f]\u6211\u6253\u8d4f\u4e865\u5143\u7ea2\u5305\uff01\uff01"}, {"userName": "\u6708\u843d\u68a6\u8ffd\u5fc6", "userReviewDate": "2018-05-20", "userURL": "http://user.17k.com/57478135", "userReview": "\u521d\u8bbf\u652f\u6301\uff0c\u8282\u65e5\u6109\u5feb\uff0c\u6c6aemmmm"}, {"userName": "\u53ef\u7231\u7684\u5c0f\u9b3c\u9b3c", "userReviewDate": "2018-04-14", "userURL": "http://user.17k.com/60948187", "userReview": "\u5e7f\u544a\u697c\uff0c\u4e00\u5f8b\u90fd\u6765\u8fd9\u91cc\uff0c\u5176\u4f59\u7edf\u7edf\u5220\u9664\uff01"}], "description": "\u6765\u65f6\u662f\u5c11\u5e74\uff0c\u5f52\u6765\u662f\u8001\u5934\uff1f\u4e94\u5927\u4eba\u683c\u9f50\u4e0a\u9635\uff0c\u8179\u9ed1\u592a\u5b50\u8fd9\u9006\u88ad\u4e4b\u8def\u53ef\u4e0d\u597d\u8d70\u2014\u2014\u5356\u840c\uff0c\u66b4\u529b\uff0c\u5f3a\u52bf\uff0c\u51b0\u5c71\uff0c\u6df1\u6c89\uff0c\u4ed6\u8fd9\u662f\u5728\u7cca\u5f04\u8c01\uff01\uff1f", "title": "\u4e91\u7476\u4f20\u5947", "url": "http://www.17k.com/book/2807590.html", "average": -1.0, "cover": "http://img.17k.com/images/bookcover/2018/14037/70/2807590-1528121555000.jpg", "reviews": 347, "authors": [{"url": "http://www.17k.com/zuozhe/60948187", "name": "\u56de\u9996\u8427\u745f"}], "type": ["\u5bab\u5ef7\u8d35\u65cf"], "outlinks": ["http://www.17k.com/book/2794982.html", "http://www.17k.com/book/2801292.html", "http://www.17k.com/book/2816318.html", "http://www.17k.com/book/2797575.html", "http://www.17k.com/book/2802516.html", "http://www.17k.com/book/2812195.html", "http://www.17k.com/book/2820143.html", "http://www.17k.com/book/2807943.html", "http://www.17k.com/book/2813457.html", "http://www.17k.com/book/2798058.html", "http://www.17k.com/book/2815617.html", "http://www.17k.com/book/2805259.html", "http://www.17k.com/book/2760255.html", "http://www.17k.com/book/2686894.html", "http://www.17k.com/book/2797016.html", "http://www.17k.com/book/2767246.html", "http://www.17k.com/book/2764239.html", "http://www.17k.com/book/2754498.html", "http://www.17k.com/book/2754900.html", "http://www.17k.com/book/2625740.html", "http://www.17k.com/book/2213315.html", "http://www.17k.com/book/2402178.html", "http://www.17k.com/book/2691221.html", "http://www.17k.com/book/2210699.html", "http://www.17k.com/book/1797752.html", "http://www.17k.com/book/2575507.html", "http://www.17k.com/book/2705181.html", "http://www.17k.com/book/2702539.html", "http://www.17k.com/book/2474887.html", "http://www.17k.com/book/2674733.html", "http://www.17k.com/book/2822076.html", "http://www.17k.com/book/2809894.html", "http://www.17k.com/book/2822077.html", "http://www.17k.com/book/2811930.html", "http://www.17k.com/book/2815548.html", "http://www.17k.com/book/2819620.html", "http://www.17k.com/book/2809964.html", "http://www.17k.com/book/2808200.html", "http://www.17k.com/book/2820100.html", "http://www.17k.com/book/2822978.html", "http://www.17k.com/book/2804337.html", "http://www.17k.com/book/2798814.html", "http://www.17k.com/book/2785153.html", "http://www.17k.com/book/2731559.html", "http://www.17k.com/book/2722533.html", "http://www.17k.com/book/2458377.html", "http://www.17k.com/book/2743300.html", "http://www.17k.com/book/973809.html", "http://www.17k.com/book/2651367.html", "http://www.17k.com/book/2726194.html", "http://www.17k.com/book/2790214.html", "http://www.17k.com/book/493239.html", "http://www.17k.com/book/108821.html", "http://www.17k.com/book/1398783.html", "http://www.17k.com/book/83528.html", "http://www.17k.com/book/1859126.html", "http://www.17k.com/book/1741975.html", "http://www.17k.com/book/192453.html", "http://www.17k.com/book/2459058.html", "http://www.17k.com/book/1050747.html", "http://www.17k.com/book/2700315.html", "http://www.17k.com/book/2818940.html", "http://www.17k.com/book/2819519.html", "http://www.17k.com/book/2816390.html", "http://www.17k.com/book/2819588.html", "http://www.17k.com/book/2813768.html", "http://www.17k.com/book/2822406.html", "http://www.17k.com/book/2772164.html", "http://www.17k.com/book/2784023.html", "http://www.17k.com/book/2811877.html", "http://www.17k.com/book/2809119.html", "http://www.17k.com/book/2803700.html", "http://www.17k.com/book/2819561.html", "http://www.17k.com/book/2746506.html", "http://www.17k.com/book/2811836.html", "http://www.17k.com/book/2614810.html", "http://www.17k.com/book/1592435.html", "http://www.17k.com/book/1949748.html", "http://www.17k.com/book/2265802.html", "http://www.17k.com/book/2743240.html", "http://www.17k.com/book/2657437.html", "http://www.17k.com/book/2644502.html", "http://www.17k.com/book/2199900.html", "http://www.17k.com/book/2725436.html", "http://www.17k.com/book/2629978.html"]}