{"ratings": -1, "userreviews": [], "description": "\u4e0a\u53e4\u65f6\u671f\uff0c\u4e2d\u5dde\u5927\u9646\u70fd\u70df\u56db\u8d77\uff0c\u5175\u8fde\u7978\u7ed3\uff0c\u4eba\u5996\u4e24\u65cf\u8840\u6218\u5343\u5e74\u3002\u540e\u4eba\u65cf\u4fee\u4ed9\u8005\u6a2a\u7a7a\u51fa\u4e16\uff0c\u521b\u4ed9\u6cd5\uff0c\u4f20\u4ed9\u672f\uff0c\u5927\u8d25\u5996\u738b\u4e8e\u9635\u524d\uff0c\u94f8\u75ae\u75cd\u5927\u5730\u4e4b\u76db\u666f\uff0c\u8fd8\u6d82\u70ad\u4e71\u4e16\u4e4b\u5b89\u5e73\uff0c\u4e3a\u4e16\u4eba\u6240\u656c\u62dc\u3002\u3000\u3000\u4e07\u8f7d\u540e\uff0c\u4fee\u4ed9\u4e00\u9053\u98ce\u884c\u4e2d\u5dde\uff0c\u6e10\u6210\u9f0e\u76db\u4e4b\u52bf\u3002\u8981\u77e5\u8fd9\u4e16\u95f4\u4e07\u7269\uff0c\u672c\u5c31\u5728\u76db\u8870\u66f4\u8fed\u4e2d\u5faa\u73af\uff0c\u6b64\u4e43\u5929\u9053\uff0c\u4e0d\u53ef\u8fdd\u4e5f\u3002\u4e8e\u662f\uff0c\u5728\u98ce\u4e91\u53d8\u5e7b\u4e4b\u65f6\uff0c\u4e8e\u6697\u6f6e\u6d41\u6d8c\u4e4b\u4e0b\uff0c\u4fee\u4ed9\u9053\u8fd9\u4e2a\u770b\u4f3c\u96be\u4ee5\u64bc\u52a8\u7684\u5e9e\u7136\u5927\u7269\uff0c\u9010\u6e10\u88ab\u9634\u8c0b\u7684\u4e91\u973e\u6240\u4fb5\u8680\uff0c\u66fe\u7ecf\u7684\u660c\u76db\u5b89\u9038\u5373\u5c06\u9690\u6ca1\uff0c\u8be1\u72e1\u9669\u8bc8\u7684\u5371\u5c40\u5c06\u91cd\u73b0\u4e16\u95f4\u2026\u2026\u2026\u2026\u3000\u3000\u4ed6\uff0c\u672c\u4e3a\u51e1\u4eba\uff0c\u5728\u8941\u8913\u65f6\u4e3a\u843d\u96be\u5996\u738b\u94a6\u5b9a\u4e3a\u7ee7\u627f\u8005\uff0c\u7a7a\u6709\u5996\u65cf\u9876\u5c16\u8840\u8109\uff0c\u5374\u4e3a\u5e9f\u4f53\u4e4b\u8eab\uff0c\u4e3a\u4ed9\u672f\u5996\u6cd5\u6240\u4e0d\u5bb9\u3002\u4ed6\uff0c\u5411\u5f80\u5b89\u4e50\uff0c\u4e0d\u6c42\u9a70\u540d\u5929\u4e0b\uff0c\u552f\u671b\u4e0e\u81f3\u4eb2\u81f3\u7231\u95f2\u9038\u751f\u6d3b\uff0c\u65e0\u5fe7\u5ea6\u65e5\uff0c\u5374\u8eab\u4e0d\u7531\u5df1\u88ab\u5377\u5165\u7eb7\u4e89\u7684\u6f29\u6da1\u3002\u51e1\u4eba\uff0c\u5996\u738b\uff0c\u82f1\u96c4\uff0c\u53db\u9006\uff0c\u672a\u660e\u4e4b\u8def\u5145\u6ee1\u8270\u8f9b\u9669\u963b\uff0c\u82e6\u82e6\u6323\u624e\u7684\u4ed6\u5c06\u5982\u4f55\u6289\u62e9\uff1f", "title": "\u4e91\u8d77\u9f99\u7fd4", "url": "http://www.17k.com/book/2836253.html", "average": -1.0, "cover": "http://img.17k.com/images/bookcover/default_cover1.jpg", "reviews": 16, "authors": [{"url": "http://www.17k.com/zuozhe/59498770", "name": "\u9f99\u8dc3\u6e05\u6cc9"}], "type": ["\u53e4\u5178\u4ed9\u4fa0"], "outlinks": ["http://www.17k.com/book/2794982.html", "http://www.17k.com/book/2801292.html", "http://www.17k.com/book/2816318.html", "http://www.17k.com/book/2797575.html", "http://www.17k.com/book/2802516.html", "http://www.17k.com/book/2812195.html", "http://www.17k.com/book/2820143.html", "http://www.17k.com/book/2807943.html", "http://www.17k.com/book/2813457.html", "http://www.17k.com/book/2798058.html", "http://www.17k.com/book/2815617.html", "http://www.17k.com/book/2805259.html", "http://www.17k.com/book/2760255.html", "http://www.17k.com/book/2686894.html", "http://www.17k.com/book/2797016.html", "http://www.17k.com/book/2767246.html", "http://www.17k.com/book/2764239.html", "http://www.17k.com/book/2754498.html", "http://www.17k.com/book/2754900.html", "http://www.17k.com/book/2625740.html", "http://www.17k.com/book/2213315.html", "http://www.17k.com/book/2402178.html", "http://www.17k.com/book/2691221.html", "http://www.17k.com/book/2210699.html", "http://www.17k.com/book/1797752.html", "http://www.17k.com/book/2575507.html", "http://www.17k.com/book/2705181.html", "http://www.17k.com/book/2702539.html", "http://www.17k.com/book/2474887.html", "http://www.17k.com/book/2674733.html", "http://www.17k.com/book/2822076.html", "http://www.17k.com/book/2809894.html", "http://www.17k.com/book/2822077.html", "http://www.17k.com/book/2811930.html", "http://www.17k.com/book/2815548.html", "http://www.17k.com/book/2819620.html", "http://www.17k.com/book/2809964.html", "http://www.17k.com/book/2808200.html", "http://www.17k.com/book/2820100.html", "http://www.17k.com/book/2822978.html", "http://www.17k.com/book/2804337.html", "http://www.17k.com/book/2798814.html", "http://www.17k.com/book/2785153.html", "http://www.17k.com/book/2731559.html", "http://www.17k.com/book/2722533.html", "http://www.17k.com/book/2458377.html", "http://www.17k.com/book/2743300.html", "http://www.17k.com/book/973809.html", "http://www.17k.com/book/2651367.html", "http://www.17k.com/book/2726194.html", "http://www.17k.com/book/2790214.html", "http://www.17k.com/book/493239.html", "http://www.17k.com/book/108821.html", "http://www.17k.com/book/1398783.html", "http://www.17k.com/book/83528.html", "http://www.17k.com/book/1859126.html", "http://www.17k.com/book/1741975.html", "http://www.17k.com/book/192453.html", "http://www.17k.com/book/2459058.html", "http://www.17k.com/book/1050747.html", "http://www.17k.com/book/2700315.html", "http://www.17k.com/book/2818940.html", "http://www.17k.com/book/2819519.html", "http://www.17k.com/book/2816390.html", "http://www.17k.com/book/2819588.html", "http://www.17k.com/book/2813768.html", "http://www.17k.com/book/2822406.html", "http://www.17k.com/book/2772164.html", "http://www.17k.com/book/2784023.html", "http://www.17k.com/book/2811877.html", "http://www.17k.com/book/2809119.html", "http://www.17k.com/book/2803700.html", "http://www.17k.com/book/2819561.html", "http://www.17k.com/book/2746506.html", "http://www.17k.com/book/2811836.html", "http://www.17k.com/book/2614810.html", "http://www.17k.com/book/1592435.html", "http://www.17k.com/book/1949748.html", "http://www.17k.com/book/2265802.html", "http://www.17k.com/book/2743240.html", "http://www.17k.com/book/2657437.html", "http://www.17k.com/book/2644502.html", "http://www.17k.com/book/2199900.html", "http://www.17k.com/book/2725436.html", "http://www.17k.com/book/2629978.html"]}