{"ratings": -1, "userreviews": [{"userName": "\u9a91\u5377\u6c5f\u5c71", "userReviewDate": "2018-01-23", "userURL": "http://user.17k.com/32621628", "userReview": "\u9996\u5148\u795d\u5927\u5bb6\u65b0\u5e74\u5feb\u4e50\uff01\u8fc7\u53bb\u4e00\u5e74\u53d1\u751f\u4e86\u592a\u591a\uff0c\u8b6c\u5982\u88ab**\u5c01\u4e86\u534a\u5e74\u548c\u5168\u7f51\u540c\u6b65\u6295\u653e\uff01\u4f46\u65e0\u8bba\u5982\u4f55\u90fd\u71ac\u8fc7\u6765\u4e86\uff0c\u8fd9\u79bb\u4e0d\u5f00\u5927\u5bb6\u7684\u9f13\u52b1\u548c\u652f\u6301\uff01\u6c5f\u5c71\u4e00\u5b9a\u4f1a\u518d\u63a5\u518d\u5389\uff01\u4e89\u53d6\u57282018\u5e74\u53d6\u5f97\u66f4\u597d\u7684\u6210\u679c\uff01\u4fdd\u8bc1\u8d28\u91cf\uff01\u662f\u6211\u5bf9\u6211\u81ea\u5df1\u7684\u8981\u6c42\uff0c\u4e5f\u662f\u672c\u4e66\u7684\u4ef7\u503c\u6240\u5728\uff01\u6211\u4f1a\u575a\u6301\u548c\u53d1\u626c\u8fd9\u4e00\u70b9\uff01\u672c\u4e66\u5c06\u4e8e2018\u5e743\u67088\u65e5\u6062\u590d\u66f4\u65b0\uff01\u518d\u795d\u5927\u5bb6\u9616\u5bb6\u5e78\u798f\uff01\u65b0\u5e74\u5feb\u4e50\uff01\u6c5f\u5c71\u53ca\u5168\u4f53<a target='_blank' href='http://www.17k.com/book/720761.html'>\u300a\u4e94\u80e1\u660e\u6708\u300b</a>\u51fa\u573a\u89d2\u8272\u5411\u5927\u5bb6\u62dc\u5e74\u4e86\uff01"}, {"userName": "\u6a59\u5b50\u9ec4\u4e862", "userReviewDate": "2018-01-04", "userURL": "http://user.17k.com/48385844", "userReview": "\u6492\u82b1\u8868\u656c\u610f\u3002"}, {"userName": "\u98de\u96ea\u4e71\u6e05\u98ce", "userReviewDate": "2017-12-26", "userURL": "http://user.17k.com/45159154", "userReview": "<a target='_blank' href='http://www.17k.com/book/2677053.html'>\u300a\u9b54\u5984\u300b</a>\u6765\u8bbf\uff0c\u5348\u597d\uff0c\u6c5f\u5c71"}, {"userName": "\u5c0f\u9c7c\u9526\u9ca4", "userReviewDate": "2017-11-28", "userURL": "http://user.17k.com/54446654", "userReview": "<a target='_blank' href='http://www.17k.com/book/2652709.html'>\u300a\u964c\u4e0a\u82b1\u5f00\u8fdf\u8fdf\u5f52\u300b</a>\u524d\u6765\u5b66\u4e60\u3002"}, {"userName": "\u6708\u4ea6\u51b7", "userReviewDate": "2017-10-09", "userURL": "http://user.17k.com/56839494", "userReview": "\u8bf8\u795e\u593a\u5929\u300b\u6765\u7b7e\u5230\u652f\u6301\u5927\u5927\uff0c\u5df2\u5c06\u5927\u5927\u4f5c\u54c1\u6536\u85cf\u5165\u85cf\u4e66\u67b6\u4e2d\uff0c\u671b\u5927\u5927\u4e92\u85cf\u652f\u6301\u54e6"}, {"userName": "\u79cb\u58f0\u91cc", "userReviewDate": "2017-05-24", "userURL": "http://user.17k.com/51717990", "userReview": "\u8f6e\u56de\u4e07\u4e16\uff0c\u94f8\u4e07\u7c7b\u8089\u8eab\uff0c\u638c\u4e07\u7075\u8840\u8109\uff0c\u643a\u4e07\u4e16\u667a\u6167\uff0c\u4ed9\u8def\u4e89\u950b\u3002<a target='_blank' href='http://www.17k.com/book/2277558.html'>\u300a\u5f02\u4e16\u4e4b\u8f6e\u56de\u4ed9\u8def\u300b</a>\u5df2\u7b7e\u7ea6\uff0c\u5df2\u66f440\u4e07\uff0c\u4eb2\uff0c\u5173\u6ce8\u4e00\u4e0b\u54af"}, {"userName": "\u6587\u66f2\u624d\u5973", "userReviewDate": "2017-01-20", "userURL": "http://user.17k.com/38137434", "userReview": "\u4e00\u672c\u88ab\u57cb\u6ca1\u7684\u597d\u4e66\uff0c\u6492\u82b1\uff0c\u652f\u6301\uff01<a target='_blank' href='http://www.17k.com/book/2266364.html'>\u300a\u8be1\u5f02\u9752\u6625\u300b</a>\u6f5c\u6c34\u770b\u4e66"}, {"userName": "\u68a6\u5bc2\u9b42", "userReviewDate": "2017-01-20", "userURL": "http://user.17k.com/52629319", "userReview": "\u5927\u795e\u52a0\u6cb9"}, {"userName": "\u732b\u8033\u6865", "userReviewDate": "2016-10-13", "userURL": "http://user.17k.com/45378360", "userReview": "\u4e3a\u4ec0\u4e48\u8fd9\u4e48\u591a\u5b57\u4e86\uff0c\u8fd8\u6ca1\u7b7e\u7ea6\u5462"}, {"userName": "\u4e00\u4f11\u5802", "userReviewDate": "2016-09-21", "userURL": "http://user.17k.com/49762617", "userReview": "<a target='_blank' href='http://www.17k.com/book/2139195.html'>\u300a\u7ea2\u5c18\u900d\u9065\u5f55\u300b</a>\u6765\u8bbf\uff0c\u5927\u5927\u52a0\u6cb9"}, {"userName": "\u671b\u6708\u501a\u9ad8\u697c", "userReviewDate": "2016-09-07", "userURL": "http://user.17k.com/49583830", "userReview": "<a target='_blank' href='http://www.17k.com/book/2123564.html'>\u300a\u91cd\u751f\u4e4b\u5f02\u4e16\u5947\u7f18\u300b</a>\u6765\u8bbf\uff0c\u5927\u5927\u52a0\u6cb9\uff0c\u5199\u7684\u8fd9\u4e48\u591a\u4e86\uff0c\u8d76\u7d27\u53bb\u7b7e\u7ea6\u8bd5\u8bd5\u554a"}, {"userName": "\u6811\u9759\u98ce\u6b62", "userReviewDate": "2016-08-09", "userURL": "http://user.17k.com/313064", "userReview": "\u5c31\u51b2\u8fd9\u4e48\u5199\u5b9e\u7684\u957f\u4ecb\u7ecd\uff0c\u4e5f\u8981\u770b\u770b"}, {"userName": "\u661f\u661f\u4f60\u4e2b\u5c11\u70b9\u6843\u82b1", "userReviewDate": "2016-07-11", "userURL": "http://user.17k.com/47824081", "userReview": "\u7b80\u4ecb\u6709\u70b9\u957f\u54e6"}, {"userName": "\u79be\u5c0f\u8c37", "userReviewDate": "2016-06-28", "userURL": "http://user.17k.com/44871304", "userReview": "<a target='_blank' href='http://www.17k.com/book/1946685.html'>\u300a\u543e\u5e08\u4ed9\u8def\u300b</a>\u6765\u8bbf\uff0c\u795d\u4f5c\u8005\u8d8a\u5199\u8d8a\u597d"}, {"userName": "\u8d64\u7433\u6c81", "userReviewDate": "2016-05-05", "userURL": "http://user.17k.com/39006643", "userReview": "\u6587\u7ae0\u7684\u4ee3\u5165\u611f\u5f88\u5f3a\uff0c\u8bfb\u8005\u5f88\u5bb9\u6613\u8d70\u8fdb\u53bb\uff0c\u5e0c\u671b\u4f5c\u8005\u591a\u6ce8\u610f\u6392\u7248\uff0c\u63d0\u5347\u4f5c\u8005\u7684\u9605\u8bfb\u6548\u679c\uff0c\u7ee7\u7eed\u52a0\u6cb9\uff01\u8fd8\u671b\u4f5c\u8005\u80fd\u591f\u56de\u8bbf<a target='_blank' href='http://www.17k.com/book/1786882.html'>\u300a\u6e21\u7075\u4f7f\u8005\u300b</a>\uff0c\u591a\u591a\u652f\u6301\u672c\u4eba\u7684\u4f5c\u54c1\uff0c\u89c9\u5f97\u8fd8\u884c\u7684\u8bdd\uff0c\u9c9c\u82b1\u3001\u6536\u85cf\u9f13\u52b1\u4e00\u4e0b\u5427\u3002"}, {"userName": "\u9ed1\u7b14\u5e08\u7237", "userReviewDate": "2016-03-28", "userURL": "http://user.17k.com/45054534", "userReview": "\u9c9c\u82b1\uff0c<a target='_blank' href='http://www.17k.com/book/1668747.html'>\u300a\u5bd2\u95e8\u8d35\u65cf\u300b</a>\u6765\u8bbf"}, {"userName": "\u95ee\u795e\u4e4b\u8def", "userReviewDate": "2016-03-22", "userURL": "http://user.17k.com/45669987", "userReview": "<a target='_blank' href='http://www.17k.com/book/1763716.html'>\u300a\u4e5d\u5929\u5947\u4e66\u300b</a>\u529b\u633a\u5927\u5927\u4f73\u4f5c\uff01"}, {"userName": "\u8d64\u7433\u6c81", "userReviewDate": "2016-03-17", "userURL": "http://user.17k.com/39006643", "userReview": "\u4f5c\u8005\u5199\u7684\u5f88\u597d\uff0c\u575a\u6301\u4e0d\u61c8\uff0c\u5c31\u662f\u80dc\u5229\uff0c\u8fd8\u5e0c\u671b\u4f5c\u8005\u80fd\u591f\u591a\u52a0\u652f\u6301<a target='_blank' href='http://www.17k.com/book/1455661.html'>\u300a\u6821\u56ed\u5973\u9b3c\u820d\u53cb\u300b</a>\uff0c\u611f\u6fc0\uff01\u611f\u6fc0\uff01"}, {"userName": "\u4e00\u5b57\u4e66", "userReviewDate": "2016-03-16", "userURL": "http://user.17k.com/44813056", "userReview": "<a target='_blank' href='http://www.17k.com/book/1740398.html'>\u300a\u4ed9\u9b54\u9010\u9e7f\u300b</a>\u6765\u8bbf\u3002\u5927\u5927\u52a0\u6cb9\uff0c\u4e89\u53d6\u65e9\u65e5\u6210\u795e"}, {"userName": "\u67d4\u6c34\u8426\u82b1", "userReviewDate": "2016-01-05", "userURL": "http://user.17k.com/42905880", "userReview": "\u67d4\u6c34\u8426\u82b1\u643a<a target='_blank' href='http://www.17k.com/book/1387421.html'>\u300a\u534a\u968f\u6d41\u6c34\u534a\u968f\u5c18\u300b</a>\u6765\u8bbf,\u5411\u5927\u795e\u8bf7\u6559,\u6211\u60f3\u7533\u8bf7\u7b7e\u7ea6,\u4e0d\u77e5\u5e94\u8be5\u5982\u4f55\u4fee\u6539\u4f1a\u7b26\u5408\u7f16\u8f91\u7684\u8981\u6c42,\u6c42\u6307\u70b9\u62d9\u4f5c\u3002"}], "description": "\u5f53\u5308\u5974\u4eba\uff08\u9ec4\u79cd\u4eba\uff0c\u590f\u671d\u9057\u6c11\uff09\u5728\u516c\u5143\u524d\u4e94\u4e16\u7eaa\u7ec8\u4e8e\u6574\u5408\u4e86\u8499\u53e4\u5229\u4e9a\u6240\u6709\u7684\u6e38\u7267\u6c11\u65cf\u5e76\u51fb\u6e83\u4e86\u5df2\u7ecf\u5360\u9886\u4e86\u6574\u4e2a\u6b27\u6d32\u548c\u897f\u4e9a\u7684\u96c5\u5229\u5b89\u4eba\uff08\u5370\u6b27\u767d\u4eba\uff09\uff0c\u63a5\u7740\u541e\u5e76\u4e86\u6708\u6c0f\u3001\u697c\u5170\u3001\u4e4c\u5b59\u3001\u547c\u63ed\u7b49\u4e8c\u5341\u516d\u56fd\u7684\u767d\u79cd\u4eba\uff0c\u4f46\u968f\u7740\u65f6\u95f4\u7684\u6d41\u5931\uff0c\u65b0\u751f\u7684\u767d\u79cd\u5308\u5974\u4eba\u5360\u636e\u4e86\u5308\u5974\u7684\u4e0a\u5c42\uff0c\u81ea\u79f0\u80e1\uff01\u5355\u4e8e\u9063\u4f7f\u4e8e\u534e\u590f\uff1a\u5357\u6709\u5927\u6c49\uff0c\u5317\u6709\u5f3a\u80e1\u3002\u80e1\u8005\uff0c\u5929\u4e4b\u9a84\u5b50\u4e5f\uff01\u4ece\u6b64\uff0c\u5308\u5974\u4e0e\u534e\u590f\u7684\u6218\u4e89\u4ece\u672a\u95f4\u65ad\u8fc7\uff1a\u72ac\u620e\uff08\u5c5e\u4e8e\u5308\u5974\uff09\u653b\u9677\u9550\u4eac\uff0c\u5468\u5e73\u738b\u65e0\u5948\u4e1c\u8fc1\uff0c\u8d75\u6b66\u7075\u738b\u80e1\u670d\u9a91\u5c04\u51fb\u8d25\u6797\u80e1\uff0c\u674e\u7267\u5927\u7834\u5308\u5974\uff0c\u79e6\u59cb\u7687\u6536\u590d\u6cb3\u5957\uff0c\u6c49\u9ad8\u7ec4\u88ab\u56f4\u4e8e\u767d\u767b\uff0c\u72fc\u72c8\u9003\u56de\uff0c\u5415\u540e\u53ea\u80fd\u59d4\u66f2\u6c42\u5168\u4ee5\u5f85\u4fee\u751f\u517b\u606f\uff0c\u6c49\u6b66\u5e1d\u4e00\u626b\u524d\u803b\uff0c\u4e0d\u65ad\u51fb\u6e83\u5308\u5974\uff0c\u4f46\u6218\u4e89\u5374\u4e00\u76f4\u5ef6\u7eed\u5230\u664b\u671d......\u897f\u664b\u201c\u516b\u738b\u4e4b\u4e71\u201d\u540e\uff0c\u534e\u590f\u7cbe\u9510\u6b86\u5c3d\uff0c\u5308\u5974\u9996\u5148\u4e58\u673a\u53d1\u96be\uff0c\u7faf\uff0c\u6c10\uff0c\u9c9c\u5351\uff0c\u7f8c\u4e5f\u968f\u4e4b\u4f5c\u4e71\uff0c\u201c\u4e94\u80e1\u4e71\u534e\u201d\u62c9\u5f00\u4e86\u5e8f\u5e55\uff01\u800c\u53ef\u601c\u7684\u4e3b\u89d2\u504f\u504f\u8bde\u751f\u5728\u4e86\u897f\u664b\u672b\uff0c\u9634\u5dee\u9633\u9519\u4e0b\u53ea\u80fd\u4e0d\u7537\u4e0d\u5973\u7684\u82df\u6d3b\u7740......\u8c01\u6765\u5e26\u9886\u6c49\u65cf\u8d70\u51fa\u706d\u4ea1\uff1f\u8c01\u80fd\u518d\u6b21\u963b\u6b62\u767d\u79cd\u4eba\u7684\u4fb5\u7565\uff1f", "title": "\u4e94\u80e1\u660e\u6708", "url": "http://www.17k.com/book/720761.html", "average": -1.0, "cover": "http://img.17k.com/images/bookcover/2014/3603/18/720761-1407594794000.jpg", "reviews": 78397, "authors": [{"url": "http://www.17k.com/zuozhe/32621628", "name": "\u9a91\u5377\u6c5f\u5c71"}], "type": ["\u5386\u53f2\u7a7f\u8d8a"], "outlinks": ["http://www.17k.com/book/2794982.html", "http://www.17k.com/book/2801292.html", "http://www.17k.com/book/2816318.html", "http://www.17k.com/book/2797575.html", "http://www.17k.com/book/2802516.html", "http://www.17k.com/book/2812195.html", "http://www.17k.com/book/2820143.html", "http://www.17k.com/book/2807943.html", "http://www.17k.com/book/2813457.html", "http://www.17k.com/book/2798058.html", "http://www.17k.com/book/2815617.html", "http://www.17k.com/book/2805259.html", "http://www.17k.com/book/2760255.html", "http://www.17k.com/book/2686894.html", "http://www.17k.com/book/2797016.html", "http://www.17k.com/book/2767246.html", "http://www.17k.com/book/2764239.html", "http://www.17k.com/book/2754498.html", "http://www.17k.com/book/2754900.html", "http://www.17k.com/book/2625740.html", "http://www.17k.com/book/2213315.html", "http://www.17k.com/book/2402178.html", "http://www.17k.com/book/2691221.html", "http://www.17k.com/book/2210699.html", "http://www.17k.com/book/1797752.html", "http://www.17k.com/book/2575507.html", "http://www.17k.com/book/2705181.html", "http://www.17k.com/book/2702539.html", "http://www.17k.com/book/2474887.html", "http://www.17k.com/book/2674733.html", "http://www.17k.com/book/2822076.html", "http://www.17k.com/book/2809894.html", "http://www.17k.com/book/2822077.html", "http://www.17k.com/book/2811930.html", "http://www.17k.com/book/2815548.html", "http://www.17k.com/book/2819620.html", "http://www.17k.com/book/2809964.html", "http://www.17k.com/book/2808200.html", "http://www.17k.com/book/2820100.html", "http://www.17k.com/book/2822978.html", "http://www.17k.com/book/2804337.html", "http://www.17k.com/book/2798814.html", "http://www.17k.com/book/2785153.html", "http://www.17k.com/book/2731559.html", "http://www.17k.com/book/2722533.html", "http://www.17k.com/book/2458377.html", "http://www.17k.com/book/2743300.html", "http://www.17k.com/book/973809.html", "http://www.17k.com/book/2651367.html", "http://www.17k.com/book/2726194.html", "http://www.17k.com/book/2790214.html", "http://www.17k.com/book/493239.html", "http://www.17k.com/book/108821.html", "http://www.17k.com/book/1398783.html", "http://www.17k.com/book/83528.html", "http://www.17k.com/book/1859126.html", "http://www.17k.com/book/1741975.html", "http://www.17k.com/book/192453.html", "http://www.17k.com/book/2459058.html", "http://www.17k.com/book/1050747.html", "http://www.17k.com/book/2700315.html", "http://www.17k.com/book/2818940.html", "http://www.17k.com/book/2819519.html", "http://www.17k.com/book/2816390.html", "http://www.17k.com/book/2819588.html", "http://www.17k.com/book/2813768.html", "http://www.17k.com/book/2822406.html", "http://www.17k.com/book/2772164.html", "http://www.17k.com/book/2784023.html", "http://www.17k.com/book/2811877.html", "http://www.17k.com/book/2809119.html", "http://www.17k.com/book/2803700.html", "http://www.17k.com/book/2819561.html", "http://www.17k.com/book/2746506.html", "http://www.17k.com/book/2811836.html", "http://www.17k.com/book/2614810.html", "http://www.17k.com/book/1592435.html", "http://www.17k.com/book/1949748.html", "http://www.17k.com/book/2265802.html", "http://www.17k.com/book/2743240.html", "http://www.17k.com/book/2657437.html", "http://www.17k.com/book/2644502.html", "http://www.17k.com/book/2199900.html", "http://www.17k.com/book/2725436.html", "http://www.17k.com/book/2629978.html"]}