{"ratings": -1, "userreviews": [{"userName": "\u53f6\u8459\u82b8", "userReviewDate": "2017-11-03", "userURL": "http://user.17k.com/57517697", "userReview": "\u5927\u5927\u52a0\u6cb9\uff01\u643a<a target='_blank' href='http://www.17k.com/book/2663126.html'>\u300a\u4eba\u72d0\u4e4b\u7ea6\u300b</a>\u524d\u6765\u652f\u6301\uff01\u4eb2\u4eec\u5feb\u6765\u770b\u54e6\uff01\u5c0f\u8bf4\u5730\u5740http://h5.17k.com/book/2663126.html"}], "description": "\u5386\u53f2\u662f\u4eba\u8d70\u8fc7\u7684\u8def\uff0c\u8fc7\u53bb\u7684\u8def\uff0c\u672a\u6765\u7684\u8def\u3002\u5904\u4e8e\u8def\u4e0a\u7684\u4eba\u65e0\u6cd5\u5bf9\u5df2\u8d70\u8fc7\u7684\u8def\u8bf4\u4e0d\u3002\u5386\u53f2\u6ca1\u6709\u5982\u679c\uff0c\u56e0\u4e3a\u65e0\u6cd5\u56de\u53bb\uff0c\u56e0\u4e3a\u5df2\u7ecf\u5728\u8def\u4e0a\uff0c\u65e0\u6cd5\u8df3\u8131\u3002\u3000\u3000\u53ef\u662f\u5982\u679c\u80fd\u9009\u62e9\u5462\uff0c\u5982\u679c\u80fd\u65e0\u9650\u9009\u62e9\u5462\uff1f\u6709\u4e00\u7fa4\u751f\u547d\u6765\u81ea\u4e0d\u540c\u7684\u5386\u53f2\u7ebf\uff0c\u5374\u5728\u6bcf\u4e00\u6761\u5386\u53f2\u7ebf\u4e0a\u76f8\u540c\u7684\u53d1\u5c55\u70b9\u4e0a\u3002\u4ed6\u4eec\u5e72\u6d89\u4e00\u6761\u6761\u5386\u53f2\uff0c\u4e5f\u88ab\u4e00\u6761\u6761\u5386\u53f2\u6539\u53d8\u3002\u3000\u3000\u4e0d\u540c\u7684\u7406\u5ff5\uff0c\u4e0d\u540c\u7684\u575a\u6301\uff0c\u4e0d\u540c\u7684\u9053\u4e49\uff0c\u76f8\u4e92\u8bf4\u670d\uff0c\u76f8\u4e92\u78b0\u649e\uff0c\u76f8\u4e92\u6218\u4e89\u3002\u8fd9\u91cc\u662f\u6f14\u53d8\u6218\u573a\u3002\u539f\u6765\u7684\u4e16\u754c\u53ea\u662f\u4e00\u4e2a\u5c0f\u5c0f\u7684\u4e95\u53e3\u3002", "title": "\u4e95\u53e3\u6218\u5f79", "url": "http://www.17k.com/book/2697542.html", "average": -1.0, "cover": "http://img.17k.com/images/bookcover/partner/75/42/2697542/2697542.jpg", "reviews": 3808, "authors": [{"url": "http://www.17k.com/zuozhe/56805591", "name": "\u6838\u52a8\u529b\u6218\u5217\u8230"}], "type": ["\u661f\u9645\u79d1\u5e7b"], "outlinks": ["http://www.17k.com/book/2794982.html", "http://www.17k.com/book/2801292.html", "http://www.17k.com/book/2816318.html", "http://www.17k.com/book/2797575.html", "http://www.17k.com/book/2802516.html", "http://www.17k.com/book/2812195.html", "http://www.17k.com/book/2820143.html", "http://www.17k.com/book/2807943.html", "http://www.17k.com/book/2813457.html", "http://www.17k.com/book/2798058.html", "http://www.17k.com/book/2815617.html", "http://www.17k.com/book/2805259.html", "http://www.17k.com/book/2760255.html", "http://www.17k.com/book/2686894.html", "http://www.17k.com/book/2797016.html", "http://www.17k.com/book/2767246.html", "http://www.17k.com/book/2764239.html", "http://www.17k.com/book/2754498.html", "http://www.17k.com/book/2754900.html", "http://www.17k.com/book/2625740.html", "http://www.17k.com/book/2213315.html", "http://www.17k.com/book/2402178.html", "http://www.17k.com/book/2691221.html", "http://www.17k.com/book/2210699.html", "http://www.17k.com/book/1797752.html", "http://www.17k.com/book/2575507.html", "http://www.17k.com/book/2705181.html", "http://www.17k.com/book/2702539.html", "http://www.17k.com/book/2474887.html", "http://www.17k.com/book/2674733.html", "http://www.17k.com/book/2822076.html", "http://www.17k.com/book/2809894.html", "http://www.17k.com/book/2822077.html", "http://www.17k.com/book/2811930.html", "http://www.17k.com/book/2815548.html", "http://www.17k.com/book/2819620.html", "http://www.17k.com/book/2809964.html", "http://www.17k.com/book/2808200.html", "http://www.17k.com/book/2820100.html", "http://www.17k.com/book/2822978.html", "http://www.17k.com/book/2804337.html", "http://www.17k.com/book/2798814.html", "http://www.17k.com/book/2785153.html", "http://www.17k.com/book/2731559.html", "http://www.17k.com/book/2722533.html", "http://www.17k.com/book/2458377.html", "http://www.17k.com/book/2743300.html", "http://www.17k.com/book/973809.html", "http://www.17k.com/book/2651367.html", "http://www.17k.com/book/2726194.html", "http://www.17k.com/book/2790214.html", "http://www.17k.com/book/493239.html", "http://www.17k.com/book/108821.html", "http://www.17k.com/book/1398783.html", "http://www.17k.com/book/83528.html", "http://www.17k.com/book/1859126.html", "http://www.17k.com/book/1741975.html", "http://www.17k.com/book/192453.html", "http://www.17k.com/book/2459058.html", "http://www.17k.com/book/1050747.html", "http://www.17k.com/book/2700315.html", "http://www.17k.com/book/2818940.html", "http://www.17k.com/book/2819519.html", "http://www.17k.com/book/2816390.html", "http://www.17k.com/book/2819588.html", "http://www.17k.com/book/2813768.html", "http://www.17k.com/book/2822406.html", "http://www.17k.com/book/2772164.html", "http://www.17k.com/book/2784023.html", "http://www.17k.com/book/2811877.html", "http://www.17k.com/book/2809119.html", "http://www.17k.com/book/2803700.html", "http://www.17k.com/book/2819561.html", "http://www.17k.com/book/2746506.html", "http://www.17k.com/book/2811836.html", "http://www.17k.com/book/2614810.html", "http://www.17k.com/book/1592435.html", "http://www.17k.com/book/1949748.html", "http://www.17k.com/book/2265802.html", "http://www.17k.com/book/2743240.html", "http://www.17k.com/book/2657437.html", "http://www.17k.com/book/2644502.html", "http://www.17k.com/book/2199900.html", "http://www.17k.com/book/2725436.html", "http://www.17k.com/book/2629978.html"]}