{"ratings": -1, "userreviews": [{"userName": "\u4e00\u53e4\u9c7c", "userReviewDate": "2018-06-07", "userURL": "http://user.17k.com/62591031", "userReview": "[\u6253\u8d4f]\u6211\u6253\u8d4f\u4e862\u5143\u7ea2\u5305\uff01\uff01"}, {"userName": "\u4e00\u53e4\u9c7c", "userReviewDate": "2018-06-07", "userURL": "http://user.17k.com/62591031", "userReview": "\u88ab\u5b89\u5229\u8fc7\u6765\uff0c\u54c8\u54c8\u54c8\u3002\u611f\u89c9\u5199\u5f97\u8fd8\u53ef\u4ee5\u5427\u3002"}, {"userName": "\u5bd2\u51ac\u96ea\u5bc2", "userReviewDate": "2018-06-05", "userURL": "http://user.17k.com/62507237", "userReview": "\u4e0d\u9519\uff0c\u503c\u5f97\u4e00\u770b"}, {"userName": "\u656c\u5f80\u4e8b\u4ee5\u9152", "userReviewDate": "2018-06-03", "userURL": "http://user.17k.com/43256667", "userReview": "\u4e48\u4e48\u4e48\u4e48\u4e48\u4e48\u7231\u4f60\u7231\u4f60\u7231\u4f60"}, {"userName": "\u70df\u5a7c\u4e4b719627332", "userReviewDate": "2018-06-02", "userURL": "http://user.17k.com/60161623", "userReview": "\u5c0f\u8bf4\u5199\u7684\u4e0d\u9519\uff0c\u6587\u7b14\u5f15\u4eba\u5165\u80dc\u3002"}, {"userName": "\u5e9e\u5fb7\u8000\u65af", "userReviewDate": "2018-05-21", "userURL": "http://user.17k.com/57653052", "userReview": "\u8def\u8fc7\uff0c\u770b\u4e00\u4e0b\uff0c\u4e66\u4e0d\u9519\u3002"}, {"userName": "\u89c9\u5c18\u6155\u96ea", "userReviewDate": "2018-05-21", "userURL": "http://user.17k.com/60349196", "userReview": "\u665a\u597d\uff0c\u652f\u6301\u4e00\u4e0b\uff01"}, {"userName": "\u84dd\u8863\u5a46", "userReviewDate": "2018-05-10", "userURL": "http://user.17k.com/57853155", "userReview": "\u80d6\u6b21\uff0c\u665a\u597d\uff0c\u5475\u5475\uff0c\u8fc7\u6765\u770b\u770b\uff01\u652f\u6301\uff01"}, {"userName": "\u6709\u98ce\u6211\u5c31\u6d6ai", "userReviewDate": "2018-05-05", "userURL": "http://user.17k.com/60580267", "userReview": "\u54c7\uff0c\u4f60\u597d\u5389\u5bb3\u554a\uff0c\u5927\u795e"}, {"userName": "\u6709\u98ce\u6211\u5c31\u6d6ai", "userReviewDate": "2018-04-23", "userURL": "http://user.17k.com/60580267", "userReview": "<a target='_blank' href='http://www.17k.com/book/2804853.html'>\u300a\u5a5a\u9519\u300b</a>\u6765\u8bbf\u3002\u597d\u5389\u5bb3\u554a\u4f60"}, {"userName": "\u783b\u6c34", "userReviewDate": "2018-04-04", "userURL": "http://user.17k.com/54228640", "userReview": "\u5199\u7684\u5f88\u597d\u770b~~\u795d\u4f5c\u54c1\u5927\u706b\uff01~~"}, {"userName": "\u66fe\u4e0a\u9752\u5929\u63fd\u6708\u65f6", "userReviewDate": "2018-04-01", "userURL": "http://user.17k.com/58510232", "userReview": "\u7ee7\u7eed\u52a0\u6cb9\u54e6"}, {"userName": "\u65ad\u5f26\u60c5\u7f18", "userReviewDate": "2018-03-31", "userURL": "http://user.17k.com/17028358", "userReview": "\u606d\u559c\u4e0a\u67b6\uff0c\u9001\u82b1\u795d\u8d3a"}, {"userName": "\u9f99\u6f200", "userReviewDate": "2018-03-30", "userURL": "http://user.17k.com/58020362", "userReview": "\u606d\u559c\u4e0a\u67b6\uff0c\u4f5c\u8005\u5927\u5927\u52a0\u6cb9\uff0c\u5df2\u6536\u85cf"}, {"userName": "\u8537\u8587\u73a5\u9171V", "userReviewDate": "2018-03-27", "userURL": "http://user.17k.com/55984899", "userReview": "\u606d\u559c\u4e0a\u67b6\uff0c\u8bf7\u6536\u4e0b(* \u2070\u0337\u0334\u0348\ua4a8\u2070\u0337\u0334\u0348)=\u035f\u035f\u035e\u035e\u27b3(\u0e51\u2032\u1d17\u2035\u0e51)\uff29 L\u1d52\u1d5b\u1d49\u1d67\u2092\u1d64\u2764forever"}, {"userName": "\u66fe\u4e0a\u9752\u5929\u63fd\u6708\u65f6", "userReviewDate": "2018-03-24", "userURL": "http://user.17k.com/58510232", "userReview": "\u563f\u563f\uff0c\u4f60\u8981\u7ee7\u7eed\u52a0\u6cb9\u554a......\u53ea\u80fd\u8bf4\uff0c\u7b7e\u7ea6\u4e0a\u67b6\u4e86\u771f\u597d..."}, {"userName": "\u4e91\u5c71\u63fd\u6708\u4eba", "userReviewDate": "2018-03-22", "userURL": "http://user.17k.com/38267891", "userReview": "\u9c9c\u82b1\u4e00\u6735\uff0c\u4e0d\u6210\u656c\u610f"}, {"userName": "\u7a7a\u8c37\u7559\u60c5", "userReviewDate": "2018-03-22", "userURL": "http://user.17k.com/45016341", "userReview": "\u665a\u4e0a\u597d\uff0c\u7b7e\u5230\u652f\u6301"}, {"userName": "\u71ac\u591c\u55b5\u4e36", "userReviewDate": "2018-03-22", "userURL": "http://user.17k.com/60450750", "userReview": "\u5927\u5927\uff0c\u52a0\u6cb9\u66f4\uff0c\u597d\u5e0c\u671b\u7206\u66f4\u554a"}, {"userName": "\u8537\u8587\u73a5\u9171V", "userReviewDate": "2018-03-22", "userURL": "http://user.17k.com/55984899", "userReview": "\u6765\u54af( &acute;\u2022\u0c6a\u2022`)\u5192\u4e2a\u6ce1\uff0c\u8bc1\u660e\u7a9d\u8fd8\u6d3b\u7740\uff5e\u563f\u563f\uff5e\u6b22\u8fce\u6765\u8bbf\u54e6\uff5e"}], "description": "\u4ece\u53ef\u53ef\u897f\u91cc\u6316\u6398\u51fa\u7684\u53e4\u8ff9\u6587\u7269\u91cc\u4e3a\u4ec0\u4e48\u4f1a\u6709\u8fd1\u73b0\u4ee3\u6587\u5b57\uff1f\u3000\u3000\u4ece\u53e4\u5e0c\u814a\u5230\u53e4\u5370\u5ea6\uff0c\u4e3a\u4ec0\u4e48\u90fd\u4e0e\u4e00\u4e2a\u53eb\u4e9a\u7279\u5170\u8482\u65af\u7684\u738b\u56fd\u606f\u606f\u76f8\u5173\uff1f\u3000\u3000\u53f2\u524d\u6587\u660e\u7684\u4e9a\u7279\u5170\u8482\u65af\u7684\u57ce\u5821\u91cc\u5230\u5e95\u53d1\u751f\u4e86\u4ec0\u4e48\uff1f\u3000\u3000\u4ece\u53ef\u53ef\u897f\u91cc\u5230\u767e\u6155\u5927\u4e09\u89d2\uff0c\u4ece\u53e4\u5df4\u6bd4\u4f26\u5230\u76f4\u5e03\u7f57\u9640\uff0c\u5230\u5e95\u5728\u5bfb\u627e\u8c01\u7684\u8eab\u5f71\uff1f\u3000\u3000\u4f60\u4ee5\u4e3a\u8fd9\u662f\u4e00\u4e2a\u60ac\u7591\u5267\uff1f\u5176\u5b9e\u5b83\u662f\u4e00\u90e8\u62ab\u7740\u60ac\u7591\u5267\u7684\u57fa\u8150\u52a8\u4f5c\u7247\uff01\u3000\u3000\u81ea\u4e3b\u67b6\u7a7a\uff0c\u4ecb\u610f\u52ff\u8fdb\u3002", "title": "\u4e9a\u7279\u5170\u8482\u65af\u4e4b\u8c1c", "url": "http://www.17k.com/book/2768539.html", "average": -1.0, "cover": "http://img.17k.com/images/bookcover/2018/13842/69/2768539-1521896809000.jpg", "reviews": 170992, "authors": [{"url": "http://www.17k.com/zuozhe/59704257", "name": "\u8349\u8393\u80d6\u6b21\u9171"}], "type": ["\u7075\u9b42\u8f6c\u6362"], "outlinks": ["http://www.17k.com/book/2794982.html", "http://www.17k.com/book/2801292.html", "http://www.17k.com/book/2816318.html", "http://www.17k.com/book/2797575.html", "http://www.17k.com/book/2802516.html", "http://www.17k.com/book/2812195.html", "http://www.17k.com/book/2820143.html", "http://www.17k.com/book/2807943.html", "http://www.17k.com/book/2813457.html", "http://www.17k.com/book/2798058.html", "http://www.17k.com/book/2815617.html", "http://www.17k.com/book/2805259.html", "http://www.17k.com/book/2760255.html", "http://www.17k.com/book/2686894.html", "http://www.17k.com/book/2797016.html", "http://www.17k.com/book/2767246.html", "http://www.17k.com/book/2764239.html", "http://www.17k.com/book/2754498.html", "http://www.17k.com/book/2754900.html", "http://www.17k.com/book/2625740.html", "http://www.17k.com/book/2213315.html", "http://www.17k.com/book/2402178.html", "http://www.17k.com/book/2691221.html", "http://www.17k.com/book/2210699.html", "http://www.17k.com/book/1797752.html", "http://www.17k.com/book/2575507.html", "http://www.17k.com/book/2705181.html", "http://www.17k.com/book/2702539.html", "http://www.17k.com/book/2474887.html", "http://www.17k.com/book/2674733.html", "http://www.17k.com/book/2822076.html", "http://www.17k.com/book/2809894.html", "http://www.17k.com/book/2822077.html", "http://www.17k.com/book/2811930.html", "http://www.17k.com/book/2815548.html", "http://www.17k.com/book/2819620.html", "http://www.17k.com/book/2809964.html", "http://www.17k.com/book/2808200.html", "http://www.17k.com/book/2820100.html", "http://www.17k.com/book/2822978.html", "http://www.17k.com/book/2804337.html", "http://www.17k.com/book/2798814.html", "http://www.17k.com/book/2785153.html", "http://www.17k.com/book/2731559.html", "http://www.17k.com/book/2722533.html", "http://www.17k.com/book/2458377.html", "http://www.17k.com/book/2743300.html", "http://www.17k.com/book/973809.html", "http://www.17k.com/book/2651367.html", "http://www.17k.com/book/2726194.html", "http://www.17k.com/book/2790214.html", "http://www.17k.com/book/493239.html", "http://www.17k.com/book/108821.html", "http://www.17k.com/book/1398783.html", "http://www.17k.com/book/83528.html", "http://www.17k.com/book/1859126.html", "http://www.17k.com/book/1741975.html", "http://www.17k.com/book/192453.html", "http://www.17k.com/book/2459058.html", "http://www.17k.com/book/1050747.html", "http://www.17k.com/book/2700315.html", "http://www.17k.com/book/2818940.html", "http://www.17k.com/book/2819519.html", "http://www.17k.com/book/2816390.html", "http://www.17k.com/book/2819588.html", "http://www.17k.com/book/2813768.html", "http://www.17k.com/book/2822406.html", "http://www.17k.com/book/2772164.html", "http://www.17k.com/book/2784023.html", "http://www.17k.com/book/2811877.html", "http://www.17k.com/book/2809119.html", "http://www.17k.com/book/2803700.html", "http://www.17k.com/book/2819561.html", "http://www.17k.com/book/2746506.html", "http://www.17k.com/book/2811836.html", "http://www.17k.com/book/2614810.html", "http://www.17k.com/book/1592435.html", "http://www.17k.com/book/1949748.html", "http://www.17k.com/book/2265802.html", "http://www.17k.com/book/2743240.html", "http://www.17k.com/book/2657437.html", "http://www.17k.com/book/2644502.html", "http://www.17k.com/book/2199900.html", "http://www.17k.com/book/2725436.html", "http://www.17k.com/book/2629978.html"]}