{"ratings": -1, "userreviews": [{"userName": "\u66ae\u5f71\u91cd\u91cd", "userReviewDate": "2018-05-26", "userURL": "http://user.17k.com/60918923", "userReview": "\u4e8c\u7fd4\uff0c\u8fd9\u9505\u6211\u771f\u7684\u4e0d\u80cc\u54c8\uff01\u6807\u70b9\u7b26\u53f7\u90fd\u80fd\u653e\u9519\u4f4d\u7f6e\u771f\u7684\u662f\u2026\u2026"}, {"userName": "\u66ae\u5f71\u91cd\u91cd", "userReviewDate": "2018-05-20", "userURL": "http://user.17k.com/60918923", "userReview": "\u4e8c\u7fd4\uff0c\u597d\u795e\u5947\uff0c\u5c45\u7136\u6ca1\u4eba\u6765\u55b7\u4f60\u3002"}], "description": "\u201c\u4ea1\u5251\u201d\u662f\u4e00\u4e2a\u5728\u4e24\u5e74\u524d\u975e\u5e38\u51b7\u95e8\u7684\u7535\u7ade\u6e38\u620f\u5374\u5728\u4e24\u5e74\u540e\u7a81\u7136\u7206\u706b\u6ce8\u518c\u7528\u6237\u8d85\u8fc7\u4e864\u4ebf\u5728\u8fd9\u516b\u5e74\u4e2d\u5f88\u591a\u4f7c\u4f7c\u8005\u8131\u9896\u800c\u51fa\u5176\u4e2d\u6280\u672f\u8d85\u4e4e\u60f3\u8c61\u4ed6\u5c31\u662f\u201c\u5343\u7389\u201d", "title": "\u4ea1\u5251\u51cc\u4e91", "url": "http://www.17k.com/book/2826055.html", "average": -1.0, "cover": "http://img.17k.com/images/bookcover/default_cover1.jpg", "reviews": 128, "authors": [{"url": "http://www.17k.com/zuozhe/61846574", "name": "\u6155\u5bb9\u5929\u7b11"}], "type": ["\u7535\u5b50\u7ade\u6280"], "outlinks": ["http://www.17k.com/book/2794982.html", "http://www.17k.com/book/2801292.html", "http://www.17k.com/book/2816318.html", "http://www.17k.com/book/2797575.html", "http://www.17k.com/book/2802516.html", "http://www.17k.com/book/2812195.html", "http://www.17k.com/book/2820143.html", "http://www.17k.com/book/2807943.html", "http://www.17k.com/book/2813457.html", "http://www.17k.com/book/2798058.html", "http://www.17k.com/book/2815617.html", "http://www.17k.com/book/2805259.html", "http://www.17k.com/book/2760255.html", "http://www.17k.com/book/2686894.html", "http://www.17k.com/book/2797016.html", "http://www.17k.com/book/2767246.html", "http://www.17k.com/book/2764239.html", "http://www.17k.com/book/2754498.html", "http://www.17k.com/book/2754900.html", "http://www.17k.com/book/2625740.html", "http://www.17k.com/book/2213315.html", "http://www.17k.com/book/2402178.html", "http://www.17k.com/book/2691221.html", "http://www.17k.com/book/2210699.html", "http://www.17k.com/book/1797752.html", "http://www.17k.com/book/2575507.html", "http://www.17k.com/book/2705181.html", "http://www.17k.com/book/2702539.html", "http://www.17k.com/book/2474887.html", "http://www.17k.com/book/2674733.html", "http://www.17k.com/book/2822076.html", "http://www.17k.com/book/2809894.html", "http://www.17k.com/book/2822077.html", "http://www.17k.com/book/2811930.html", "http://www.17k.com/book/2815548.html", "http://www.17k.com/book/2819620.html", "http://www.17k.com/book/2809964.html", "http://www.17k.com/book/2808200.html", "http://www.17k.com/book/2820100.html", "http://www.17k.com/book/2822978.html", "http://www.17k.com/book/2804337.html", "http://www.17k.com/book/2798814.html", "http://www.17k.com/book/2785153.html", "http://www.17k.com/book/2731559.html", "http://www.17k.com/book/2722533.html", "http://www.17k.com/book/2458377.html", "http://www.17k.com/book/2743300.html", "http://www.17k.com/book/973809.html", "http://www.17k.com/book/2651367.html", "http://www.17k.com/book/2726194.html", "http://www.17k.com/book/2790214.html", "http://www.17k.com/book/493239.html", "http://www.17k.com/book/108821.html", "http://www.17k.com/book/1398783.html", "http://www.17k.com/book/83528.html", "http://www.17k.com/book/1859126.html", "http://www.17k.com/book/1741975.html", "http://www.17k.com/book/192453.html", "http://www.17k.com/book/2459058.html", "http://www.17k.com/book/1050747.html", "http://www.17k.com/book/2700315.html", "http://www.17k.com/book/2818940.html", "http://www.17k.com/book/2819519.html", "http://www.17k.com/book/2816390.html", "http://www.17k.com/book/2819588.html", "http://www.17k.com/book/2813768.html", "http://www.17k.com/book/2822406.html", "http://www.17k.com/book/2772164.html", "http://www.17k.com/book/2784023.html", "http://www.17k.com/book/2811877.html", "http://www.17k.com/book/2809119.html", "http://www.17k.com/book/2803700.html", "http://www.17k.com/book/2819561.html", "http://www.17k.com/book/2746506.html", "http://www.17k.com/book/2811836.html", "http://www.17k.com/book/2614810.html", "http://www.17k.com/book/1592435.html", "http://www.17k.com/book/1949748.html", "http://www.17k.com/book/2265802.html", "http://www.17k.com/book/2743240.html", "http://www.17k.com/book/2657437.html", "http://www.17k.com/book/2644502.html", "http://www.17k.com/book/2199900.html", "http://www.17k.com/book/2725436.html", "http://www.17k.com/book/2629978.html"]}