{"ratings": -1, "userreviews": [{"userName": "\u7b11\u50b2\u5b64\u8fb0", "userReviewDate": "2018-06-05", "userURL": "http://user.17k.com/13197515", "userReview": "\u6211\u771f\u60f3\u8bf4\u4e00\u53e5\uff0c\u8fd9\u4e48\u597d\u7684\u9898\u76ee\uff0c\u5f00\u5934\u88ab\u4f60\u5199\u5f97\u8fd9\u4e48\u5e73\u6de1\uff0c\u80fd\u5426\u5199\u58ee\u70c8\u4e9b\uff1f\u6324\u6389\u90a3\u4e9b\u6ca1\u6709\u7528\u7684\u611f\u60f3\uff0c\u7528\u4e00\u4e9b\u8f70\u52a8\u7684\u573a\u666f\u8868\u73b0\u51fa\u6765\uff0c\u6216\u8bb8\u6548\u679c\u60ca\u4eba\uff0c\u6bd4\u5982\u4e01\u5c0f\u767d\u6df1\u591c\u63a2\u8bbf\u7c73\u5c0f\u53ef\u7684\u575f\u5934\uff0c\u63a5\u7740\u7c73\u5c0f\u53ef\u51fa\u73b0\u4e86\uff0c\u6216\u96f7\u96e8\uff0c\u6216\u65f6\u7a7a\u574d\u584c\uff0c\u63a5\u4e0b\u6765\u968f\u610f\u53d1\u6325\u3002\u6211\u60f3\u878d\u5408\u60ca\u609a\u7247\u3001\u7231\u60c5\u7247\u3001\u7a7f\u8d8a\u7247\u3001\u795e\u8bdd\u7247\u5168\u90fd\u6709\u4e86\u3002"}, {"userName": "\u7b11\u50b2\u5b64\u8fb0", "userReviewDate": "2018-05-30", "userURL": "http://user.17k.com/13197515", "userReview": "[\u6253\u8d4f]\u6211\u6253\u8d4f\u4e861\u5143\u7ea2\u5305\uff01\uff01"}, {"userName": "\u7b11\u50b2\u5b64\u8fb0", "userReviewDate": "2018-05-30", "userURL": "http://user.17k.com/13197515", "userReview": "\u5468\u4e09\u6109\u5feb\uff0c\u52a0\u6cb9\u3002"}, {"userName": "\u7b11\u50b2\u5b64\u8fb0", "userReviewDate": "2018-05-29", "userURL": "http://user.17k.com/13197515", "userReview": "\u7b7e\u5230\uff0c\u52a0\u6cb9\uff0c\u575a\u5b9a\u4e0d\u79fb\uff01\u5927\u58f0\u5d1b\u8d77\uff01"}, {"userName": "\u6697\u591c\u6e38\u9b42xian", "userReviewDate": "2018-05-29", "userURL": "http://user.17k.com/35295288", "userReview": "\u5199\u5c0f\u8bf4\u4e0d\u5bb9\u6613"}, {"userName": "\u7b11\u50b2\u5b64\u8fb0", "userReviewDate": "2018-05-28", "userURL": "http://user.17k.com/13197515", "userReview": "\u7b7e\u5230\uff0c\u652f\u6301\uff0c\u59cb\u7ec8\u5982\u4e00\uff01"}, {"userName": "\u7b11\u50b2\u5b64\u8fb0", "userReviewDate": "2018-05-27", "userURL": "http://user.17k.com/13197515", "userReview": "\u7b7e\u4e2a\u665a\u5230\uff0c\u6492\u82b1\u652f\u6301\uff01"}, {"userName": "\u7b11\u50b2\u5b64\u8fb0", "userReviewDate": "2018-05-26", "userURL": "http://user.17k.com/13197515", "userReview": "\u65e9\u4e0a\u597d\uff0c\u7b7e\u5230\u652f\u6301\uff01\u52a0\u6cb9\u3002"}, {"userName": "\u7b11\u50b2\u5b64\u8fb0", "userReviewDate": "2018-05-25", "userURL": "http://user.17k.com/13197515", "userReview": "\u7b7e\u5230\uff0c\u6492\u82b1\u652f\u6301\uff01"}, {"userName": "\u7b11\u50b2\u5b64\u8fb0", "userReviewDate": "2018-05-22", "userURL": "http://user.17k.com/13197515", "userReview": "\u708e\u708e\u590f\u65e5\uff0c\u5199\u4f5c\u4e0d\u6613\uff0c\u52a0\u6cb9\uff01"}, {"userName": "\u7b11\u50b2\u5b64\u8fb0", "userReviewDate": "2018-05-21", "userURL": "http://user.17k.com/13197515", "userReview": "\u597d\u4e3b\u9898\uff0c\u52a0\u6cb9\uff01\u5df2\u6536\u85cf\u3002"}], "description": "\u6b7b\u4eba\u56e0\u6267\u5ff5\u800c\u5316\u4e3a\u6076\u7075\uff0c\u6d3b\u4eba\u56e0\u6267\u5ff5\u800c\u89c9\u9192\u5f02\u80fd\u3002\u3000\u3000\u901a\u7075\u5e08\uff0c\u53ef\u4ee5\u53ec\u5524\u4ea1\u7075\uff0c\u6c9f\u901a\u51a5\u754c\u83b7\u5f97\u7075\u529b\uff0c\u4fee\u9006\u5929\u4e4b\u672f\u3002\u3000\u3000\u4e01\u5c0f\u767d\u672c\u662f\u4e2a\u9ad8\u4e2d\u751f\uff0c\u5374\u56e0\u4e3a\u6697\u604b\u4e4b\u4eba\u7684\u6b7b\uff0c\u89c9\u9192\u4e86\u901a\u7075\u80fd\u529b\uff0c\u6253\u5f00\u4e86\u53e6\u4e00\u4e2a\u4e16\u754c\u7684\u5927\u95e8\u3002\u3000\u3000\u80cc\u8d1f\u7740\u5b88\u62a4\u6240\u7231\u4e4b\u4eba\u8fd9\u4e00\u6267\u5ff5\uff0c\u4ed6\u5c06\u8e0f\u4e0a\u901a\u7075\u5e08\u7684\u8840\u8def\uff0c\u7a7f\u8fc7\u4eba\u4e0e\u7075\u7684\u7684\u5c38\u5c71\u8840\u6d77\uff0c\u6210\u5c31\u4e16\u95f4\u4ea1\u7075\u4e3b\u5bb0\u3002\u3000\u3000\u2014\u2014\u2014\u2014\u2014\u2014\u2014\u2014\u2014\u2014\u2014\u2014\u2014\u2014\u2014\u2014\u2014\u2014\u2014\u2014\u2014\u2014\u3000\u3000\u62d4\u5200\u5427\uff0c\u5c11\u5e74\u3000\u3000\u6b7b\u4ea1\u8981\u5e26\u8d70\u4f60\u5fc3\u7231\u7684\u4eba\u4e86\uff0c\u5b83\u53ef\u4e0d\u7ba1\u4f60\u662f\u4e0d\u662f\u4e00\u4e2a\u6ca1\u6bd5\u4e1a\u7684\u9ad8\u4e2d\u751f", "title": "\u4ea1\u9b42\u4e3b\u5bb0", "url": "http://www.17k.com/book/2824192.html", "average": -1.0, "cover": "http://img.17k.com/images/bookcover/2018/14120/70/2824192-1527222775000.jpg", "reviews": 297, "authors": [{"url": "http://www.17k.com/zuozhe/17289552", "name": "\u79cb\u5343\u4e4b\u5c3e"}], "type": ["\u4e1c\u65b9\u7384\u5e7b"], "outlinks": ["http://www.17k.com/book/2794982.html", "http://www.17k.com/book/2801292.html", "http://www.17k.com/book/2816318.html", "http://www.17k.com/book/2797575.html", "http://www.17k.com/book/2802516.html", "http://www.17k.com/book/2812195.html", "http://www.17k.com/book/2820143.html", "http://www.17k.com/book/2807943.html", "http://www.17k.com/book/2813457.html", "http://www.17k.com/book/2798058.html", "http://www.17k.com/book/2815617.html", "http://www.17k.com/book/2805259.html", "http://www.17k.com/book/2760255.html", "http://www.17k.com/book/2686894.html", "http://www.17k.com/book/2797016.html", "http://www.17k.com/book/2767246.html", "http://www.17k.com/book/2764239.html", "http://www.17k.com/book/2754498.html", "http://www.17k.com/book/2754900.html", "http://www.17k.com/book/2625740.html", "http://www.17k.com/book/2213315.html", "http://www.17k.com/book/2402178.html", "http://www.17k.com/book/2691221.html", "http://www.17k.com/book/2210699.html", "http://www.17k.com/book/1797752.html", "http://www.17k.com/book/2575507.html", "http://www.17k.com/book/2705181.html", "http://www.17k.com/book/2702539.html", "http://www.17k.com/book/2474887.html", "http://www.17k.com/book/2674733.html", "http://www.17k.com/book/2822076.html", "http://www.17k.com/book/2809894.html", "http://www.17k.com/book/2822077.html", "http://www.17k.com/book/2811930.html", "http://www.17k.com/book/2815548.html", "http://www.17k.com/book/2819620.html", "http://www.17k.com/book/2809964.html", "http://www.17k.com/book/2808200.html", "http://www.17k.com/book/2820100.html", "http://www.17k.com/book/2822978.html", "http://www.17k.com/book/2804337.html", "http://www.17k.com/book/2798814.html", "http://www.17k.com/book/2785153.html", "http://www.17k.com/book/2731559.html", "http://www.17k.com/book/2722533.html", "http://www.17k.com/book/2458377.html", "http://www.17k.com/book/2743300.html", "http://www.17k.com/book/973809.html", "http://www.17k.com/book/2651367.html", "http://www.17k.com/book/2726194.html", "http://www.17k.com/book/2790214.html", "http://www.17k.com/book/493239.html", "http://www.17k.com/book/108821.html", "http://www.17k.com/book/1398783.html", "http://www.17k.com/book/83528.html", "http://www.17k.com/book/1859126.html", "http://www.17k.com/book/1741975.html", "http://www.17k.com/book/192453.html", "http://www.17k.com/book/2459058.html", "http://www.17k.com/book/1050747.html", "http://www.17k.com/book/2700315.html", "http://www.17k.com/book/2818940.html", "http://www.17k.com/book/2819519.html", "http://www.17k.com/book/2816390.html", "http://www.17k.com/book/2819588.html", "http://www.17k.com/book/2813768.html", "http://www.17k.com/book/2822406.html", "http://www.17k.com/book/2772164.html", "http://www.17k.com/book/2784023.html", "http://www.17k.com/book/2811877.html", "http://www.17k.com/book/2809119.html", "http://www.17k.com/book/2803700.html", "http://www.17k.com/book/2819561.html", "http://www.17k.com/book/2746506.html", "http://www.17k.com/book/2811836.html", "http://www.17k.com/book/2614810.html", "http://www.17k.com/book/1592435.html", "http://www.17k.com/book/1949748.html", "http://www.17k.com/book/2265802.html", "http://www.17k.com/book/2743240.html", "http://www.17k.com/book/2657437.html", "http://www.17k.com/book/2644502.html", "http://www.17k.com/book/2199900.html", "http://www.17k.com/book/2725436.html", "http://www.17k.com/book/2629978.html"]}