{"ratings": -1, "userreviews": [{"userName": "\u5f88\u4e45\u5f88\u4e45\u4ee5\u524d911338756", "userReviewDate": "2018-05-16", "userURL": "http://user.17k.com/47651760", "userReview": "I should meet thee\uff0cAfter long years\uff0cHow should I greet thee\uff1fWith silence and tears\u2026\u2026\u201d \u82e5\u6211\u9047\u89c1\u4f60\uff0c\u4e8b\u9694\u7ecf\u5e74\u3002\u6211\u5c06\u5982\u4f55\u81f4\u4f60\uff1f\u4ee5\u6c89\u9ed8\uff0c\u4ee5\u773c\u6cea\u3002"}, {"userName": "\u6885\uff0c\u5df2\u903a\u96e2\u4e56", "userReviewDate": "2018-05-15", "userURL": "http://user.17k.com/51714259", "userReview": "\u4ec0\u4e48\u60c5\u51b5\uff0c\u600e\u4e48\u7a81\u7136\u4e0d\u80fd\u8bfb\u4e86\uff1f"}, {"userName": "\u51ef\u98ce\u81ea\u5357344301622", "userReviewDate": "2018-04-29", "userURL": "http://user.17k.com/61340717", "userReview": "\u4e0d\u9519\uff0c\u5f88\u597d\u770b"}, {"userName": "17K\u4e66\u53cbZR35PRZW", "userReviewDate": "2018-04-29", "userURL": "http://user.17k.com/61324243", "userReview": "\u603b\u89c9\u5f97\u7ed3\u5c40\u592a\u8650\u4e86"}, {"userName": "\ue32eGoddess", "userReviewDate": "2018-04-02", "userURL": "http://user.17k.com/60819689", "userReview": "\u770b\u5b8c\u4ee5\u540e\u7a81\u7136\u597d\u5fc3\u75bc"}, {"userName": "\u73b2\u73d1540125164", "userReviewDate": "2018-03-14", "userURL": "http://user.17k.com/59568702", "userReview": "\u5728\u8fd9\u5c0f\u8bf4\u91cc\u6211\u89c9\u5f97\u8fd8\u662f\u4ea6\u7b5d\u6700\u60e8\uff0c\u56e0\u4e3a\u5979\u4e0d\u80fd\u50cf\u4ea6\u7b19\u90a3\u6837\u968f\u5fc3\u6240\u6b32\uff0c\u53ea\u80fd\u4ee5\u61e6\u5f31\uff0c\u9ed8\u9ed8\u4ed8\u51fa\u7684\u6027\u5b50\u53bb\u7231\uff0c\u4e0d\u7ba1\u4e0d\u987e\u522b\u4eba\u80e1\u8bf4\u516b\u9053\u7684\u7231\u7740\u90a3\u4e2a\u4eba\uff0c\u53ef\u6700\u7ec8\u5374\u88ab\u7231\u7684\u4eba\u6b3a\u9a97\uff0c\u88ab\u7231\u7684\u4eba\u903c\u6b7b\uff0c\u56e0\u4e3a\u5728\u5979\u7684\u7231\u91cc\u5979\u7b2c\u4e00\u4e2a\u60f3\u5230\u7684\u6c38\u8fdc\u662f\u522b\u4eba\uff0c\u4e0d\u662f\u81ea\u5df1\u3002\u7231\u81f3\u6df1\u5904\uff0c\u82e5\u7231\u6210\u654c\uff0c\u7ec8\u5c06\u5d29\u6e83\u3002~~~(&gt;_&lt;)~~~\u545c\u545c\uff0c\u6211\u53ef\u601c\u7684\u5c0f\u7b5d\u554a\uff01"}, {"userName": "\u96e8 \u6674", "userReviewDate": "2018-02-25", "userURL": "http://user.17k.com/60100194", "userReview": "\u98ce\u51dd\u96ea\u821e\u8001\u5e08\uff0c\u6211\u4e00\u76f4\u5728\u6267\u7740\u7684\u5bfb\u627e\u60a8\uff0c\u53ef\u4ee5\u7ed9\u6211\u60a8\u7684\u8054\u7cfb\u65b9\u5f0f\u5417\uff1f\u6211\u6709\u91cd\u8981\u7684\u4e8b\u60c5\u76f8\u5546\uff0c\u8c22\u8c22\u5566\uff0c\u6211\u7684QQ\uff1a2864868435"}, {"userName": "\u9ec4\u74dc\u7684\u5bbf\u547d", "userReviewDate": "2018-02-12", "userURL": "http://user.17k.com/53195742", "userReview": "<a target='_blank' href='http://www.17k.com/book/2377865.html'>\u300a\u81f3\u9738\u82cd\u751f\u8bc0\u300b</a>\u6765\u8bbf\uff0c\u6c42\u652f\u6301\u6c42\u6269\u6563\uff0c\u87f9\u87f9\u3002"}, {"userName": "\u77f3\u69b4784092771", "userReviewDate": "2018-02-05", "userURL": "http://user.17k.com/49375237", "userReview": "\u597d\u770b\uff0c\u8fd8\u4e0d\u9519"}, {"userName": "17K\u4e66\u53cb0VFTAS2T", "userReviewDate": "2018-01-21", "userURL": "http://user.17k.com/57298983", "userReview": "\u597d\u770b\uff0c\u53ef\u60dc\u5305\u6708\u5230\u671f\u4e86&#55357;&#56877;"}, {"userName": "\u4e25\u4e25563833437", "userReviewDate": "2018-01-21", "userURL": "http://user.17k.com/59529254", "userReview": "\u94ee\u94ee\u94c1\u9aa8\u4e5f\u67d4\u60c5\uff0c\u67d4\u80a4\u5f31\u4f53\u4e5f\u575a\u5f3a\u3002"}, {"userName": "17K\u4e66\u53cb0VFTAS2T", "userReviewDate": "2018-01-20", "userURL": "http://user.17k.com/57298983", "userReview": "\u4e0d\u9519\u3002\u53ef\u4ee5\u770b"}, {"userName": "\u533f\u540d17K4549991", "userReviewDate": "2018-01-11", "userURL": "http://user.17k.com/27398656", "userReview": "\u6700\u540e\u770b\u5f97\u5fc3\u597d\u75db\u54ed\u4e86\u5f88\u4e45\uff0c\u6c11\u56fd\u65f6\u671f\u7684\u5c0f\u8bf4\u6ca1\u600e\u4e48\u770b\u8fc7\uff0c\u4f46\u6211\u60f3\u6211\u4e0d\u4f1a\u5fd8\u8bb0\u7684\u4ed6\u4eec\u7684\u7231\u60c5\u548c\u5386\u53f2\uff0c\u8ba9\u6211\u5148\u54ed\u4f1a"}, {"userName": "\u5ca9\u6cca", "userReviewDate": "2018-01-05", "userURL": "http://user.17k.com/52703967", "userReview": "\u6587\u7b14\u771f\u597d\uff0c\u65e9\u65e5\u6210\u795e\uff01<a target='_blank' href='http://www.17k.com/book/2388836.html'>\u300a\u7fa3\u4ed9\u9b54\u5f71\u300b</a><a target='_blank' href='http://www.17k.com/book/2347646.html'>\u300a\u7f8e\u4e3d\u65e0\u754c\u300b</a>\u6765\u8bbf\uff0c\u6b22\u8fce\u60a8\u524d\u53bb\u6e9c\u8fbe\u6e9c\u8fbe"}, {"userName": "\u5357\u67ef\u4e00\u5148\u751f", "userReviewDate": "2017-09-07", "userURL": "http://user.17k.com/36265724", "userReview": "<a target='_blank' href='http://www.17k.com/book/2644013.html'>\u300a\u5357\u67ef\u4e00\u68a6\u771f\u4ea6\u5e7b\u300b</a>\u524d\u6765\u62dc\u8bbf\uff0c\u795d\u4f5c\u8005\u5927\u5927\u957f\u547d\u767e\u5c81\uff0c\u5b50\u5b59\u6ee1\u5802\uff0c\u798f\u5982\u4e1c\u6d77\u957f\u6d41\u6c34\uff0c\u5bff\u6bd4\u5357\u5c71\u4e0d\u8001\u677e\uff01\uff01\uff01"}, {"userName": "\u628a\u5c81\u6708\u6c8f\u5165\u8336\u8272\u30ad\u30ae", "userReviewDate": "2017-08-27", "userURL": "http://user.17k.com/57145680", "userReview": "\u4ee5\u524d\u5b66\u5386\u53f2\u7684\u65f6\u5019\u5185\u5fc3\u5e76\u6ca1\u6709\u4ec0\u4e48\u60c5\u7eea\uff0c\u4f46\u662f\u770b\u5b8c\u4e86\u4f60\u8fd9\u4e2a\u8fd9\u4e2a\u6545\u4e8b\uff0c\u6df1\u6df1\u7684\u88ab\u9707\u6151\u5230\uff0c\u5fc3\u75db\uff0c\u60b2\u6124\uff0c\u4ee5\u53ca\u5bf9\u65e5\u672c\u4eba\u7684\u75db\u6068\uff0c\u662f\u591a\u4e48\u7684\u5f3a\u70c8\uff0c\u4eff\u4f5b\u81ea\u5df1\u5c31\u751f\u6d3b\u5728\u90a3\u4e2a\u5e74\u4ee3\uff0c\u4eb2\u773c\u76ee\u7779\u3002"}, {"userName": "\u5fc3\u7a7a\u7f6a\u4ea6\u4ea1", "userReviewDate": "2017-08-22", "userURL": "http://user.17k.com/56355515", "userReview": "<a target='_blank' href='http://www.17k.com/book/2580944.html'>\u300a\u4e71\u4e16\u60c5\u7f18\u6f2b\u9ec4\u6c99\u300b</a>\u524d\u6765\u62dc\u8bfb\u5927\u4f5c\u3002"}, {"userName": "\u5f26\u5f26\u672c\u5c0a", "userReviewDate": "2017-08-11", "userURL": "http://user.17k.com/47577626", "userReview": "<a target='_blank' href='http://www.17k.com/book/2619038.html'>\u300a\u6e05\u79cb\u68a7\u5bd2\u4e4b\u5fc3\u8f6e\u300b</a>\u524d\u6765\u62dc\u8bbf\uff0c\u8bf7\u6307\u6559"}, {"userName": "Lingling998546279", "userReviewDate": "2017-08-09", "userURL": "http://user.17k.com/56690369", "userReview": "<a target='_blank' href='http://www.17k.com/book/2602835.html'>\u300a\u6709\u82b1\u582a\u6298\u5c31\u6298\u5457\u300b</a>\u671b\u652f\u6301\u6307\u6559"}, {"userName": "\u4f59\u58a8\u6d82", "userReviewDate": "2017-08-09", "userURL": "http://user.17k.com/55822289", "userReview": "\u58a8\u6d82\u643a<a target='_blank' href='http://www.17k.com/book/2543334.html'>\u300a\u4f46\u613f\u6709\u4eba\u80af\u957f\u7559\u300b</a>\u6765\u8bbf\uff0c\u4f5c\u54c1\u5df2\u66f4\u767e\u7ae0\uff0c\u5199\u7684\u662f\u4e24\u4e2a\u8eab\u4efd\u5730\u4f4d\u804c\u4e1a\u90fd\u5c06\u8fd1\u7684\u90fd\u5e02\u7537\u5973\u76f8\u604b\u7684\u6545\u4e8b\uff0c\u671b\u56de\u8bbf\uff0c\u8fd8\u6709\u4f5c\u8005\u5927\u5927\u52a0\u6cb9\u54e6\u3002"}], "description": "\u8c01\u4eba\u8bb8\u5c11\u5e74\u60c5\u4e8b\uff0c\u7559\u4e00\u6bb5\u523b\u9aa8\u94ed\u5fc3\u3000\u3000\u8c01\u4eba\u7fa1\u7f8e\u4eba\u540d\u5c06\uff0c\u8c31\u4e00\u66f2\u60b2\u6b22\u79bb\u5408\u3000\u3000\u6714\u65b9\u6218\u706b\u3000\u3000\u70fd\u70df\u4e71\u4e16\u3000\u3000\u8c01\u4e0e\u8c01\u6267\u624b\u5171\u767d\u5934\u3000\u3000\u8c01\u53c8\u662f\u8c01\u7684\u4e00\u751f\u4e00\u4e16\u3000\u3000\uff0d\uff0d\uff0d\uff0d\uff0d\uff0d\uff0d\uff0d\uff0d\uff0d\uff0d\uff0d\uff0d\uff0d\uff0d\uff0d\uff0d\uff0d\uff0d\uff0d\uff0d\uff0d\uff0d\uff0d\uff0d\uff0d\uff0d\uff0d\u3000\u3000\u4ea6\u7b19\uff1a\u7238\u7238\u603b\u8bf4\uff0c\u7231\u7b11\u7684\u5973\u5b69\u5b50\u5c06\u6765\u8fd0\u6c14\u4e00\u5b9a\u4e0d\u4f1a\u592a\u574f\u3002\u539f\u6765\u771f\u7684\u662f\u8fd9\u6837\u3002\u3000\u3000\u9047\u89c1\u4f60\uff0c\u662f\u6211\u5728\u8fd9\u4e2a\u574f\u5e74\u6708\u91cc\u6700\u597d\u7684\u8fd0\u6c14\u3002", "title": "\u4ea6\u7b5d\u7b19", "url": "http://www.17k.com/book/255745.html", "average": -1.0, "cover": "http://img.17k.com/images/bookcover/default_cover.jpg", "reviews": 3454856, "authors": [{"url": "http://www.17k.com/zuozhe/9209036", "name": "\u98ce\u51dd\u96ea\u821e"}], "type": ["\u603b\u88c1\u8c6a\u95e8"], "outlinks": ["http://www.17k.com/book/2794982.html", "http://www.17k.com/book/2801292.html", "http://www.17k.com/book/2816318.html", "http://www.17k.com/book/2797575.html", "http://www.17k.com/book/2802516.html", "http://www.17k.com/book/2812195.html", "http://www.17k.com/book/2820143.html", "http://www.17k.com/book/2807943.html", "http://www.17k.com/book/2813457.html", "http://www.17k.com/book/2798058.html", "http://www.17k.com/book/2815617.html", "http://www.17k.com/book/2805259.html", "http://www.17k.com/book/2760255.html", "http://www.17k.com/book/2686894.html", "http://www.17k.com/book/2797016.html", "http://www.17k.com/book/2767246.html", "http://www.17k.com/book/2764239.html", "http://www.17k.com/book/2754498.html", "http://www.17k.com/book/2754900.html", "http://www.17k.com/book/2625740.html", "http://www.17k.com/book/2213315.html", "http://www.17k.com/book/2402178.html", "http://www.17k.com/book/2691221.html", "http://www.17k.com/book/2210699.html", "http://www.17k.com/book/1797752.html", "http://www.17k.com/book/2575507.html", "http://www.17k.com/book/2705181.html", "http://www.17k.com/book/2702539.html", "http://www.17k.com/book/2474887.html", "http://www.17k.com/book/2674733.html", "http://www.17k.com/book/2822076.html", "http://www.17k.com/book/2809894.html", "http://www.17k.com/book/2822077.html", "http://www.17k.com/book/2811930.html", "http://www.17k.com/book/2815548.html", "http://www.17k.com/book/2819620.html", "http://www.17k.com/book/2809964.html", "http://www.17k.com/book/2808200.html", "http://www.17k.com/book/2820100.html", "http://www.17k.com/book/2822978.html", "http://www.17k.com/book/2804337.html", "http://www.17k.com/book/2798814.html", "http://www.17k.com/book/2785153.html", "http://www.17k.com/book/2731559.html", "http://www.17k.com/book/2722533.html", "http://www.17k.com/book/2458377.html", "http://www.17k.com/book/2743300.html", "http://www.17k.com/book/973809.html", "http://www.17k.com/book/2651367.html", "http://www.17k.com/book/2726194.html", "http://www.17k.com/book/2790214.html", "http://www.17k.com/book/493239.html", "http://www.17k.com/book/108821.html", "http://www.17k.com/book/1398783.html", "http://www.17k.com/book/83528.html", "http://www.17k.com/book/1859126.html", "http://www.17k.com/book/1741975.html", "http://www.17k.com/book/192453.html", "http://www.17k.com/book/2459058.html", "http://www.17k.com/book/1050747.html", "http://www.17k.com/book/2700315.html", "http://www.17k.com/book/2818940.html", "http://www.17k.com/book/2819519.html", "http://www.17k.com/book/2816390.html", "http://www.17k.com/book/2819588.html", "http://www.17k.com/book/2813768.html", "http://www.17k.com/book/2822406.html", "http://www.17k.com/book/2772164.html", "http://www.17k.com/book/2784023.html", "http://www.17k.com/book/2811877.html", "http://www.17k.com/book/2809119.html", "http://www.17k.com/book/2803700.html", "http://www.17k.com/book/2819561.html", "http://www.17k.com/book/2746506.html", "http://www.17k.com/book/2811836.html", "http://www.17k.com/book/2614810.html", "http://www.17k.com/book/1592435.html", "http://www.17k.com/book/1949748.html", "http://www.17k.com/book/2265802.html", "http://www.17k.com/book/2743240.html", "http://www.17k.com/book/2657437.html", "http://www.17k.com/book/2644502.html", "http://www.17k.com/book/2199900.html", "http://www.17k.com/book/2725436.html", "http://www.17k.com/book/2629978.html"]}