{"ratings": -1, "userreviews": [{"userName": "\u8ffd\u98ce~\u60c5\uff01", "userReviewDate": "2018-05-26", "userURL": "http://user.17k.com/2373471", "userReview": "\u4f5c\u8005\u90a3\u4e48\u6709\u94b1\uff0c\u6253\u8d4f\u81ea\u5df1\u4e09\u4e2a\u76df\u4e3b\uff0c\u53c8\u4f55\u5fc5\u5199\u5c0f\u8bf4\u5462\uff1f"}, {"userName": "\u6c99\u4e50\u6728", "userReviewDate": "2018-05-18", "userURL": "http://user.17k.com/58521722", "userReview": "\u6211\u53c8\u56de\u6765\u4e86(\u25cd &acute;\ua4b3` \u25cd)"}, {"userName": "\u7528\u62376213671291", "userReviewDate": "2018-04-25", "userURL": "http://user.17k.com/59533662", "userReview": "\u7a81\u7136\u60f3\u8d77\u6765\u81ea\u5df1\u66fe\u7ecf\u505a\u8fc7\u4e24\u4e2a\u68a6\uff0c\u4e00\u4e2a\u68a6\u91cc\u662f\u4e00\u9996\u8d85\u7ea7\u68d2\u7684\u6b4c\uff0c\u4e00\u4e2a\u68a6\u91cc\u662f\u4e00\u4e2a\u5f88\u725b\u7684\u957f\u7bc7\u5c0f\u8bf4\uff0c\u5982\u679c\u80fd\u628a\u8fd9\u4e24\u4e2a\u68a6\u8bb0\u4e0b\u6765\uff0c\u90a3\uff0c\u90a3\u6211\u5c31\u725b\u4e86"}, {"userName": "\u6781\u54c1\u8840\u67ad\u96c4", "userReviewDate": "2018-04-16", "userURL": "http://user.17k.com/43047912", "userReview": "\u597d\u597d\u597d\u597d\u597d\u597d\u597d"}, {"userName": "\u6781\u54c1\u8840\u67ad\u96c4", "userReviewDate": "2018-04-14", "userURL": "http://user.17k.com/43047912", "userReview": "\u597d\u597d\u597d\u597d\u597d\u597d\u597d"}, {"userName": "\u6781\u54c1\u8840\u67ad\u96c4", "userReviewDate": "2018-04-12", "userURL": "http://user.17k.com/43047912", "userReview": "\u597d\u597d\u597d\u597d\u597d\u597d\u597d"}, {"userName": "\u7528\u62376213671291", "userReviewDate": "2018-04-09", "userURL": "http://user.17k.com/59533662", "userReview": "\u5509\uff0c\u4e1c\u7687\u592a\u4e00\uff0c\u672c\u662f\u4e00\u4e2a\u5f88\u725b\u7684\u795e\uff0c\u7ed3\u679c\u88ab\u738b\u8005\u8363\u8000\u6539\u6210\u4e86\u6697\u9ed1\u4eba\u7269\uff0c\u8fd8\u6709\u6241\u9e4a\u88ab\u6539\u6210\u4e86\u7528\u6bd2\u9ad8\u624b\uff1f\u73b0\u5728\u5e7c\u513f\u56ed\u7684\u5b69\u5b50\u4e5f\u6709\u73a9\u738b\u8005\u8363\u8000\u7684\uff0c\u8fd9\u5370\u8c61\u6839\u6df1\u8482\u56fa\u4e86\uff0c\u5c82\u4e0d\u662f\u8981\u6bc1\u4e86\u4e00\u4ee3\u4eba\uff1f\u6050\u6016\u6050\u6016"}, {"userName": "\u83ab\u8ba9\u6d41\u5e74\u5982\u6c34\u901d", "userReviewDate": "2018-04-08", "userURL": "http://user.17k.com/58693211", "userReview": "\u5f88\u597d\u770b\uff0c\u4e00\u5982\u65e2\u5f80\u7684\u597d\u770b|\u03c9\u30fb\uff09"}, {"userName": "\u7528\u62376213671291", "userReviewDate": "2018-04-06", "userURL": "http://user.17k.com/59533662", "userReview": "\u5929\u6daf\u4f60\u7ec8\u4e8e\u56de\u6765\u4e86\uff0c\u4e4b\u524d\u90a3\u4e2a\u76d7\u4f60\u7684\u53f7\u7684\u4eba\u4e00\u76f4\u590d\u5236\u7c98\u8d34\u4e4b\u524d\u7684\u5185\u5bb9"}, {"userName": "\u7528\u62376213671291", "userReviewDate": "2018-04-06", "userURL": "http://user.17k.com/59533662", "userReview": "\u6211\u7684\u5929\uff0c\u5927\u54e5\u4f60\u5199\u4e07\u8d22\uff0c\u600e\u4e48\u4e2d\u95f4\u5199\u7a7f\u5e2e\u5199\u6210\u4e07\u8fbe\u4e86\u3002\u3002\u3002"}, {"userName": "-[-\u5251\u8361\u30d1\u8352\u309e553193575", "userReviewDate": "2018-04-05", "userURL": "http://user.17k.com/54413680", "userReview": "\u6211\u53bb\uff0c\u5927\u5927\u4f60\u78d5\u4e86\u4ec0\u4e48\u836f\uff0c\u8fd9\u4e48\u731b"}, {"userName": "\u83ab\u8ba9\u6d41\u5e74\u5982\u6c34\u901d", "userReviewDate": "2018-04-05", "userURL": "http://user.17k.com/58693211", "userReview": "\u5f88\u597d\u770b&#55357;&#56842;"}, {"userName": "\u83ab\u8ba9\u6d41\u5e74\u5982\u6c34\u901d", "userReviewDate": "2018-04-02", "userURL": "http://user.17k.com/58693211", "userReview": "( \u2022\u0325\u0301 \u02cd \u2022\u0300\u0942 )\u6587\u7b14\u771f\u7684\u5f88\u597d\uff0c\u5feb\u70b9\u66f4\u65b0\u554a(\u3065 \u25cf\u2500\u25cf )\u3065"}, {"userName": "\u68a6\u9192\u5929\u5dee", "userReviewDate": "2018-04-01", "userURL": "http://user.17k.com/59595211", "userReview": "<a target='_blank' href='http://www.17k.com/book/2765324.html'>\u300a\u7edd\u5578\u4e94\u884c\u300b</a>\u6765\u8bbf\uff0c\u5927\u5927\u52a0\u6cb9\uff0c\u5df2\u6536\u85cf\uff01"}, {"userName": "139228****", "userReviewDate": "2018-03-29", "userURL": "http://user.17k.com/6725559", "userReview": "\u4e0d\u60f3\u5199\u4e86\u5417\uff1f"}, {"userName": "\u8086\u975e.", "userReviewDate": "2018-03-21", "userURL": "http://user.17k.com/60510952", "userReview": "\u4f3c\u4e4e\u4ece\u4e00\u767e\u5f20\u5c31\u5f00\u59cb\u91cd\u590d\uff1f\uff1f\uff1f"}, {"userName": "\u75db\u8fc7520\u624d\u61c2\u60b2\u4f24", "userReviewDate": "2018-03-20", "userURL": "http://user.17k.com/32476650", "userReview": "\u5185\u5bb9\u91cd\u590d\u4e86 &nbsp;"}, {"userName": "\u75db\u8fc7520\u624d\u61c2\u60b2\u4f24", "userReviewDate": "2018-03-20", "userURL": "http://user.17k.com/32476650", "userReview": "\u91cd\u590d\u4e86 &nbsp;\u5185\u5bb9"}, {"userName": "\u987d\u76ae\u7684\u5927\u867e", "userReviewDate": "2018-03-20", "userURL": "http://user.17k.com/59008129", "userReview": "\u725b\uff01"}, {"userName": "\u83ab\u8ba9\u6d41\u5e74\u5982\u6c34\u901d", "userReviewDate": "2018-03-20", "userURL": "http://user.17k.com/58693211", "userReview": "\u662f\u4e0d\u662f\u60f3\u4e0d\u51fa\u4e86\uff1f"}], "description": "\u4eba\u751f\u5c31\u662f\u573a\u6e38\u620f\uff0c\u5145\u6ee1\u5728\u5404\u4e2a\u9886\u57df\u53ef\u4ee5\u5b8c\u6210\u7684\u6210\u5c31\u3002\u3000\u3000\u6e38\u620f\uff0c\u5f71\u89c6\uff0c\u4e66\u6cd5\uff0c\u7f8e\u672f\uff0c\u8fd0\u52a8\uff0c\u533b\u5b66\u2026\u2026\u3000\u3000\u4f60\u80fd\u60f3\u5230\u4e9b\u4ec0\u4e48\uff1f\u4f60\u53c8\u5b8c\u6210\u8fc7\u54ea\u4e9b\uff1f\u3000\u3000\u4f60\u662f\u5426\u5728\u671d\u4eba\u751f\u7684\u9ad8\u7aef\u73a9\u5bb6\u800c\u52aa\u529b\uff1f\u3000\u3000\u8bb0\u4f4f\uff0c\u4f60\u53ea\u6709\u4e00\u6761\u547d\u3002\u3000\u3000Have-a-nice-game\u3002", "title": "\u4eba\u751f\u6210\u5c31\u7cfb\u7edf", "url": "http://www.17k.com/book/2698175.html", "average": -1.0, "cover": "http://img.17k.com/images/bookcover/2017/13490/67/2698175-1511161021000.jpg", "reviews": 344833, "authors": [{"url": "http://www.17k.com/zuozhe/58020038", "name": "\u4e00\u76ee\u5c3d\u5929\u6daf"}], "type": ["\u90fd\u5e02\u751f\u6d3b"], "outlinks": ["http://www.17k.com/book/2794982.html", "http://www.17k.com/book/2801292.html", "http://www.17k.com/book/2816318.html", "http://www.17k.com/book/2797575.html", "http://www.17k.com/book/2802516.html", "http://www.17k.com/book/2812195.html", "http://www.17k.com/book/2820143.html", "http://www.17k.com/book/2807943.html", "http://www.17k.com/book/2813457.html", "http://www.17k.com/book/2798058.html", "http://www.17k.com/book/2815617.html", "http://www.17k.com/book/2805259.html", "http://www.17k.com/book/2760255.html", "http://www.17k.com/book/2686894.html", "http://www.17k.com/book/2797016.html", "http://www.17k.com/book/2767246.html", "http://www.17k.com/book/2764239.html", "http://www.17k.com/book/2754498.html", "http://www.17k.com/book/2754900.html", "http://www.17k.com/book/2625740.html", "http://www.17k.com/book/2213315.html", "http://www.17k.com/book/2402178.html", "http://www.17k.com/book/2691221.html", "http://www.17k.com/book/2210699.html", "http://www.17k.com/book/1797752.html", "http://www.17k.com/book/2575507.html", "http://www.17k.com/book/2705181.html", "http://www.17k.com/book/2702539.html", "http://www.17k.com/book/2474887.html", "http://www.17k.com/book/2674733.html", "http://www.17k.com/book/2822076.html", "http://www.17k.com/book/2809894.html", "http://www.17k.com/book/2822077.html", "http://www.17k.com/book/2811930.html", "http://www.17k.com/book/2815548.html", "http://www.17k.com/book/2819620.html", "http://www.17k.com/book/2809964.html", "http://www.17k.com/book/2808200.html", "http://www.17k.com/book/2820100.html", "http://www.17k.com/book/2822978.html", "http://www.17k.com/book/2804337.html", "http://www.17k.com/book/2798814.html", "http://www.17k.com/book/2785153.html", "http://www.17k.com/book/2731559.html", "http://www.17k.com/book/2722533.html", "http://www.17k.com/book/2458377.html", "http://www.17k.com/book/2743300.html", "http://www.17k.com/book/973809.html", "http://www.17k.com/book/2651367.html", "http://www.17k.com/book/2726194.html", "http://www.17k.com/book/2790214.html", "http://www.17k.com/book/493239.html", "http://www.17k.com/book/108821.html", "http://www.17k.com/book/1398783.html", "http://www.17k.com/book/83528.html", "http://www.17k.com/book/1859126.html", "http://www.17k.com/book/1741975.html", "http://www.17k.com/book/192453.html", "http://www.17k.com/book/2459058.html", "http://www.17k.com/book/1050747.html", "http://www.17k.com/book/2700315.html", "http://www.17k.com/book/2818940.html", "http://www.17k.com/book/2819519.html", "http://www.17k.com/book/2816390.html", "http://www.17k.com/book/2819588.html", "http://www.17k.com/book/2813768.html", "http://www.17k.com/book/2822406.html", "http://www.17k.com/book/2772164.html", "http://www.17k.com/book/2784023.html", "http://www.17k.com/book/2811877.html", "http://www.17k.com/book/2809119.html", "http://www.17k.com/book/2803700.html", "http://www.17k.com/book/2819561.html", "http://www.17k.com/book/2746506.html", "http://www.17k.com/book/2811836.html", "http://www.17k.com/book/2614810.html", "http://www.17k.com/book/1592435.html", "http://www.17k.com/book/1949748.html", "http://www.17k.com/book/2265802.html", "http://www.17k.com/book/2743240.html", "http://www.17k.com/book/2657437.html", "http://www.17k.com/book/2644502.html", "http://www.17k.com/book/2199900.html", "http://www.17k.com/book/2725436.html", "http://www.17k.com/book/2629978.html"]}