{"ratings": -1, "userreviews": [], "description": "\u9752\u708e\u53ea\u60f3\u597d\u597d\u5f53\u4e2a\u5c71\u91ce\u5996\u602a\uff0c\u997f\u4e86\u6293\u53ea\u9e21\uff0c\u95f2\u4e86\u902e\u53ea\u5154\uff0c\u6ca1\u4e8b\u518d\u5413\u4e2a\u4eba\u73a9\u73a9\u3002\u7ed3\u679c\u5c31\u56e0\u4e3a\u5728\u4e00\u59d1\u5a18\u88d9\u5b50\u4e0a\u8e29\u4e00\u811a\uff0c\u81ea\u5df1\u5c31\u88ab\u4e2a\u795e\u53e8\u53e8\u7684\u8001\u9053\u6536\u4e86\u7ed9\u4ed6\u5e26\uff01\u5f92\uff01\u5f1f\uff01\u770b\u7740\u8fd9\u4e00\u7fa4\u56f4\u7740\u81ea\u5df1\u62fd\u5c3e\u5df4\u63ea\u8033\u6735\u7684\u718a\u5b69\u5b50\uff0c\u9752\u708e\u5185\u5fc3\u6b32\u54ed\u65e0\u6cea\uff1a\u4eba\u7c7b\u600e\u4e48\u517b\uff0c\u6025\uff0c\u5728\u7ebf\u7b49\uff01", "title": "\u4eba\u7c7b\u9972\u517b\u624b\u518c", "url": "http://www.17k.com/book/2830954.html", "average": -1.0, "cover": "http://img.17k.com/images/bookcover/default_cover.jpg", "reviews": 24, "authors": [{"url": "http://www.17k.com/zuozhe/48605126", "name": "\u6b8b\u6708\u6620\u96ea"}], "type": ["\u73b0\u5b9e\u7206\u7b11"], "outlinks": ["http://www.17k.com/book/2794982.html", "http://www.17k.com/book/2801292.html", "http://www.17k.com/book/2816318.html", "http://www.17k.com/book/2797575.html", "http://www.17k.com/book/2802516.html", "http://www.17k.com/book/2812195.html", "http://www.17k.com/book/2820143.html", "http://www.17k.com/book/2807943.html", "http://www.17k.com/book/2813457.html", "http://www.17k.com/book/2798058.html", "http://www.17k.com/book/2815617.html", "http://www.17k.com/book/2805259.html", "http://www.17k.com/book/2760255.html", "http://www.17k.com/book/2686894.html", "http://www.17k.com/book/2797016.html", "http://www.17k.com/book/2767246.html", "http://www.17k.com/book/2764239.html", "http://www.17k.com/book/2754498.html", "http://www.17k.com/book/2754900.html", "http://www.17k.com/book/2625740.html", "http://www.17k.com/book/2213315.html", "http://www.17k.com/book/2402178.html", "http://www.17k.com/book/2691221.html", "http://www.17k.com/book/2210699.html", "http://www.17k.com/book/1797752.html", "http://www.17k.com/book/2575507.html", "http://www.17k.com/book/2705181.html", "http://www.17k.com/book/2702539.html", "http://www.17k.com/book/2474887.html", "http://www.17k.com/book/2674733.html", "http://www.17k.com/book/2822076.html", "http://www.17k.com/book/2809894.html", "http://www.17k.com/book/2822077.html", "http://www.17k.com/book/2811930.html", "http://www.17k.com/book/2815548.html", "http://www.17k.com/book/2819620.html", "http://www.17k.com/book/2809964.html", "http://www.17k.com/book/2808200.html", "http://www.17k.com/book/2820100.html", "http://www.17k.com/book/2822978.html", "http://www.17k.com/book/2804337.html", "http://www.17k.com/book/2798814.html", "http://www.17k.com/book/2785153.html", "http://www.17k.com/book/2731559.html", "http://www.17k.com/book/2722533.html", "http://www.17k.com/book/2458377.html", "http://www.17k.com/book/2743300.html", "http://www.17k.com/book/973809.html", "http://www.17k.com/book/2651367.html", "http://www.17k.com/book/2726194.html", "http://www.17k.com/book/2790214.html", "http://www.17k.com/book/493239.html", "http://www.17k.com/book/108821.html", "http://www.17k.com/book/1398783.html", "http://www.17k.com/book/83528.html", "http://www.17k.com/book/1859126.html", "http://www.17k.com/book/1741975.html", "http://www.17k.com/book/192453.html", "http://www.17k.com/book/2459058.html", "http://www.17k.com/book/1050747.html", "http://www.17k.com/book/2700315.html", "http://www.17k.com/book/2818940.html", "http://www.17k.com/book/2819519.html", "http://www.17k.com/book/2816390.html", "http://www.17k.com/book/2819588.html", "http://www.17k.com/book/2813768.html", "http://www.17k.com/book/2822406.html", "http://www.17k.com/book/2772164.html", "http://www.17k.com/book/2784023.html", "http://www.17k.com/book/2811877.html", "http://www.17k.com/book/2809119.html", "http://www.17k.com/book/2803700.html", "http://www.17k.com/book/2819561.html", "http://www.17k.com/book/2746506.html", "http://www.17k.com/book/2811836.html", "http://www.17k.com/book/2614810.html", "http://www.17k.com/book/1592435.html", "http://www.17k.com/book/1949748.html", "http://www.17k.com/book/2265802.html", "http://www.17k.com/book/2743240.html", "http://www.17k.com/book/2657437.html", "http://www.17k.com/book/2644502.html", "http://www.17k.com/book/2199900.html", "http://www.17k.com/book/2725436.html", "http://www.17k.com/book/2629978.html"]}