{"ratings": -1, "userreviews": [{"userName": "\u7b2c\u4e94q2714484832", "userReviewDate": "2018-05-12", "userURL": "http://user.17k.com/61408134", "userReview": "\u52a0\u6cb9\uff0c\u4ee3\u5165\u611f\u5f3a\uff0c\u8282\u594f\u628a\u63e1\u5f97\u5f53\uff0c\u5c3d\u91cf\u5c06\u7cbe\u5f69\u4e4b\u5904\u5c3d\u5feb\u5448\u73b0\uff0c\u652f\u6301\u4e00\u4e0b\uff0c\u89c1\u6211\u6635\u79f0\uff0c\u52a0\uff0c\u7ed9\u60a8\u4e9b\u610f\u89c1"}, {"userName": "\u4ed6\u4eec\u53eb\u6211\u9648\u6b65", "userReviewDate": "2018-04-16", "userURL": "http://user.17k.com/5792635", "userReview": "\u5982\u679c\u6709\u80af\u80fd\uff0c\u6211\u5e0c\u671b\u6bcf\u4e00\u4f4d\u670b\u53cb\u80fd\u8bfb\u4e0b\u4e94\u5341\u4e09\u7ae0\uff0c\u4ed4\u7ec6\u60f3\u60f3\u6f47\u6e58\u7267\u91ce\u7684\u8bdd\u3002"}], "description": "\u8c01\u7684\u4eba\u751f\u4e00\u5e06\u98ce\u987a\uff1f\u9633\u5149\u8868\u7ed9\u4e16\u4eba\uff0c\u9634\u51b7\u81ea\u6211\u6392\u89e3\u3002\u3000\u3000\u8fd9\u91cc\u7684\u98df\u7269\u94fe\u63a7\u5236\u8005\u9664\u4e86\u4eba\u7c7b\u8fd8\u6709\u4e00\u79cd\u53eb-\u9b54\u517d\uff0c\u800c\u7ec6\u80de\u8fdb\u5316\u8111\u57df\u6269\u5f20\u7684\u4eba\u88ab\u53eb\u505a\u6597\u8005\uff0c\u8111\u7535\u6ce2\u6d3b\u8dc3\u5ea6\u8d85\u5f3a\u53ef\u4ee5\u540c\u6b65\u81ea\u7136\u80fd\u91cf\u7684\u4eba\u53eb\u505a\u9b54\u6cd5\u5e08\uff0c\u8111\u7535\u6ce2\u9891\u7387\u5931\u8861\u7ecf\u8109\u7578\u5f62\u7684\u5e9f\u7269\u53eb\u505a\u4e9a\u4eba\u2026\u2026", "title": "\u4eba\u751f\u4e0d\u4e00\u5b9a\u70c8\u72f1", "url": "http://www.17k.com/book/2805562.html", "average": -1.0, "cover": "http://img.17k.com/images/bookcover/2018/14027/70/2805562-1522930952000.jpg", "reviews": 251, "authors": [{"url": "http://www.17k.com/zuozhe/5792635", "name": "\u8427\u8bfa9884366"}], "type": ["\u672a\u6765\u5e7b\u60f3"], "outlinks": ["http://www.17k.com/book/2794982.html", "http://www.17k.com/book/2801292.html", "http://www.17k.com/book/2816318.html", "http://www.17k.com/book/2797575.html", "http://www.17k.com/book/2802516.html", "http://www.17k.com/book/2812195.html", "http://www.17k.com/book/2820143.html", "http://www.17k.com/book/2807943.html", "http://www.17k.com/book/2813457.html", "http://www.17k.com/book/2798058.html", "http://www.17k.com/book/2815617.html", "http://www.17k.com/book/2805259.html", "http://www.17k.com/book/2760255.html", "http://www.17k.com/book/2686894.html", "http://www.17k.com/book/2797016.html", "http://www.17k.com/book/2767246.html", "http://www.17k.com/book/2764239.html", "http://www.17k.com/book/2754498.html", "http://www.17k.com/book/2754900.html", "http://www.17k.com/book/2625740.html", "http://www.17k.com/book/2213315.html", "http://www.17k.com/book/2402178.html", "http://www.17k.com/book/2691221.html", "http://www.17k.com/book/2210699.html", "http://www.17k.com/book/1797752.html", "http://www.17k.com/book/2575507.html", "http://www.17k.com/book/2705181.html", "http://www.17k.com/book/2702539.html", "http://www.17k.com/book/2474887.html", "http://www.17k.com/book/2674733.html", "http://www.17k.com/book/2822076.html", "http://www.17k.com/book/2809894.html", "http://www.17k.com/book/2822077.html", "http://www.17k.com/book/2811930.html", "http://www.17k.com/book/2815548.html", "http://www.17k.com/book/2819620.html", "http://www.17k.com/book/2809964.html", "http://www.17k.com/book/2808200.html", "http://www.17k.com/book/2820100.html", "http://www.17k.com/book/2822978.html", "http://www.17k.com/book/2804337.html", "http://www.17k.com/book/2798814.html", "http://www.17k.com/book/2785153.html", "http://www.17k.com/book/2731559.html", "http://www.17k.com/book/2722533.html", "http://www.17k.com/book/2458377.html", "http://www.17k.com/book/2743300.html", "http://www.17k.com/book/973809.html", "http://www.17k.com/book/2651367.html", "http://www.17k.com/book/2726194.html", "http://www.17k.com/book/2790214.html", "http://www.17k.com/book/493239.html", "http://www.17k.com/book/108821.html", "http://www.17k.com/book/1398783.html", "http://www.17k.com/book/83528.html", "http://www.17k.com/book/1859126.html", "http://www.17k.com/book/1741975.html", "http://www.17k.com/book/192453.html", "http://www.17k.com/book/2459058.html", "http://www.17k.com/book/1050747.html", "http://www.17k.com/book/2700315.html", "http://www.17k.com/book/2818940.html", "http://www.17k.com/book/2819519.html", "http://www.17k.com/book/2816390.html", "http://www.17k.com/book/2819588.html", "http://www.17k.com/book/2813768.html", "http://www.17k.com/book/2822406.html", "http://www.17k.com/book/2772164.html", "http://www.17k.com/book/2784023.html", "http://www.17k.com/book/2811877.html", "http://www.17k.com/book/2809119.html", "http://www.17k.com/book/2803700.html", "http://www.17k.com/book/2819561.html", "http://www.17k.com/book/2746506.html", "http://www.17k.com/book/2811836.html", "http://www.17k.com/book/2614810.html", "http://www.17k.com/book/1592435.html", "http://www.17k.com/book/1949748.html", "http://www.17k.com/book/2265802.html", "http://www.17k.com/book/2743240.html", "http://www.17k.com/book/2657437.html", "http://www.17k.com/book/2644502.html", "http://www.17k.com/book/2199900.html", "http://www.17k.com/book/2725436.html", "http://www.17k.com/book/2629978.html"]}