{"ratings": -1, "userreviews": [{"userName": "\u4e09\u6761\u5bb6\u7684\u5c0f\u8ff7\u5f1f", "userReviewDate": "2018-06-03", "userURL": "http://user.17k.com/62475761", "userReview": "[\u6253\u8d4f]\u6211\u6253\u8d4f\u4e862\u5143\u7ea2\u5305\uff01\uff01"}, {"userName": "\u4e09\u6761\u5bb6\u7684\u5c0f\u8ff7\u5f1f", "userReviewDate": "2018-06-03", "userURL": "http://user.17k.com/62475761", "userReview": "\u633a\u4e0d\u9519\uff0c\u4f46\u522b\u5199\u592a\u591a\u7684\u5206\u6bb5"}, {"userName": "\u4e09\u6761\u5bb6\u7684\u5c0f\u8ff7\u5f1f", "userReviewDate": "2018-06-03", "userURL": "http://user.17k.com/62475761", "userReview": "\u4f5c\u8005\u52a0\u6cb9&#55357;&#56490;"}, {"userName": "\u739b\u4e3d\u82cf\u672c\u4eba", "userReviewDate": "2018-05-25", "userURL": "http://user.17k.com/61980751", "userReview": "\u6ca1\u4eba\u5417\uff1f\u597d\u902e&nbsp;\u4e5f\u652f\u4e00\u58f0\u554a\uff0c\u8ba9\u6211\u77e5\u9053\u6709\u6d3b\u4eba\u5728\u770b\u554a\u3002qaq"}], "description": "\u4eba\u7c7b\uff0c\u4f60\u4eec\u53ef\u771f\u522b\u626d", "title": "\u4eba\u7c7b\u554a\u4f60\u4eec\u771f\u522b\u626d", "url": "http://www.17k.com/book/2827882.html", "average": -1.0, "cover": "http://img.17k.com/images/bookcover/default_cover2.jpg", "reviews": 73, "authors": [{"url": "http://www.17k.com/zuozhe/61980751", "name": "\u5931\u8bcd\u65e7\u68a6"}], "type": ["\u53e6\u7c7b\u89c6\u89d2"], "outlinks": ["http://www.17k.com/book/2794982.html", "http://www.17k.com/book/2801292.html", "http://www.17k.com/book/2816318.html", "http://www.17k.com/book/2797575.html", "http://www.17k.com/book/2802516.html", "http://www.17k.com/book/2812195.html", "http://www.17k.com/book/2820143.html", "http://www.17k.com/book/2807943.html", "http://www.17k.com/book/2813457.html", "http://www.17k.com/book/2798058.html", "http://www.17k.com/book/2815617.html", "http://www.17k.com/book/2805259.html", "http://www.17k.com/book/2760255.html", "http://www.17k.com/book/2686894.html", "http://www.17k.com/book/2797016.html", "http://www.17k.com/book/2767246.html", "http://www.17k.com/book/2764239.html", "http://www.17k.com/book/2754498.html", "http://www.17k.com/book/2754900.html", "http://www.17k.com/book/2625740.html", "http://www.17k.com/book/2213315.html", "http://www.17k.com/book/2402178.html", "http://www.17k.com/book/2691221.html", "http://www.17k.com/book/2210699.html", "http://www.17k.com/book/1797752.html", "http://www.17k.com/book/2575507.html", "http://www.17k.com/book/2705181.html", "http://www.17k.com/book/2702539.html", "http://www.17k.com/book/2474887.html", "http://www.17k.com/book/2674733.html", "http://www.17k.com/book/2822076.html", "http://www.17k.com/book/2809894.html", "http://www.17k.com/book/2822077.html", "http://www.17k.com/book/2811930.html", "http://www.17k.com/book/2815548.html", "http://www.17k.com/book/2819620.html", "http://www.17k.com/book/2809964.html", "http://www.17k.com/book/2808200.html", "http://www.17k.com/book/2820100.html", "http://www.17k.com/book/2822978.html", "http://www.17k.com/book/2804337.html", "http://www.17k.com/book/2798814.html", "http://www.17k.com/book/2785153.html", "http://www.17k.com/book/2731559.html", "http://www.17k.com/book/2722533.html", "http://www.17k.com/book/2458377.html", "http://www.17k.com/book/2743300.html", "http://www.17k.com/book/973809.html", "http://www.17k.com/book/2651367.html", "http://www.17k.com/book/2726194.html", "http://www.17k.com/book/2790214.html", "http://www.17k.com/book/493239.html", "http://www.17k.com/book/108821.html", "http://www.17k.com/book/1398783.html", "http://www.17k.com/book/83528.html", "http://www.17k.com/book/1859126.html", "http://www.17k.com/book/1741975.html", "http://www.17k.com/book/192453.html", "http://www.17k.com/book/2459058.html", "http://www.17k.com/book/1050747.html", "http://www.17k.com/book/2700315.html", "http://www.17k.com/book/2818940.html", "http://www.17k.com/book/2819519.html", "http://www.17k.com/book/2816390.html", "http://www.17k.com/book/2819588.html", "http://www.17k.com/book/2813768.html", "http://www.17k.com/book/2822406.html", "http://www.17k.com/book/2772164.html", "http://www.17k.com/book/2784023.html", "http://www.17k.com/book/2811877.html", "http://www.17k.com/book/2809119.html", "http://www.17k.com/book/2803700.html", "http://www.17k.com/book/2819561.html", "http://www.17k.com/book/2746506.html", "http://www.17k.com/book/2811836.html", "http://www.17k.com/book/2614810.html", "http://www.17k.com/book/1592435.html", "http://www.17k.com/book/1949748.html", "http://www.17k.com/book/2265802.html", "http://www.17k.com/book/2743240.html", "http://www.17k.com/book/2657437.html", "http://www.17k.com/book/2644502.html", "http://www.17k.com/book/2199900.html", "http://www.17k.com/book/2725436.html", "http://www.17k.com/book/2629978.html"]}