{"ratings": -1, "userreviews": [], "description": "\u53e4\u65f6\u664b\u57ce\u6709\u5ea7\u5c71\u540d\u5524\u7075\u72d0\u5c71\uff0c\u987e\u540d\u601d\u4e49\u8fd9\u5c71\u4e0a\u4f4f\u7684\u5c31\u662f\u72d0\u72f8\uff0c\u5b83\u4eec\u7ecf\u8fc7\u4fee\u70bc\u5e7b\u5316\u6210\u4eba\u5f62\uff0c\u4e0e\u4e16\u65e0\u4e89\u7684\u8fc7\u7740\u900d\u9065\u81ea\u5728\u7684\u65e5\u5b50\uff0c\u3000\u3000\u53ea\u6709\u4e5d\u5c3e\u72d0\u80fd\u638c\u7ba1\u8fd9\u7075\u5c71\u72d0\u65cf\uff0c\u7136\u800c\u9664\u4e86\u72d0\u738b\u8fd9\u7075\u72d0\u5c71\u518d\u6ca1\u6709\u4e5d\u5c3e\u72d0\uff0c\u540e\u6765\u72d0\u738b\u592b\u5987\u8bde\u4e0b\u4e00\u513f\u4e00\u5973\uff0c\u7075\u72d0\u5c71\u53c8\u591a\u4e86\u4e24\u53ea\u53ef\u7231\u7684\u4e5d\u5c3e\u72d0\u3002\u3000\u3000\u76f4\u5230\u6709\u4e00\u65e5\u4eba\u7c7b\u6765\u88ad\u6253\u7834\u8fd9\u539f\u672c\u7965\u548c\u5bb6\u56ed\u3002\u539f\u662f\u7687\u4e0a\u547d\u6349\u5996\u5e08\u6765\u5230\u7075\u72d0\u5c71\u5927\u4e8b\u8650\u6740\uff0c\u6574\u4e2a\u72d0\u65cf\u751f\u7075\u6d82\u70ad\u3002\u3000\u3000\u72d0\u738b\u513f\u5973\u9003\u5230\u5c71\u4e0b\u6361\u56de\u4e00\u547d\uff0c\u513f\u5b50\u53d1\u8a93\u5fc5\u8981\u62a5\u4ec7\u96ea\u6068\u3002\u3000\u3000\u72d0\u5973\u6765\u5230\u4eac\u57ce\u8fdb\u5165\u7687\u5bab\u5bfb\u627e\u54e5\u54e5\u4f1a\u53d1\u751f\u600e\u4e48\u6837\u7684\u4e8b\u60c5\u5462\uff1f", "title": "\u4eba\u72d0\u5947\u604b", "url": "http://www.17k.com/book/2834916.html", "average": -1.0, "cover": "http://img.17k.com/images/bookcover/default_cover.jpg", "reviews": 28, "authors": [{"url": "http://www.17k.com/zuozhe/42331199", "name": "\u5446\u840c\u6709\u53ea\u732b"}], "type": ["\u5bb6\u5b85\u6069\u6028"], "outlinks": ["http://www.17k.com/book/2794982.html", "http://www.17k.com/book/2801292.html", "http://www.17k.com/book/2816318.html", "http://www.17k.com/book/2797575.html", "http://www.17k.com/book/2802516.html", "http://www.17k.com/book/2812195.html", "http://www.17k.com/book/2820143.html", "http://www.17k.com/book/2807943.html", "http://www.17k.com/book/2813457.html", "http://www.17k.com/book/2798058.html", "http://www.17k.com/book/2815617.html", "http://www.17k.com/book/2805259.html", "http://www.17k.com/book/2760255.html", "http://www.17k.com/book/2686894.html", "http://www.17k.com/book/2797016.html", "http://www.17k.com/book/2767246.html", "http://www.17k.com/book/2764239.html", "http://www.17k.com/book/2754498.html", "http://www.17k.com/book/2754900.html", "http://www.17k.com/book/2625740.html", "http://www.17k.com/book/2213315.html", "http://www.17k.com/book/2402178.html", "http://www.17k.com/book/2691221.html", "http://www.17k.com/book/2210699.html", "http://www.17k.com/book/1797752.html", "http://www.17k.com/book/2575507.html", "http://www.17k.com/book/2705181.html", "http://www.17k.com/book/2702539.html", "http://www.17k.com/book/2474887.html", "http://www.17k.com/book/2674733.html", "http://www.17k.com/book/2822076.html", "http://www.17k.com/book/2809894.html", "http://www.17k.com/book/2822077.html", "http://www.17k.com/book/2811930.html", "http://www.17k.com/book/2815548.html", "http://www.17k.com/book/2819620.html", "http://www.17k.com/book/2809964.html", "http://www.17k.com/book/2808200.html", "http://www.17k.com/book/2820100.html", "http://www.17k.com/book/2822978.html", "http://www.17k.com/book/2804337.html", "http://www.17k.com/book/2798814.html", "http://www.17k.com/book/2785153.html", "http://www.17k.com/book/2731559.html", "http://www.17k.com/book/2722533.html", "http://www.17k.com/book/2458377.html", "http://www.17k.com/book/2743300.html", "http://www.17k.com/book/973809.html", "http://www.17k.com/book/2651367.html", "http://www.17k.com/book/2726194.html", "http://www.17k.com/book/2790214.html", "http://www.17k.com/book/493239.html", "http://www.17k.com/book/108821.html", "http://www.17k.com/book/1398783.html", "http://www.17k.com/book/83528.html", "http://www.17k.com/book/1859126.html", "http://www.17k.com/book/1741975.html", "http://www.17k.com/book/192453.html", "http://www.17k.com/book/2459058.html", "http://www.17k.com/book/1050747.html", "http://www.17k.com/book/2700315.html", "http://www.17k.com/book/2818940.html", "http://www.17k.com/book/2819519.html", "http://www.17k.com/book/2816390.html", "http://www.17k.com/book/2819588.html", "http://www.17k.com/book/2813768.html", "http://www.17k.com/book/2822406.html", "http://www.17k.com/book/2772164.html", "http://www.17k.com/book/2784023.html", "http://www.17k.com/book/2811877.html", "http://www.17k.com/book/2809119.html", "http://www.17k.com/book/2803700.html", "http://www.17k.com/book/2819561.html", "http://www.17k.com/book/2746506.html", "http://www.17k.com/book/2811836.html", "http://www.17k.com/book/2614810.html", "http://www.17k.com/book/1592435.html", "http://www.17k.com/book/1949748.html", "http://www.17k.com/book/2265802.html", "http://www.17k.com/book/2743240.html", "http://www.17k.com/book/2657437.html", "http://www.17k.com/book/2644502.html", "http://www.17k.com/book/2199900.html", "http://www.17k.com/book/2725436.html", "http://www.17k.com/book/2629978.html"]}