{"ratings": -1, "userreviews": [{"userName": "\u7687\u65cf\u6700\u5e05", "userReviewDate": "2018-05-28", "userURL": "http://user.17k.com/62266790", "userReview": "[\u6253\u8d4f]\u6211\u6253\u8d4f\u4e861000\u5143\u7ea2\u5305\uff01\uff01"}, {"userName": "17K\u4e66\u53cbp15a4fcl", "userReviewDate": "2018-05-28", "userURL": "http://user.17k.com/62263004", "userReview": "[\u6253\u8d4f]\u6211\u6253\u8d4f\u4e861\u4e2a'\u840c\u840c\u54d2'\uff01\uff01"}, {"userName": "\u6c6a\u80d6\u80d6612", "userReviewDate": "2018-05-28", "userURL": "http://user.17k.com/42726707", "userReview": "[\u6253\u8d4f]\u6211\u6253\u8d4f\u4e861\u4e2a'\u840c\u840c\u54d2'\uff01\uff01"}, {"userName": "\u56e9 \u98db \u63da", "userReviewDate": "2018-05-23", "userURL": "http://user.17k.com/48107740", "userReview": "[\u6253\u8d4f]\u6211\u6253\u8d4f\u4e865000\u5143\u7ea2\u5305\uff01\uff01"}, {"userName": "\u65b0\u65f6\u4ee3\u5143\u7d20", "userReviewDate": "2018-05-23", "userURL": "http://user.17k.com/61145049", "userReview": "[\u6253\u8d4f]\u6211\u6253\u8d4f\u4e8616000\u5143\u7ea2\u5305\uff01\uff01"}, {"userName": "\u54af\u5728\u5bb6\u91cc", "userReviewDate": "2018-06-08", "userURL": "http://user.17k.com/62634899", "userReview": "\u770b\u556a\u556a\u9ec4\u8272\u7535\u5f71\u52a0\u5fae\u4fe1k07334"}, {"userName": "\u6653\u6770\u4e0a\u6821", "userReviewDate": "2018-06-08", "userURL": "http://user.17k.com/62211655", "userReview": "\u5fc3\u8bda\u65b9\u5411\u300b@\u7b28\u5c0f\u5b69\u55ef\u5199\u7684\uff0c\u559c\u6b22\u5e7d\u9ed8/\u723d\u6587\u7684\u670b\u53cb\u53ef\u4ee5\u6765\u770b\u770b\uff0c\u65b0\u4eba\u65b0\u4e66\u3002\u300a"}, {"userName": "17k\u4e66\u53cbxh5l767lp", "userReviewDate": "2018-06-08", "userURL": "http://user.17k.com/62268290", "userReview": "\u5f88\u597d\u5f88\u597d\u5f88\u597d"}, {"userName": "17k\u4e66\u53cbxh5l767lp", "userReviewDate": "2018-06-08", "userURL": "http://user.17k.com/62268290", "userReview": "\u5f88\u597d\u5f88\u597d\u5f88\u597d"}, {"userName": "\u8054\u5fb7\u7ba1\u4e1a", "userReviewDate": "2018-06-08", "userURL": "http://user.17k.com/52050614", "userReview": "\u66f4\u65b0\u66f4\u65b0\u66f4\u65b0\u66f4\u65b0\u66f4\u65b0"}, {"userName": "17k\u4e66\u53cbxh5l767lp", "userReviewDate": "2018-06-08", "userURL": "http://user.17k.com/62268290", "userReview": "\u5f88\u597d\u5f88\u597d\u5f88\u597d"}, {"userName": "17k\u4e66\u53cbxh5l767lp", "userReviewDate": "2018-06-08", "userURL": "http://user.17k.com/62268290", "userReview": "\u5f88\u597d\u5f88\u597d\u5f88\u597d"}, {"userName": "\u602a\u4e56\u6377", "userReviewDate": "2018-06-08", "userURL": "http://user.17k.com/3299675", "userReview": "\u4f5c\u8005\u52a0\u6cb9\u5427"}, {"userName": "zcjlys", "userReviewDate": "2018-06-08", "userURL": "http://user.17k.com/47858879", "userReview": "\u671f\u5f85\u4eca\u5929\u7684\u66f4\u65b0"}, {"userName": "\u4e91\u5377\u4e91\u8212 \uc7a5\uc6b4\uc11c", "userReviewDate": "2018-06-08", "userURL": "http://user.17k.com/48040679", "userReview": "\u671f\u5f85\u4eca\u5929\u7684\u66f4\u65b0"}, {"userName": "\u5411\u5357\u98de\u7684\u7fa4\u96c1645263964", "userReviewDate": "2018-06-07", "userURL": "http://user.17k.com/58595538", "userReview": "&#55357;&#56835;&#55357;&#56835;&#55357;&#56835;"}, {"userName": "\u5411\u5357\u98de\u7684\u7fa4\u96c1645263964", "userReviewDate": "2018-06-07", "userURL": "http://user.17k.com/58595538", "userReview": "&#55357;&#56835;&#55357;&#56835;&#55357;&#56835;"}, {"userName": "\u53ea\u4e3a\u7687\u752b\u5947", "userReviewDate": "2018-06-07", "userURL": "http://user.17k.com/48468720", "userReview": "666666"}, {"userName": "\u6cf0\u4e50512687910", "userReviewDate": "2018-06-07", "userURL": "http://user.17k.com/55010749", "userReview": "\u9ad8\u8003\u4e86\u6ca1\u6709\u7206\u66f4\u5417\uff1f\uff1f\uff1f\uff1f"}, {"userName": "\u5f7c\u5cb8\u82b1063370071", "userReviewDate": "2018-06-07", "userURL": "http://user.17k.com/62595854", "userReview": "\u5feb\u70b9\u66f4\u65b0\u554a\uff0c\u5927\u795e"}], "description": "\u201c\u6211\u4e0d\u80fd\u628a\u8fd9\u4e2a\u4e16\u754c\uff0c\u8ba9\u7ed9\u6211\u6240\u9119\u89c6\u7684\u4eba\uff01\u201d\u3000\u3000\u6240\u4ee5\uff0c\u738b\u51b2\u8e29\u7740\u67af\u9aa8\u8840\u6d77\uff0c\u8e0f\u4e0a\u4eba\u7687\u5b9d\u5ea7\uff0c\u633d\u72c2\u6f9c\u4e8e\u65e2\u5012\uff0c\u6276\u5927\u53a6\u4e4b\u5c06\u503e\uff0c\u6210\u5c31\u4e86\u4e00\u6bb5\u65e0\u4e0a\u7684\u4f20\u8bf4\uff01\u3000\u3000\u5fae\u4fe1\u516c\u4f17\u53f7\uff1a\u7687\u752b\u5947\uff08\u5fae\u4fe1\u53f7\uff1ahuangfuqi1985\uff09\u3000\u3000\u65b0\u6d6a\u5fae\u535a\uff1a\u7687\u752b\u5947\uff08\u5730\u5740\uff1ahttp://weibo.com/u/2528457587\uff09\u3000\u3000QQ\u4ea4\u6d41\u7fa4\uff1a320238210\u3010\u666e\u901a\u7fa4\u3011\u3000\u3000574501330\u3010VIP\u8ba2\u9605\u7fa4\u3011\u3000\u3000\u6b22\u8fce\u5927\u5bb6\u5173\u6ce8\u3002", "title": "\u4eba\u7687\u7eaa", "url": "http://www.17k.com/book/1859126.html", "average": -1.0, "cover": "http://img.17k.com/images/bookcover/2016/9295/46/1859126-1470225120000.jpg", "reviews": 1041478085, "authors": [{"url": "http://www.17k.com/zuozhe/46477073", "name": "\u7687\u752b\u5947"}], "type": ["\u4e1c\u65b9\u7384\u5e7b"], "outlinks": ["http://www.17k.com/book/2794982.html", "http://www.17k.com/book/2801292.html", "http://www.17k.com/book/2816318.html", "http://www.17k.com/book/2797575.html", "http://www.17k.com/book/2802516.html", "http://www.17k.com/book/2812195.html", "http://www.17k.com/book/2820143.html", "http://www.17k.com/book/2807943.html", "http://www.17k.com/book/2813457.html", "http://www.17k.com/book/2798058.html", "http://www.17k.com/book/2815617.html", "http://www.17k.com/book/2805259.html", "http://www.17k.com/book/2760255.html", "http://www.17k.com/book/2686894.html", "http://www.17k.com/book/2797016.html", "http://www.17k.com/book/2767246.html", "http://www.17k.com/book/2764239.html", "http://www.17k.com/book/2754498.html", "http://www.17k.com/book/2754900.html", "http://www.17k.com/book/2625740.html", "http://www.17k.com/book/2213315.html", "http://www.17k.com/book/2402178.html", "http://www.17k.com/book/2691221.html", "http://www.17k.com/book/2210699.html", "http://www.17k.com/book/1797752.html", "http://www.17k.com/book/2575507.html", "http://www.17k.com/book/2705181.html", "http://www.17k.com/book/2702539.html", "http://www.17k.com/book/2474887.html", "http://www.17k.com/book/2674733.html", "http://www.17k.com/book/2822076.html", "http://www.17k.com/book/2809894.html", "http://www.17k.com/book/2822077.html", "http://www.17k.com/book/2811930.html", "http://www.17k.com/book/2815548.html", "http://www.17k.com/book/2819620.html", "http://www.17k.com/book/2809964.html", "http://www.17k.com/book/2808200.html", "http://www.17k.com/book/2820100.html", "http://www.17k.com/book/2822978.html", "http://www.17k.com/book/2804337.html", "http://www.17k.com/book/2798814.html", "http://www.17k.com/book/2785153.html", "http://www.17k.com/book/2731559.html", "http://www.17k.com/book/2722533.html", "http://www.17k.com/book/2458377.html", "http://www.17k.com/book/2743300.html", "http://www.17k.com/book/973809.html", "http://www.17k.com/book/2651367.html", "http://www.17k.com/book/2726194.html", "http://www.17k.com/book/2790214.html", "http://www.17k.com/book/493239.html", "http://www.17k.com/book/108821.html", "http://www.17k.com/book/1398783.html", "http://www.17k.com/book/83528.html", "http://www.17k.com/book/1859126.html", "http://www.17k.com/book/1741975.html", "http://www.17k.com/book/192453.html", "http://www.17k.com/book/2459058.html", "http://www.17k.com/book/1050747.html", "http://www.17k.com/book/2700315.html", "http://www.17k.com/book/2818940.html", "http://www.17k.com/book/2819519.html", "http://www.17k.com/book/2816390.html", "http://www.17k.com/book/2819588.html", "http://www.17k.com/book/2813768.html", "http://www.17k.com/book/2822406.html", "http://www.17k.com/book/2772164.html", "http://www.17k.com/book/2784023.html", "http://www.17k.com/book/2811877.html", "http://www.17k.com/book/2809119.html", "http://www.17k.com/book/2803700.html", "http://www.17k.com/book/2819561.html", "http://www.17k.com/book/2746506.html", "http://www.17k.com/book/2811836.html", "http://www.17k.com/book/2614810.html", "http://www.17k.com/book/1592435.html", "http://www.17k.com/book/1949748.html", "http://www.17k.com/book/2265802.html", "http://www.17k.com/book/2743240.html", "http://www.17k.com/book/2657437.html", "http://www.17k.com/book/2644502.html", "http://www.17k.com/book/2199900.html", "http://www.17k.com/book/2725436.html", "http://www.17k.com/book/2629978.html"]}