{"ratings": -1, "userreviews": [], "description": "31\u5c81\u7684\u672a\u5a5a\u5973\u9752\u5e74\u6d1b\u53ef\u53ef\u5728\u95fa\u871c\u7684\u5a5a\u793c\u4e0a\u5927\u9189\uff0c\u88ab\u95fa\u871c\u7684\u5802\u5f1f\u5353\u8fdc\u9001\u56de\u5bb6\uff0c\u5e76\u4e0a\u6f14\u4e86\u4e00\u6bb5\u9152\u540e\u4e71\u6027\u672a\u9042\u7684\u620f\u7801\u3002\u5353\u8fdc\u5c06\u81ea\u5df1\u5bf9\u6d1b\u53ef\u53ef\u7684\u5728\u610f\u5f52\u548e\u4e8e\u53ef\u601c\u5979\u6ca1\u4eba\u7231\uff0c\u4e8e\u662f\u51b3\u5b9a\u5e2e\u52a9\u5979\u5bfb\u627e\u5230\u5982\u610f\u90ce\u541b\uff0c\u5e76\u5e26\u5979\u6765\u5230\u4e86\u4e00\u4e2a\u76f8\u4eb2\u7684\u8054\u8c0a\u4f1a\u573a\u3002\u6d1b\u53ef\u53ef\u5c31\u662f\u5728\u8fd9\u91cc\u9047\u5230\u4e86\u5979\u7b2c\u4e00\u4e2a\u7537\u670b\u53cb\u5f90\u6cfd\u51ef\uff0c\u5e76\u8fc5\u901f\u4e0e\u4ed6\u53d1\u5c55\u6210\u60c5\u4fa3\u5173\u7cfb\u3002\u5353\u8fdc\u867d\u7136\u8ba8\u538c\u5f90\u6cfd\u51ef\uff0c\u4f46\u788d\u4e8e\u6d1b\u53ef\u53ef\u559c\u6b22\u4ed6\uff0c\u6240\u4ee5\u5c31\u4e3a\u53ef\u53ef\u5145\u5f53\u7231\u60c5\u987e\u95ee\uff0c\u5e2e\u5979\u4fd8\u83b7\u5f90\u6cfd\u51ef\u7684\u5fc3\u3002\u6d1b\u53ef\u53ef\u611f\u6fc0\u5353\u8fdc\u7684\u5e2e\u52a9\uff0c\u540c\u65f6\u610f\u5916\u5730\u53d1\u73b0\u81ea\u5df1\u5bf9\u5353\u8fdc\u4ea7\u751f\u4e86\u4e0d\u8be5\u6709\u7684\u60c5\u612b\u3002\u7136\u800c\u5bf9\u5a5a\u59fb\u907f\u5982\u86c7\u874e\u7684\u5f90\u6cfd\u51ef\u548c\u60f3\u8981\u6b65\u5165\u5a5a\u59fb\u6bbf\u5802\u7684\u6d1b\u53ef\u53ef\u5728\u672c\u8d28\u4e0a\u5c31\u51fa\u73b0\u5f88\u5927\u7684\u5206\u6b67\uff0c\u56e0\u6b64\uff0c\u5728\u4e24\u4eba\u77ed\u6682\u7684\u4ea4\u5f80\u4e86\u4e00\u6bb5\u65f6\u95f4\u540e\uff0c\u4ecd\u662f\u4ee5\u5206\u624b\u544a\u7ec8\u3002\u3000\u3000\u5931\u604b\u540e\u7684\u6d1b\u53ef\u53ef\u4e0e\u53f6\u9e3f\u4f1f\u8c08\u8d77\u4e86\u9690\u79d8\u7684\u529e\u516c\u5ba4\u604b\u7231\uff0c\u5374\u60f3\u4e0d\u5230\u4ed6\u7adf\u662f\u6709\u5987\u4e4b\u592b\uff0c\u76f4\u81f3\u53f6\u9e3f\u4f1f\u7684\u59bb\u5b50\u5230\u516c\u53f8\u5927\u95f9\uff0c\u6d1b\u53ef\u53ef\u624d\u60ca\u89c9\u81ea\u5df1\u7adf\u7136\u201c\u88ab\u5c0f\u4e09\u201d\u4e86\u3002\u767e\u53e3\u83ab\u8fa9\u7684\u5979\u80cc\u4e0a\u201c\u5c0f\u4e09\u201d\u6076\u540d\uff0c\u88ab\u8feb\u8f9e\u804c\u3002\u8f9e\u804c\u540e\u95f2\u7740\u65e0\u804a\u7684\u6d1b\u53ef\u53ef\u63a5\u53d7Simon\u7684\u9080\u8bf7\u5230\u9152\u5427\u6253\u5de5\uff0c\u4e0e\u5353\u8fdc\u6210\u4e3a\u540c\u4e8b\uff0c\u57cb\u85cf\u5728\u4e24\u4eba\u5fc3\u5e95\u7684\u7231\u706b\u590d\u71c3\u3002\u7136\u800c\u73b0\u5b9e\u7684\u5dee\u8ddd\u4f7f\u5f97\u53ef\u53ef\u548c\u5353\u8fdc\u7684\u7231\u60c5\u5e76\u4e0d\u987a\u5229\uff0c\u5353\u8fdc\u7684\u79cd\u79cd\u77db\u76fe\u81f4\u4f7f\u4ed6\u6700\u7ec8\u5411\u53ef\u53ef\u63d0\u51fa\u5206\u624b\u3002\u518d\u6b21\u5931\u604b\u540e\u7684\u53ef\u53ef\uff0c\u72ec\u81ea\u8e0f\u4e0a\u53bb\u5f80\u897f\u85cf\u7684\u65c5\u7a0b\u3002\u800c\u5353\u8fdc\u5728\u5931\u53bb\u4e86\u53ef\u53ef\u4e4b\u540e\uff0c\u624d\u5e61\u7136\u9192\u609f\uff0c\u6bc5\u7136\u524d\u5f80\u897f\u85cf\u53bb\u8ffd\u9010\u53ef\u53ef\uff0c\u5386\u7ecf\u4e86\u5404\u79cd\u9634\u5dee\u9633\u9519\u540e\uff0c\u5353\u8fdc\u627e\u5230\u4e86\u53ef\u53ef\uff0c\u4e24\u4eba\u7684\u7231\u60c5\u4e5f\u7ec8\u4e8e\u5f00\u82b1\u7ed3\u679c\u3002", "title": "\u4eba\u751f\u6700\u7f8e\u597d\u7684\u9047\u89c1", "url": "http://www.17k.com/book/2700701.html", "average": -1.0, "cover": "http://img.17k.com/images/bookcover/partner/7/1/2700701/2700701.jpg", "reviews": 2191, "authors": [{"url": "http://www.17k.com/zuozhe/56805906", "name": "\u76c8\u98ce"}], "type": ["\u5b85\u7cfb\u5c0f\u8bf4"], "outlinks": ["http://www.17k.com/book/2794982.html", "http://www.17k.com/book/2801292.html", "http://www.17k.com/book/2816318.html", "http://www.17k.com/book/2797575.html", "http://www.17k.com/book/2802516.html", "http://www.17k.com/book/2812195.html", "http://www.17k.com/book/2820143.html", "http://www.17k.com/book/2807943.html", "http://www.17k.com/book/2813457.html", "http://www.17k.com/book/2798058.html", "http://www.17k.com/book/2815617.html", "http://www.17k.com/book/2805259.html", "http://www.17k.com/book/2760255.html", "http://www.17k.com/book/2686894.html", "http://www.17k.com/book/2797016.html", "http://www.17k.com/book/2767246.html", "http://www.17k.com/book/2764239.html", "http://www.17k.com/book/2754498.html", "http://www.17k.com/book/2754900.html", "http://www.17k.com/book/2625740.html", "http://www.17k.com/book/2213315.html", "http://www.17k.com/book/2402178.html", "http://www.17k.com/book/2691221.html", "http://www.17k.com/book/2210699.html", "http://www.17k.com/book/1797752.html", "http://www.17k.com/book/2575507.html", "http://www.17k.com/book/2705181.html", "http://www.17k.com/book/2702539.html", "http://www.17k.com/book/2474887.html", "http://www.17k.com/book/2674733.html", "http://www.17k.com/book/2822076.html", "http://www.17k.com/book/2809894.html", "http://www.17k.com/book/2822077.html", "http://www.17k.com/book/2811930.html", "http://www.17k.com/book/2815548.html", "http://www.17k.com/book/2819620.html", "http://www.17k.com/book/2809964.html", "http://www.17k.com/book/2808200.html", "http://www.17k.com/book/2820100.html", "http://www.17k.com/book/2822978.html", "http://www.17k.com/book/2804337.html", "http://www.17k.com/book/2798814.html", "http://www.17k.com/book/2785153.html", "http://www.17k.com/book/2731559.html", "http://www.17k.com/book/2722533.html", "http://www.17k.com/book/2458377.html", "http://www.17k.com/book/2743300.html", "http://www.17k.com/book/973809.html", "http://www.17k.com/book/2651367.html", "http://www.17k.com/book/2726194.html", "http://www.17k.com/book/2790214.html", "http://www.17k.com/book/493239.html", "http://www.17k.com/book/108821.html", "http://www.17k.com/book/1398783.html", "http://www.17k.com/book/83528.html", "http://www.17k.com/book/1859126.html", "http://www.17k.com/book/1741975.html", "http://www.17k.com/book/192453.html", "http://www.17k.com/book/2459058.html", "http://www.17k.com/book/1050747.html", "http://www.17k.com/book/2700315.html", "http://www.17k.com/book/2818940.html", "http://www.17k.com/book/2819519.html", "http://www.17k.com/book/2816390.html", "http://www.17k.com/book/2819588.html", "http://www.17k.com/book/2813768.html", "http://www.17k.com/book/2822406.html", "http://www.17k.com/book/2772164.html", "http://www.17k.com/book/2784023.html", "http://www.17k.com/book/2811877.html", "http://www.17k.com/book/2809119.html", "http://www.17k.com/book/2803700.html", "http://www.17k.com/book/2819561.html", "http://www.17k.com/book/2746506.html", "http://www.17k.com/book/2811836.html", "http://www.17k.com/book/2614810.html", "http://www.17k.com/book/1592435.html", "http://www.17k.com/book/1949748.html", "http://www.17k.com/book/2265802.html", "http://www.17k.com/book/2743240.html", "http://www.17k.com/book/2657437.html", "http://www.17k.com/book/2644502.html", "http://www.17k.com/book/2199900.html", "http://www.17k.com/book/2725436.html", "http://www.17k.com/book/2629978.html"]}