{"ratings": -1, "userreviews": [{"userName": "\u98de\u9c7c112826059", "userReviewDate": "2018-05-11", "userURL": "http://user.17k.com/61669376", "userReview": "[\u6253\u8d4f]\u6211\u6253\u8d4f\u4e8618\u5143\u7ea2\u5305\uff01\uff01"}, {"userName": "\u98de\u9c7c112826059", "userReviewDate": "2018-05-11", "userURL": "http://user.17k.com/61669376", "userReview": "[\u6253\u8d4f]\u6211\u6253\u8d4f\u4e8688\u5143\u7ea2\u5305\uff01\uff01"}, {"userName": "\u98de\u9c7c112826059", "userReviewDate": "2018-05-11", "userURL": "http://user.17k.com/61669376", "userReview": "[\u6253\u8d4f]\u6211\u6253\u8d4f\u4e868\u5143\u7ea2\u5305\uff01\uff01"}, {"userName": "\ue030421080402", "userReviewDate": "2018-05-11", "userURL": "http://user.17k.com/61664701", "userReview": "[\u6253\u8d4f]\u6211\u6253\u8d4f\u4e868\u5143\u7ea2\u5305\uff01\uff01"}, {"userName": "\u96f6\u679c\u679c", "userReviewDate": "2018-05-11", "userURL": "http://user.17k.com/61665715", "userReview": "[\u6253\u8d4f]\u6211\u6253\u8d4f\u4e862\u5143\u7ea2\u5305\uff01\uff01"}, {"userName": "\u83b2\u83b2359619755", "userReviewDate": "2018-05-11", "userURL": "http://user.17k.com/61664361", "userReview": "[\u6253\u8d4f]\u6211\u6253\u8d4f\u4e862\u5143\u7ea2\u5305\uff01\uff01"}, {"userName": "\u661f\u591c\u65e0\u75d5727313548", "userReviewDate": "2018-05-11", "userURL": "http://user.17k.com/61660140", "userReview": "[\u6253\u8d4f]\u6211\u6253\u8d4f\u4e862\u5143\u7ea2\u5305\uff01\uff01"}, {"userName": "\u5e78\u798f\u4e00\u5bb6\u4eba894700103", "userReviewDate": "2018-05-11", "userURL": "http://user.17k.com/61658111", "userReview": "[\u6253\u8d4f]\u6211\u6253\u8d4f\u4e862\u5143\u7ea2\u5305\uff01\uff01"}, {"userName": "\u4e25\u5fc5\u6625", "userReviewDate": "2018-05-10", "userURL": "http://user.17k.com/61658993", "userReview": "[\u6253\u8d4f]\u6211\u6253\u8d4f\u4e868\u5143\u7ea2\u5305\uff01\uff01"}, {"userName": "\u6052\u6cf0\u53a8\u5177\u4e25\u4e8e\u680b", "userReviewDate": "2018-05-10", "userURL": "http://user.17k.com/61658572", "userReview": "[\u6253\u8d4f]\u6211\u6253\u8d4f\u4e868\u5143\u7ea2\u5305\uff01\uff01"}, {"userName": "\u84dd\u5b9d\u77f3\u8868\u955c\u521b\u6b23\u949f\u8868\u914d\u4ef6", "userReviewDate": "2018-05-10", "userURL": "http://user.17k.com/61654543", "userReview": "[\u6253\u8d4f]\u6211\u6253\u8d4f\u4e8618\u5143\u7ea2\u5305\uff01\uff01"}, {"userName": "\u84dd\u5b9d\u77f3\u5510\u96ea\u82b1", "userReviewDate": "2018-05-10", "userURL": "http://user.17k.com/61654132", "userReview": "[\u6253\u8d4f]\u6211\u6253\u8d4f\u4e8688\u5143\u7ea2\u5305\uff01\uff01"}, {"userName": "\u677e\u67cf\u4e4b\u5fd7758606736", "userReviewDate": "2018-05-09", "userURL": "http://user.17k.com/61626531", "userReview": "[\u6253\u8d4f]\u6211\u6253\u8d4f\u4e868\u5143\u7ea2\u5305\uff01\uff01"}], "description": "\u82b1\u679d\u53d7\u971c\u65f6\uff0c\u591c\u54ed\u5c11\u4eba\u77e5.\u56db\u65b9\u98ce\u52a8\u8d77\uff0c\u52b3\u82e6\u8d39\u5fc3\u673a\u3002\u3000\u3000\u4e00\u4e2a\u7f6a\u6076\u7684\u5fc3\u7075\u514d\u4e0d\u4e86\u906d\u53d7\u88ab\u9b54\u9b3c\u6495\u626f\u2022\u566c\u56bc\u7684\u75db\u82e6\uff01\u3000\u3000\u4eba\u751f\u5728\u4e16\uff0c\u65e0\u5916\u4e4e\u7231\u60c5\u2022\u4e8b\u4e1a\uff0c\u5e74\u8f7b\u65f6\u4e3a\u4e86\u8fd9\u4e9b\u53ef\u4ee5\u4e0d\u987e\u4e00\u5207\u3002\u5230\u540e\u6765\u4e3a\u4e86\u4e8b\u4e1a\uff0c\u8fde\u7231\u60c5\u4e5f\u53ef\u4ee5\u51fa\u5356\uff0c\u6240\u8c13\u7231\u60c5\u53ef\u4ee5\u6210\u4e3a\u4e8b\u4e1a\u7684\u57ab\u811a\u77f3\u3002\u3000\u3000\u4e3a\u4e86\u722c\u4e0a\u4e8b\u4e1a\u7684\u9876\u7aef\uff0c\u4e3a\u4e86\u81ea\u5df1\u4eba\u751f\u7684\u8f89\u714c\uff0c\u4e0d\u60dc\u8fdd\u80cc\u81ea\u5df1\u7684\u826f\u5fc3\uff0c\u51fa\u5356\u81ea\u5df1\u7684\u7075\u9b42\u3002\u3000\u3000\u5230\u5934\u6765\uff0c\u4e0d\u8fc7\u4e00\u5207\u90fd\u662f\u4e00\u573a\u7a7a\u3002\u5929\u4e5f\u7a7a\uff0c\u5730\u4e5f\u7a7a\uff0c\u4eba\u751f\u6e3a\u6e3a\u5728\u5176\u4e2d\u3002", "title": "\u4eba\u9762\u517d\u8bed", "url": "http://www.17k.com/book/2822570.html", "average": -1.0, "cover": "http://img.17k.com/images/bookcover/default_cover1.jpg", "reviews": 1597, "authors": [{"url": "http://www.17k.com/zuozhe/61595140", "name": "\u4e66\u751f\u541b\u7b11"}], "type": ["\u5b98\u573a\u98ce\u4e91"], "outlinks": ["http://www.17k.com/book/2794982.html", "http://www.17k.com/book/2801292.html", "http://www.17k.com/book/2816318.html", "http://www.17k.com/book/2797575.html", "http://www.17k.com/book/2802516.html", "http://www.17k.com/book/2812195.html", "http://www.17k.com/book/2820143.html", "http://www.17k.com/book/2807943.html", "http://www.17k.com/book/2813457.html", "http://www.17k.com/book/2798058.html", "http://www.17k.com/book/2815617.html", "http://www.17k.com/book/2805259.html", "http://www.17k.com/book/2760255.html", "http://www.17k.com/book/2686894.html", "http://www.17k.com/book/2797016.html", "http://www.17k.com/book/2767246.html", "http://www.17k.com/book/2764239.html", "http://www.17k.com/book/2754498.html", "http://www.17k.com/book/2754900.html", "http://www.17k.com/book/2625740.html", "http://www.17k.com/book/2213315.html", "http://www.17k.com/book/2402178.html", "http://www.17k.com/book/2691221.html", "http://www.17k.com/book/2210699.html", "http://www.17k.com/book/1797752.html", "http://www.17k.com/book/2575507.html", "http://www.17k.com/book/2705181.html", "http://www.17k.com/book/2702539.html", "http://www.17k.com/book/2474887.html", "http://www.17k.com/book/2674733.html", "http://www.17k.com/book/2822076.html", "http://www.17k.com/book/2809894.html", "http://www.17k.com/book/2822077.html", "http://www.17k.com/book/2811930.html", "http://www.17k.com/book/2815548.html", "http://www.17k.com/book/2819620.html", "http://www.17k.com/book/2809964.html", "http://www.17k.com/book/2808200.html", "http://www.17k.com/book/2820100.html", "http://www.17k.com/book/2822978.html", "http://www.17k.com/book/2804337.html", "http://www.17k.com/book/2798814.html", "http://www.17k.com/book/2785153.html", "http://www.17k.com/book/2731559.html", "http://www.17k.com/book/2722533.html", "http://www.17k.com/book/2458377.html", "http://www.17k.com/book/2743300.html", "http://www.17k.com/book/973809.html", "http://www.17k.com/book/2651367.html", "http://www.17k.com/book/2726194.html", "http://www.17k.com/book/2790214.html", "http://www.17k.com/book/493239.html", "http://www.17k.com/book/108821.html", "http://www.17k.com/book/1398783.html", "http://www.17k.com/book/83528.html", "http://www.17k.com/book/1859126.html", "http://www.17k.com/book/1741975.html", "http://www.17k.com/book/192453.html", "http://www.17k.com/book/2459058.html", "http://www.17k.com/book/1050747.html", "http://www.17k.com/book/2700315.html", "http://www.17k.com/book/2818940.html", "http://www.17k.com/book/2819519.html", "http://www.17k.com/book/2816390.html", "http://www.17k.com/book/2819588.html", "http://www.17k.com/book/2813768.html", "http://www.17k.com/book/2822406.html", "http://www.17k.com/book/2772164.html", "http://www.17k.com/book/2784023.html", "http://www.17k.com/book/2811877.html", "http://www.17k.com/book/2809119.html", "http://www.17k.com/book/2803700.html", "http://www.17k.com/book/2819561.html", "http://www.17k.com/book/2746506.html", "http://www.17k.com/book/2811836.html", "http://www.17k.com/book/2614810.html", "http://www.17k.com/book/1592435.html", "http://www.17k.com/book/1949748.html", "http://www.17k.com/book/2265802.html", "http://www.17k.com/book/2743240.html", "http://www.17k.com/book/2657437.html", "http://www.17k.com/book/2644502.html", "http://www.17k.com/book/2199900.html", "http://www.17k.com/book/2725436.html", "http://www.17k.com/book/2629978.html"]}