{"ratings": -1, "userreviews": [{"userName": "\u82cd\u4e91\u4e36\u593a\u946b\u7b11", "userReviewDate": "2018-05-22", "userURL": "http://user.17k.com/61972240", "userReview": "\u7ed3\u5c40\u662f\u4ec0\u4e48\u554a"}, {"userName": "\u82cd\u4e91\u4e36\u593a\u946b\u7b11", "userReviewDate": "2018-05-21", "userURL": "http://user.17k.com/61972240", "userReview": "\u60f3\u77e5\u9053\u7ed3\u5c40\u662f\u4ec0\u4e48"}, {"userName": "\u9ad8\u632f\u5b87138993828", "userReviewDate": "2018-05-21", "userURL": "http://user.17k.com/62013372", "userReview": "\u5145\u94b1\u770b\u4e66\u8fd9\u8f88\u5b50\u90fd\u662f\u4e0d\u53ef\u80fd\u7684"}, {"userName": "\u82cd\u4e91\u4e36\u593a\u946b\u7b11", "userReviewDate": "2018-05-20", "userURL": "http://user.17k.com/61972240", "userReview": "\u6765\u7b7e\u5230\u55bd\uff1f"}, {"userName": "\u9526\u7ee3\u82b3\u83f2", "userReviewDate": "2018-04-10", "userURL": "http://user.17k.com/53849640", "userReview": "\u7b7e\u5230\u652f\u6301"}, {"userName": "A\u661f\u661f\u70b9\u706f", "userReviewDate": "2018-03-14", "userURL": "http://user.17k.com/55972875", "userReview": "2018\u63a8\u8350\u4e00\u672c\u597d\u770b\u7684\u4e66<a target='_blank' href='http://www.17k.com/book/2728167.html'>\u300a\u6211\u548c\u5996\u517d\u6709\u4e2a\u7ea6\u4f1a\u300b</a>\uff0c\u60ca\u9669\u523a\u6fc0\uff0c\u6d6a\u6f2b\u6ee1\u5c4b\uff0c\u70ed\u8840\u683c\u6597\uff0c\u751f\u6b7b\u7231\u604b\uff0c\u6696\u6627\u4e0d\u65ad\uff0c\u5929\u5929\u66f4\u65b0\uff0c\u8bf7\u591a\u5173\u7167\uff0c\u6765\u4e2a\u6536\u85cf\u554a!\uff0c\u70b9\u51fb\u4e66\u540d\u5c31\u53ef\u4ee5\u770b\u5230\u4e66\u4e86\u3002"}, {"userName": "\u5bc2\u5bde\u963f\u4e1c", "userReviewDate": "2018-03-14", "userURL": "http://user.17k.com/45287434", "userReview": "\u5e26<a target='_blank' href='http://www.17k.com/book/2792681.html'>\u300a\u5320\u6cd5\u300b</a>\u5320\u6cd5\u6765\u8bbf\u559c\u6b22\u7075\u5f02\u5c0f\u8bf4\u7684\u670b\u53cb\u53ef\u4ee5\u770b\u4e00\u4e0b"}, {"userName": "\u7231\u505a\u5669\u68a6\u7684\u732b", "userReviewDate": "2018-03-08", "userURL": "http://user.17k.com/59264987", "userReview": "\u7279\u522b\u4e0d\u9519\uff0c\u52a0\u6cb9"}, {"userName": "\u7b71\u7b71\u7b71\u7b71\u5f71", "userReviewDate": "2018-02-28", "userURL": "http://user.17k.com/49325577", "userReview": "<a target='_blank' href='http://www.17k.com/book/2670624.html'>\u300a\u7f6a\u7f5a\u56e0\u679c\u300b</a>\u6765\u8bbf"}, {"userName": "\u9694\u58c1\u8001\u9f9a", "userReviewDate": "2018-02-12", "userURL": "http://user.17k.com/55254170", "userReview": "<a target='_blank' href='http://www.17k.com/book/2510711.html'>\u300a\u6218\u4e89\u7684\u6b4c\u300b</a>\u4f5c\u8005\u6765\u8bbf\uff0c\u8fd9\u662f\u4e00\u4e2a\u672a\u6765\u7684\u6545\u4e8b\uff0c\u63cf\u5199\u7684\u662f\u4e00\u6bb5\u4f20\u5947\uff0c\u5e0c\u671b\u5927\u5bb6\u591a\u591a\u6367\u573a\uff0c\u8c22\u8c22"}, {"userName": "\u9ec4\u74dc\u7684\u5bbf\u547d", "userReviewDate": "2018-02-10", "userURL": "http://user.17k.com/53195742", "userReview": "<a target='_blank' href='http://www.17k.com/book/2377865.html'>\u300a\u81f3\u9738\u82cd\u751f\u8bc0\u300b</a>\u6765\u8bbf\uff0c\u6c42\u652f\u6301\u6c42\u6269\u6563\uff0c\u87f9\u87f9\u3002"}, {"userName": "\u7cd6\u9165\u6392\u9aa8", "userReviewDate": "2018-01-22", "userURL": "http://user.17k.com/32080401", "userReview": "\u4e00\u4e2a\u8be1\u5f02\u7684\u5305\u88b1\uff0c\u4e00\u573a\u573a\u65e0\u6b62\u5883\u7684\u5669\u68a6\uff0c\u7275\u626f\u51fa\u4e8c\u5341\u5e74\u524d\u7684\u4e00\u4e2a\u60ca\u5929\u79d8\u5bc6\uff0c\u795e\u79d8\u7684\u5deb\u65cf\u79bb\u5947\u6d88\u5931\uff0c\u68a6\u4e2d\u4e00\u6b21\u6b21\u7684\u91cd\u590d\u51fa\u73b0\u7684\u56fe\u6848\uff0c\u4e00\u6761\u6761\u6b8b\u635f\u7684\u7ebf\u7d22\u6c47\u6210\u4e00\u5f20\u8be1\u5f02\u7684\u5730\u56fe\u3002\u2014\u2014<a target='_blank' href='http://www.17k.com/book/2759853.html'>\u300a\u5669\u68a6\u7b14\u5f55\u300b</a>"}, {"userName": "\u76d8\u53e4\u5deb\u5996", "userReviewDate": "2018-01-13", "userURL": "http://user.17k.com/58393462", "userReview": "\u592aTM\u597d\u770b\u4e86"}, {"userName": "\u4e09\u8a00\u4e2d", "userReviewDate": "2018-01-10", "userURL": "http://user.17k.com/58888114", "userReview": "\u90a3\u4e9b\u602a\u8c08\u6545\u4e8b<a target='_blank' href='http://www.17k.com/book/2740247.html'>\u300a\u70b9\u7ea2\u706f\u300b</a>\u8001\u8f88\u4eba\u8bf4\uff1a\u201c\u534a\u591c\u8d70\u8def\u4e71\u7529\u624b\uff0c\u4f1a\u6709\u5c0f\u9b3c\u62fd\u4f60\u8d70\u3002\u201d\u2026\u2026\u652f\u6301\u62dc\u8bbf\u3002"}, {"userName": "A\u661f\u661f\u70b9\u706f", "userReviewDate": "2018-01-09", "userURL": "http://user.17k.com/55972875", "userReview": "\u63a8\u8350\u4e00\u672c\u597d\u4e66<a target='_blank' href='http://www.17k.com/book/2551937.html'>\u300a\u8d85\u65b0\u4eba\u300b</a>\uff0c\u6765\u4e2a\u652f\u6301\uff0c\u6765\u4e2a\u6536\u85cf\u5427\u3002"}, {"userName": "\u5b64\u541b\u516e", "userReviewDate": "2017-12-28", "userURL": "http://user.17k.com/59024009", "userReview": "<a target='_blank' href='http://www.17k.com/book/2745330.html'>\u300a\u9b3c\u51a5\u5c40\u300b</a>\u6765\u8bbf"}, {"userName": "\u5bc2\u5bde\u7684\u96e8\u5b63748520035", "userReviewDate": "2017-12-20", "userURL": "http://user.17k.com/58991476", "userReview": "\u4e3b\u89d2\u5c41\u672c\u4e8b\u6ca1\u6709\u3002\u6dfb\u4e71\u4e00\u4e2a\u9876\u4e09\u3002\u4e00\u4f1a\u6068\u8fd9\u4e2a\u4e00\u4f1a\u90a3\u4e2a\u3002**\u5427\u3002\u8d76\u5feb\u5199\u6b7b\u7ed3\u675f"}, {"userName": "\u5bc2\u5bde\u7684\u96e8\u5b63748520035", "userReviewDate": "2017-12-20", "userURL": "http://user.17k.com/58991476", "userReview": "\u8d76\u5feb\u628a\u4e3b\u89d2\u4e00\u5bb6\u5199\u6b7b\u7ed3\u675f\u5427\u3002\u5c0f\u767d\u6587\u4e00\u672c\u3002\u601d\u8def\u5b8c\u5168\u5c31\u662f\u6e23\u3002\u9002\u5408\u65b0\u624b\u770b"}, {"userName": "\u5bc2\u5bde\u7684\u96e8\u5b63748520035", "userReviewDate": "2017-12-20", "userURL": "http://user.17k.com/58991476", "userReview": "\u8d76\u5feb\u628a\u4e3b\u89d2\u4e00\u5bb6\u5199\u6b7b\u7ed3\u675f\u5427\u3002\u5c0f\u767d\u6587\u4e00\u672c\u3002\u601d\u8def\u5b8c\u5168\u5c31\u662f\u6e23\u3002\u9002\u5408\u65b0\u624b\u770b"}, {"userName": "\u5bc2\u5bde\u7684\u96e8\u5b63748520035", "userReviewDate": "2017-12-20", "userURL": "http://user.17k.com/58991476", "userReview": "\u8d76\u5feb\u628a\u4e3b\u89d2\u4e00\u5bb6\u5199\u6b7b\u7ed3\u675f\u5427\u3002\u5c0f\u767d\u6587\u4e00\u672c\u3002\u601d\u8def\u5b8c\u5168\u5c31\u662f\u6e23\u3002\u9002\u5408\u65b0\u624b\u770b"}], "description": "\u7237\u7237\u662f\u4e2a\u8001\u6d41\u6c13\uff0c\u5c0f\u53d4\u7ed3\u5a5a\u5f53\u665a\uff0c\u4ed6\u95f9\u6d1e\u623f\u505a\u4e86\u8352\u5510\u7684\u4e8b\u60c5\uff0c\u5bfc\u81f4\u2026\u2026", "title": "\u4eba\u95f4\u7981\u5730", "url": "http://www.17k.com/book/1893205.html", "average": -1.0, "cover": "http://img.17k.com/images/bookcover/2016/9466/47/1893205-1464329445000.jpg", "reviews": 11488514, "authors": [{"url": "http://www.17k.com/zuozhe/46898465", "name": "\u6211\u7231\u5403\u84dd\u8393"}], "type": ["\u7075\u5f02\u5947\u8c08"], "outlinks": ["http://www.17k.com/book/2794982.html", "http://www.17k.com/book/2801292.html", "http://www.17k.com/book/2816318.html", "http://www.17k.com/book/2797575.html", "http://www.17k.com/book/2802516.html", "http://www.17k.com/book/2812195.html", "http://www.17k.com/book/2820143.html", "http://www.17k.com/book/2807943.html", "http://www.17k.com/book/2813457.html", "http://www.17k.com/book/2798058.html", "http://www.17k.com/book/2815617.html", "http://www.17k.com/book/2805259.html", "http://www.17k.com/book/2760255.html", "http://www.17k.com/book/2686894.html", "http://www.17k.com/book/2797016.html", "http://www.17k.com/book/2767246.html", "http://www.17k.com/book/2764239.html", "http://www.17k.com/book/2754498.html", "http://www.17k.com/book/2754900.html", "http://www.17k.com/book/2625740.html", "http://www.17k.com/book/2213315.html", "http://www.17k.com/book/2402178.html", "http://www.17k.com/book/2691221.html", "http://www.17k.com/book/2210699.html", "http://www.17k.com/book/1797752.html", "http://www.17k.com/book/2575507.html", "http://www.17k.com/book/2705181.html", "http://www.17k.com/book/2702539.html", "http://www.17k.com/book/2474887.html", "http://www.17k.com/book/2674733.html", "http://www.17k.com/book/2822076.html", "http://www.17k.com/book/2809894.html", "http://www.17k.com/book/2822077.html", "http://www.17k.com/book/2811930.html", "http://www.17k.com/book/2815548.html", "http://www.17k.com/book/2819620.html", "http://www.17k.com/book/2809964.html", "http://www.17k.com/book/2808200.html", "http://www.17k.com/book/2820100.html", "http://www.17k.com/book/2822978.html", "http://www.17k.com/book/2804337.html", "http://www.17k.com/book/2798814.html", "http://www.17k.com/book/2785153.html", "http://www.17k.com/book/2731559.html", "http://www.17k.com/book/2722533.html", "http://www.17k.com/book/2458377.html", "http://www.17k.com/book/2743300.html", "http://www.17k.com/book/973809.html", "http://www.17k.com/book/2651367.html", "http://www.17k.com/book/2726194.html", "http://www.17k.com/book/2790214.html", "http://www.17k.com/book/493239.html", "http://www.17k.com/book/108821.html", "http://www.17k.com/book/1398783.html", "http://www.17k.com/book/83528.html", "http://www.17k.com/book/1859126.html", "http://www.17k.com/book/1741975.html", "http://www.17k.com/book/192453.html", "http://www.17k.com/book/2459058.html", "http://www.17k.com/book/1050747.html", "http://www.17k.com/book/2700315.html", "http://www.17k.com/book/2818940.html", "http://www.17k.com/book/2819519.html", "http://www.17k.com/book/2816390.html", "http://www.17k.com/book/2819588.html", "http://www.17k.com/book/2813768.html", "http://www.17k.com/book/2822406.html", "http://www.17k.com/book/2772164.html", "http://www.17k.com/book/2784023.html", "http://www.17k.com/book/2811877.html", "http://www.17k.com/book/2809119.html", "http://www.17k.com/book/2803700.html", "http://www.17k.com/book/2819561.html", "http://www.17k.com/book/2746506.html", "http://www.17k.com/book/2811836.html", "http://www.17k.com/book/2614810.html", "http://www.17k.com/book/1592435.html", "http://www.17k.com/book/1949748.html", "http://www.17k.com/book/2265802.html", "http://www.17k.com/book/2743240.html", "http://www.17k.com/book/2657437.html", "http://www.17k.com/book/2644502.html", "http://www.17k.com/book/2199900.html", "http://www.17k.com/book/2725436.html", "http://www.17k.com/book/2629978.html"]}