{"ratings": -1, "userreviews": [{"userName": "\u8840\u7ea2", "userReviewDate": "2009-01-25", "userURL": "http://user.17k.com/1541", "userReview": "\u6b63\u770b\u6625\u665a\u7684\u65f6\u5019\uff0c\u5411\u5927\u5bb6\u95ee\u4e2a\u597d\uff01\u5475\u5475\u5475\uff01<br/><br/>\u725b\u5e74\u561b\uff0c\u80af\u5b9a\u6709\u70b9\u597d\u7684\u671f\u76fc\uff0c\u6bd4\u5982\u8bf4\uff0c\u94b1\u5305\u9f13\u4e00\u70b9\u554a\uff0c\u53d7\u5f02\u6027\u9752\u7750\u66f4\u591a\u4e00\u70b9\u554a\uff0c\u4eba\u751f\u987a\u5229\u4e00\u70b9\u70b9\u554a\uff0c\u8bf8\u5982\u6b64\u7c7b\u7684\uff01<br/><br/>\u603b\u4e4b\u5462\uff0c\u725b\u5e74\u597d\uff01<br/><br/>\u6253\u70b9\u597d\u7cbe\u795e\uff0c\u4fee\u6574\u597d\u8eab\u4f53\uff0c\u7136\u540e\uff0c\u597d\u597d\u7684\u8fc7\u65e5\u5b50\uff01<br/><br/>\u55ef\uff0c\u725b\u5e74\u597d\uff01"}, {"userName": "\u8840\u916c", "userReviewDate": "2009-01-20", "userURL": "http://user.17k.com/2296", "userReview": "\u4e66\u53cb\u5728\u767b\u9646\u60c5\u51b5\u4e0b\u6253\u5f00\u6b64\u94fe\u63a5\uff0c\u5373\u53ef\u7528KB\u516b\u6298**\u300a\u5deb\u9882\u300b\u7b2c\u4e00\u90e8\uff08\u4e0a\u4e0b\u518c\uff09<br/>http://www.17k.com/main/promotion/orders.do?method=detail&id=4<br/><br/>\u611f\u8c22\u5927\u5bb6\u652f\u6301\uff01"}, {"userName": "\u8840\u7ea2", "userReviewDate": "2009-01-15", "userURL": "http://user.17k.com/1541", "userReview": "\u56de\u5bb6\u5feb20\u5929\u4e86\uff0c\u5c11\u6d3b\u52a8\uff0c\u5403\u5f97\u592a\u591a\uff0c\u7ed3\u679c\u8840\u538b\u5c31\u4e0a\u6765\u4e86\u3002<br/><br/>\u6709\u70b9\u5934\u75bc\u53d1\u6655\uff0c\u6b63\u964d\u538b\u836f\u548c\u964d\u8840\u8102\u7684\u836f\uff0c\u7136\u540e\u4e0b\u5b9a\u51b3\u5fc3\u6212\u9152\u4e86\uff0c\u540c\u65f6\u4e5f\u8981\u60f3\u529e\u6cd5\u51cf\u80a5\u4e86<br/><br/>\u6ca1\u529e\u6cd5\uff0c\u5509\uff0c\u6700\u8fd1\u5c31\u4e0d\u9732\u9762\u4e86\uff01"}, {"userName": "\u806a\u660evlsdi", "userReviewDate": "2008-12-22", "userURL": "http://user.17k.com/1622374", "userReview": "HOHO&nbsp;\u6254\u9e21\u86cb\u697c"}, {"userName": "\u5bbf\u4ebf\u7434", "userReviewDate": "2018-05-30", "userURL": "http://user.17k.com/48821426", "userReview": "\u5bbf\u7ffc\u7434\u524d\u6765\u62dc\u8bbf\uff0c\u8bfb\u4e66\u9001\u82b1\uff01**\u5bbf\u7ffc\u7434\u671b\u4f60\u524d\u5f80\u9605\u8bfb<a target='_blank' href='http://www.17k.com/book/2788974.html'>\u300a\u5fd7\u5728\u4e2d\u534e\u300b</a>\u7b2c26\u7ae0.\u300a\u4ed9\u5893\u5deb\u9882\u5929\uff0c\u9f99\u4e91\u547d\u5de7\u6dfb\u300b\u548c\u7b2c284\u7ae0.\u5218\u95e8\u9707\u4e91\u53ca\u8840\u7ea2<a target='_blank' href='http://www.17k.com/book/27346.html'>\u300a\u5deb\u9882\u300b</a>\uff0c\u539f\u8c05\u5bbf\u7ffc\u7434\u4e3a\u4e86\u7559\u4e0b\u4f60\u7684\u7ecf\u5178\u4e4b\u4f5c<a target='_blank' href='http://www.17k.com/book/27346.html'>\u300a\u5deb\u9882\u300b</a>\u800c\u501f\u7528\u4f60\u7684\u201c\u4e66\u540d\u201d\uff0c\u4f5c\u4e3a\u4e66\u6d77\u4e2d\u7684\u4e00\u5458\uff0c\u5bbf\u7ffc\u7434\u60f3\u4eba\u4eba\u90fd\u8be5\u4e3a<a target='_blank' href='http://www.17k.com/book/2788974.html'>\u300a\u5fd7\u5728\u4e2d\u534e\u300b</a>\u505a\u51fa\u8d21\u732e\uff0c\u4eba\u4eba\u90fd\u8be5\u505a\u201c\u5fd7\u5728\u4e2d\u534e\u201d\u8005\uff01\u5bbf\u7ffc\u7434\u7b49\u5230\u4f60\u6765\u5220\u9664\u6b64\u8d34\u4e3a\u6b62\uff01\u8fd9\u7b97\u662f\u201c\u5deb\u9882\u201d\u7684\u7cbe\u795e\u5417\uff1f\u5bbf\u7ffc\u7434\u606d\u656c\u4e0a\u5448\uff0c2018\u5e7405\u670830\u65e514\u70b953\u5206\u3002\u6b64\u5e16\u5165\u4e66<a target='_blank' href='http://www.17k.com/book/2484548.html'>\u300a\u5bbf\u7ffc\u7434\u300b</a>\u7b2c284\u7ae0.\u5218\u95e8\u9707\u4e91\u53ca\u8840\u7ea2<a target='_blank' href='http://www.17k.com/book/27346.html'>\u300a\u5deb\u9882\u300b</a>\u7684\u672c\u7ae0\u7279\u6ce82.\uff0c\u6b64..."}, {"userName": "\u8004\u800b\u516c\u5b50", "userReviewDate": "2018-03-22", "userURL": "http://user.17k.com/59546392", "userReview": "<span style='color:black'><a target='_blank' href='http://www.17k.com/book/2765271.html'>\u300a\u672b\u4e16\u5f55\u542f\u7a0b\u300b</a>\u62dc\u8bbf\u5927\u4f5c\uff01</span>"}, {"userName": "A\u725b\u9b54\u738b", "userReviewDate": "2018-03-12", "userURL": "http://user.17k.com/56738425", "userReview": "\u597d\u4e66\u9700\u8981\u63a8\u5e7f\uff0c\u6b63\u80fd\u91cf!2018\u63a8\u8350\u4e00\u672c\u597d\u770b\u7684\u4e66<a target='_blank' href='http://www.17k.com/book/2551937.html'>\u300a\u8d85\u65b0\u4eba\u300b</a>\uff0c\u60ca\u9669\u523a\u6fc0\uff0c\u6d6a\u6f2b\u6ee1\u5c4b\uff0c\u70ed\u8840\u683c\u6597\uff0c\u751f\u6b7b\u7231\u604b\uff0c\u6696\u6627\u4e0d\u65ad\uff0c\u5929\u5929\u66f4\u65b0\uff0c\u8bf7\u591a\u5173\u7167\uff0c\u6765\u4e2a\u6536\u85cf\u554a!\uff0c\u70b9\u51fb\u4e66\u540d\u5c31\u53ef\u4ee5\u770b\u5230\u4e66\u4e86\u3002"}, {"userName": "\uff0d\u7ad9\u5728\u9752\u6625\u8f6c\u89d2\u5904^", "userReviewDate": "2018-02-22", "userURL": "http://user.17k.com/51421015", "userReview": "\u4f60\u4eec\u5728\u522b\u4eba\u4e66\u8bc4\u53d1\u5e7f\u544a\u771f\u7684\u597d\u4e48"}, {"userName": "A\u725b\u9b54\u738b", "userReviewDate": "2018-02-17", "userURL": "http://user.17k.com/56738425", "userReview": "2018\u63a8\u8350\u4e00\u672c\u597d\u770b\u7684\u4e66<a target='_blank' href='http://www.17k.com/book/2551937.html'>\u300a\u8d85\u65b0\u4eba\u300b</a>\uff0c\u60ca\u9669\u523a\u6fc0\uff0c\u6d6a\u6f2b\u6ee1\u5c4b\uff0c\u70ed\u8840\u683c\u6597\uff0c\u751f\u6b7b\u7231\u604b\uff0c\u6696\u6627\u4e0d\u65ad\uff0c\u5929\u5929\u66f4\u65b0\uff0c\u8bf7\u591a\u5173\u7167\uff0c\u6765\u4e2a\u6536\u85cf\u554a!\uff0c\u70b9\u51fb\u4e66\u540d\u5c31\u53ef\u4ee5\u770b\u5230\u4e66\u4e86\u3002"}, {"userName": "A\u725b\u9b54\u738b", "userReviewDate": "2018-02-05", "userURL": "http://user.17k.com/56738425", "userReview": "\u63a8\u8350\u4e00\u672c\u597d\u770b\u7684\u4e66<a target='_blank' href='http://www.17k.com/book/2551937.html'>\u300a\u8d85\u65b0\u4eba\u300b</a>\uff0c\u60ca\u9669\u523a\u6fc0\uff0c\u6d6a\u6f2b\u6ee1\u5c4b\uff0c\u6696\u6627\u6e29\u60c5\uff0c\u4f20\u6388\u60c5\u7231\u771f\u8c1b\uff0c\u5929\u5929\u66f4\u65b0\uff0c\u8bf7\u591a\u591a\u5173\u7167\uff0c\u6765\u4e2a\u6536\u85cf\u5427!\u70b9\u51fb\u4e66\u540d\u5c31\u53ef\u4ee5\u770b\u5230\u4e66\u4e86\u3002"}, {"userName": "A\u725b\u9b54\u738b", "userReviewDate": "2018-02-03", "userURL": "http://user.17k.com/56738425", "userReview": "\u63a8\u8350\u4e00\u672c\u597d\u770b\u7684\u4e66<a target='_blank' href='http://www.17k.com/book/2551937.html'>\u300a\u8d85\u65b0\u4eba\u300b</a>\uff0c\u60ca\u9669\u523a\u6fc0\uff0c\u6d6a\u6f2b\u6ee1\u5c4b\uff0c\u6696\u6627\u6e29\u60c5\uff0c\u4f20\u6388\u60c5\u7231\u771f\u8c1b\uff0c\u5929\u5929\u66f4\u65b0\uff0c\u8bf7\u591a\u591a\u5173\u7167\uff0c\u6765\u4e2a\u6536\u85cf\u5427!\u70b9\u51fb\u4e66\u540d\u5c31\u53ef\u4ee5\u770b\u5230\u4e66\u4e86\u3002"}, {"userName": "A\u725b\u9b54\u738b", "userReviewDate": "2018-01-31", "userURL": "http://user.17k.com/56738425", "userReview": "\u63a8\u8350\u4e00\u672c\u60ca\u9669\u523a\u6fc0\u597d\u770b\u7684\u4e66<a target='_blank' href='http://www.17k.com/book/2728167.html'>\u300a\u6211\u548c\u5996\u517d\u6709\u4e2a\u7ea6\u4f1a\u300b</a>\uff0c\u5929\u5929\u66f4\u65b0\uff0c\u8bf7\u591a\u591a\u5173\u7167\uff0c\u6765\u4e2a\u6536\u85cf\u5427!\u70b9\u51fb\u4e66\u540d\u5c31\u53ef\u4ee5\u770b\u5230\u4e86 \u3002"}, {"userName": "kool\u6377", "userReviewDate": "2018-01-27", "userURL": "http://user.17k.com/56730892", "userReview": "\u63a8\u8350\u4e00\u672c\u597d\u770b\u7684\u4e66<a target='_blank' href='http://www.17k.com/book/2551937.html'>\u300a\u8d85\u65b0\u4eba\u300b</a>\uff0c\u60ca\u9669\u523a\u6fc0\uff0c\u6696\u6627\u6d6a\u6f2b\u4e0d\u65ad\uff0c\u5929\u5929\u66f4\u65b0\uff0c\u591a\u591a\u652f\u6301\uff0c\u6765\u4e2a\u6536\u85cf\u3002\u70b9\u51fb\u4e66\u540d\u5c31\u53ef\u4ee5\u770b\u5230\u4e66\u4e86\u3002"}, {"userName": "kool\u6377", "userReviewDate": "2018-01-26", "userURL": "http://user.17k.com/56730892", "userReview": "\u63a8\u8350\u4e00\u672c\u597d\u770b\u7684\u4e66<a target='_blank' href='http://www.17k.com/book/2551937.html'>\u300a\u8d85\u65b0\u4eba\u300b</a>\uff0c\u60ca\u9669\u523a\u6fc0\u6d6a\u6f2b\u4e0d\u65ad\uff0c\u5929\u5929\u66f4\u65b0\uff0c\u591a\u591a\u652f\u6301\uff0c\u6765\u4e2a\u6536\u85cf\u3002\u70b9\u51fb\u4e66\u540d\u5c31\u53ef\u4ee5\u770b\u5230\u4e66\u4e86\u3002"}, {"userName": "kool\u6377", "userReviewDate": "2018-01-26", "userURL": "http://user.17k.com/56730892", "userReview": "\u63a8\u8350\u4e00\u672c\u597d\u770b\u7684\u4e66<a target='_blank' href='http://www.17k.com/book/2551937.html'>\u300a\u8d85\u65b0\u4eba\u300b</a>\uff0c\u60ca\u9669\u523a\u6fc0\u6d6a\u6f2b\u4e0d\u65ad\uff0c\u5929\u5929\u66f4\u65b0\uff0c\u591a\u591a\u652f\u6301\uff0c\u6765\u4e2a\u6536\u85cf\u3002\u70b9\u51fb\u4e66\u540d\u5c31\u53ef\u4ee5\u770b\u5230\u4e66\u4e86\u3002"}, {"userName": "kool\u6377", "userReviewDate": "2018-01-22", "userURL": "http://user.17k.com/56730892", "userReview": "\u63a8\u8350\u4e00\u672c\u975e\u5e38\u597d\u770b\u7684\u4e66<a target='_blank' href='http://www.17k.com/book/2551937.html'>\u300a\u8d85\u65b0\u4eba\u300b</a>\uff0c\u60ca\u9669\u523a\u6fc0\u6696\u6627\u4e0d\u65ad\uff0c\u5929\u5929\u66f4\u65b0\uff0c\u591a\u591a\u652f\u6301\uff0c\u6765\u4e2a\u53ce\u85cf\uff01\u70b9\u51fb\u4e66\u540d\u5c31\u53ef\u4ee5\u770b\u5230\u4e66\u4e86\u3002"}, {"userName": "A\u725b\u9b54\u738b", "userReviewDate": "2018-01-22", "userURL": "http://user.17k.com/56738425", "userReview": "\u63a8\u8350\u4e00\u672c\u60ca\u9669\u523a\u6fc0\u597d\u770b\u7684\u4e66<a target='_blank' href='http://www.17k.com/book/2728167.html'>\u300a\u6211\u548c\u5996\u517d\u6709\u4e2a\u7ea6\u4f1a\u300b</a>\uff0c\u591a\u591a\u652f\u6301\uff0c\u6765\u4e2a\u6536\u85cf!\u70b9\u51fb\u4e66\u540d\u5c31\u53ef\u4ee5\u770b\u5230\u4e66\u4e86\u3002"}, {"userName": "\u5730\u7344\u5929\u5802", "userReviewDate": "2018-01-18", "userURL": "http://user.17k.com/492105", "userReview": "\u5199\u5f97\u597d\u54e5\u4eec\uff0c\u624b\u4e0d\u91ca\u5377\uff01"}, {"userName": "\u5730\u7344\u5929\u5802", "userReviewDate": "2018-01-12", "userURL": "http://user.17k.com/492105", "userReview": "\u4f60\u5927\u7237\uff0c\u4f60\u518d\u5835\u8f66\u6211\u628a\u4f60\u8f66\u7838\u4e86\uff0c\u64cd\uff0c\u6211**\uff01\u6c14\u6b7b\u6211\u4e86\uff01"}, {"userName": "kool\u6377", "userReviewDate": "2018-01-07", "userURL": "http://user.17k.com/56730892", "userReview": "\u63a8\u8350\u4e00\u672c\u597d\u770b\u7684\u4e66<a target='_blank' href='http://www.17k.com/book/2551937.html'>\u300a\u8d85\u65b0\u4eba\u300b</a>\uff0c\u8bf7\u6765\u4e2a\u6536\u85cf\u5427\uff01"}], "description": "\u4ed6\u662f\u98ce\uff0c\u4ed6\u662f\u9b54\uff0c\u4ed6\u662f\u552f\u4e00\u7684\u795e\u8bdd\uff1b\u7ea8\u7ed4\u5b50\u5f1f\u89c9\u9192\u98ce\u7075\u4e4b\u4f53\u6210\u9b54\u95e8\u5ae1\u4f20\uff0c\u901a\u8fc7\u4f20\u627f\u5723\u9053\u83b7\u5f97\u65e0\u4e0a\u79d8\u6cd5\uff0c\u79d1\u6280\u6539\u9020\u65e0\u9650\u8fdb\u5316\uff0c\u4ee5\u9b54\u4e4b\u540d\u7eb5\u6a2a\u5929\u4e0b\u3000\u3000\u300a\u4eba\u9014\u300b\u5c06\u4e8e2013.06.14\u5f00\u59cb\u9650\u65f6\u514d\u8d39\u4e3a\u671f3\u5929\u3000\u3000\u300a\u4eba\u9014\u300b2009\u5e74\u7531\u4fe1\u660c\u51fa\u7248\u793e\u5168\u90e8\u51fa\u7248\u5b8c\u6bd5\uff0c\u591a\u8c22\u652f\u6301\uff01\u3000\u3000*******************************************************\u3000\u3000\u7eb5\u6709\u5927\u9053\u4e07\u5343\uff0c\u516c\u9053\u53ea\u5728\u6211\u5fc3\uff0c\u7eb5\u4f7f\u5929\u5d29\u5730\u574f\uff0c\u6211\u8eab\u957f\u5b58\u4e16\u95f4\uff01", "title": "\u4eba\u9014", "url": "http://www.17k.com/book/40525.html", "average": -1.0, "cover": "http://img.17k.com/images/bookcover/2012/202/1/40525.jpg", "reviews": 28192379, "authors": [{"url": "http://www.17k.com/zuozhe/1541", "name": "\u8840\u7ea2"}], "type": ["\u672a\u6765\u5e7b\u60f3"], "outlinks": ["http://www.17k.com/book/2794982.html", "http://www.17k.com/book/2801292.html", "http://www.17k.com/book/2816318.html", "http://www.17k.com/book/2797575.html", "http://www.17k.com/book/2802516.html", "http://www.17k.com/book/2812195.html", "http://www.17k.com/book/2820143.html", "http://www.17k.com/book/2807943.html", "http://www.17k.com/book/2813457.html", "http://www.17k.com/book/2798058.html", "http://www.17k.com/book/2815617.html", "http://www.17k.com/book/2805259.html", "http://www.17k.com/book/2760255.html", "http://www.17k.com/book/2686894.html", "http://www.17k.com/book/2797016.html", "http://www.17k.com/book/2767246.html", "http://www.17k.com/book/2764239.html", "http://www.17k.com/book/2754498.html", "http://www.17k.com/book/2754900.html", "http://www.17k.com/book/2625740.html", "http://www.17k.com/book/2213315.html", "http://www.17k.com/book/2402178.html", "http://www.17k.com/book/2691221.html", "http://www.17k.com/book/2210699.html", "http://www.17k.com/book/1797752.html", "http://www.17k.com/book/2575507.html", "http://www.17k.com/book/2705181.html", "http://www.17k.com/book/2702539.html", "http://www.17k.com/book/2474887.html", "http://www.17k.com/book/2674733.html", "http://www.17k.com/book/2822076.html", "http://www.17k.com/book/2809894.html", "http://www.17k.com/book/2822077.html", "http://www.17k.com/book/2811930.html", "http://www.17k.com/book/2815548.html", "http://www.17k.com/book/2819620.html", "http://www.17k.com/book/2809964.html", "http://www.17k.com/book/2808200.html", "http://www.17k.com/book/2820100.html", "http://www.17k.com/book/2822978.html", "http://www.17k.com/book/2804337.html", "http://www.17k.com/book/2798814.html", "http://www.17k.com/book/2785153.html", "http://www.17k.com/book/2731559.html", "http://www.17k.com/book/2722533.html", "http://www.17k.com/book/2458377.html", "http://www.17k.com/book/2743300.html", "http://www.17k.com/book/973809.html", "http://www.17k.com/book/2651367.html", "http://www.17k.com/book/2726194.html", "http://www.17k.com/book/2790214.html", "http://www.17k.com/book/493239.html", "http://www.17k.com/book/108821.html", "http://www.17k.com/book/1398783.html", "http://www.17k.com/book/83528.html", "http://www.17k.com/book/1859126.html", "http://www.17k.com/book/1741975.html", "http://www.17k.com/book/192453.html", "http://www.17k.com/book/2459058.html", "http://www.17k.com/book/1050747.html", "http://www.17k.com/book/2700315.html", "http://www.17k.com/book/2818940.html", "http://www.17k.com/book/2819519.html", "http://www.17k.com/book/2816390.html", "http://www.17k.com/book/2819588.html", "http://www.17k.com/book/2813768.html", "http://www.17k.com/book/2822406.html", "http://www.17k.com/book/2772164.html", "http://www.17k.com/book/2784023.html", "http://www.17k.com/book/2811877.html", "http://www.17k.com/book/2809119.html", "http://www.17k.com/book/2803700.html", "http://www.17k.com/book/2819561.html", "http://www.17k.com/book/2746506.html", "http://www.17k.com/book/2811836.html", "http://www.17k.com/book/2614810.html", "http://www.17k.com/book/1592435.html", "http://www.17k.com/book/1949748.html", "http://www.17k.com/book/2265802.html", "http://www.17k.com/book/2743240.html", "http://www.17k.com/book/2657437.html", "http://www.17k.com/book/2644502.html", "http://www.17k.com/book/2199900.html", "http://www.17k.com/book/2725436.html", "http://www.17k.com/book/2629978.html"]}