{"ratings": -1, "userreviews": [{"userName": "\u8bb2\u7a76\u7684\u597d\u6587", "userReviewDate": "2018-06-08", "userURL": "http://user.17k.com/62632191", "userReview": "\u63a8\u8350\uff0c\u6bd4\u90a3\u4e9b\u5783\u573e\u5f3a\u592a\u591a"}, {"userName": "\u770b\u770b\u83ca\u82b1\u662f\u8bfb\u540e\u611f", "userReviewDate": "2018-06-08", "userURL": "http://user.17k.com/62632166", "userReview": "\u8fd9\u534a\u5e74\u591a\uff0c\u6700\u559c\u6b22\u7684\u6076\u610f\u4e0d\u4f5c\u54c1\u4e86"}, {"userName": "\u57fa\u7763\u6559\u822a", "userReviewDate": "2018-06-08", "userURL": "http://user.17k.com/62632142", "userReview": "\u7537\u4e3b\u5f88\u6709\u9b45\u529b\u7684\u800c\u8bf4"}, {"userName": "KJSADHAGGF", "userReviewDate": "2018-06-08", "userURL": "http://user.17k.com/62632039", "userReview": "<span style='color:black'>\u4f69\u670d \uff0c\u8fd9\u6837\u7528\u5fc3\u7684\u4f5c\u8005\u4e0d\u591a\u4e86</span>"}, {"userName": "\u57fa\u7763\u6559\u963f\u8fd8\u7ed9\u6211", "userReviewDate": "2018-06-08", "userURL": "http://user.17k.com/62629523", "userReview": "\u6f02\u4eae\u7ed9\u529b\u7684\u6587\uff0c"}, {"userName": "\u7ed3\u5a5a\u540e\u7684\u7a3f\u8d39", "userReviewDate": "2018-06-08", "userURL": "http://user.17k.com/62629453", "userReview": "\u6211\u5c0f\u5f1f\u5c45\u7136\u548c\u6211\u770b\u4e00\u6837\u7684\u6587"}, {"userName": "\u7a7a\u95f4\u8fdb\u884c\u6df7\u5408", "userReviewDate": "2018-06-08", "userURL": "http://user.17k.com/62629504", "userReview": "\u5fc5\u987b\u653e\u5927\u62db\u4e86\u3002\u5df2\u7ecf\u5145\u503c\u4e86"}, {"userName": "jkdjhgehg", "userReviewDate": "2018-06-08", "userURL": "http://user.17k.com/62629476", "userReview": "\u8fd9\u5c31\u662f\u6211\u7684\u7cbe\u795e\u98df\u7cae\u6ca1\u529e\u6cd5"}, {"userName": "jhffttuu", "userReviewDate": "2018-06-08", "userURL": "http://user.17k.com/62629399", "userReview": "\u5199\u7684\u597d\u68d2\u7684\u6587\uff0c\u5f88\u8e0f\u5b9e\u7684\u6587"}, {"userName": "\u602a\u602a\u7684\u53cd\u5f39", "userReviewDate": "2018-06-08", "userURL": "http://user.17k.com/62629328", "userReview": "666sdhjkdie"}, {"userName": "\u7a7a\u95f4\u80af\u5b9a\u4f1a\u7ed9\u548c\u6211", "userReviewDate": "2018-06-08", "userURL": "http://user.17k.com/62629287", "userReview": "\u6211\u4ec0\u4e48\u4e5f\u4e0d\u60f3\u8bf4\uff0c\u53ea\u60f3\u95ee\u4eca\u5929\u66f4\u65b0\u591a\u5c11"}, {"userName": "adcskdje", "userReviewDate": "2018-06-08", "userURL": "http://user.17k.com/62629176", "userReview": "\u7b7e\u5230\uff0c\u76d6\u697c"}, {"userName": "jjytweg", "userReviewDate": "2018-06-08", "userURL": "http://user.17k.com/62629153", "userReview": "\u70b9\u8d5e\u2026\u2026\u652f\u6301"}, {"userName": "jhdheh", "userReviewDate": "2018-06-08", "userURL": "http://user.17k.com/62629067", "userReview": "\u4e00\u591c\u65e0\u7720\uff0c\u8ffd\u4e66"}, {"userName": "kdkjehjh", "userReviewDate": "2018-06-08", "userURL": "http://user.17k.com/62629047", "userReview": "\u5feb\u70b9\u66f4\u65b0\u5427"}, {"userName": "\u6606\u660e\u4ea4\u8b66\u961f\u6c38\u6052", "userReviewDate": "2018-06-08", "userURL": "http://user.17k.com/62628937", "userReview": "\u6211\u70b9\u4e2a\u8d5e\u4f60\u4eec\u4e0d\u4f1a\u6709\u4ec0\u4e48\u610f\u89c1VBA"}, {"userName": "jxuehb", "userReviewDate": "2018-06-08", "userURL": "http://user.17k.com/62628863", "userReview": "\u8001\u94c1\uff0c\u7a33\u7a33\u7684"}, {"userName": "jdhewgwg", "userReviewDate": "2018-06-08", "userURL": "http://user.17k.com/62628834", "userReview": "\u770b\u6765\u7f51\u6587\u8fd8\u662f\u6709\u6551\u7684\uff0c\u6709\u7528\u5fc3\u7684\u4f5c\u8005"}, {"userName": "jjhufde", "userReviewDate": "2018-06-08", "userURL": "http://user.17k.com/62628787", "userReview": "\u7b7e\u5230\u6253\u5361"}, {"userName": "jhhdhe", "userReviewDate": "2018-06-08", "userURL": "http://user.17k.com/62628676", "userReview": "\u597d\u6587\u4e0d\u591a\u8d58\u8a00"}], "description": "\u4e00\u4e2a\u4ece\u519c\u6751\u8d70\u8fdb\u57ce\u5e02\u7684\u5e74\u8f7b\u4eba\uff0c\u4ed6\u77e5\u9053\u81ea\u5df1\u7ec8\u6709\u4e00\u5929\u4f1a\u51fa\u4eba\u5934\u5730\uff0c\u5374\u4e0d\u77e5\u9053\u8fd9\u4e2a\u793e\u4f1a\u5f7b\u5e95\u6539\u53d8\u4e86\u4ed6\u7684\u4eba\u751f.\u3000\u3000\u5728\u6743\u52bf\uff0c\u5144\u5f1f\uff0c\u5973\u4eba\u4e4b\u95f4\uff0c\u4ed6\u5230\u5e95\u8be5\u5982\u4f55\u6289\u62e9......\u3000\u3000\u662f\u793e\u4f1a\u5728\u53d8\uff0c\u8fd8\u662f\u4ed6\u5728\u53d8.\u3000\u3000\u4e0d\u6c42\u540d\u82b3\u5343\u53e4\uff0c\u4f46\u6c42\u9057\u81ed\u4e07\u5e74\uff0c\u81f3\u5c11\u66fe\u7ecf\uff0c\u8f89\u714c\u8fc7......\u3000\u3000\u4e00\u4e2a\u8349\u6839\u6210\u957f\u4e3a\u67ad\u96c4\u7684\u771f\u5b9e\u4eba\u751f......", "title": "\u4eba\u95f4\u6b63\u9014", "url": "http://www.17k.com/book/2326141.html", "average": -1.0, "cover": "http://img.17k.com/images/bookcover/default_cover1.jpg", "reviews": 479, "authors": [{"url": "http://www.17k.com/zuozhe/45321134", "name": "\u6c64\u5e08\u7237"}], "type": ["\u70ed\u8840\u9752\u6625"], "outlinks": ["http://www.17k.com/book/2794982.html", "http://www.17k.com/book/2801292.html", "http://www.17k.com/book/2816318.html", "http://www.17k.com/book/2797575.html", "http://www.17k.com/book/2802516.html", "http://www.17k.com/book/2812195.html", "http://www.17k.com/book/2820143.html", "http://www.17k.com/book/2807943.html", "http://www.17k.com/book/2813457.html", "http://www.17k.com/book/2798058.html", "http://www.17k.com/book/2815617.html", "http://www.17k.com/book/2805259.html", "http://www.17k.com/book/2760255.html", "http://www.17k.com/book/2686894.html", "http://www.17k.com/book/2797016.html", "http://www.17k.com/book/2767246.html", "http://www.17k.com/book/2764239.html", "http://www.17k.com/book/2754498.html", "http://www.17k.com/book/2754900.html", "http://www.17k.com/book/2625740.html", "http://www.17k.com/book/2213315.html", "http://www.17k.com/book/2402178.html", "http://www.17k.com/book/2691221.html", "http://www.17k.com/book/2210699.html", "http://www.17k.com/book/1797752.html", "http://www.17k.com/book/2575507.html", "http://www.17k.com/book/2705181.html", "http://www.17k.com/book/2702539.html", "http://www.17k.com/book/2474887.html", "http://www.17k.com/book/2674733.html", "http://www.17k.com/book/2822076.html", "http://www.17k.com/book/2809894.html", "http://www.17k.com/book/2822077.html", "http://www.17k.com/book/2811930.html", "http://www.17k.com/book/2815548.html", "http://www.17k.com/book/2819620.html", "http://www.17k.com/book/2809964.html", "http://www.17k.com/book/2808200.html", "http://www.17k.com/book/2820100.html", "http://www.17k.com/book/2822978.html", "http://www.17k.com/book/2804337.html", "http://www.17k.com/book/2798814.html", "http://www.17k.com/book/2785153.html", "http://www.17k.com/book/2731559.html", "http://www.17k.com/book/2722533.html", "http://www.17k.com/book/2458377.html", "http://www.17k.com/book/2743300.html", "http://www.17k.com/book/973809.html", "http://www.17k.com/book/2651367.html", "http://www.17k.com/book/2726194.html", "http://www.17k.com/book/2790214.html", "http://www.17k.com/book/493239.html", "http://www.17k.com/book/108821.html", "http://www.17k.com/book/1398783.html", "http://www.17k.com/book/83528.html", "http://www.17k.com/book/1859126.html", "http://www.17k.com/book/1741975.html", "http://www.17k.com/book/192453.html", "http://www.17k.com/book/2459058.html", "http://www.17k.com/book/1050747.html", "http://www.17k.com/book/2700315.html", "http://www.17k.com/book/2818940.html", "http://www.17k.com/book/2819519.html", "http://www.17k.com/book/2816390.html", "http://www.17k.com/book/2819588.html", "http://www.17k.com/book/2813768.html", "http://www.17k.com/book/2822406.html", "http://www.17k.com/book/2772164.html", "http://www.17k.com/book/2784023.html", "http://www.17k.com/book/2811877.html", "http://www.17k.com/book/2809119.html", "http://www.17k.com/book/2803700.html", "http://www.17k.com/book/2819561.html", "http://www.17k.com/book/2746506.html", "http://www.17k.com/book/2811836.html", "http://www.17k.com/book/2614810.html", "http://www.17k.com/book/1592435.html", "http://www.17k.com/book/1949748.html", "http://www.17k.com/book/2265802.html", "http://www.17k.com/book/2743240.html", "http://www.17k.com/book/2657437.html", "http://www.17k.com/book/2644502.html", "http://www.17k.com/book/2199900.html", "http://www.17k.com/book/2725436.html", "http://www.17k.com/book/2629978.html"]}