{"ratings": -1, "userreviews": [], "description": "\u62cd\u843d\u8eab\u80a9\u5c51\u5c18\u98de\uff0c\u3000\u3000\u6211\u5fc3\u4f3c\u7bad\u6b32\u4ece\u5f52\u3002\u3000\u3000\u78a7\u6c34\u65e0\u75d5\u6e29\u4e2d\u754f\uff0c\u3000\u3000\u6562\u5f53\u4eba\u4e2d\u9b41\u4e2d\u9b41\uff01\u3000\u3000\u7d2b\u51cc\u5bd2\u51fa\u8eab\u5bd2\u95e8\uff0c\u5f80\u4e0a\u6570\u7956\u5b97\u5341\u516b\u4ee3\u8fde\u4e2a\u5730\u4e3b\u90fd\u4e0d\u662f\u3002\u4e00\u4ecb\u5973\u6d41\uff0c\u5e78\u5f97\u7956\u7236\u6bcd\u75bc\u7231\uff0c\u4ece\u5c0f\u4e27\u6bcd\u3002\u7239\u7239\u8fce\u5a36\u7684\u540e\u5a18\u8fd8\u5e26\u7740\u4e00\u4e2a\u5927\u5979\u516b\u5c81\u7684\u59d0\u59d0\u3002\u56e0\u6df1\u5f97\u7956\u7236\u6bcd\u7684\u75bc\u7231\uff0c\u4e0e\u540e\u5a18\u6bcd\u5973\u751f\u6d3b\u7684\u65e5\u5b50\u91cc\u4e5f\u6ca1\u6709\u53d7\u5230\u8650\u5f85\u3002\u3000\u3000\u867d\u8bf4\u5973\u4e3b\u662f\u53e4\u4ee3\u7684\u201c\u5c0f\u8349\u201d\uff0c\u4f46\u662f\u97e7\u52b2\u5341\u8db3\u3002\u9047\u9b54\u8ffd\u9b54\uff0c\u9047\u4f5b\u8ffd\u4f5b\u3002\u9047\u4e2a\u5c0f\u9b3c\u628a\u4eba\u5bb6\u8ffd\u7684\u6ee1\u5899\u4e71\u8eb2\uff0c\u60ca\u547c\uff1a\u201c\u8c01\u4ed6\u5988\u7684\u8bf4\u4eba\u6015\u9b3c\uff0c\u8fd9\u5973\u5a03\u5b50\u8ffd\u5f97\u6211\u8981\u8dd1\u65ad\u817f\u2026\u2026\u201d\u3000\u3000\u8001\u5929\u8c01\u6765\u7ba1\u7ba1\u8fd9\u8dd1\u504f\u7684\u4f26\u7406\u89c2\uff0c\u53ea\u542c\u7535\u95ea\u96f7\u9e23\uff0c\u8001\u5929\u5728\u5486\u54ee\u8c01\u4ed6\u5988\u7684\u7ba1\u4f60\u4e2a\u7834\u4e8b\uff0c\u5979\u662f\u4eba\u9b54\u5979\u6015\u8c01\uff0c\u79bb\u5979\u8fdc\u70b9\uff0c\u522b\u8ba9\u5979\u4e00\u56de\u513f\u628a\u4f5b\u7956\u62db\u6765\uff0c\u7f6a\u8fc7\u53ef\u5c31\u5927\u4e86\u3002", "title": "\u4eba\u9b54\u5973\u6a2a\u884c\u5929\u4e0b", "url": "http://www.17k.com/book/2822209.html", "average": -1.0, "cover": "http://img.17k.com/images/bookcover/default_cover1.jpg", "reviews": 163, "authors": [{"url": "http://www.17k.com/zuozhe/61371761", "name": "\u7d2b\u5bd2\u5929\u51cc"}], "type": ["\u5feb\u610f\u6c5f\u6e56"], "outlinks": ["http://www.17k.com/book/2794982.html", "http://www.17k.com/book/2801292.html", "http://www.17k.com/book/2816318.html", "http://www.17k.com/book/2797575.html", "http://www.17k.com/book/2802516.html", "http://www.17k.com/book/2812195.html", "http://www.17k.com/book/2820143.html", "http://www.17k.com/book/2807943.html", "http://www.17k.com/book/2813457.html", "http://www.17k.com/book/2798058.html", "http://www.17k.com/book/2815617.html", "http://www.17k.com/book/2805259.html", "http://www.17k.com/book/2760255.html", "http://www.17k.com/book/2686894.html", "http://www.17k.com/book/2797016.html", "http://www.17k.com/book/2767246.html", "http://www.17k.com/book/2764239.html", "http://www.17k.com/book/2754498.html", "http://www.17k.com/book/2754900.html", "http://www.17k.com/book/2625740.html", "http://www.17k.com/book/2213315.html", "http://www.17k.com/book/2402178.html", "http://www.17k.com/book/2691221.html", "http://www.17k.com/book/2210699.html", "http://www.17k.com/book/1797752.html", "http://www.17k.com/book/2575507.html", "http://www.17k.com/book/2705181.html", "http://www.17k.com/book/2702539.html", "http://www.17k.com/book/2474887.html", "http://www.17k.com/book/2674733.html", "http://www.17k.com/book/2822076.html", "http://www.17k.com/book/2809894.html", "http://www.17k.com/book/2822077.html", "http://www.17k.com/book/2811930.html", "http://www.17k.com/book/2815548.html", "http://www.17k.com/book/2819620.html", "http://www.17k.com/book/2809964.html", "http://www.17k.com/book/2808200.html", "http://www.17k.com/book/2820100.html", "http://www.17k.com/book/2822978.html", "http://www.17k.com/book/2804337.html", "http://www.17k.com/book/2798814.html", "http://www.17k.com/book/2785153.html", "http://www.17k.com/book/2731559.html", "http://www.17k.com/book/2722533.html", "http://www.17k.com/book/2458377.html", "http://www.17k.com/book/2743300.html", "http://www.17k.com/book/973809.html", "http://www.17k.com/book/2651367.html", "http://www.17k.com/book/2726194.html", "http://www.17k.com/book/2790214.html", "http://www.17k.com/book/493239.html", "http://www.17k.com/book/108821.html", "http://www.17k.com/book/1398783.html", "http://www.17k.com/book/83528.html", "http://www.17k.com/book/1859126.html", "http://www.17k.com/book/1741975.html", "http://www.17k.com/book/192453.html", "http://www.17k.com/book/2459058.html", "http://www.17k.com/book/1050747.html", "http://www.17k.com/book/2700315.html", "http://www.17k.com/book/2818940.html", "http://www.17k.com/book/2819519.html", "http://www.17k.com/book/2816390.html", "http://www.17k.com/book/2819588.html", "http://www.17k.com/book/2813768.html", "http://www.17k.com/book/2822406.html", "http://www.17k.com/book/2772164.html", "http://www.17k.com/book/2784023.html", "http://www.17k.com/book/2811877.html", "http://www.17k.com/book/2809119.html", "http://www.17k.com/book/2803700.html", "http://www.17k.com/book/2819561.html", "http://www.17k.com/book/2746506.html", "http://www.17k.com/book/2811836.html", "http://www.17k.com/book/2614810.html", "http://www.17k.com/book/1592435.html", "http://www.17k.com/book/1949748.html", "http://www.17k.com/book/2265802.html", "http://www.17k.com/book/2743240.html", "http://www.17k.com/book/2657437.html", "http://www.17k.com/book/2644502.html", "http://www.17k.com/book/2199900.html", "http://www.17k.com/book/2725436.html", "http://www.17k.com/book/2629978.html"]}