{"ratings": -1, "userreviews": [], "description": "\u6211\u4ece\u59cb\u81f3\u7ec8\u90fd\u628a\u538c\u6076\u8868\u73b0\u5728\u8138\u4e0a\u3001\u60c5\u7eea\u3001\u884c\u52a8\u4e0a\u3002\u6211\u4e00\u76f4\u90fd\u5728\u62d2\u7edd\u4ed6\uff0c\u800c\u4ed6\u5374\u4e0d\u538c\u5176\u70e6\uff0c\u7ee7\u7eed\u70ed\u8138\u8d34\u51b7\u5c41\u80a1\u3002\u7ec8\u4e8e\uff0c\u6709\u4e00\u5929\u4ed6\u4e27\u547d\u4e86\uff0c\u5c3d\u7ba1\u4ed6\u662f\u4e3a\u4e86\u6551\u6211\uff0c\u6211\u5374\u6697\u81ea\u4e3a\u4ed6\u7684\u79bb\u4e16\u611f\u5230\u9ad8\u5174\uff0c\u6211\u7ec8\u4e8e\u4e0d\u7528\u518d\u9650\u5236\u4e8e\u4ed6\u4e86\u3002\u4e0d\u4f1a\u518d\u6709\u4e2a\u957f\u76f8\u4e11\u964b\uff0c\u795e\u7ecf\u75c5\u4e00\u6837\u7684\u4eba\u8f6c\u60a0\u5728\u6211\u7684\u8eab\u8fb9\u3002\u4f46\u8d8a\u5f80\u540e\u6211\u8d8a\u53d1\u73b0\u4ed6\u6839\u672c\u5c31\u6ca1\u6709\u79bb\u5f00\uff0c\u800c\u662f\u4ee5\u53e6\u4e00\u79cd\u72b6\u6001\u51fa\u73b0\u5728\u6211\u7684\u751f\u6d3b\u91cc\u2026\u2026", "title": "\u4ece\u6765\u90fd\u662f\u4f60\u4e4b\u8fc7", "url": "http://www.17k.com/book/2825375.html", "average": -1.0, "cover": "http://img.17k.com/images/bookcover/default_cover2.jpg", "reviews": 348, "authors": [{"url": "http://www.17k.com/zuozhe/44998264", "name": "\u61e6\u4f24"}], "type": ["\u7075\u5f02\u60ac\u7591"], "outlinks": ["http://www.17k.com/book/2794982.html", "http://www.17k.com/book/2801292.html", "http://www.17k.com/book/2816318.html", "http://www.17k.com/book/2797575.html", "http://www.17k.com/book/2802516.html", "http://www.17k.com/book/2812195.html", "http://www.17k.com/book/2820143.html", "http://www.17k.com/book/2807943.html", "http://www.17k.com/book/2813457.html", "http://www.17k.com/book/2798058.html", "http://www.17k.com/book/2815617.html", "http://www.17k.com/book/2805259.html", "http://www.17k.com/book/2760255.html", "http://www.17k.com/book/2686894.html", "http://www.17k.com/book/2797016.html", "http://www.17k.com/book/2767246.html", "http://www.17k.com/book/2764239.html", "http://www.17k.com/book/2754498.html", "http://www.17k.com/book/2754900.html", "http://www.17k.com/book/2625740.html", "http://www.17k.com/book/2213315.html", "http://www.17k.com/book/2402178.html", "http://www.17k.com/book/2691221.html", "http://www.17k.com/book/2210699.html", "http://www.17k.com/book/1797752.html", "http://www.17k.com/book/2575507.html", "http://www.17k.com/book/2705181.html", "http://www.17k.com/book/2702539.html", "http://www.17k.com/book/2474887.html", "http://www.17k.com/book/2674733.html", "http://www.17k.com/book/2822076.html", "http://www.17k.com/book/2809894.html", "http://www.17k.com/book/2822077.html", "http://www.17k.com/book/2811930.html", "http://www.17k.com/book/2815548.html", "http://www.17k.com/book/2819620.html", "http://www.17k.com/book/2809964.html", "http://www.17k.com/book/2808200.html", "http://www.17k.com/book/2820100.html", "http://www.17k.com/book/2822978.html", "http://www.17k.com/book/2804337.html", "http://www.17k.com/book/2798814.html", "http://www.17k.com/book/2785153.html", "http://www.17k.com/book/2731559.html", "http://www.17k.com/book/2722533.html", "http://www.17k.com/book/2458377.html", "http://www.17k.com/book/2743300.html", "http://www.17k.com/book/973809.html", "http://www.17k.com/book/2651367.html", "http://www.17k.com/book/2726194.html", "http://www.17k.com/book/2790214.html", "http://www.17k.com/book/493239.html", "http://www.17k.com/book/108821.html", "http://www.17k.com/book/1398783.html", "http://www.17k.com/book/83528.html", "http://www.17k.com/book/1859126.html", "http://www.17k.com/book/1741975.html", "http://www.17k.com/book/192453.html", "http://www.17k.com/book/2459058.html", "http://www.17k.com/book/1050747.html", "http://www.17k.com/book/2700315.html", "http://www.17k.com/book/2818940.html", "http://www.17k.com/book/2819519.html", "http://www.17k.com/book/2816390.html", "http://www.17k.com/book/2819588.html", "http://www.17k.com/book/2813768.html", "http://www.17k.com/book/2822406.html", "http://www.17k.com/book/2772164.html", "http://www.17k.com/book/2784023.html", "http://www.17k.com/book/2811877.html", "http://www.17k.com/book/2809119.html", "http://www.17k.com/book/2803700.html", "http://www.17k.com/book/2819561.html", "http://www.17k.com/book/2746506.html", "http://www.17k.com/book/2811836.html", "http://www.17k.com/book/2614810.html", "http://www.17k.com/book/1592435.html", "http://www.17k.com/book/1949748.html", "http://www.17k.com/book/2265802.html", "http://www.17k.com/book/2743240.html", "http://www.17k.com/book/2657437.html", "http://www.17k.com/book/2644502.html", "http://www.17k.com/book/2199900.html", "http://www.17k.com/book/2725436.html", "http://www.17k.com/book/2629978.html"]}