{"ratings": -1, "userreviews": [{"userName": "\u677f\u6817\u5927\u53d4", "userReviewDate": "2018-02-27", "userURL": "http://user.17k.com/58954324", "userReview": "\u643a<a target='_blank' href='http://www.17k.com/book/2757129.html'>\u300a\u8747\u5934\u5c0f\u540f\u767d\u656c\u793c\u300b</a>\u524d\u6765\u652f\u6301\uff0c\u4f60\u5199\u7684\u4e5f\u662f\u5b98\u573a\uff0c\u6211\u5199\u7684\u4e5f\u662f\uff0c\u8fd9\u7c7b\u6587\u7ae0\u7b7e\u7ea6\u6bd4\u8f83\u4e0d\u6613\uff0c\u8fd8\u671b\u575a\u6301\uff0c\u6bd5\u7adf\u4e66\u662f\u5199\u7ed9\u81ea\u5df1\u7684\uff01"}, {"userName": "\u5c0f\u5c0f\u8a00\u6cea", "userReviewDate": "2018-01-15", "userURL": "http://user.17k.com/48159428", "userReview": "\u4e0d\u6253\u7b97\u7b7e\u7ea6\u5417 \u5199\u5f97\u5f88\u597d\u7684"}, {"userName": "\u5c0f\u5c0f\u8a00\u6cea", "userReviewDate": "2018-01-14", "userURL": "http://user.17k.com/48159428", "userReview": "\u53ef\u4ee5\u7533\u8bf7\u5c01\u9762\u54c8"}, {"userName": "\u5c0f\u5c0f\u8a00\u6cea", "userReviewDate": "2017-12-16", "userURL": "http://user.17k.com/48159428", "userReview": "\u53ef\u4ee5\u7533\u8bf7\u5c01\u9762\u54e6"}, {"userName": "\u5c0f\u5c0f\u8a00\u6cea", "userReviewDate": "2017-12-08", "userURL": "http://user.17k.com/48159428", "userReview": "\u652f\u6301\u4f60"}, {"userName": "\u98de\u5929\u6d41\u4e91w", "userReviewDate": "2017-12-08", "userURL": "http://user.17k.com/58541187", "userReview": "<a target='_blank' href='http://www.17k.com/book/2731592.html'>\u300a\u5ca9\u8def\u300b</a>\u524d\u6765\u652f\u6301\uff0c\u6b22\u8fce\u56de\u8bbf\u3002"}, {"userName": "\u5ed6\u5927\u5e05", "userReviewDate": "2017-12-07", "userURL": "http://user.17k.com/57752109", "userReview": "\u5927\u5927\u4e2d\u5348\u597d\uff01\u660e\u6708\u643a<a target='_blank' href='http://www.17k.com/book/2681659.html'>\u300a\u91cd\u751f\u91d1\u5eb8\u5f02\u4e16\u754c\u300b</a>\u524d\u6765\u62dc\u8bbf\u5927\u5927\uff0c\u7ee7\u7eed\u52a0\u6cb9\uff01\u4e0e\u541b\u5171\u52c9\uff01"}, {"userName": "\u68a6\u788e\u51cc\u70df\u9601", "userReviewDate": "2017-12-05", "userURL": "http://user.17k.com/58642234", "userReview": "<a target='_blank' href='http://www.17k.com/book/2731039.html'>\u300a\u843d\u53f6\u5728\u79cb\u98ce\u91cc\u98de\u300b</a>\u524d\u6765\u62dc\u5c71\uff0c\u6c42\u8bc4\u8bba\uff0c\u6c42\u70b9\u51fb"}, {"userName": "\u601d\u5ff5\u5f52\u9014", "userReviewDate": "2017-10-28", "userURL": "http://user.17k.com/57760269", "userReview": "ss\u6c42\u5165\u5751\u6c42\u6536\u85cf<a target='_blank' href='http://www.17k.com/book/2695767.html'>\u300a\u6211\u7684\u5cb3\u7236\u5927\u5927\u662f\u960e\u738b\u300b</a>"}, {"userName": "\u5e9f\u589f\u5929\u591c\u6709\u5947\u8c2d", "userReviewDate": "2017-10-24", "userURL": "http://user.17k.com/57463065", "userReview": "7777<a target='_blank' href='http://www.17k.com/book/2695774.html'>\u300a\u6211\u6709\u4e00\u4e2a\u64a9\u59b9\u5927\u793c\u5305\u300b</a>\u524d\u6765\u62dc\u8bfb\uff0c\u5927\u4f5c\u6536\u85cf\uff01\u4e0e\u541b\u5171\u52c9\uff01"}, {"userName": "\u6211\u4e0d\u505a\u5c48\u539f", "userReviewDate": "2017-09-20", "userURL": "http://user.17k.com/55898262", "userReview": "<a target='_blank' href='http://www.17k.com/book/2662675.html'>\u300a\u955c\u4e2d\u5b98\u60c5\u300b</a>\u548c<a target='_blank' href='http://www.17k.com/book/2548498.html'>\u300a\u5929\u9053\u5546\u9014\u300b</a>\u4f5c\u8005\u7ed9\u4f60\u9001\u4e0a\u9c9c\u82b1\uff0c\u7ee7\u7eed\u52aa\u529b\u3002"}, {"userName": "\u8427\u8427\u98ce\u708e", "userReviewDate": "2017-07-29", "userURL": "http://user.17k.com/55348464", "userReview": "\u4f5c\u8005\u5927\u5927\u5f88\u4e0d\u5bb9\u6613\u554a\uff01\u52a0\u6cb9\uff0c\u5df2\u6536\u85cf\u3002"}, {"userName": "\u9752\u6728\u4e4b\u5e74\u534e", "userReviewDate": "2017-05-27", "userURL": "http://user.17k.com/55252248", "userReview": "<a target='_blank' href='http://www.17k.com/book/2501010.html'>\u300a\u6c38\u6052\u5e1d\u671d\u300b</a>\u524d\u6765\u62dc\u8bbf\u5927\u5927"}, {"userName": "\u4e5d\u4e5d\u8273\u9633\u5929\u5927\u4e66\u866b", "userReviewDate": "2017-01-03", "userURL": "http://user.17k.com/37777312", "userReview": "\u652f\u6301\u9ad8\u539f\uff0c\u66f4\u652f\u6301\u8d8a\u8fc7\u9ad8\u539f"}, {"userName": "\u6587\u66f2\u624d\u5973", "userReviewDate": "2016-12-27", "userURL": "http://user.17k.com/38137434", "userReview": "\u9519\u7efc\u590d\u6742\u7684\u5173\u7cfb\uff01\u52a0\u6cb9\u554a\uff01<a target='_blank' href='http://www.17k.com/book/2266364.html'>\u300a\u8be1\u5f02\u9752\u6625\u300b</a>\u4e3a\u4f60\u52a0\u6cb9\uff01"}, {"userName": "\u957f\u5f13\u672a\u592e", "userReviewDate": "2016-11-27", "userURL": "http://user.17k.com/51358894", "userReview": "\u771f\u4e0d\u5bb9\u6613\uff0c\u52a0\u6cb9\u5427\uff01"}, {"userName": "Orz&nbsp;~my heart", "userReviewDate": "2016-08-12", "userURL": "http://user.17k.com/48867304", "userReview": "\u52a0\u6cb9\uff0c\u9876<a target='_blank' href='http://www.17k.com/book/2062895.html'>\u300a\u539f\u77f3\u300b</a>"}, {"userName": "\u54c8\u8fa3\u5b50", "userReviewDate": "2016-08-08", "userURL": "http://user.17k.com/47491688", "userReview": "\u8fd9\u4e48\u591a\u5b57\u4e86\uff0c\u679c\u65ad\u6536\u85cf\uff01\u5199\u4e66\u4e0d\u6613\uff0c\u52a0\u6cb9\uff01\u4e5f\u6b22\u8fce\u4eb2\u4eec\u56de\u8bbf<a target='_blank' href='http://www.17k.com/book/1929832.html'>\u300a\u643a\u624b\u521b\u5927\u540c\u300b</a>\uff0c\u7ed9\u70b9\u652f\u6301\u548c\u9f13\u52b1\uff0c\u89c9\u5f97\u8fd8\u884c\u5c31\u6536\u85cf\u4e86\u54e6---\u8c22\u8c22\u4e86\uff01"}, {"userName": "\u6211\u662f\u79cb\u51a5", "userReviewDate": "2016-08-06", "userURL": "http://user.17k.com/43202116", "userReview": "\u6765\u6492\u6492\u82b1\uff0c\u52a0\u6cb9\uff01"}, {"userName": "\u5f7c\u5cb8\u82b1\u7e41", "userReviewDate": "2016-06-29", "userURL": "http://user.17k.com/47818509", "userReview": "\u5b98\u573a\u65b0\u4f5c<a target='_blank' href='http://www.17k.com/book/1957898.html'>\u300a\u60ca\u6d9b\u5982\u96ea\u300b</a>\u6765\u62dc\u5927\u795e\uff01\u4f5c\u54c1\u7b80\u4ecb\uff1a\u7d20\u6237\u5bd2\u95e8\uff0c\u7a77\u4e61\u50fb\u58e4\uff0c\u4e0d\u7518\u81ea\u5f03\u96c4\u5fc3\u58ee\u3002\u6168\u7136\u610f\u6c14\u4f17\u76f8\u968f\uff0c\u7ea2\u989c\u5a49\u4f34\u6b22\u60c5\u7545\u3002 \u5ba6\u6d77\u6c89\u6d6e\uff0c\u4ed5\u9014\u6765\u5f80\uff0c\u7f24\u7eb7\u7f2d\u4e71\u4e9b\u4e9b\u5c97\u3002\u60ca\u6d9b\u5982\u96ea\u8e0f\u957f\u6b4c\uff0c\u70df\u5e06\u8fc7\u5904\u9752\u838e\u8361\u3002"}], "description": "\u4ed6\u662f\u4e00\u540d\u666e\u901a\u7684\u6863\u6848\u8d44\u6599\u5458\uff0c\u6709\u5e78\u53c2\u52a0\u4e86\u53bf\u91cc\u7684\u5f55\u7528\u5e72\u90e8\u8003\u8bd5\uff0c\u8fd9\u610f\u5473\u7740\uff0c\u6539\u53d8\u547d\u8fd0\uff0c\u8fdb\u5165\u4ed5\u9014\u7684\u673a\u4f1a\u5c31\u5728\u773c\u524d\u3002\u3000\u3000\u4ed6\u8fdb\u4e86\u8003\u573a\uff0c\u8fce\u9762\u78b0\u4e0a\u4e86\u521d\u4e2d\u65f6\u7684\u8001\u540c\u5b66\uff0c\u987f\u65f6\u5446\u4f4f\u4e86\u3002\u3000\u3000\u5341\u56db\u5e74\u524d\uff0c\u5c31\u662f\u8fd9\u4f4d\u8001\u540c\u5b66\u7684\u4e00\u4e2a\u65e0\u7aef\u884c\u4e3a\uff0c\u628a\u4ed6\u7684\u5347\u5b66\u68a6\u6d3b\u6d3b\u65ad\u9001\u3002\u3000\u3000\u800c\u4eca\uff0c\u8fd9\u4f4d\u8001\u540c\u5b66\u5b98\u8fd0\u4ea8\u901a\uff0c\u5f53\u4e0a\u4e86\u4eba\u4e8b\u5c40\u5e72\u90e8\u80a1\u957f\uff0c\u53c8\u662f\u8fd9\u6b21\u8003\u8bd5\u7684\u8d1f\u8d23\u4eba\uff0c\u4e00\u6279\u4eba\uff08\u4e5f\u542b\u6709\u4ed6\uff09\u7684\u547d\u8fd0\uff0c\u638c\u63e1\u5728\u8001\u540c\u5b66\u624b\u91cc\u3002\u3000\u3000\u4ed6\u60f3\u8d77\u90a3\u53e4\u8001\u7684\u6b4c\u8c23\uff0c\u5c71\u4e0d\u8f6c\u6c34\u8f6c\uff0c\u6c34\u4e0d\u8f6c\u4eba\u8f6c\u2026\u2026\u4ed6\u60f3\u4ee5\u4e00\u9897\u5e73\u5e38\u5fc3\u5bf9\u5f85\u81ea\u5df1\uff0c\u4e5f\u4e0d\u76f8\u4fe1\u4ec0\u4e48\u547d\u8fd0\u4e3b\u5bb0\uff0c\u5e0c\u671b\u901a\u8fc7\u52aa\u529b\u62fc\u640f\u6765\u5b9e\u73b0\u81ea\u6211\uff0c\u953b\u9020\u4eba\u751f\u3002\u3000\u3000\u53ef\u662f\u2026\u2026\uff1f", "title": "\u4ece\u653f\u5178\u8303", "url": "http://www.17k.com/book/1754411.html", "average": -1.0, "cover": "http://img.17k.com/images/bookcover/2017/8772/43/1754411-1504855603000.jpg", "reviews": 50607, "authors": [{"url": "http://www.17k.com/zuozhe/45553973", "name": "\u8d8a\u8fc7\u9ad8\u539f"}], "type": ["\u5b98\u573a\u98ce\u4e91"], "outlinks": ["http://www.17k.com/book/2794982.html", "http://www.17k.com/book/2801292.html", "http://www.17k.com/book/2816318.html", "http://www.17k.com/book/2797575.html", "http://www.17k.com/book/2802516.html", "http://www.17k.com/book/2812195.html", "http://www.17k.com/book/2820143.html", "http://www.17k.com/book/2807943.html", "http://www.17k.com/book/2813457.html", "http://www.17k.com/book/2798058.html", "http://www.17k.com/book/2815617.html", "http://www.17k.com/book/2805259.html", "http://www.17k.com/book/2760255.html", "http://www.17k.com/book/2686894.html", "http://www.17k.com/book/2797016.html", "http://www.17k.com/book/2767246.html", "http://www.17k.com/book/2764239.html", "http://www.17k.com/book/2754498.html", "http://www.17k.com/book/2754900.html", "http://www.17k.com/book/2625740.html", "http://www.17k.com/book/2213315.html", "http://www.17k.com/book/2402178.html", "http://www.17k.com/book/2691221.html", "http://www.17k.com/book/2210699.html", "http://www.17k.com/book/1797752.html", "http://www.17k.com/book/2575507.html", "http://www.17k.com/book/2705181.html", "http://www.17k.com/book/2702539.html", "http://www.17k.com/book/2474887.html", "http://www.17k.com/book/2674733.html", "http://www.17k.com/book/2822076.html", "http://www.17k.com/book/2809894.html", "http://www.17k.com/book/2822077.html", "http://www.17k.com/book/2811930.html", "http://www.17k.com/book/2815548.html", "http://www.17k.com/book/2819620.html", "http://www.17k.com/book/2809964.html", "http://www.17k.com/book/2808200.html", "http://www.17k.com/book/2820100.html", "http://www.17k.com/book/2822978.html", "http://www.17k.com/book/2804337.html", "http://www.17k.com/book/2798814.html", "http://www.17k.com/book/2785153.html", "http://www.17k.com/book/2731559.html", "http://www.17k.com/book/2722533.html", "http://www.17k.com/book/2458377.html", "http://www.17k.com/book/2743300.html", "http://www.17k.com/book/973809.html", "http://www.17k.com/book/2651367.html", "http://www.17k.com/book/2726194.html", "http://www.17k.com/book/2790214.html", "http://www.17k.com/book/493239.html", "http://www.17k.com/book/108821.html", "http://www.17k.com/book/1398783.html", "http://www.17k.com/book/83528.html", "http://www.17k.com/book/1859126.html", "http://www.17k.com/book/1741975.html", "http://www.17k.com/book/192453.html", "http://www.17k.com/book/2459058.html", "http://www.17k.com/book/1050747.html", "http://www.17k.com/book/2700315.html", "http://www.17k.com/book/2818940.html", "http://www.17k.com/book/2819519.html", "http://www.17k.com/book/2816390.html", "http://www.17k.com/book/2819588.html", "http://www.17k.com/book/2813768.html", "http://www.17k.com/book/2822406.html", "http://www.17k.com/book/2772164.html", "http://www.17k.com/book/2784023.html", "http://www.17k.com/book/2811877.html", "http://www.17k.com/book/2809119.html", "http://www.17k.com/book/2803700.html", "http://www.17k.com/book/2819561.html", "http://www.17k.com/book/2746506.html", "http://www.17k.com/book/2811836.html", "http://www.17k.com/book/2614810.html", "http://www.17k.com/book/1592435.html", "http://www.17k.com/book/1949748.html", "http://www.17k.com/book/2265802.html", "http://www.17k.com/book/2743240.html", "http://www.17k.com/book/2657437.html", "http://www.17k.com/book/2644502.html", "http://www.17k.com/book/2199900.html", "http://www.17k.com/book/2725436.html", "http://www.17k.com/book/2629978.html"]}