{"ratings": -1, "userreviews": [{"userName": "\u9547\u80d6\u4e86\u4f60\u4eec", "userReviewDate": "2014-11-28", "userURL": "http://user.17k.com/15513751", "userReview": "\u4e00\u5e74\u7684\u65f6\u95f4\u771f\u7684\u5f88\u957f\uff0c\u8d70\u8fc7\u4e86\u597d\u5f88\u591a\uff0c\u4ece\u7b7e\u7ea6\uff0c\u5012\u4e0a\u67b6\uff0c\u5230\u73b0\u5728\u7684\u51e0\u767e\u4e07\u5b57\uff0c\u771f\u7684\u5f88\u4e0d\u5bb9\u6613\uff0c\u4f46\u662f\u6211\u575a\u6301\u4e86\u8fc7\u6765\uff0c\u611f\u8c22\u4e00\u76f4\u966a\u7740\u949f\u8868\u8d70\u8fc7\u6765\u7684\u8bfb\u8005\uff0c\u4f5c\u8005\uff0c\u670b\u53cb\u4eec\uff0c\u6211\u4f1a\u7ee7\u7eed\u52aa\u529b\uff0c\u628a\u6545\u4e8b\u5199\u597d\uff0c"}, {"userName": "\u72ec\u5750\u9493\u9c7c\u53f0", "userReviewDate": "2014-07-19", "userURL": "http://user.17k.com/32045240", "userReview": "\u949f\u8868\u548c\u6211\u7b97\u662f\u540c\u4e00\u7c7b\u4eba\uff0c\u66f4\u90fd\u662f\u4f53\u5236\u5185\u7684\u82e6\u903c\uff0c\u5899\u5916\u7684\u4eba\u90fd\u89c9\u5f97\u53ea\u8981\u662f\u516c\u52a1\u5458\u90fd\u662f\u9ed1\u7740\u826f\u5fc3\u635e\u94b1\u7684\u4e3b\uff0c\u53ef\u8ab0\u53c8\u660e\u767d\u50cf\u6211\u4eec\u8fd9\u6837\u6700\u5e95\u5c42\u7684\u82e6\uff0c\u8bd5\u95ee\u4e00\u4e2a\u67082000\u5de6\u53f3\u7684\u5de5\u8d44\u5728\u73b0\u5728\u7684\u7269\u4ef7\u4e0b\u80fd\u591f\u505a\u4ec0\u4e48\uff1f\u82e5\u771f\u6df7\u5f97\u4e0b\u53bb\uff0c\u53c8\u600e\u4e48\u80fd\u56de\u5230\u8fd9\u8001\u6a21\u5b50\u7f51\u7ad9\u4e0a\u6765\u5199<a target='_blank' href='http://www.17k.com/book/873209.html'>\u300a\u6743\u4e4b\u5dc5\u5cf0\u300b</a>\u8d5a\u4e9b\u5c0f\u94b1\uff0c\u5c3d\u7ba1\u73b0\u5728<a target='_blank' href='http://www.17k.com/book/873209.html'>\u300a\u6743\u4e4b\u5dc5\u5cf0\u300b</a>\u6839\u672c\u5c31\u8c08\u4e0d\u4e0a\u8d5a\u94b1\u800c\u8a00\uff0c\u6211\u4eec\u4e5f\u662f\u4eba\uff0c\u6211\u4eec\u4e5f\u90fd\u662f\u4fd7\u4eba\uff0c\u6211\u4eec\u4e5f\u662f\u5907\u53d7\u538b\u69a8\u7684\u4eba\uff0c\u5728\u5899\u91cc\uff0c\u5f88\u591a\u4e8b\u770b\u7684\u60ef\u4e5f\u7684\u770b\uff0c\u770b\u4e0d\u60ef\u4e5f\u5f97\u770b\uff0c\u8fd9\u5c31\u662f\u73b0\u5b9e\uff01\u53e6\u5916\uff0c**\u4e07\u5c81\uff0c\u5bb3\u7fa4\u4e4b\u9a6c\u4e00\u4e2a\u4e2a\u5012\u4e0b\u4e86\uff0c\u5e95\u5c42\u4eba\u6c11\u7684\u798f\u97f3\u5230\u4e86\uff01"}, {"userName": "\u9547\u80d6\u4e86\u4f60\u4eec", "userReviewDate": "2013-11-29", "userURL": "http://user.17k.com/15513751", "userReview": "\u65b0\u4e66\uff0c\u4ed5\u9014\u5dc5\u5cf0\u6765\u88ad\uff0c\u6c42\u6536\u85cf\uff0c\u6c42\u70b9\u51fb\uff0c\u6c42\u5404\u79cd\uff0c\u65b0\u4eba\u4e0d\u6613\uff0c\u4e92\u76f8\u652f\u6301\u4e00\u4e0b\u5427\uff0c\u5728\u96be\u4e5f\u8981\u5b8c\u672c\uff0c\u8fd9\u662f\u672c\u4eba\u7684\u4e00\u4e2a\u539f\u5219\uff0c\u5c0f\u8bf4\u7fa4\uff0c\u6b22\u8fce\u52a0\u5165246835683<a target='_blank' href='http://www.17k.com/book/712385.html'>\u300a\u4ed5\u9014\u5dc5\u5cf0\u300b</a>"}, {"userName": "17K\u4e66\u53cbi5pkt95k", "userReviewDate": "2018-06-03", "userURL": "http://user.17k.com/62071266", "userReview": "[\u6253\u8d4f]\u6211\u6253\u8d4f\u4e862\u5143\u7ea2\u5305\uff01\uff01"}, {"userName": "\u6d77\u738b\u661f310976636", "userReviewDate": "2018-05-31", "userURL": "http://user.17k.com/59481857", "userReview": "[\u6253\u8d4f]\u6211\u6253\u8d4f\u4e862\u5143\u7ea2\u5305\uff01\uff01"}, {"userName": "139****9378", "userReviewDate": "2018-05-29", "userURL": "http://user.17k.com/13575342", "userReview": "ffhhjjj"}, {"userName": "139****9378", "userReviewDate": "2018-05-28", "userURL": "http://user.17k.com/13575342", "userReview": "dfhhhui"}, {"userName": "139****9378", "userReviewDate": "2018-05-27", "userURL": "http://user.17k.com/13575342", "userReview": "eghjlkkye"}, {"userName": "139****9378", "userReviewDate": "2018-05-26", "userURL": "http://user.17k.com/13575342", "userReview": "fgghjjkkk"}, {"userName": "139****9378", "userReviewDate": "2018-05-23", "userURL": "http://user.17k.com/13575342", "userReview": "ghhjkkk"}, {"userName": "139****9378", "userReviewDate": "2018-05-22", "userURL": "http://user.17k.com/13575342", "userReview": "gkklssz"}, {"userName": "139****9378", "userReviewDate": "2018-05-21", "userURL": "http://user.17k.com/13575342", "userReview": "ffghhk"}, {"userName": "139****9378", "userReviewDate": "2018-05-19", "userURL": "http://user.17k.com/13575342", "userReview": "gghhhjk"}, {"userName": "17K\u4e66\u53cbb6adm9q2", "userReviewDate": "2018-05-16", "userURL": "http://user.17k.com/61828618", "userReview": "\u5199\u7684\u4e0d\u884c \u8fd8\u79cd\u9a6c"}, {"userName": "139****9378", "userReviewDate": "2018-05-13", "userURL": "http://user.17k.com/13575342", "userReview": "fgghjjkkk"}, {"userName": "\u96cd\u54e5236334327", "userReviewDate": "2018-05-04", "userURL": "http://user.17k.com/60436525", "userReview": "\u5199\u5f97\u7f57\u91cc\u5427\u55e6\u7684\uff0c\u770b\u4e0d\u4e0b\u53bb\u4e86\uff01"}, {"userName": "\u51ac\u5929849780159", "userReviewDate": "2018-04-04", "userURL": "http://user.17k.com/60889364", "userReview": "[\u6253\u8d4f]\u6211\u6253\u8d4f\u4e862\u5143\u7ea2\u5305\uff01\uff01"}, {"userName": "\u5144\u5168", "userReviewDate": "2018-03-27", "userURL": "http://user.17k.com/51423157", "userReview": "\u5230\u5199\u5f97\u53ef\u4ee5"}, {"userName": "\u6768\u535a\u7136", "userReviewDate": "2018-03-25", "userURL": "http://user.17k.com/53679948", "userReview": "\u9605\u8bfb\u7406\u89e3&#55357;&#56842;"}, {"userName": "\u6768\u535a\u7136", "userReviewDate": "2018-03-24", "userURL": "http://user.17k.com/53679948", "userReview": "\u5c3d\u5fc3\u9605\u8bfb\uff0c\u4eab\u53d7\u5b64\u72ec"}], "description": "\u65b0\u4e66\u300a\u5b98\u9053\u5dc5\u5cf0\u300b;\u53d1\u5e03\uff0c\u5404\u4f4d\u8bfb\u8005\u656c\u8bf7\u7559\u610f\uff0c\u5e0c\u671b\u5404\u4f4d\u8bfb\u8005\u6ee1\u610f\u3002\u5b98\u4e8c\u4ee3\u738b\u5929\u6210\u7ecf\u5386\u4e86\u7236\u4eb2\u5916\u9003\uff0c\u5973\u53cb\u80cc\u53db\uff0c\u5144\u5f1f\u79bb\u5f00\uff0c\u9762\u5bf9\u5982\u6b64\u6b8b\u9177\u7684\u4eba\u751f\uff0c\u738b\u5929\u6210\u9000\u65e0\u53ef\u9000\uff0c\u5c31\u7b97\u518d\u96be\u4e5f\u8981\u7ad9\u8d77\u6765\uff0c\u6bc5\u7136\u8fdb\u5165\u5b98\u573a\uff0c\u5f00\u59cb\u4e86\u81ea\u5df1\u7684\u5b98\u573a\u751f\u6daf\uff0c\u4ece\u4e61\u9547\u5e72\u90e8\u505a\u8d77\uff0c\u6709\u8fc7\u632b\u6298\uff0c\u6709\u8fc7\u6597\u4e89\uff0c\u6709\u8fc7\u538b\u6291\uff0c\u6709\u8fc7\u56f0\u60d1\uff0c\u66f4\u591a\u7684\u5947\u9047\uff0c\u5c0f\u817f\u5927\u817f\u4e00\u8d77\u62b1\uff0c\u4e14\u770b\u843d\u9b44\u5b98\u4e8c\u4ee3\u5982\u4f55\u89e3\u5f00\u7236\u4eb2\u7684\u79d8\u5bc6\uff0c\u5982\u4f55\u6276\u6447\u76f4\u4e0a\uff0c\u5e73\u6b65\u9752\u4e91\uff0c\u4e00\u6b65\u4e00\u6b65\u505a\u5230\u4f17\u4eba\u4ef0\u6155\u7684\u9ad8\u5b98\u3002\u3000\u3000\u7cbe\u5f69\u4e0d\u65ad\uff0c\u6fc0\u70c8\u5b98\u573a\uff0c\u6743\u8c0b\u5929\u4e0b\uff0c\u7eb5\u6a2a\u9a70\u9a8b\uff0c\u8c01\u4e0e\u4e89\u950b\u3002\u3000\u3000\u6743\u5229\u4e4b\u4e89\uff0c\u66f4\u6709\u4e3b\u89d2\u7684\u6b63\u9053\u738b\u9014\u3002\u3000\u3000\u672c\u4e66\u662f\u4f5c\u8005\u7684\u7b2c\u4e8c\u672c\u4e66\uff0c\u5b8c\u672c\u4fdd\u969c\uff0c\u653e\u5fc3\u6536\u85cf\uff0c\u653e\u5fc3\u6253\u8d4f\uff0c\u3000\u3000\u6b22\u8fce\u52a0\u5165\u5c0f\u8bf4\u7fa4\uff0c\u4f5c\u8005qq1970489198", "title": "\u4ed5\u9014\u5dc5\u5cf0", "url": "http://www.17k.com/book/712385.html", "average": -1.0, "cover": "http://img.17k.com/images/bookcover/2013/3561/17/712385-1386913336000.jpg", "reviews": 19991578, "authors": [{"url": "http://www.17k.com/zuozhe/15513751", "name": "\u949f\u8868"}], "type": ["\u5b98\u573a\u98ce\u4e91"], "outlinks": ["http://www.17k.com/book/2794982.html", "http://www.17k.com/book/2801292.html", "http://www.17k.com/book/2816318.html", "http://www.17k.com/book/2797575.html", "http://www.17k.com/book/2802516.html", "http://www.17k.com/book/2812195.html", "http://www.17k.com/book/2820143.html", "http://www.17k.com/book/2807943.html", "http://www.17k.com/book/2813457.html", "http://www.17k.com/book/2798058.html", "http://www.17k.com/book/2815617.html", "http://www.17k.com/book/2805259.html", "http://www.17k.com/book/2760255.html", "http://www.17k.com/book/2686894.html", "http://www.17k.com/book/2797016.html", "http://www.17k.com/book/2767246.html", "http://www.17k.com/book/2764239.html", "http://www.17k.com/book/2754498.html", "http://www.17k.com/book/2754900.html", "http://www.17k.com/book/2625740.html", "http://www.17k.com/book/2213315.html", "http://www.17k.com/book/2402178.html", "http://www.17k.com/book/2691221.html", "http://www.17k.com/book/2210699.html", "http://www.17k.com/book/1797752.html", "http://www.17k.com/book/2575507.html", "http://www.17k.com/book/2705181.html", "http://www.17k.com/book/2702539.html", "http://www.17k.com/book/2474887.html", "http://www.17k.com/book/2674733.html", "http://www.17k.com/book/2822076.html", "http://www.17k.com/book/2809894.html", "http://www.17k.com/book/2822077.html", "http://www.17k.com/book/2811930.html", "http://www.17k.com/book/2815548.html", "http://www.17k.com/book/2819620.html", "http://www.17k.com/book/2809964.html", "http://www.17k.com/book/2808200.html", "http://www.17k.com/book/2820100.html", "http://www.17k.com/book/2822978.html", "http://www.17k.com/book/2804337.html", "http://www.17k.com/book/2798814.html", "http://www.17k.com/book/2785153.html", "http://www.17k.com/book/2731559.html", "http://www.17k.com/book/2722533.html", "http://www.17k.com/book/2458377.html", "http://www.17k.com/book/2743300.html", "http://www.17k.com/book/973809.html", "http://www.17k.com/book/2651367.html", "http://www.17k.com/book/2726194.html", "http://www.17k.com/book/2790214.html", "http://www.17k.com/book/493239.html", "http://www.17k.com/book/108821.html", "http://www.17k.com/book/1398783.html", "http://www.17k.com/book/83528.html", "http://www.17k.com/book/1859126.html", "http://www.17k.com/book/1741975.html", "http://www.17k.com/book/192453.html", "http://www.17k.com/book/2459058.html", "http://www.17k.com/book/1050747.html", "http://www.17k.com/book/2700315.html", "http://www.17k.com/book/2818940.html", "http://www.17k.com/book/2819519.html", "http://www.17k.com/book/2816390.html", "http://www.17k.com/book/2819588.html", "http://www.17k.com/book/2813768.html", "http://www.17k.com/book/2822406.html", "http://www.17k.com/book/2772164.html", "http://www.17k.com/book/2784023.html", "http://www.17k.com/book/2811877.html", "http://www.17k.com/book/2809119.html", "http://www.17k.com/book/2803700.html", "http://www.17k.com/book/2819561.html", "http://www.17k.com/book/2746506.html", "http://www.17k.com/book/2811836.html", "http://www.17k.com/book/2614810.html", "http://www.17k.com/book/1592435.html", "http://www.17k.com/book/1949748.html", "http://www.17k.com/book/2265802.html", "http://www.17k.com/book/2743240.html", "http://www.17k.com/book/2657437.html", "http://www.17k.com/book/2644502.html", "http://www.17k.com/book/2199900.html", "http://www.17k.com/book/2725436.html", "http://www.17k.com/book/2629978.html"]}