{"ratings": -1, "userreviews": [], "description": "\u201c\u6211\u8981\u62dc\u5165\u8700\u5c71\u4ed9\u5730\uff0c\u5b66\u90a3\u5fa1\u5251\u4e4b\u672f\uff0c\u6f47\u6d12\u4eba\u95f4\uff01\u201d\u201c\u609f\u6027\u4e0d\u591f\u201d\u201c\u6211\u8981\u62dc\u5165\u5929\u5251\u95e8\uff0c\u5b66\u4e60\u5929\u5251\u672f\uff0c\u4ee3\u5929\u4f10\u9053\uff01\u201d\u201c\u609f\u6027\u4e0d\u591f\u201d\u2019\u201c\u6211\u8981\u53bb\u4e09\u6e05\u95e8\u5b66\u90a3\u672f\u58eb\u4e4b\u9053\uff0c\u62ef\u6551\u82cd\u751f\uff1f\u201d\u201c\u609f\u6027\u4e0d\u591f\u201d\u201c\u96be\u9053\u6211\u53ea\u80fd\u53bb\u90a3\u672b\u6d41\u5c0f\u6d3e\uff1f\u201d\u201c\u53ef\u4ee5\uff0c\u6742\u5f79\u505a\u8d77\u3002\u201d\u4fe1\u547d\u4e0d\u8ba4\u547d\uff0c\u4ee5\u624b\u4e2d\u4e09\u5c3a\u5251\uff0c\u72c2\u6b4c\u800c\u884c\u3002", "title": "\u4ed7\u5251\u72c2\u6b4c", "url": "http://www.17k.com/book/2835104.html", "average": -1.0, "cover": "http://img.17k.com/images/bookcover/default_cover1.jpg", "reviews": 28, "authors": [{"url": "http://www.17k.com/zuozhe/62071016", "name": "\u9ebb\u96c0\u8ffd\u96e8"}], "type": ["\u5947\u5e7b\u4fee\u771f"], "outlinks": ["http://www.17k.com/book/2794982.html", "http://www.17k.com/book/2801292.html", "http://www.17k.com/book/2816318.html", "http://www.17k.com/book/2797575.html", "http://www.17k.com/book/2802516.html", "http://www.17k.com/book/2812195.html", "http://www.17k.com/book/2820143.html", "http://www.17k.com/book/2807943.html", "http://www.17k.com/book/2813457.html", "http://www.17k.com/book/2798058.html", "http://www.17k.com/book/2815617.html", "http://www.17k.com/book/2805259.html", "http://www.17k.com/book/2760255.html", "http://www.17k.com/book/2686894.html", "http://www.17k.com/book/2797016.html", "http://www.17k.com/book/2767246.html", "http://www.17k.com/book/2764239.html", "http://www.17k.com/book/2754498.html", "http://www.17k.com/book/2754900.html", "http://www.17k.com/book/2625740.html", "http://www.17k.com/book/2213315.html", "http://www.17k.com/book/2402178.html", "http://www.17k.com/book/2691221.html", "http://www.17k.com/book/2210699.html", "http://www.17k.com/book/1797752.html", "http://www.17k.com/book/2575507.html", "http://www.17k.com/book/2705181.html", "http://www.17k.com/book/2702539.html", "http://www.17k.com/book/2474887.html", "http://www.17k.com/book/2674733.html", "http://www.17k.com/book/2822076.html", "http://www.17k.com/book/2809894.html", "http://www.17k.com/book/2822077.html", "http://www.17k.com/book/2811930.html", "http://www.17k.com/book/2815548.html", "http://www.17k.com/book/2819620.html", "http://www.17k.com/book/2809964.html", "http://www.17k.com/book/2808200.html", "http://www.17k.com/book/2820100.html", "http://www.17k.com/book/2822978.html", "http://www.17k.com/book/2804337.html", "http://www.17k.com/book/2798814.html", "http://www.17k.com/book/2785153.html", "http://www.17k.com/book/2731559.html", "http://www.17k.com/book/2722533.html", "http://www.17k.com/book/2458377.html", "http://www.17k.com/book/2743300.html", "http://www.17k.com/book/973809.html", "http://www.17k.com/book/2651367.html", "http://www.17k.com/book/2726194.html", "http://www.17k.com/book/2790214.html", "http://www.17k.com/book/493239.html", "http://www.17k.com/book/108821.html", "http://www.17k.com/book/1398783.html", "http://www.17k.com/book/83528.html", "http://www.17k.com/book/1859126.html", "http://www.17k.com/book/1741975.html", "http://www.17k.com/book/192453.html", "http://www.17k.com/book/2459058.html", "http://www.17k.com/book/1050747.html", "http://www.17k.com/book/2700315.html", "http://www.17k.com/book/2818940.html", "http://www.17k.com/book/2819519.html", "http://www.17k.com/book/2816390.html", "http://www.17k.com/book/2819588.html", "http://www.17k.com/book/2813768.html", "http://www.17k.com/book/2822406.html", "http://www.17k.com/book/2772164.html", "http://www.17k.com/book/2784023.html", "http://www.17k.com/book/2811877.html", "http://www.17k.com/book/2809119.html", "http://www.17k.com/book/2803700.html", "http://www.17k.com/book/2819561.html", "http://www.17k.com/book/2746506.html", "http://www.17k.com/book/2811836.html", "http://www.17k.com/book/2614810.html", "http://www.17k.com/book/1592435.html", "http://www.17k.com/book/1949748.html", "http://www.17k.com/book/2265802.html", "http://www.17k.com/book/2743240.html", "http://www.17k.com/book/2657437.html", "http://www.17k.com/book/2644502.html", "http://www.17k.com/book/2199900.html", "http://www.17k.com/book/2725436.html", "http://www.17k.com/book/2629978.html"]}