{"ratings": -1, "userreviews": [{"userName": "\u256d\u8721\u7b14X\u65b0`\u501f\u4e0b\u4f60\u7684\u88e4\u8869", "userReviewDate": "2018-06-08", "userURL": "http://user.17k.com/62597785", "userReview": "\u4f5c\u8005\u5199\u7684\u4e0d\u9519\uff0c\u7ee7\u7eed\u52a0\u6cb9\u5427<a target='_blank' href='http://user.17k.com/62605814'>@\u7f8e\u4eba\u4e5d\u6708</a>"}], "description": "\u5979\u662f\u795e\uff0c\u4ea6\u662f\u9b54\u3002\u3000\u3000\u5979\u751f\u6765\u5c31\u5e26\u7740\u6bc1\u5929\u706d\u5730\u7684\u715e\u6c14\uff0c\u5374\u53c8\u5e26\u7740\u62ef\u6551\u82cd\u751f\u7684\u4e00\u8eab\u6b63\u6c14\u3002\u3000\u3000\u4e91\u771f\u8bf4\uff1a\u5c0f\u963f\u7075\uff0c\u6210\u9b54\u6211\u4ece\u672a\u540e\u6094\uff0c\u53ea\u662f\u5269\u4e0b\u7684\u8def\u6211\u4e0d\u80fd\u966a\u4f60\u8d70\u4e86\u3002\u3000\u3000\u9065\u68a6\u8bf4\uff1a\u7075\u513f\uff0c\u6211\u60f3\u4f60\u518d\u966a\u6211\u53bb\u770b\u4e00\u6b21\u65e0\u5984\u5d16\u7684\u82b1\u6d77\u3002\u3000\u3000\u9b54\u7aef\u8bf4\uff1a\u7075\u513f\uff0c\u6211\u6b64\u751f\u552f\u72ec\u540e\u6094\u5e26\u4f60\u5165\u4e86\u9b54\u754c\u3002\u3000\u3000\u90fd\u714c\u8bf4\uff1a\u7075\u513f\uff0c\u522b\u54ed\uff0c\u6211\u4e0d\u75bc\u3002\u3000\u3000\u767d\u6cfd\u8bf4\uff1a\u7075\u513f\uff0c\u6211\u8fd9\u4e00\u751f\u5df2\u7ecf\u6d3b\u7684\u591f\u957f\u4e86\uff0c\u53ea\u8981\u4f60\u60f3\u8981\u7684\u6211\u90fd\u7ed9\u4f60\u3002\u3000\u3000\u5f53\u516d\u754c\u5bb9\u4e0d\u4e0b\u5979\u65f6\uff0c\u5979\u4ea6\u662f\u5bb9\u4e0d\u4e0b\u516d\u754c\u7684\u3002\u3000\u3000\u5979\u4ece\u672a\u5bb3\u8fc7\u522b\u4eba\uff0c\u4ed6\u4eec\u5374\u5bf9\u5979\u6b65\u6b65\u7d27\u903c\uff0c\u7231\u5979\u7684\u4eba\u4e00\u4e00\u79bb\u53bb\u3002\u3000\u3000\u5929\u4e0b\u82cd\u751f\u4ece\u6765\u90fd\u662f\u4e0e\u5979\u6ca1\u4ec0\u4e48\u5e72\u7cfb\u7684\u3002\u3000\u3000\u4e3a\u7231\u6210\u795e\uff0c\u4e3a\u7231\u6210\u9b54\u3002", "title": "\u4ed9\u4fa0\u60c5\u7f18\u4e4b\u6210\u9b54", "url": "http://www.17k.com/book/2836707.html", "average": -1.0, "cover": "http://img.17k.com/images/bookcover/default_cover.jpg", "reviews": 6, "authors": [{"url": "http://www.17k.com/zuozhe/62605814", "name": "\u7f8e\u4eba\u4e5d\u6708"}], "type": ["\u7384\u5e7b\u4ed9\u4fa0"], "outlinks": ["http://www.17k.com/book/2794982.html", "http://www.17k.com/book/2801292.html", "http://www.17k.com/book/2816318.html", "http://www.17k.com/book/2797575.html", "http://www.17k.com/book/2802516.html", "http://www.17k.com/book/2812195.html", "http://www.17k.com/book/2820143.html", "http://www.17k.com/book/2807943.html", "http://www.17k.com/book/2813457.html", "http://www.17k.com/book/2798058.html", "http://www.17k.com/book/2815617.html", "http://www.17k.com/book/2805259.html", "http://www.17k.com/book/2760255.html", "http://www.17k.com/book/2686894.html", "http://www.17k.com/book/2797016.html", "http://www.17k.com/book/2767246.html", "http://www.17k.com/book/2764239.html", "http://www.17k.com/book/2754498.html", "http://www.17k.com/book/2754900.html", "http://www.17k.com/book/2625740.html", "http://www.17k.com/book/2213315.html", "http://www.17k.com/book/2402178.html", "http://www.17k.com/book/2691221.html", "http://www.17k.com/book/2210699.html", "http://www.17k.com/book/1797752.html", "http://www.17k.com/book/2575507.html", "http://www.17k.com/book/2705181.html", "http://www.17k.com/book/2702539.html", "http://www.17k.com/book/2474887.html", "http://www.17k.com/book/2674733.html", "http://www.17k.com/book/2822076.html", "http://www.17k.com/book/2809894.html", "http://www.17k.com/book/2822077.html", "http://www.17k.com/book/2811930.html", "http://www.17k.com/book/2815548.html", "http://www.17k.com/book/2819620.html", "http://www.17k.com/book/2809964.html", "http://www.17k.com/book/2808200.html", "http://www.17k.com/book/2820100.html", "http://www.17k.com/book/2822978.html", "http://www.17k.com/book/2804337.html", "http://www.17k.com/book/2798814.html", "http://www.17k.com/book/2785153.html", "http://www.17k.com/book/2731559.html", "http://www.17k.com/book/2722533.html", "http://www.17k.com/book/2458377.html", "http://www.17k.com/book/2743300.html", "http://www.17k.com/book/973809.html", "http://www.17k.com/book/2651367.html", "http://www.17k.com/book/2726194.html", "http://www.17k.com/book/2790214.html", "http://www.17k.com/book/493239.html", "http://www.17k.com/book/108821.html", "http://www.17k.com/book/1398783.html", "http://www.17k.com/book/83528.html", "http://www.17k.com/book/1859126.html", "http://www.17k.com/book/1741975.html", "http://www.17k.com/book/192453.html", "http://www.17k.com/book/2459058.html", "http://www.17k.com/book/1050747.html", "http://www.17k.com/book/2700315.html", "http://www.17k.com/book/2818940.html", "http://www.17k.com/book/2819519.html", "http://www.17k.com/book/2816390.html", "http://www.17k.com/book/2819588.html", "http://www.17k.com/book/2813768.html", "http://www.17k.com/book/2822406.html", "http://www.17k.com/book/2772164.html", "http://www.17k.com/book/2784023.html", "http://www.17k.com/book/2811877.html", "http://www.17k.com/book/2809119.html", "http://www.17k.com/book/2803700.html", "http://www.17k.com/book/2819561.html", "http://www.17k.com/book/2746506.html", "http://www.17k.com/book/2811836.html", "http://www.17k.com/book/2614810.html", "http://www.17k.com/book/1592435.html", "http://www.17k.com/book/1949748.html", "http://www.17k.com/book/2265802.html", "http://www.17k.com/book/2743240.html", "http://www.17k.com/book/2657437.html", "http://www.17k.com/book/2644502.html", "http://www.17k.com/book/2199900.html", "http://www.17k.com/book/2725436.html", "http://www.17k.com/book/2629978.html"]}