{"ratings": -1, "userreviews": [{"userName": "\u4e03\u6708\u96ea\u4ed9\u541b", "userReviewDate": "2018-04-24", "userURL": "http://user.17k.com/7043329", "userReview": "<span style='color:red'>\u8ba2\u9605\u4e4b\u540e\u4f9d\u65e7\u770b\u4e0d\u4e86\u7684\uff0c\u6709\u4e24\u4e2a\u65b9\u6cd5\u89e3\u51b3\u3002\u7b2c\u4e00\u62db\u5ba2\u670d\u53cd\u5e94\uff0c\u7b2c\u4e8c\u6e05\u7406\u4e0b\u5ba2\u6237\u7aef\u7f13\u5b58\u3002\u4f60\u5728\u8fd9\u9a82\u89e3\u51b3\u4e0d\u4e86\u4efb\u4f55\u95ee\u9898\uff0c\u6bd5\u7adf\u6211\u53ea\u662f\u53d1\u4e66\u7684\uff0c\u7f51\u7ad9\u95ee\u9898\u6211\u89e3\u51b3\u4e0d\u4e86\uff0c\u9a82\u6211\u4e5f\u6ca1\u7528\u3002</span>"}, {"userName": "\u4e03\u6708\u96ea\u4ed9\u541b", "userReviewDate": "2018-03-20", "userURL": "http://user.17k.com/7043329", "userReview": "<span style='color:red'>\u8bf4\u660e\u4e00\u4e0b\uff0c\u672c\u4e66\u4e0d\u662f\u5305\u6708\u4e66\uff0c\u60f3\u8981\u5305\u6708\u770b\u4e66\u7684\u4e66\u53cb\u4eec\u5305\u6708\u524d\u5148\u786e\u8ba4\u4e00\u4e0b\uff0c\u4e00\u822c\u5305\u6708\u4e66\u524d\u9762\u4f1a\u201c\u5305\u6708\u201d\u4fe9\u5b57\uff0c\u7136\u800c\u672c\u4e66\u5e76\u6ca1\u6709</span>"}, {"userName": "\u4e93\u82b7", "userReviewDate": "2018-06-08", "userURL": "http://user.17k.com/62628985", "userReview": "\u840c\u65b0\u643a\u5e26\u5c0f\u8bf4<a target='_blank' href='http://www.17k.com/book/2836672.html'>\u300a\u5955\u9716\u300b</a>\u6765\u8bbf\uff01\u5927\u5bb6\u6367\u6367\u573a\uff0c\u8c22\u8c22\u3002"}, {"userName": "\u54af\u5728\u5bb6\u91cc", "userReviewDate": "2018-06-08", "userURL": "http://user.17k.com/62634899", "userReview": "\u770b\u556a\u556a\u9ec4\u8272\u7535\u5f71\u52a0\u5fae\u4fe1k07334"}, {"userName": "\u5929\u6daf\u4e00\u89d2365999247", "userReviewDate": "2018-06-08", "userURL": "http://user.17k.com/58661881", "userReview": "\u7b7e\u5230\u652f\u6301\u4e0b"}, {"userName": "\u5de6\u6c0f\u5c0f\u732a", "userReviewDate": "2018-06-08", "userURL": "http://user.17k.com/33807972", "userReview": "\u7b7e\u5230\u652f\u6301\uff0c\u559c\u6b22\uff0c\u6536\u85cf\u4e00\u4e2a"}, {"userName": "\u4e00SHAN", "userReviewDate": "2018-06-08", "userURL": "http://user.17k.com/58151868", "userReview": "\u8346\u68d8\u8c37\u6d82\u819c"}, {"userName": "T01AXe1T538CEVYQ", "userReviewDate": "2018-06-08", "userURL": "http://user.17k.com/52363696", "userReview": "\u652f\u6301\u652f\u6301\u652f\u6301\u652f\u6301\u652f\u6301\u652f\u6301\u652f\u6301"}, {"userName": "\u6c5f\u6e56\u6df7\u6df7643352343", "userReviewDate": "2018-06-08", "userURL": "http://user.17k.com/58682811", "userReview": "\u66f4\u65b0\u592a\u6162\u4e86"}, {"userName": "\u4e01\u76932", "userReviewDate": "2018-06-07", "userURL": "http://user.17k.com/55066110", "userReview": "\u300a\u795e\u52ab\u96be\u6e21\u300b\u524d\u6765\u62dc\u8bbf\u5b66\u4e60."}, {"userName": "\u4e00SHAN", "userReviewDate": "2018-06-07", "userURL": "http://user.17k.com/58151868", "userReview": "\u4e0b\u5c0f\u96e8\u5154\u5154wwwYY"}, {"userName": "\u5929\u6daf\u4e00\u89d2365999247", "userReviewDate": "2018-06-07", "userURL": "http://user.17k.com/58661881", "userReview": "\u7b7e\u5230\u652f\u6301\u4e0b"}, {"userName": "T01AXe1T538CEVYQ", "userReviewDate": "2018-06-07", "userURL": "http://user.17k.com/52363696", "userReview": "\u52a0\u6cb9\u52a0\u6cb9\u52a0\u6cb9\u52a0\u6cb9\u52a0\u6cb9"}, {"userName": "\u5e78\u798f\u5bb6777571177", "userReviewDate": "2018-06-07", "userURL": "http://user.17k.com/56917184", "userReview": "\u68c0\u9a8c\u68c0\u75ab\u5c40\u6709"}, {"userName": "\u6c5f\u6e56\u6df7\u6df7643352343", "userReviewDate": "2018-06-07", "userURL": "http://user.17k.com/58682811", "userReview": "\u52a0\u6cb9\u52a0\u6cb9\u54e6"}, {"userName": "0\u7af9\u6797\u542c\u98ce0", "userReviewDate": "2018-06-06", "userURL": "http://user.17k.com/60062436", "userReview": "\u5927\u795e\u2026\u2026\u6536\u85cf\u652f\u6301"}, {"userName": "\u5929\u6daf\u4e00\u89d2365999247", "userReviewDate": "2018-06-06", "userURL": "http://user.17k.com/58661881", "userReview": "\u7b7e\u5230\u652f\u6301\u4e0b"}, {"userName": "\u9b54\u5e7b\u517d", "userReviewDate": "2018-06-06", "userURL": "http://user.17k.com/6885580", "userReview": "\u5509\uff0c\u770b\u4e0d\u4e86\u4e86"}, {"userName": "\u4e00SHAN", "userReviewDate": "2018-06-06", "userURL": "http://user.17k.com/58151868", "userReview": "\u9ed8\u9ed8\u6d82\u6d82\u4e50\u54af\u54e6\u54e6\u5f04"}, {"userName": "\u6c5f\u6e56\u6df7\u6df7643352343", "userReviewDate": "2018-06-06", "userURL": "http://user.17k.com/58682811", "userReview": "\u52a0\u52a0\u6cb9\u52a0\u6cb9\u54e6"}], "description": "\u5341\u4e07\u5e74\u524d\uff0c\u8bf8\u4ed9\u5927\u6218\uff0c\u4e07\u4ed9\u9668\u706d\uff0c\u4ed9\u9053\u65ad\u7edd\uff0c\u4ed9\u754c\u5f53\u4e2d\u4ed9\u5893\u6797\u7acb\u3002\u3000\u3000\u5341\u4e07\u5e74\u540e\uff0c\u6478\u91d1\u6821\u5c09\u643a\u300a\u751f\u6b7b\u5929\u4e66\u300b\u964d\u4e34\u4ed9\u754c\u3002\u3000\u3000\u2026\u2026\u3000\u3000\u201c\u5893\uff0c\u4e0d\u662f\u8fd9\u4e48\u76d7\u7684\uff01\u201d\u3000\u3000\u9646\u4e91\u770b\u7740\u53e4\u4ed9\u5893\u4e2d\u624b\u5fd9\u811a\u4e71\u7684\u4ed9\u4eba\uff0c\u5fae\u5fae\u4e00\u7b11\uff1a\u201c\u60f3\u5b66\u5417\uff1f\u6211\u6559\u4f60\u4eec\u554a\u3002\u201d\u3000\u3000\u2026\u2026", "title": "\u4ed9\u5893", "url": "http://www.17k.com/book/2672823.html", "average": -1.0, "cover": "http://img.17k.com/images/bookcover/2017/13364/66/2672823-1506424962000.jpg", "reviews": 1798919, "authors": [{"url": "http://www.17k.com/zuozhe/7043329", "name": "\u4e03\u6708\u96ea\u4ed9\u4eba"}], "type": ["\u5947\u5e7b\u4fee\u771f"], "outlinks": ["http://www.17k.com/book/2794982.html", "http://www.17k.com/book/2801292.html", "http://www.17k.com/book/2816318.html", "http://www.17k.com/book/2797575.html", "http://www.17k.com/book/2802516.html", "http://www.17k.com/book/2812195.html", "http://www.17k.com/book/2820143.html", "http://www.17k.com/book/2807943.html", "http://www.17k.com/book/2813457.html", "http://www.17k.com/book/2798058.html", "http://www.17k.com/book/2815617.html", "http://www.17k.com/book/2805259.html", "http://www.17k.com/book/2760255.html", "http://www.17k.com/book/2686894.html", "http://www.17k.com/book/2797016.html", "http://www.17k.com/book/2767246.html", "http://www.17k.com/book/2764239.html", "http://www.17k.com/book/2754498.html", "http://www.17k.com/book/2754900.html", "http://www.17k.com/book/2625740.html", "http://www.17k.com/book/2213315.html", "http://www.17k.com/book/2402178.html", "http://www.17k.com/book/2691221.html", "http://www.17k.com/book/2210699.html", "http://www.17k.com/book/1797752.html", "http://www.17k.com/book/2575507.html", "http://www.17k.com/book/2705181.html", "http://www.17k.com/book/2702539.html", "http://www.17k.com/book/2474887.html", "http://www.17k.com/book/2674733.html", "http://www.17k.com/book/2822076.html", "http://www.17k.com/book/2809894.html", "http://www.17k.com/book/2822077.html", "http://www.17k.com/book/2811930.html", "http://www.17k.com/book/2815548.html", "http://www.17k.com/book/2819620.html", "http://www.17k.com/book/2809964.html", "http://www.17k.com/book/2808200.html", "http://www.17k.com/book/2820100.html", "http://www.17k.com/book/2822978.html", "http://www.17k.com/book/2804337.html", "http://www.17k.com/book/2798814.html", "http://www.17k.com/book/2785153.html", "http://www.17k.com/book/2731559.html", "http://www.17k.com/book/2722533.html", "http://www.17k.com/book/2458377.html", "http://www.17k.com/book/2743300.html", "http://www.17k.com/book/973809.html", "http://www.17k.com/book/2651367.html", "http://www.17k.com/book/2726194.html", "http://www.17k.com/book/2790214.html", "http://www.17k.com/book/493239.html", "http://www.17k.com/book/108821.html", "http://www.17k.com/book/1398783.html", "http://www.17k.com/book/83528.html", "http://www.17k.com/book/1859126.html", "http://www.17k.com/book/1741975.html", "http://www.17k.com/book/192453.html", "http://www.17k.com/book/2459058.html", "http://www.17k.com/book/1050747.html", "http://www.17k.com/book/2700315.html", "http://www.17k.com/book/2818940.html", "http://www.17k.com/book/2819519.html", "http://www.17k.com/book/2816390.html", "http://www.17k.com/book/2819588.html", "http://www.17k.com/book/2813768.html", "http://www.17k.com/book/2822406.html", "http://www.17k.com/book/2772164.html", "http://www.17k.com/book/2784023.html", "http://www.17k.com/book/2811877.html", "http://www.17k.com/book/2809119.html", "http://www.17k.com/book/2803700.html", "http://www.17k.com/book/2819561.html", "http://www.17k.com/book/2746506.html", "http://www.17k.com/book/2811836.html", "http://www.17k.com/book/2614810.html", "http://www.17k.com/book/1592435.html", "http://www.17k.com/book/1949748.html", "http://www.17k.com/book/2265802.html", "http://www.17k.com/book/2743240.html", "http://www.17k.com/book/2657437.html", "http://www.17k.com/book/2644502.html", "http://www.17k.com/book/2199900.html", "http://www.17k.com/book/2725436.html", "http://www.17k.com/book/2629978.html"]}