{"ratings": -1, "userreviews": [{"userName": "\u9752\u57ce\u4e4b\u604b", "userReviewDate": "2012-12-08", "userURL": "http://user.17k.com/3072379", "userReview": "\u5f04\u4e2a\u5e7f\u544a\u697c\uff01\n\n\n\u51b0\u5929\u96ea\u5730\u7684\uff0c\u5916\u9762\u5f88\u5371\u9669\u2026\u2026"}, {"userName": "\u4e1c\u5357\u897f\u5317\u98cedj887152902", "userReviewDate": "2018-06-04", "userURL": "http://user.17k.com/54497674", "userReview": "66666"}, {"userName": "\u4e1c\u5357\u897f\u5317\u98cedj887152902", "userReviewDate": "2018-05-28", "userURL": "http://user.17k.com/54497674", "userReview": "66666"}, {"userName": "\u4e1c\u5357\u897f\u5317\u98cedj887152902", "userReviewDate": "2018-05-21", "userURL": "http://user.17k.com/54497674", "userReview": "66666"}, {"userName": "17K\u4e66\u53cb9BDAKMTR", "userReviewDate": "2018-05-18", "userURL": "http://user.17k.com/61897865", "userReview": "\u4fee\u4ed9\u4e0d\u4f1a\u641c\u9b42\uff0c\u8fd8\u4fee\u4ec0\u4e48\u52b2"}, {"userName": "\u4e1c\u5357\u897f\u5317\u98cedj887152902", "userReviewDate": "2018-05-03", "userURL": "http://user.17k.com/54497674", "userReview": "66666"}, {"userName": "\u6625\u4ece\u6625\u6e38623458442", "userReviewDate": "2018-04-24", "userURL": "http://user.17k.com/46311156", "userReview": "\u770b\u4e86\u51e0\u7ae0\u88ab\u4f5c\u8005\u7684\u667a\u5546\u6253\u8d25\u4e86\uff01\u56db\u4e2a\u7b51\u57fa\u88ab\u51e0\u4e2a\u70bc\u6c14\u6253\uff0c\u597d\u5427\u4eba\u5bb6\u613f\u610f\u88ab\u6253\uff0c\u53ef\u4ee5\u539f\u8c05\u4f60\u3002\u7136\u540e\u56db\u4eba\u88ab\u4fee\u4e3a\u4f4e\u4e8e\u81ea\u5df1\u597d\u591a\u7684\u4e3b\u89d2\u66b4\u6253\uff0c\u6253\u5230\u8ba9\u4eba\u6000\u7591\u4eba\u751f\uff0c\u542c\u8bf4\u732a\u811a\u662f\u5e9f\u6750\uff0c\u96be\u9053\u4fee\u4e3a\u8d8a\u4f4e\u8d8a\u725b\u903c\uff1f\u6cea\u6d41\u6ee1\u9762\u554a\uff0c\u667a\u5546\u7740\u6025\u5b9e\u5728\u6ca1\u6cd5\u770b\u4e0b\u53bb\uff0c\u5439\u725b\u4e5f\u6253\u4e2a\u8349\u7a3f\u597d\u5417\uff1f"}, {"userName": "\u6211\u53d6\u4e2a\u540d\u5bb9\u6613\u5417", "userReviewDate": "2018-04-23", "userURL": "http://user.17k.com/58083406", "userReview": "\u770b\u7684\u597d\u7d2f\uff0c\u521a\u5f00\u59cb\u89c9\u5f97\u5f88\u597d\uff0c\u5230\u540e\u9762\u4e00\u76f4\u6253\u8d77\u6765\u5f04\u5f97\u6253\u6765\u6253\u53bb\u7684\u6ca1\u5565\u770b\u70b9\u4e86\u3002"}, {"userName": "\u6e38\u79bb268103075", "userReviewDate": "2018-04-21", "userURL": "http://user.17k.com/55397555", "userReview": "\u4ece192\u8d26\u76f4\u63a5\u5230564\u8d26\u4f5c\u8005\u4f60\u8fd9\u4e5f\u592a\u90a3\u5565\u4e86\u5427\uff0c\u521a\u5f97\u6211\u90fd\u8854\u63a5\u4e0d\u4e86\u4e86\uff0c\u600e\u4e48\u770b\u5f97\u4e0b\u53bb\u5566"}, {"userName": "\u8001\u8bb8300224662", "userReviewDate": "2018-04-07", "userURL": "http://user.17k.com/60904074", "userReview": "[\u6253\u8d4f]\u6211\u6253\u8d4f\u4e862\u5143\u7ea2\u5305\uff01\uff01"}, {"userName": "17K\u4e66\u53cb9xltrcta", "userReviewDate": "2018-03-22", "userURL": "http://user.17k.com/55651954", "userReview": "\u6587\u7b14\u4e00\u822c\u3002"}, {"userName": "\u50b2\u5a07\u9b3c459405462", "userReviewDate": "2018-03-12", "userURL": "http://user.17k.com/60120749", "userReview": "\u65b0\u4eba\u633d\u541b\u9752\u4e1d\u643a\u65b0\u4e66<a target='_blank' href='http://www.17k.com/book/2783347.html'>\u300a\u4e5d\u5dde\u6ce3\u51e4\u5f52\u300b</a>\u6765\u8d3a\u4e86[\u73ab\u7470]\u8bf7\u5927\u5bb6\u591a\u591a\u6307\u6559[\u574f\u7b11]"}, {"userName": "\u6de1\u7b11\u770b\u4eba\u751f", "userReviewDate": "2018-03-11", "userURL": "http://user.17k.com/45473276", "userReview": "<a target='_blank' href='http://www.17k.com/book/1728734.html'>\u300a\u8d5a\u94b1\u8bb0\u300b</a>\u795d\u5927\u5927\u4f5c\u54c1\u5982\u96e8\u540e\u6625\u7b0b\uff0c\u8c31\u5199\uff08\u91d1\uff09\u5f69\u4eba\u751f\u3002"}, {"userName": "\u50b2\u5a07\u9b3c459405462", "userReviewDate": "2018-02-27", "userURL": "http://user.17k.com/60120749", "userReview": "\u65b0\u4eba\u633d\u541b\u9752\u4e1d\u643a\u65b0\u4e66<a target='_blank' href='http://www.17k.com/book/2783347.html'>\u300a\u4e5d\u5dde\u6ce3\u51e4\u5f52\u300b</a>\u6765\u8d3a\u4e86[\u73ab\u7470]\u8bf7\u5927\u5bb6\u591a\u591a\u6307\u6559[\u574f\u7b11]"}, {"userName": "\u4e1c\u5357\u897f\u5317\u98cedj887152902", "userReviewDate": "2018-02-24", "userURL": "http://user.17k.com/54497674", "userReview": "66666"}, {"userName": "\u4e1c\u5357\u897f\u5317\u98cedj887152902", "userReviewDate": "2018-02-15", "userURL": "http://user.17k.com/54497674", "userReview": "\u5199\u7684\u5f88\u4e0d\u9519"}, {"userName": "\u70ed\u6d77\u6c90\u9633", "userReviewDate": "2018-01-24", "userURL": "http://user.17k.com/58610453", "userReview": "<a target='_blank' href='http://www.17k.com/book/2729786.html'>\u300a\u6211\u8fd9\u4e9b\u5e74\u7684\u4fee\u4ed9\u6545\u4e8b\u300b</a>\u6765\u8bbf\u652f\u6301\uff0c\u7ed9\u5927\u5927\u589e\u52a0\u70b9\u4eba\u6c14\uff0c\u5927\u5927\u52a0\u6cb9\u3002\u5404\u4f4d\u4e66\u53cb\u53ef\u4ee5\u770b\u4e0b\u6211\u7684\u4f5c\u54c1\uff0c\u65b0\u4eba\u6c42\u652f\u6301\u3002"}, {"userName": "\u70ed\u6d77\u6c90\u9633", "userReviewDate": "2018-01-24", "userURL": "http://user.17k.com/58610453", "userReview": "<a target='_blank' href='http://www.17k.com/book/2729786.html'>\u300a\u6211\u8fd9\u4e9b\u5e74\u7684\u4fee\u4ed9\u6545\u4e8b\u300b</a>\u6765\u8bbf\u652f\u6301\uff0c\u7ed9\u5927\u5927\u589e\u52a0\u70b9\u4eba\u6c14\uff0c\u5927\u5927\u52a0\u6cb9\u3002\u5404\u4f4d\u4e66\u53cb\u53ef\u4ee5\u770b\u4e0b\u6211\u7684\u4f5c\u54c1\uff0c\u65b0\u4eba\u6c42\u652f\u6301\u3002"}, {"userName": "\u4e66\u751f770543858", "userReviewDate": "2018-01-21", "userURL": "http://user.17k.com/59512847", "userReview": "\u600e\u4e48\u8ddf\u4e5e\u4e10\u662f\u7684\uff0c\u8981\u94b1\uff1f\uff1f\u4f5c\u8005\u7801\u5b57\u4e0d\u6613\uff0c\uff0c\uff0c"}, {"userName": "kool\u6377", "userReviewDate": "2018-01-18", "userURL": "http://user.17k.com/56730892", "userReview": "\u63a8\u8350\u4e00\u672c\u597d\u770b\u7684\u4e66<a target='_blank' href='http://www.17k.com/book/2551937.html'>\u300a\u8d85\u65b0\u4eba\u300b</a>\uff0c\u8bf7\u591a\u591a\u652f\u6301\uff0c\u6765\u4e2a\u6536\u85cf\u5427\uff01"}], "description": "\u5076\u7136\u8fdb\u5165\u4fee\u4ed9\u754c\uff0c\u590f\u542f\u672c\u60f3\u5982\u68a6\u60f3\u822c\u900d\u9065\u5929\u5730\uff0c\u5374\u53d1\u73b0\u81ea\u5df1\u8eab\u5177\u4e94\u884c\u6df7\u6742\u7684\u4f4e\u52a3\u7075\u6839\uff0c\u4fee\u70bc\u7f13\u6162\uff0c\u4e00\u751f\u90fd\u96be\u6709\u6210\u5c31\uff01\u3000\u3000\u5929\u8d44\u4f4e\u52a3\uff0c\u5374\u504f\u504f\u77e5\u6653\u4e00\u4e2a\u8fde\u4ed9\u4eba\u90fd\u8981\u773c\u7ea2\u7684\u85cf\u5b9d\u4e4b\u5bc6\uff0c\u8fd8\u672a\u5728\u4fee\u4ed9\u754c\u900d\u9065\u51e0\u5929\uff0c\u4fbf\u53d1\u73b0\u6b65\u6b65\u5371\u673a\uff0c\u5929\u4e0b\u7686\u654c\uff01\u3000\u3000\u4e00\u5ea7\u4ed9\u5e9c\u51fa\u73b0\uff0c\u4ece\u6b64\u6539\u53d8\u590f\u542f\u7684\u547d\u8fd0\uff01\u3000\u3000\u57f9\u80b2\u7075\u8349\uff0c\u70bc\u5236\u4e39\u836f\uff0c\u5929\u8d44\u5dee\u53c8\u80fd\u600e\u4e48\u6837\uff1f\u3000\u3000\u6d77\u91cf\u7075\u4e39\uff0c\u541e\u5165\u8179\u4e2d\uff0c\u4fee\u4e3a\u7167\u6837\u9ad8\u6b4c\u731b\u8fdb\uff01\u3000\u3000\u79cd\u7075\u8349\uff0c\u541e\u7075\u4e39\uff0c\u811a\u8e0f\u5404\u79cd\u5929\u624d\uff01\u3000\u3000\u6597\u4ed9\u4eba\uff0c\u964d\u51f6\u9b54\uff0c\u4e00\u8def\u6a2a\u884c\u9738\u9053\uff01\u3000\u3000\u6000\u62b1\u7f8e\u5973\uff0c\u811a\u8e0f\u654c\u4eba\uff0c\u900d\u9065\u5929\u5730\uff01\u3000\u3000\u3010\u5410\u8840\u6c42\u4e00\u5207\uff01\u66f4\u65b0\u6709\u4fdd\u8bc1\uff01\u3011", "title": "\u4ed9\u5e9c", "url": "http://www.17k.com/book/397583.html", "average": -1.0, "cover": "http://img.17k.com/images/bookcover/2012/1987/9/397583.jpg", "reviews": 6587553, "authors": [{"url": "http://www.17k.com/zuozhe/3072379", "name": "\u9752\u57ce\u4e4b\u604b"}], "type": ["\u53e4\u5178\u4ed9\u4fa0"], "outlinks": ["http://www.17k.com/book/2794982.html", "http://www.17k.com/book/2801292.html", "http://www.17k.com/book/2816318.html", "http://www.17k.com/book/2797575.html", "http://www.17k.com/book/2802516.html", "http://www.17k.com/book/2812195.html", "http://www.17k.com/book/2820143.html", "http://www.17k.com/book/2807943.html", "http://www.17k.com/book/2813457.html", "http://www.17k.com/book/2798058.html", "http://www.17k.com/book/2815617.html", "http://www.17k.com/book/2805259.html", "http://www.17k.com/book/2760255.html", "http://www.17k.com/book/2686894.html", "http://www.17k.com/book/2797016.html", "http://www.17k.com/book/2767246.html", "http://www.17k.com/book/2764239.html", "http://www.17k.com/book/2754498.html", "http://www.17k.com/book/2754900.html", "http://www.17k.com/book/2625740.html", "http://www.17k.com/book/2213315.html", "http://www.17k.com/book/2402178.html", "http://www.17k.com/book/2691221.html", "http://www.17k.com/book/2210699.html", "http://www.17k.com/book/1797752.html", "http://www.17k.com/book/2575507.html", "http://www.17k.com/book/2705181.html", "http://www.17k.com/book/2702539.html", "http://www.17k.com/book/2474887.html", "http://www.17k.com/book/2674733.html", "http://www.17k.com/book/2822076.html", "http://www.17k.com/book/2809894.html", "http://www.17k.com/book/2822077.html", "http://www.17k.com/book/2811930.html", "http://www.17k.com/book/2815548.html", "http://www.17k.com/book/2819620.html", "http://www.17k.com/book/2809964.html", "http://www.17k.com/book/2808200.html", "http://www.17k.com/book/2820100.html", "http://www.17k.com/book/2822978.html", "http://www.17k.com/book/2804337.html", "http://www.17k.com/book/2798814.html", "http://www.17k.com/book/2785153.html", "http://www.17k.com/book/2731559.html", "http://www.17k.com/book/2722533.html", "http://www.17k.com/book/2458377.html", "http://www.17k.com/book/2743300.html", "http://www.17k.com/book/973809.html", "http://www.17k.com/book/2651367.html", "http://www.17k.com/book/2726194.html", "http://www.17k.com/book/2790214.html", "http://www.17k.com/book/493239.html", "http://www.17k.com/book/108821.html", "http://www.17k.com/book/1398783.html", "http://www.17k.com/book/83528.html", "http://www.17k.com/book/1859126.html", "http://www.17k.com/book/1741975.html", "http://www.17k.com/book/192453.html", "http://www.17k.com/book/2459058.html", "http://www.17k.com/book/1050747.html", "http://www.17k.com/book/2700315.html", "http://www.17k.com/book/2818940.html", "http://www.17k.com/book/2819519.html", "http://www.17k.com/book/2816390.html", "http://www.17k.com/book/2819588.html", "http://www.17k.com/book/2813768.html", "http://www.17k.com/book/2822406.html", "http://www.17k.com/book/2772164.html", "http://www.17k.com/book/2784023.html", "http://www.17k.com/book/2811877.html", "http://www.17k.com/book/2809119.html", "http://www.17k.com/book/2803700.html", "http://www.17k.com/book/2819561.html", "http://www.17k.com/book/2746506.html", "http://www.17k.com/book/2811836.html", "http://www.17k.com/book/2614810.html", "http://www.17k.com/book/1592435.html", "http://www.17k.com/book/1949748.html", "http://www.17k.com/book/2265802.html", "http://www.17k.com/book/2743240.html", "http://www.17k.com/book/2657437.html", "http://www.17k.com/book/2644502.html", "http://www.17k.com/book/2199900.html", "http://www.17k.com/book/2725436.html", "http://www.17k.com/book/2629978.html"]}