{"ratings": -1, "userreviews": [{"userName": "\u73af\u73af\u4e00\u8885\u695a\u5bab\u8170", "userReviewDate": "2018-05-31", "userURL": "http://user.17k.com/59811233", "userReview": "\u6700\u7f8e\u597d\u7684\u751f\u6d3b\u65b9\u5f0f\uff0c \u4e0d\u662f\u8eba\u5728\u5e8a\u4e0a\u7761\u5230\u81ea\u7136\u9192\uff0c \u4e5f\u4e0d\u662f\u5750\u5728\u5bb6\u91cc\u65e0\u6240\u4e8b\u4e8b\uff0c \u66f4\u4e0d\u662f\u8d70\u5728\u8857\u4e0a\u968f\u610f\u8d2d\u7269\uff1b \u800c\u662f\uff0c\u548c\u4e00\u7fa4\u5fd7\u540c\u9053\u5408\u7684\u4eba\uff0c \u4e00\u8d77\u5954\u8dd1\u5728\u7406\u60f3\u7684\u8def\u4e0a\uff0c \u56de\u5934\u6709\u4e00\u8def\u7684\u6545\u4e8b\uff0c \u4f4e\u5934\u6709\u575a\u5b9a\u7684\u811a\u6b65\uff0c \u62ac\u5934\u6709\u6e05\u6670\u7684\u8fdc\u65b9\uff01"}, {"userName": "\u8c37\u6eaa", "userReviewDate": "2018-05-30", "userURL": "http://user.17k.com/45854448", "userReview": "\u6258\u94b5\u50e7\u4e5f\uff01\u6b64\u4e66\u5999\u8bed\u6a2a\u751f\uff0c\u8bd7\u8bcd\u4ff1\u4f73\uff0c\u6545\u4e8b\u524d\u547c\u540e\u5e94\uff0c\u60c5\u8282\u8dcc\u5b95\u5ef6\u7ef5\uff0c\u4eba\u7269\u523b\u753b\u7ec6\u81f4\uff1b\u867d\u4e3a\u7384\u5e7b\uff0c\u5374\u4e0d\u843d\u4fd7\u5957\uff0c\u8fd9\u624d\u662f\u771f\u6b63\u7684\u6587\u5b66\u4f5c\u54c1\uff01\u610f\u65e0\u606d\u7ef4\u4e4b\u8a00\uff1a\u6b64\u552f\u582a\u79f0\u5927\u795e\u91cf\u7ea7\u3002"}, {"userName": "\u5415\u5c0f\u56db", "userReviewDate": "2018-05-27", "userURL": "http://user.17k.com/54077319", "userReview": "\u4f60\u8fd9\u4e66\u5199\u7684\u771f\u4e0d\u548b\u5730\uff01\u90fd\u53eb\u4eba\u6ca1\u6709\u770b\u4e0b\u53bb\u7684\u6b32\u671b\uff01\u8bcd\u7529\u7684\u4e71\u4e03\u516b\u7cdf"}, {"userName": "\u5bbf\u4ebf\u7434", "userReviewDate": "2018-01-25", "userURL": "http://user.17k.com/48821426", "userReview": "\u597d\u8bcd\u5e73\u6dfb\u4ed9\u5c18\u5f69\uff0c\u6c38\u751f\u6c38\u4e16\u4ebf\u7434\u6765\uff01\u8bd7\u5251\u98de\u5165\u795e\u738b\u624d\uff0c\u5929\u5730\u8bd7\u6770\u60c5\u548f\u6000\uff01\u516c\u51432018\u5e7401\u670825\u65e510\u70b916\u5206\uff0c\u5929\u6c14\u96e8\uff0c\u5bbf\u7ffc\u7434\u8bc4<a target='_blank' href='http://www.17k.com/book/2621541.html'>\u300a\u4ed9\u5c18\u300b</a>204\u7ae0\u300a\u56e0\u7531\u5f53\u5728\u5a46\u5a11\u679c\u300b\u3002\u6b64\u5e16\u5165\u4e66\u300a\u5bbf\u7ffc\u7434\u8bd7\u8bcd\u6b4c\u8d4b\u9009\u96c6\u300b\u7b2c73\u7ae0.\u300a\u53f2\u4e66\u8bd7\u8bcd\u60c5\u5165\u6000\u300b"}, {"userName": "\u6258\u94b5\u6751\u592b", "userReviewDate": "2017-09-09", "userURL": "http://user.17k.com/56861952", "userReview": "\u521b\u5efa\u4e86\u4e00\u4e2a\u4e2a\u4eba\u4e66\u53cb\u7fa4\uff0c\uff31\uff31\uff1a572664004\uff0c\u867d\u7136\u53ef\u80fd\u6ca1\u4ec0\u4e48\u4eba\u613f\u610f\u6765\uff0c\u4f46\u8fd8\u662f\u521b\u5efa\u4e86\uff0c\u8bd5\u8bd5\u770b\uff0c\u6216\u8bb8\u5427\u3002"}, {"userName": "\u7287\u547d\u725b", "userReviewDate": "2018-06-08", "userURL": "http://user.17k.com/1879956", "userReview": "\u52ff\u8fd1\u611a\u75f4\u4eba\uff0c\u5e94\u4e0e\u667a\u8005\u4ea4\uff0c\u5c0a\u656c\u6709\u5fb7\u8005\uff0c\u662f\u4e3a\u6700\u5409\u7965\uff01"}, {"userName": "\u73af\u73af\u4e00\u8885\u695a\u5bab\u8170", "userReviewDate": "2018-06-08", "userURL": "http://user.17k.com/59811233", "userReview": "\u665a\u4e0a\u597d\uff0c\u6765\u770b\u770b\uff01\u4eca\u5929\u9ad8\u8003\u7ed3\u675f\u4e86\uff0c\u4e00\u5207\u90fd\u4f1a\u5c18\u57c3\u843d\u5b9a\uff01"}, {"userName": "\u6b81\u56e6\u6bd2", "userReviewDate": "2018-06-08", "userURL": "http://user.17k.com/60009813", "userReview": "\u5468\u4e94\u6765\u8bbf\uff0c\u9a6c\u4e0a\u66f4\u65b0"}, {"userName": "\u866b\u513f\u975e\u975e", "userReviewDate": "2018-06-08", "userURL": "http://user.17k.com/57550383", "userReview": "\u5b66\u4e60\uff01"}, {"userName": "\u6cb9\u57ce\u59d1\u5a18", "userReviewDate": "2018-06-08", "userURL": "http://user.17k.com/52347509", "userReview": "\u82b1\u82b1\u9001\u597d\u53cb"}, {"userName": "\u7d2b\u9633\u5203", "userReviewDate": "2018-06-08", "userURL": "http://user.17k.com/58473243", "userReview": "\u665a\u4e0a\u597d\u54c8\uff0c\u6751\u592b"}, {"userName": "\u5f39\u5251\u79c0\u624d", "userReviewDate": "2018-06-08", "userURL": "http://user.17k.com/46752401", "userReview": "\u597d\u53cb\u4e0b\u5348\u597d\uff0c\u8c22\u8c22\u60a8\u6bcf\u5929\u524d\u6765\u652f\u6301"}, {"userName": "\u77e5\u79cb\u61c2\u79cb\u8d4f\u79cb", "userReviewDate": "2018-06-08", "userURL": "http://user.17k.com/56115906", "userReview": "\u4eca\u5929\u9ad8\u8003\u7ed3\u675f\uff0c\u8001\u5e08\u662f\u4e0d\u662f\u5c31\u6709\u65f6\u95f4\u597d\u597d\u4f11\u606f\u554a"}, {"userName": "\u5357\u5df7\u5317\u5f80\u4e36", "userReviewDate": "2018-06-08", "userURL": "http://user.17k.com/61045791", "userReview": "<span style='color:blue'><a target='_blank' href='http://www.17k.com/book/2810432.html'>\u300a\u6b66\u9738\u795e\u57df\u300b</a>\u524d\u6765\u8ba2\u9605\u652f\u6301\uff01</span>"}, {"userName": "\u5de6\u6c0f\u5c0f\u732a", "userReviewDate": "2018-06-08", "userURL": "http://user.17k.com/33807972", "userReview": "\u559c\u6b22\uff0c\u6536\u85cf\uff0c\u652f\u6301"}, {"userName": "\u9189\u5367\u79bb\u89de", "userReviewDate": "2018-06-08", "userURL": "http://user.17k.com/60828100", "userReview": "\u5348\u524d\u652f\u6301\uff0c\u98df\u800c\u6709\u5473"}, {"userName": "\u95fb\u9999\u53ef\u4eba", "userReviewDate": "2018-06-08", "userURL": "http://user.17k.com/52694972", "userReview": "\u54c8\uff0c\u7ee7\u7eed\u9ad8\u8003\u4e2d"}, {"userName": "\u6a59\u5b50\u9ec4\u4e862", "userReviewDate": "2018-06-08", "userURL": "http://user.17k.com/48385844", "userReview": "\u592b\u5b50\u597d\u3002\u94c1\u9aa8\u94ee\u94ee\u7684\u5c81\u6708 \u5230\u8bbf\u3002"}, {"userName": "0\u541b\u5c180", "userReviewDate": "2018-06-08", "userURL": "http://user.17k.com/52305812", "userReview": "\u541b\u5c18\u6765\u4e86\uff0c\u8fd9\u4f5b\u7ecf\u8fd8\u662f\u8981\u4f20\u4e8e\u6709\u7f18\u4eba\uff0c\u6211\u662f\u770b\u4e0d\u61c2\u4e86\uff01"}, {"userName": "\u6a59\u5b50\u9ec4\u4e862", "userReviewDate": "2018-06-08", "userURL": "http://user.17k.com/48385844", "userReview": "\u65e9\u6765\u95ee\u597d\u3002"}], "description": "\u672c\u4e66\u878d\u9b54\u3001\u6b66\u3001\u4fa0\u3001\u60c5\u3001\u519b\u4e8b\u6218\u4e89\u548c\u8bd7\u8bcd\u4e3a\u4e00\u7089,\u4ee5\u6258\u94b5\u50e7\u548c\u674e\u8bd7\u5251\u4e8c\u4eba\u7684\u4fee\u4ed9\u5386\u7a0b\u4e3a\u4e3b\u7ebf\uff0c\u4e32\u8054\u8d77\u4f17\u591a\u4fee\u4ed9\u8005\u7684\u7231\u6068\u60c5\u4ec7\uff0c\u60b2\u6b22\u79bb\u5408\u3002\u6258\u94b5\u50e7\u4f46\u51ed\u8bf8\u5929\u5723\u94b5\uff0c\u8bd7\u5251\u4ed9\u82e6\u4fee\u300a\u8bd7\u5251\u8bc0\u300b\uff0c\u4ece\u51e1\u5c18\u877c\u8681\u5230\u8bf8\u5929\u5723\u5143\uff0c\u4e00\u8def\u4ed9\u5c18\u730e\u730e\uff0c\u6ce2\u6f9c\u8fed\u8d77\u3002\u3000\u3000\u9053\u53cb\u65e0\u6839\u548c\u5c1a\u4f5c\u300a\u4e34\u6c5f\u4ed9/\u548f\u3008\u4ed9\u5c18\u3009\u300b\u8bcd\u4ee5\u8d5e\u66f0\uff1a\u67f3\u4e0a\u6f2b\u557c\u83ba\u8bed\u4e71\uff0c\u88c1\u6625\u71d5\u526a\u51cc\u7a7a\u3002\u5343\u7ea2\u4e07\u7d2b\u7ee3\u521d\u6210\u3002\u82b1\u5f00\u82b1\u843d\uff0c\u6625\u53bb\u53c8\u65e0\u8e2a\u3002\u56e0\u679c\u96be\u7a76\u4eba\u4f3c\u68a6\uff0c\u75f4\u60c5\u5404\u6709\u72ec\u949f\u3002\u76f8\u601d\u5982\u6c34\u6c34\u6d41\u4e1c\u3002\u4ed9\u5c18\u5f80\u4e8b\uff0c\u4e00\u5730\u843d\u82b1\u98ce\u3002", "title": "\u4ed9\u5c18", "url": "http://www.17k.com/book/2621541.html", "average": -1.0, "cover": "http://img.17k.com/images/bookcover/2018/13107/65/2621541-1526883922000.jpg", "reviews": 118241, "authors": [{"url": "http://www.17k.com/zuozhe/56861952", "name": "\u6258\u94b5\u6751\u592b"}], "type": ["\u53e4\u5178\u4ed9\u4fa0"], "outlinks": ["http://www.17k.com/book/2794982.html", "http://www.17k.com/book/2801292.html", "http://www.17k.com/book/2816318.html", "http://www.17k.com/book/2797575.html", "http://www.17k.com/book/2802516.html", "http://www.17k.com/book/2812195.html", "http://www.17k.com/book/2820143.html", "http://www.17k.com/book/2807943.html", "http://www.17k.com/book/2813457.html", "http://www.17k.com/book/2798058.html", "http://www.17k.com/book/2815617.html", "http://www.17k.com/book/2805259.html", "http://www.17k.com/book/2760255.html", "http://www.17k.com/book/2686894.html", "http://www.17k.com/book/2797016.html", "http://www.17k.com/book/2767246.html", "http://www.17k.com/book/2764239.html", "http://www.17k.com/book/2754498.html", "http://www.17k.com/book/2754900.html", "http://www.17k.com/book/2625740.html", "http://www.17k.com/book/2213315.html", "http://www.17k.com/book/2402178.html", "http://www.17k.com/book/2691221.html", "http://www.17k.com/book/2210699.html", "http://www.17k.com/book/1797752.html", "http://www.17k.com/book/2575507.html", "http://www.17k.com/book/2705181.html", "http://www.17k.com/book/2702539.html", "http://www.17k.com/book/2474887.html", "http://www.17k.com/book/2674733.html", "http://www.17k.com/book/2822076.html", "http://www.17k.com/book/2809894.html", "http://www.17k.com/book/2822077.html", "http://www.17k.com/book/2811930.html", "http://www.17k.com/book/2815548.html", "http://www.17k.com/book/2819620.html", "http://www.17k.com/book/2809964.html", "http://www.17k.com/book/2808200.html", "http://www.17k.com/book/2820100.html", "http://www.17k.com/book/2822978.html", "http://www.17k.com/book/2804337.html", "http://www.17k.com/book/2798814.html", "http://www.17k.com/book/2785153.html", "http://www.17k.com/book/2731559.html", "http://www.17k.com/book/2722533.html", "http://www.17k.com/book/2458377.html", "http://www.17k.com/book/2743300.html", "http://www.17k.com/book/973809.html", "http://www.17k.com/book/2651367.html", "http://www.17k.com/book/2726194.html", "http://www.17k.com/book/2790214.html", "http://www.17k.com/book/493239.html", "http://www.17k.com/book/108821.html", "http://www.17k.com/book/1398783.html", "http://www.17k.com/book/83528.html", "http://www.17k.com/book/1859126.html", "http://www.17k.com/book/1741975.html", "http://www.17k.com/book/192453.html", "http://www.17k.com/book/2459058.html", "http://www.17k.com/book/1050747.html", "http://www.17k.com/book/2700315.html", "http://www.17k.com/book/2818940.html", "http://www.17k.com/book/2819519.html", "http://www.17k.com/book/2816390.html", "http://www.17k.com/book/2819588.html", "http://www.17k.com/book/2813768.html", "http://www.17k.com/book/2822406.html", "http://www.17k.com/book/2772164.html", "http://www.17k.com/book/2784023.html", "http://www.17k.com/book/2811877.html", "http://www.17k.com/book/2809119.html", "http://www.17k.com/book/2803700.html", "http://www.17k.com/book/2819561.html", "http://www.17k.com/book/2746506.html", "http://www.17k.com/book/2811836.html", "http://www.17k.com/book/2614810.html", "http://www.17k.com/book/1592435.html", "http://www.17k.com/book/1949748.html", "http://www.17k.com/book/2265802.html", "http://www.17k.com/book/2743240.html", "http://www.17k.com/book/2657437.html", "http://www.17k.com/book/2644502.html", "http://www.17k.com/book/2199900.html", "http://www.17k.com/book/2725436.html", "http://www.17k.com/book/2629978.html"]}