{"ratings": -1, "userreviews": [{"userName": "\u591c\u626c\u79bb", "userReviewDate": "2018-06-05", "userURL": "http://user.17k.com/60913039", "userReview": "\u96c4\u5173\u6f2b\u9053\u771f\u5982\u94c1\uff0c\u800c\u4eca\u8fc8\u6b65\u4ece\u5934\u8d8a\uff01\u8fd9\u672c\u4e66\u73b0\u5728\u624d\u7b97\u6b63\u5f0f\u66f4\u65b0\uff0c\u5e0c\u671b\u80fd\u5f97\u5230\u5404\u4f4d\u4f19\u4f34\u7684\u652f\u6301\uff0c\u4e4b\u524d\u7684\u5c1d\u8bd5\u6ca1\u6709\u767d\u8d39\uff0c\u5f2f\u8def\u8d70\u7684\u591a\u662f\u5fc5\u7136\uff0c\u5e0c\u671b\u4ee5\u540e\u7684\u8def\u8d70\u5f97\u8f7b\u677e\u4e00\u4e9b\u3002\u957f\u8def\u6f2b\u6f2b\uff0c\u671b\u6709\u8bf8\u541b\u76f8\u4f34\uff01\u4e00\u4e2a\u4eba\u7684\u8def\uff0c\u603b\u662f\u6015\u8d70\u504f\uff0c\u5e0c\u671b\u5404\u4f4d\u80fd\u7ed9\u4e88\u5b9d\u8d35\u610f\u89c1\uff0c\u8c22\u8c22\uff01"}, {"userName": "\u7b80279845530", "userReviewDate": "2018-06-05", "userURL": "http://user.17k.com/61729156", "userReview": "\u52a0\u6cb9\uff01\uff01\uff01\uff01\u52a0\u6cb9\uff01\uff01\u52a0\u6cb9\uff01"}, {"userName": "\u591c\u626c\u79bb", "userReviewDate": "2018-05-30", "userURL": "http://user.17k.com/60913039", "userReview": "\u516d\u6708\u4e94\u53f7\u66f4\u65b0\uff0c\u671b\u5927\u5bb6\u652f\u6301\uff01"}, {"userName": "\u98a8297113995", "userReviewDate": "2018-05-08", "userURL": "http://user.17k.com/61594480", "userReview": "[\u6253\u8d4f]\u6211\u6253\u8d4f\u4e862\u5143\u7ea2\u5305\uff01\uff01"}, {"userName": "\u4e00\u4eba\u884c864088473", "userReviewDate": "2018-05-08", "userURL": "http://user.17k.com/61481294", "userReview": "[\u6253\u8d4f]\u6211\u6253\u8d4f\u4e865\u5143\u7ea2\u5305\uff01\uff01"}, {"userName": "_\u2543\u90aa\u9b45\u30fd\u6cea", "userReviewDate": "2018-05-08", "userURL": "http://user.17k.com/61585889", "userReview": "\u652f\u6301\u4e00\u4e0b\uff01"}, {"userName": "_\u2543\u90aa\u9b45\u30fd\u6cea", "userReviewDate": "2018-05-08", "userURL": "http://user.17k.com/61585889", "userReview": "[\u6253\u8d4f]\u6211\u6253\u8d4f\u4e865\u5143\u7ea2\u5305\uff01\uff01"}, {"userName": "\u4e00\u4eba\u884c864088473", "userReviewDate": "2018-05-07", "userURL": "http://user.17k.com/61481294", "userReview": "\u6545\u4e8b\u8282\u594f\u7d27\u51d1\uff0c\u5df2\u6536\u85cf\uff01\u5e0c\u671b\u5199\u5f97\u8d8a\u6765\u8d8a\u597d\u3002"}, {"userName": "17k\u4e66\u53cbiaoa9lgtv", "userReviewDate": "2018-04-24", "userURL": "http://user.17k.com/61207449", "userReview": "[\u6253\u8d4f]\u6211\u6253\u8d4f\u4e862\u5143\u7ea2\u5305\uff01\uff01"}, {"userName": "\u2122\u7368\u81eb\u3044\u6200\u2544", "userReviewDate": "2018-04-24", "userURL": "http://user.17k.com/60910550", "userReview": "[\u6253\u8d4f]\u6211\u6253\u8d4f\u4e861\u4e2a'\u5c0f\u5fc3\u5fc3'\uff01\uff01"}], "description": "\u4f60\u76f8\u4fe1\u547d\u5417\uff1f\u4f30\u8ba1\u4f60\u4e5f\u4e0d\u80fd\u80af\u5b9a\u5730\u56de\u7b54\u5427\uff01\u4e16\u95f4\u662f\u6ca1\u6709\u4ec0\u4e48\u795e\u4ed9\u7684\uff0c\u4fee\u9053\u4e5f\u53ea\u4e0d\u8fc7\u662f\u4fee\u8eab\u4e0e\u4fee\u5fc3\u3002\u4eba\u5e38\u9053\u547d\u8fd0\u65e0\u60c5\uff0c\u4eba\u6709\u60c5\uff0c\u4f46\u53c8\u975e\u4eba\u7686\u6709\u60c5\u3002\u5929\u9053\u96be\u8fdd\uff0c\u4e0d\u77e5\u4f55\u65f6\u8d77\uff0c\u4eba\u4eec\u4e0d\u518d\u4e00\u5473\u5730\u76f8\u4fe1\u547d\u8fd0\uff0c\u5d07\u62dc\u4e0a\u5929\uff0c\u8fd9\u4e9b\u865a\u65e0\u7f25\u7f08\u7684\u4e1c\u897f\u3002\u56e0\u4e3a\u4ed6\u4eec\u77e5\u9053\uff0c\u547d\u8fd0\u5929\u5b9a\uff0c\u8fd0\u7531\u5df1\u751f\uff0c\u4e00\u4e2a\u4eba\u7684\u4e00\u5207\uff0c\u90fd\u5e94\u5728\u81ea\u5df1\u624b\u91cc\u3002", "title": "\u4ed9\u5bab\u5c0a\u4e3b", "url": "http://www.17k.com/book/2812294.html", "average": -1.0, "cover": "http://img.17k.com/images/bookcover/2018/14061/70/2812294-1528108806000.jpg", "reviews": 4738, "authors": [{"url": "http://www.17k.com/zuozhe/60913039", "name": "\u591c\u626c\u79bb"}], "type": ["\u5947\u5e7b\u4fee\u771f"], "outlinks": ["http://www.17k.com/book/2794982.html", "http://www.17k.com/book/2801292.html", "http://www.17k.com/book/2816318.html", "http://www.17k.com/book/2797575.html", "http://www.17k.com/book/2802516.html", "http://www.17k.com/book/2812195.html", "http://www.17k.com/book/2820143.html", "http://www.17k.com/book/2807943.html", "http://www.17k.com/book/2813457.html", "http://www.17k.com/book/2798058.html", "http://www.17k.com/book/2815617.html", "http://www.17k.com/book/2805259.html", "http://www.17k.com/book/2760255.html", "http://www.17k.com/book/2686894.html", "http://www.17k.com/book/2797016.html", "http://www.17k.com/book/2767246.html", "http://www.17k.com/book/2764239.html", "http://www.17k.com/book/2754498.html", "http://www.17k.com/book/2754900.html", "http://www.17k.com/book/2625740.html", "http://www.17k.com/book/2213315.html", "http://www.17k.com/book/2402178.html", "http://www.17k.com/book/2691221.html", "http://www.17k.com/book/2210699.html", "http://www.17k.com/book/1797752.html", "http://www.17k.com/book/2575507.html", "http://www.17k.com/book/2705181.html", "http://www.17k.com/book/2702539.html", "http://www.17k.com/book/2474887.html", "http://www.17k.com/book/2674733.html", "http://www.17k.com/book/2822076.html", "http://www.17k.com/book/2809894.html", "http://www.17k.com/book/2822077.html", "http://www.17k.com/book/2811930.html", "http://www.17k.com/book/2815548.html", "http://www.17k.com/book/2819620.html", "http://www.17k.com/book/2809964.html", "http://www.17k.com/book/2808200.html", "http://www.17k.com/book/2820100.html", "http://www.17k.com/book/2822978.html", "http://www.17k.com/book/2804337.html", "http://www.17k.com/book/2798814.html", "http://www.17k.com/book/2785153.html", "http://www.17k.com/book/2731559.html", "http://www.17k.com/book/2722533.html", "http://www.17k.com/book/2458377.html", "http://www.17k.com/book/2743300.html", "http://www.17k.com/book/973809.html", "http://www.17k.com/book/2651367.html", "http://www.17k.com/book/2726194.html", "http://www.17k.com/book/2790214.html", "http://www.17k.com/book/493239.html", "http://www.17k.com/book/108821.html", "http://www.17k.com/book/1398783.html", "http://www.17k.com/book/83528.html", "http://www.17k.com/book/1859126.html", "http://www.17k.com/book/1741975.html", "http://www.17k.com/book/192453.html", "http://www.17k.com/book/2459058.html", "http://www.17k.com/book/1050747.html", "http://www.17k.com/book/2700315.html", "http://www.17k.com/book/2818940.html", "http://www.17k.com/book/2819519.html", "http://www.17k.com/book/2816390.html", "http://www.17k.com/book/2819588.html", "http://www.17k.com/book/2813768.html", "http://www.17k.com/book/2822406.html", "http://www.17k.com/book/2772164.html", "http://www.17k.com/book/2784023.html", "http://www.17k.com/book/2811877.html", "http://www.17k.com/book/2809119.html", "http://www.17k.com/book/2803700.html", "http://www.17k.com/book/2819561.html", "http://www.17k.com/book/2746506.html", "http://www.17k.com/book/2811836.html", "http://www.17k.com/book/2614810.html", "http://www.17k.com/book/1592435.html", "http://www.17k.com/book/1949748.html", "http://www.17k.com/book/2265802.html", "http://www.17k.com/book/2743240.html", "http://www.17k.com/book/2657437.html", "http://www.17k.com/book/2644502.html", "http://www.17k.com/book/2199900.html", "http://www.17k.com/book/2725436.html", "http://www.17k.com/book/2629978.html"]}