{"ratings": -1, "userreviews": [{"userName": ".598953907", "userReviewDate": "2018-05-14", "userURL": "http://user.17k.com/61602484", "userReview": "\u968f\u4fbf\u5148\u4e0b\u4e2a\u770b\u770b\u518d\u8bf4"}, {"userName": "\u5728\u65e0\u5c3d\u6df1\u6e0a\u91cc\u72ec\u81ea\u7b49\u5f85\u2026", "userReviewDate": "2018-03-31", "userURL": "http://user.17k.com/60796795", "userReview": "[\u6253\u8d4f]\u6211\u6253\u8d4f\u4e862\u5143\u7ea2\u5305\uff01\uff01"}, {"userName": "17K\u4e66\u53cbXRAH1812", "userReviewDate": "2018-03-29", "userURL": "http://user.17k.com/57948564", "userReview": "\u597d\u770b\u81f3\u6781\u554a"}, {"userName": "\u97e7\u54e515942241", "userReviewDate": "2018-03-27", "userURL": "http://user.17k.com/11434372", "userReview": "[\u6253\u8d4f]\u6211\u6253\u8d4f\u4e861\u5143\u7ea2\u5305\uff01\uff01"}, {"userName": "17K\u4e66\u53cbXRAH1812", "userReviewDate": "2018-03-21", "userURL": "http://user.17k.com/57948564", "userReview": "\u559c\u6b22\u89c2\u68cb\u4f5c\u8005\u7684\u6587\u7b14"}, {"userName": "A\u661f\u661f\u70b9\u706f", "userReviewDate": "2018-03-17", "userURL": "http://user.17k.com/55972875", "userReview": "\u597d\u4e66\u9700\u8981\u63a8\u5e7f\uff0c\u6b63\u80fd\u91cf!2018\u63a8\u8350\u4e00\u672c\u597d\u770b\u7684\u4e66<a target='_blank' href='http://www.17k.com/book/2551937.html'>\u300a\u8d85\u65b0\u4eba\u300b</a>\uff0c\u60ca\u9669\u523a\u6fc0\uff0c\u6d6a\u6f2b\u6ee1\u5c4b\uff0c\u70ed\u8840\u683c\u6597\uff0c\u751f\u6b7b\u7231\u604b\uff0c\u6696\u6627\u4e0d\u65ad\uff0c\u5929\u5929\u66f4\u65b0\uff0c\u8bf7\u591a\u5173\u7167\uff0c\u6765\u4e2a\u6536\u85cf\u554a!\uff0c\u70b9\u51fb\u4e66\u540d\u5c31\u53ef\u4ee5\u770b\u5230\u4e66\u4e86\u3002"}, {"userName": "A\u725b\u9b54\u738b", "userReviewDate": "2018-02-07", "userURL": "http://user.17k.com/56738425", "userReview": "\u63a8\u8350\u4e00\u672c\u597d\u770b\u7684\u4e66<a target='_blank' href='http://www.17k.com/book/2551937.html'>\u300a\u8d85\u65b0\u4eba\u300b</a>\uff0c\u60ca\u9669\u523a\u6fc0\uff0c\u6d6a\u6f2b\u6ee1\u5c4b\uff0c\u6696\u6627\u6e29\u60c5\uff0c\u4f20\u6388\u60c5\u7231\u771f\u8c1b\uff0c\u5929\u5929\u66f4\u65b0\uff0c\u8bf7\u591a\u591a\u5173\u7167\uff0c\u6765\u4e2a\u6536\u85cf\u5427!\u70b9\u51fb\u4e66\u540d\u5c31\u53ef\u4ee5\u770b\u5230\u4e66\u4e86\u3002"}, {"userName": "kool\u6377", "userReviewDate": "2018-01-18", "userURL": "http://user.17k.com/56730892", "userReview": "\u63a8\u8350\u4e00\u672c\u597d\u770b\u7684\u4e66<a target='_blank' href='http://www.17k.com/book/2551937.html'>\u300a\u8d85\u65b0\u4eba\u300b</a>\uff0c\u8bf7\u591a\u591a\u652f\u6301\uff0c\u6765\u4e2a\u6536\u85cf\u5427\uff01"}, {"userName": "\u7b71\u7b71\u7b71\u7b71\u5f71", "userReviewDate": "2018-01-01", "userURL": "http://user.17k.com/49325577", "userReview": "\u6c99\u53d1\uff01\u7b71\u5f71\u643a<a target='_blank' href='http://www.17k.com/book/2670624.html'>\u300a\u7f6a\u7f5a\u56e0\u679c\u300b</a>\u62dc\u8bbf \u795d\u5927\u5927\u65b0\u5e74\u5feb\u4e50~"}], "description": "\u5929\u4e0b\u4e4b\u5927\uff0c\u60df\u6211\u6b63\u7edf\uff01\u4ee5\u5929\u671d\u4e4b\u52bf\u6a2a\u626b\u5929\u4e0b\u4ed9\u95e8\uff01\u4e00\u4e2a\u4fee\u2018\u5e1d\u738b\u4e4b\u9053\u2019\u7684\u5f3a\u8005\uff0c\u964d\u4e34\u4ed9\u95e8\u6797\u7acb\u7684\u4e16\u754c\uff0c\u8ba9\u4fee\u884c\u8005\u9119\u5937\u7684\u4e00\u4e2a\u4e16\u4fd7\u738b\u671d\uff0c\u4e00\u6b65\u6b65\u8d70\u5230\u4e0e\u5404\u5927\u9876\u7ea7\u4ed9\u95e8\u5e73\u8d77\u5e73\u5750\u3002\u738b\u671d\u7684\u6cd5\u5219\u662f\uff0c\u666e\u5929\u4e4b\u4e0b\u83ab\u975e\u738b\u571f\uff0c\u7387\u571f\u4e4b\u6ee8\u83ab\u975e\u738b\u81e3\uff01\u5929\u4e0b\u6b63\u7edf\u53ea\u6709\u4e00\u4e2a\uff0c\u4e00\u5207\u4ed9\u95e8\uff0c\u90fd\u662f\u975e\u6cd5\u7ec4\u7ec7\uff01", "title": "\u4ed9\u56fd\u5927\u5e1d", "url": "http://www.17k.com/book/2689597.html", "average": -1.0, "cover": "http://img.17k.com/images/bookcover/partner/95/97/2689597/2689597.jpg", "reviews": 133669, "authors": [{"url": "http://www.17k.com/zuozhe/56805969", "name": "\u89c2\u68cb"}], "type": ["\u53e4\u5178\u4ed9\u4fa0"], "outlinks": ["http://www.17k.com/book/2794982.html", "http://www.17k.com/book/2801292.html", "http://www.17k.com/book/2816318.html", "http://www.17k.com/book/2797575.html", "http://www.17k.com/book/2802516.html", "http://www.17k.com/book/2812195.html", "http://www.17k.com/book/2820143.html", "http://www.17k.com/book/2807943.html", "http://www.17k.com/book/2813457.html", "http://www.17k.com/book/2798058.html", "http://www.17k.com/book/2815617.html", "http://www.17k.com/book/2805259.html", "http://www.17k.com/book/2760255.html", "http://www.17k.com/book/2686894.html", "http://www.17k.com/book/2797016.html", "http://www.17k.com/book/2767246.html", "http://www.17k.com/book/2764239.html", "http://www.17k.com/book/2754498.html", "http://www.17k.com/book/2754900.html", "http://www.17k.com/book/2625740.html", "http://www.17k.com/book/2213315.html", "http://www.17k.com/book/2402178.html", "http://www.17k.com/book/2691221.html", "http://www.17k.com/book/2210699.html", "http://www.17k.com/book/1797752.html", "http://www.17k.com/book/2575507.html", "http://www.17k.com/book/2705181.html", "http://www.17k.com/book/2702539.html", "http://www.17k.com/book/2474887.html", "http://www.17k.com/book/2674733.html", "http://www.17k.com/book/2822076.html", "http://www.17k.com/book/2809894.html", "http://www.17k.com/book/2822077.html", "http://www.17k.com/book/2811930.html", "http://www.17k.com/book/2815548.html", "http://www.17k.com/book/2819620.html", "http://www.17k.com/book/2809964.html", "http://www.17k.com/book/2808200.html", "http://www.17k.com/book/2820100.html", "http://www.17k.com/book/2822978.html", "http://www.17k.com/book/2804337.html", "http://www.17k.com/book/2798814.html", "http://www.17k.com/book/2785153.html", "http://www.17k.com/book/2731559.html", "http://www.17k.com/book/2722533.html", "http://www.17k.com/book/2458377.html", "http://www.17k.com/book/2743300.html", "http://www.17k.com/book/973809.html", "http://www.17k.com/book/2651367.html", "http://www.17k.com/book/2726194.html", "http://www.17k.com/book/2790214.html", "http://www.17k.com/book/493239.html", "http://www.17k.com/book/108821.html", "http://www.17k.com/book/1398783.html", "http://www.17k.com/book/83528.html", "http://www.17k.com/book/1859126.html", "http://www.17k.com/book/1741975.html", "http://www.17k.com/book/192453.html", "http://www.17k.com/book/2459058.html", "http://www.17k.com/book/1050747.html", "http://www.17k.com/book/2700315.html", "http://www.17k.com/book/2818940.html", "http://www.17k.com/book/2819519.html", "http://www.17k.com/book/2816390.html", "http://www.17k.com/book/2819588.html", "http://www.17k.com/book/2813768.html", "http://www.17k.com/book/2822406.html", "http://www.17k.com/book/2772164.html", "http://www.17k.com/book/2784023.html", "http://www.17k.com/book/2811877.html", "http://www.17k.com/book/2809119.html", "http://www.17k.com/book/2803700.html", "http://www.17k.com/book/2819561.html", "http://www.17k.com/book/2746506.html", "http://www.17k.com/book/2811836.html", "http://www.17k.com/book/2614810.html", "http://www.17k.com/book/1592435.html", "http://www.17k.com/book/1949748.html", "http://www.17k.com/book/2265802.html", "http://www.17k.com/book/2743240.html", "http://www.17k.com/book/2657437.html", "http://www.17k.com/book/2644502.html", "http://www.17k.com/book/2199900.html", "http://www.17k.com/book/2725436.html", "http://www.17k.com/book/2629978.html"]}