{"ratings": -1, "userreviews": [{"userName": "\u4ed9\u6b66\u90fd\u5e02", "userReviewDate": "2018-01-16", "userURL": "http://user.17k.com/59189453", "userReview": "\u5e7f\u544a\u697c\uff0c\u4e3a\u4fdd\u8bc1\u7248\u9762\u6574\u6d01\uff0c\u8bf7\u5c3d\u91cf\u5c06\u5e7f\u544a\u6253\u5728\u8fd9\u91cc\uff0c\u5916\u9762\u7684\u5e7f\u544a\u7ba1\u7406\u5458\u4f1a\u5b9a\u671f\u6e05\u9664\u7684\u3002"}, {"userName": "\u5b81\u9759\u4ee5\u81f4\u8fdc742234682", "userReviewDate": "2018-06-08", "userURL": "http://user.17k.com/60256224", "userReview": "666666"}, {"userName": "\u98de\u2014\u2014\u221a", "userReviewDate": "2018-06-08", "userURL": "http://user.17k.com/59863577", "userReview": "666666"}, {"userName": "\ue32e\u661f\ue04c\u7a7a\ue32e", "userReviewDate": "2018-06-08", "userURL": "http://user.17k.com/59789191", "userReview": "\u4e86\u6765\u54af\u6211\u963f\u9c81"}, {"userName": "\u98de\u2014\u2014\u221a", "userReviewDate": "2018-06-08", "userURL": "http://user.17k.com/59863577", "userReview": "666666"}, {"userName": "\u57ce\u5e02\u68ee\u6797204528280", "userReviewDate": "2018-06-08", "userURL": "http://user.17k.com/59564418", "userReview": "\u5154\u5154\u6211\u6211\u54e6\u54e6"}, {"userName": "\u5357\u8001", "userReviewDate": "2018-06-08", "userURL": "http://user.17k.com/43411262", "userReview": "\u770b\u6765\u6ca1\u6709\u6c49\u65cf\u548c\u6c49\u5978\u7684\u79f0\u547c\u54af"}, {"userName": "|\u258d\u5de6\u77b3 Remnant176487149", "userReviewDate": "2018-06-07", "userURL": "http://user.17k.com/61045931", "userReview": "\u4e3a\u4ec0\u4e48\u6211\u770b\u4e0d\u4e86\u56db\u767e\u4e8c\u5341\u4e09\u7ae0\uff1f \u6c42\u89e3"}, {"userName": "\u57ce\u5e02\u68ee\u6797204528280", "userReviewDate": "2018-06-07", "userURL": "http://user.17k.com/59564418", "userReview": "\u4f8b\u5982\u8def\u8def\u901a\u52a0"}, {"userName": "\u60c5\u7cfb\u3001\u305c\u8840\u5203", "userReviewDate": "2018-06-07", "userURL": "http://user.17k.com/59794198", "userReview": "\u5176\u4f59\u65f6\u95f4\u56fe\u56fe"}, {"userName": "\u98de\u2014\u2014\u221a", "userReviewDate": "2018-06-07", "userURL": "http://user.17k.com/59863577", "userReview": "666666"}, {"userName": "\u5b81\u9759\u4ee5\u81f4\u8fdc742234682", "userReviewDate": "2018-06-07", "userURL": "http://user.17k.com/60256224", "userReview": "666666"}, {"userName": "\u81ea\u7531\u98de\u7fd4289938939", "userReviewDate": "2018-06-06", "userURL": "http://user.17k.com/61167353", "userReview": "\u751f\u65e5\u793c\u7269\u52a0"}, {"userName": "\u5b81\u9759\u4ee5\u81f4\u8fdc742234682", "userReviewDate": "2018-06-06", "userURL": "http://user.17k.com/60256224", "userReview": "666666"}, {"userName": "\u91d1\u521a\u72fc533986472", "userReviewDate": "2018-06-06", "userURL": "http://user.17k.com/59862400", "userReview": "66666"}, {"userName": "\u60c5\u7cfb\u3001\u305c\u8840\u5203", "userReviewDate": "2018-06-06", "userURL": "http://user.17k.com/59794198", "userReview": "666666"}, {"userName": "\u98de\u2014\u2014\u221a", "userReviewDate": "2018-06-06", "userURL": "http://user.17k.com/59863577", "userReview": "666666"}, {"userName": "\u57ce\u5e02\u68ee\u6797204528280", "userReviewDate": "2018-06-05", "userURL": "http://user.17k.com/59564418", "userReview": "\u554a\u697c\u4e0b56\u8def"}, {"userName": "\u5b64\u72ec\u7684\u4eba148692063", "userReviewDate": "2018-06-05", "userURL": "http://user.17k.com/59030109", "userReview": "\u4e00\u4e2a\u5b57\u8d35\u8d35\u8d35\u8d35"}, {"userName": "\u5357\u5b87\u60a0\u6e38", "userReviewDate": "2018-06-05", "userURL": "http://user.17k.com/54962845", "userReview": "\u633a\u6709\u610f\u601d\uff0c\u503c\u5f97\u8ddf\u4e00\u8ddf"}], "description": "\u79e6\u59cb\u7687\u4e09\u5341\u516d\u5e74\uff0c\u5168\u7403\u5404\u5730\u51fa\u73b0\u795e\u79d8\u9668\u77f3\uff0c\u5176\u4e2d\u4e00\u9897\u5760\u843d\u5728\u6606\u4ed1\u5c71\u8109\uff0c\u91ca\u653e\u51fa\u78c5\u7934\u7075\u6c14\uff0c\u7b3c\u7f69\u6574\u4e2a\u534e\u590f\u5927\u5730\uff0c\u5730\u8c8c\u4e0e\u5929\u5730\u6cd5\u5219\u5927\u53d8\uff0c\u4ece\u6b64\u62c9\u5f00\u5927\u4fee\u70bc\u65f6\u4ee3\uff0c\u6587\u660e\u8d70\u5411\u4e00\u6761\u622a\u7136\u4e0d\u540c\u7684\u9053\u8def\u3002\u3000\u3000\u4e24\u5343\u4e24\u767e\u5e74\u540e\uff0c\u4eba\u7c7b\u6587\u660e\u9ad8\u5ea6\u7e41\u8363\u3002\u4e1c\u4e9a\u534e\u590f\u4e16\u754c\u7684\u4fee\u884c\u76db\u4e16\u5343\u5e74\u4e0d\u8870\uff0c\u6b27\u6d32\u8d85\u9b54\u5bfc\u5e1d\u56fd\u56f4\u7ed5\u5730\u4e2d\u6d77\u62d4\u5730\u800c\u8d77\uff0c\u5317\u975e\u4f9d\u7136\u88ab\u6cd5\u8001\u795e\u79d8\u7684\u529b\u91cf\u7b3c\u7f69\uff0c\u800c\u66f4\u9065\u8fdc\u7684\u7f8e\u6d32\u4e16\u754c\u739b\u96c5\u4eba\u5efa\u7acb\u8d77\u8f89\u714c\u7684\u6587\u660e\u2026\u2026\u3000\u3000\u8fd9\u4e2a\u6545\u4e8b\u53d1\u751f\u5728\u7384\u5e7b\u7248\u7684\u4e8c\u5341\u4e00\u4e16\u7eaa\u5927\u90fd\u5e02\uff0c\u4ece\u4e00\u4f4d\u7ee7\u627f\u9738\u738b\u8840\u7edf\u7684\u9879\u6c0f\u540e\u4eba\u8eab\u4e0a\u5f00\u59cb\u3002", "title": "\u4ed9\u6b66\u90fd\u5e02", "url": "http://www.17k.com/book/2721543.html", "average": -1.0, "cover": "http://img.17k.com/images/bookcover/2018/13607/68/2721543-1515392310000.jpg", "reviews": 1785273, "authors": [{"url": "http://www.17k.com/zuozhe/42400413", "name": "\u534a\u9189\u6e38\u5b50"}], "type": ["\u90fd\u5e02\u5f02\u80fd"], "outlinks": ["http://www.17k.com/book/2794982.html", "http://www.17k.com/book/2801292.html", "http://www.17k.com/book/2816318.html", "http://www.17k.com/book/2797575.html", "http://www.17k.com/book/2802516.html", "http://www.17k.com/book/2812195.html", "http://www.17k.com/book/2820143.html", "http://www.17k.com/book/2807943.html", "http://www.17k.com/book/2813457.html", "http://www.17k.com/book/2798058.html", "http://www.17k.com/book/2815617.html", "http://www.17k.com/book/2805259.html", "http://www.17k.com/book/2760255.html", "http://www.17k.com/book/2686894.html", "http://www.17k.com/book/2797016.html", "http://www.17k.com/book/2767246.html", "http://www.17k.com/book/2764239.html", "http://www.17k.com/book/2754498.html", "http://www.17k.com/book/2754900.html", "http://www.17k.com/book/2625740.html", "http://www.17k.com/book/2213315.html", "http://www.17k.com/book/2402178.html", "http://www.17k.com/book/2691221.html", "http://www.17k.com/book/2210699.html", "http://www.17k.com/book/1797752.html", "http://www.17k.com/book/2575507.html", "http://www.17k.com/book/2705181.html", "http://www.17k.com/book/2702539.html", "http://www.17k.com/book/2474887.html", "http://www.17k.com/book/2674733.html", "http://www.17k.com/book/2822076.html", "http://www.17k.com/book/2809894.html", "http://www.17k.com/book/2822077.html", "http://www.17k.com/book/2811930.html", "http://www.17k.com/book/2815548.html", "http://www.17k.com/book/2819620.html", "http://www.17k.com/book/2809964.html", "http://www.17k.com/book/2808200.html", "http://www.17k.com/book/2820100.html", "http://www.17k.com/book/2822978.html", "http://www.17k.com/book/2804337.html", "http://www.17k.com/book/2798814.html", "http://www.17k.com/book/2785153.html", "http://www.17k.com/book/2731559.html", "http://www.17k.com/book/2722533.html", "http://www.17k.com/book/2458377.html", "http://www.17k.com/book/2743300.html", "http://www.17k.com/book/973809.html", "http://www.17k.com/book/2651367.html", "http://www.17k.com/book/2726194.html", "http://www.17k.com/book/2790214.html", "http://www.17k.com/book/493239.html", "http://www.17k.com/book/108821.html", "http://www.17k.com/book/1398783.html", "http://www.17k.com/book/83528.html", "http://www.17k.com/book/1859126.html", "http://www.17k.com/book/1741975.html", "http://www.17k.com/book/192453.html", "http://www.17k.com/book/2459058.html", "http://www.17k.com/book/1050747.html", "http://www.17k.com/book/2700315.html", "http://www.17k.com/book/2818940.html", "http://www.17k.com/book/2819519.html", "http://www.17k.com/book/2816390.html", "http://www.17k.com/book/2819588.html", "http://www.17k.com/book/2813768.html", "http://www.17k.com/book/2822406.html", "http://www.17k.com/book/2772164.html", "http://www.17k.com/book/2784023.html", "http://www.17k.com/book/2811877.html", "http://www.17k.com/book/2809119.html", "http://www.17k.com/book/2803700.html", "http://www.17k.com/book/2819561.html", "http://www.17k.com/book/2746506.html", "http://www.17k.com/book/2811836.html", "http://www.17k.com/book/2614810.html", "http://www.17k.com/book/1592435.html", "http://www.17k.com/book/1949748.html", "http://www.17k.com/book/2265802.html", "http://www.17k.com/book/2743240.html", "http://www.17k.com/book/2657437.html", "http://www.17k.com/book/2644502.html", "http://www.17k.com/book/2199900.html", "http://www.17k.com/book/2725436.html", "http://www.17k.com/book/2629978.html"]}