{"ratings": -1, "userreviews": [{"userName": "\u72ec\u5b64\u6597wg", "userReviewDate": "2018-02-27", "userURL": "http://user.17k.com/14041930", "userReview": "\u72ec\u5b64\u6597\u643a<a target='_blank' href='http://www.17k.com/book/446214.html'>\u300a\u68a6\u4e09\u56fd\u4e4b\u68a6\u4e2d\u60c5\u7f18\u300b</a>\u6765\u8bbf\u3002\u6c42\u56de\u8bbf\u6307\u70b9\u3002\u5927\u4f5c\u5df2\u6536\u85cf"}, {"userName": "\u9ec4\u74dc\u7684\u5bbf\u547d", "userReviewDate": "2018-02-10", "userURL": "http://user.17k.com/53195742", "userReview": "<a target='_blank' href='http://www.17k.com/book/2377865.html'>\u300a\u81f3\u9738\u82cd\u751f\u8bc0\u300b</a>\u6765\u8bbf\uff0c\u6c42\u652f\u6301\u6c42\u6269\u6563\uff0c\u87f9\u87f9\u3002"}, {"userName": "\u5723\u9690\u5e1d\u5143", "userReviewDate": "2017-12-23", "userURL": "http://user.17k.com/57760595", "userReview": "<a target='_blank' href='http://www.17k.com/book/2681494.html'>\u300a\u7075\u8f69\u5f55\u300b</a>\u6765\u8bbf\u652f\u6301\uff0c\u65b0\u4e66\u6c42\u70b9\u51fb\u6c42\u63a8\u8350"}, {"userName": "\u77e5\u79cb\u61c2\u79cb\u8d4f\u79cb", "userReviewDate": "2017-11-27", "userURL": "http://user.17k.com/56115906", "userReview": "\u4e00\u6708\u672a\u66f4\u4e86\uff0c<a target='_blank' href='http://www.17k.com/book/2562425.html'>\u300a\u8e49\u8dce\u60d8\u5c11\u300b</a>\u524d\u6765\u5173\u6ce8\u3002\u8001\u725b\u5927\u5927\u5b89\u597d\uff01"}, {"userName": "\u5f66\u5bb6\u5c0f\u7237", "userReviewDate": "2017-09-06", "userURL": "http://user.17k.com/57157339", "userReview": "\u54b3\u54b3\uff01\u60ca\u5929\u4e00\u58f0\u54cd\uff0c\u5c0f\u5f66\u5c31\u4e0a\u573a\uff0c\u8d70\u8857\u4e32\u5df7\u628a\u9523\u6572\uff0c<a target='_blank' href='http://www.17k.com/book/2644907.html'>\u300a\u593a\u5370\u6218\u7eaa\u300b</a>\u771f\u5fc3\u5996\u3002\u706b\u6025\u706b\u71ce\u5360\u4e2a\u697c\uff0c\u4ed4\u7ec6\u4e00\u89c2\u7206\u773c\u7403\u3002\u5ba2\u968f\u4e3b\u4fbf\u4f7f\u52b2\u5406\uff0c\u7aef\u8336\u9001\u6c34\u628a\u58f6\u6447\u3002\u5636\u58f0\u529b\u7aed\u543c\u4e00\u543c\uff0c\u697c\u4e0a\u697c\u4e0b\u6296\u4e09\u6296\uff0c\u4f5c\u54c1\u5199\u7684\u600e\u4e48\u6837\uff0c\u8c01\u770b\u8c01\u8bf4\u4e5f\u4e0d\u7b97\u3002\u77ed\u77ed\u51e0\u7ae0\u5c31\u6765\u63ea\uff0c\u63ea\u51fa\u9f99\u8109\u7b97\u6211\u8f93\u3002\u4e00\u58f0\u4e0d\u884c\u518d\u4e24\u58f0\uff0c\u5404\u4f4d\u770b\u5b98\u83ab\u8981\u98d8\u3002\u8d70\u9a6c\u89c2\u82b1\u628a\u5934\u6643\uff0c\u6643\u7684\u5fc3\u60c5\u771f\u5fc3\u68d2\u3002\u4e00\u7ae0\u4e0d\u5168\u4e24\u7ae0\u4e0a\uff0c\u4e24\u7ae0\u4e0d\u884c\u4e09\u7ae0\u5e72\u3002\u5230\u5e95\u5e72\u7684\u600e\u4e48\u6837\uff01\u8fdb\u6765\u5440\uff01\u81ea\u5df1\u52a8"}, {"userName": "\u4e00\u6761\u8001\u725b", "userReviewDate": "2017-09-04", "userURL": "http://user.17k.com/43494810", "userReview": "[\u6253\u8d4f]\u6211\u6253\u8d4f\u4e868\u5143\u7ea2\u5305\uff01\uff01"}, {"userName": "\u4e00\u6761\u8001\u725b", "userReviewDate": "2017-09-04", "userURL": "http://user.17k.com/43494810", "userReview": "[\u6253\u8d4f]\u6211\u6253\u8d4f\u4e868\u5143\u7ea2\u5305\uff01\uff01"}, {"userName": "\u4e37\u6c5f\u6e56\u6545\u4eba", "userReviewDate": "2017-08-23", "userURL": "http://user.17k.com/12348220", "userReview": "\u55ef\uff1f\u8fd9\u662f\u5b8c\u672c\u4e86\uff0c\u8fd8\u662f\u7f62\u5de5\u4e86\uff1f"}, {"userName": "\u7d2b\u964c\u7ea4", "userReviewDate": "2017-08-20", "userURL": "http://user.17k.com/42060795", "userReview": "\u8981\u653e\u5f03\u4e48\uff1f"}, {"userName": "\u609f\u5ddd0", "userReviewDate": "2017-06-07", "userURL": "http://user.17k.com/37724664", "userReview": "\u606d\u559c\u8001\u725b\u4e0a\u699c"}, {"userName": "h\u4f55\u7384x", "userReviewDate": "2017-05-23", "userURL": "http://user.17k.com/54036038", "userReview": "\u5c0f\u8bf4<a target='_blank' href='http://www.17k.com/book/2417279.html'>\u300a\u8d64\u5f2d\u300b</a>\u524d\u6392\u8d76\u6765\u652f\u6301\uff01\u52a0\u6cb9~"}, {"userName": "\u6211\u4e0d\u77e5\u9053\u60f3\u77e5\u9053", "userReviewDate": "2017-04-26", "userURL": "http://user.17k.com/17285087", "userReview": "&nbsp;<a target='_blank' href='http://www.17k.com/book/2475643.html'>\u300a\u8001\u54e5\u4f60\u5728\u54ea\u513f\u300b</a>\u6765\u8bbf"}, {"userName": "\u7b11\u95fb\u98ce\u9189", "userReviewDate": "2017-03-25", "userURL": "http://user.17k.com/54048775", "userReview": "<a target='_blank' href='http://www.17k.com/book/2434859.html'>\u300a\u5996\u5251\u9501\u5343\u79cb\u300b</a>\u524d\u6765\u62dc\u8bfb\uff01\u5927\u5927\u52a0\u6cb9\uff01"}, {"userName": "\u6597\u6218\u6bbf\u4e36\u4e3b\u795e", "userReviewDate": "2017-03-10", "userURL": "http://user.17k.com/33532561", "userReview": "<a target='_blank' href='http://www.17k.com/book/2420133.html'>\u300a\u6211\u5728\u5f02\u754c\u73a9\u624b\u673a\u300b</a>\u65b0\u4eba\u6c42\u70b9\u51fb\u3002"}, {"userName": "\u9ec4\u6c5f\u4e5d\u7237", "userReviewDate": "2017-03-10", "userURL": "http://user.17k.com/54063325", "userReview": "<a target='_blank' href='http://www.17k.com/book/2419060.html'>\u300a\u81f4\u547d\u804a\u5929\u7fa4\u300b</a>\u770b\u770b\u5427\uff0c\u771f\u7684"}, {"userName": "\u98de\u573a\u4e5d\u5dde", "userReviewDate": "2017-03-03", "userURL": "http://user.17k.com/49614548", "userReview": "\u7b2c\u4e00\u7ae0\u5c31\u7559\u4e0b\u60ac\u5ff5\uff0c\u4ee4\u4eba\u5f88\u671f\u5f85\u5440\uff01<a target='_blank' href='http://www.17k.com/book/2125494.html'>\u300a\u8d85\u65f6\u4ee3\u6218\u795e\u300b</a>\u524d\u6765\u5b66\u4e60\u9001\u82b1\u4e86\u3002"}, {"userName": "\u6ca1\u4e8b\u4e0d\u8981\u627e\u6211", "userReviewDate": "2017-02-22", "userURL": "http://user.17k.com/42107455", "userReview": "\u597d\u4e45\u6ca1\u6765\u770b\u4f60\u5566"}, {"userName": "\u5927\u540d\u9b4f\u5dcd", "userReviewDate": "2017-02-15", "userURL": "http://user.17k.com/52157057", "userReview": "\u524d\u8f88\u60a8\u597d\u68d2\uff01\u7ee7\u7eed\u52a0\u6cb9\uff01\u5c0f\u5b66\u751f\u5927\u540d\u9b4f\u5dcd\u643a<a target='_blank' href='http://www.17k.com/book/2304540.html'>\u300a\u5c11\u5e74\u827e\u7279\u5386\u9669\u8bb0\u300b</a>\u62dc\u8bbf\uff01"}, {"userName": "\u609f\u5ddd0", "userReviewDate": "2017-02-11", "userURL": "http://user.17k.com/37724664", "userReview": "\u524d\u8fdb\uff0c\u524d\u8fdb"}, {"userName": "\u51a5\u9053\u4eba", "userReviewDate": "2017-01-31", "userURL": "http://user.17k.com/44546522", "userReview": "\u5927\u795e\u554a\uff01\uff01\uff01\uff01\uff01\uff01\uff01\uff01\uff01\uff01\uff01\uff01"}], "description": "\u5929\u5730\u6709\u5143\uff0c\u9020\u5316\u771f\u4ed9\uff0c\u7eaf\u9633\u52ab\u8f6c\uff0c\u9b54\u4ea6\u8f6e\u56de\uff0c\u9752\u725b\u666e\u5ea6\uff0c\u975e\u5251\u975e\u4ed9\uff0c\u592a\u82cd\u65e2\u673d\uff0c\u4f55\u751f\u4e0d\u706d\uff1f\u4e09\u5143\u6c47\u805a\uff0c\u4e94\u6c14\u5316\u5143\uff01", "title": "\u4ed9\u8def\u8be1\u9014", "url": "http://www.17k.com/book/1558124.html", "average": -1.0, "cover": "http://img.17k.com/images/bookcover/2015/7790/38/1558124-1450279937000.jpg", "reviews": 981867, "authors": [{"url": "http://www.17k.com/zuozhe/43494810", "name": "\u4e00\u6761\u8001\u725b"}], "type": ["\u4e1c\u65b9\u7384\u5e7b"], "outlinks": ["http://www.17k.com/book/2794982.html", "http://www.17k.com/book/2801292.html", "http://www.17k.com/book/2816318.html", "http://www.17k.com/book/2797575.html", "http://www.17k.com/book/2802516.html", "http://www.17k.com/book/2812195.html", "http://www.17k.com/book/2820143.html", "http://www.17k.com/book/2807943.html", "http://www.17k.com/book/2813457.html", "http://www.17k.com/book/2798058.html", "http://www.17k.com/book/2815617.html", "http://www.17k.com/book/2805259.html", "http://www.17k.com/book/2760255.html", "http://www.17k.com/book/2686894.html", "http://www.17k.com/book/2797016.html", "http://www.17k.com/book/2767246.html", "http://www.17k.com/book/2764239.html", "http://www.17k.com/book/2754498.html", "http://www.17k.com/book/2754900.html", "http://www.17k.com/book/2625740.html", "http://www.17k.com/book/2213315.html", "http://www.17k.com/book/2402178.html", "http://www.17k.com/book/2691221.html", "http://www.17k.com/book/2210699.html", "http://www.17k.com/book/1797752.html", "http://www.17k.com/book/2575507.html", "http://www.17k.com/book/2705181.html", "http://www.17k.com/book/2702539.html", "http://www.17k.com/book/2474887.html", "http://www.17k.com/book/2674733.html", "http://www.17k.com/book/2822076.html", "http://www.17k.com/book/2809894.html", "http://www.17k.com/book/2822077.html", "http://www.17k.com/book/2811930.html", "http://www.17k.com/book/2815548.html", "http://www.17k.com/book/2819620.html", "http://www.17k.com/book/2809964.html", "http://www.17k.com/book/2808200.html", "http://www.17k.com/book/2820100.html", "http://www.17k.com/book/2822978.html", "http://www.17k.com/book/2804337.html", "http://www.17k.com/book/2798814.html", "http://www.17k.com/book/2785153.html", "http://www.17k.com/book/2731559.html", "http://www.17k.com/book/2722533.html", "http://www.17k.com/book/2458377.html", "http://www.17k.com/book/2743300.html", "http://www.17k.com/book/973809.html", "http://www.17k.com/book/2651367.html", "http://www.17k.com/book/2726194.html", "http://www.17k.com/book/2790214.html", "http://www.17k.com/book/493239.html", "http://www.17k.com/book/108821.html", "http://www.17k.com/book/1398783.html", "http://www.17k.com/book/83528.html", "http://www.17k.com/book/1859126.html", "http://www.17k.com/book/1741975.html", "http://www.17k.com/book/192453.html", "http://www.17k.com/book/2459058.html", "http://www.17k.com/book/1050747.html", "http://www.17k.com/book/2700315.html", "http://www.17k.com/book/2818940.html", "http://www.17k.com/book/2819519.html", "http://www.17k.com/book/2816390.html", "http://www.17k.com/book/2819588.html", "http://www.17k.com/book/2813768.html", "http://www.17k.com/book/2822406.html", "http://www.17k.com/book/2772164.html", "http://www.17k.com/book/2784023.html", "http://www.17k.com/book/2811877.html", "http://www.17k.com/book/2809119.html", "http://www.17k.com/book/2803700.html", "http://www.17k.com/book/2819561.html", "http://www.17k.com/book/2746506.html", "http://www.17k.com/book/2811836.html", "http://www.17k.com/book/2614810.html", "http://www.17k.com/book/1592435.html", "http://www.17k.com/book/1949748.html", "http://www.17k.com/book/2265802.html", "http://www.17k.com/book/2743240.html", "http://www.17k.com/book/2657437.html", "http://www.17k.com/book/2644502.html", "http://www.17k.com/book/2199900.html", "http://www.17k.com/book/2725436.html", "http://www.17k.com/book/2629978.html"]}