{"ratings": -1, "userreviews": [], "description": "\u4fee\u4ed9\u5982\u6e21\u6cb3\uff0c\u4e07\u9a6c\u5343\u519b\u7adf\u4e89\u5e06\u3002\u56e0\u6b64\u5f53\u4f60\u9009\u62e9\u4e86\u8fd9\u6761\u8def\u65f6\uff0c\u4f60\u5c31\u5df2\u7ecf\u8e0f\u4e0a\u4e86\u6c38\u4e0d\u505c\u6b47\u7684\u4eba\u751f\u7ade\u8d5b\u3002\u8981\u60f3\u8d62\u5f97\u80dc\u5229\uff0c\u9700\u8981\u7684\u4e0d\u4ec5\u662f\u52c7\u5f80\u76f4\u524d\u7684\u52c7\u6c14\uff0c\u66f4\u8981\u9762\u5bf9\u65e0\u6570\u7684\u98ce\u5200\u971c\u5251\u4e0e\u8165\u98ce\u8840\u96e8\u3002\u3000\u3000\u4e89\u593a\uff0c\u5728\u8e0f\u4e0a\u4ed9\u9014\u4e4b\u524d\uff0c\u5c31\u5df2\u5f00\u59cb\uff01\u3000\u3000\u641c\u7d22\u201c\u7f18\u52060\u201d\uff0c\u53ef\u52a0\u516c\u4f17\u53f7\uff0c\u6b22\u8fce\u5173\u6ce8\u3002", "title": "\u4ed9\u8def\u4e89\u950b", "url": "http://www.17k.com/book/2697186.html", "average": -1.0, "cover": "http://img.17k.com/images/bookcover/partner/71/86/2697186/2697186.jpg", "reviews": 11765, "authors": [{"url": "http://www.17k.com/zuozhe/56805591", "name": "\u7f18\u52060"}], "type": ["\u53e4\u5178\u4ed9\u4fa0"], "outlinks": ["http://www.17k.com/book/2794982.html", "http://www.17k.com/book/2801292.html", "http://www.17k.com/book/2816318.html", "http://www.17k.com/book/2797575.html", "http://www.17k.com/book/2802516.html", "http://www.17k.com/book/2812195.html", "http://www.17k.com/book/2820143.html", "http://www.17k.com/book/2807943.html", "http://www.17k.com/book/2813457.html", "http://www.17k.com/book/2798058.html", "http://www.17k.com/book/2815617.html", "http://www.17k.com/book/2805259.html", "http://www.17k.com/book/2760255.html", "http://www.17k.com/book/2686894.html", "http://www.17k.com/book/2797016.html", "http://www.17k.com/book/2767246.html", "http://www.17k.com/book/2764239.html", "http://www.17k.com/book/2754498.html", "http://www.17k.com/book/2754900.html", "http://www.17k.com/book/2625740.html", "http://www.17k.com/book/2213315.html", "http://www.17k.com/book/2402178.html", "http://www.17k.com/book/2691221.html", "http://www.17k.com/book/2210699.html", "http://www.17k.com/book/1797752.html", "http://www.17k.com/book/2575507.html", "http://www.17k.com/book/2705181.html", "http://www.17k.com/book/2702539.html", "http://www.17k.com/book/2474887.html", "http://www.17k.com/book/2674733.html", "http://www.17k.com/book/2822076.html", "http://www.17k.com/book/2809894.html", "http://www.17k.com/book/2822077.html", "http://www.17k.com/book/2811930.html", "http://www.17k.com/book/2815548.html", "http://www.17k.com/book/2819620.html", "http://www.17k.com/book/2809964.html", "http://www.17k.com/book/2808200.html", "http://www.17k.com/book/2820100.html", "http://www.17k.com/book/2822978.html", "http://www.17k.com/book/2804337.html", "http://www.17k.com/book/2798814.html", "http://www.17k.com/book/2785153.html", "http://www.17k.com/book/2731559.html", "http://www.17k.com/book/2722533.html", "http://www.17k.com/book/2458377.html", "http://www.17k.com/book/2743300.html", "http://www.17k.com/book/973809.html", "http://www.17k.com/book/2651367.html", "http://www.17k.com/book/2726194.html", "http://www.17k.com/book/2790214.html", "http://www.17k.com/book/493239.html", "http://www.17k.com/book/108821.html", "http://www.17k.com/book/1398783.html", "http://www.17k.com/book/83528.html", "http://www.17k.com/book/1859126.html", "http://www.17k.com/book/1741975.html", "http://www.17k.com/book/192453.html", "http://www.17k.com/book/2459058.html", "http://www.17k.com/book/1050747.html", "http://www.17k.com/book/2700315.html", "http://www.17k.com/book/2818940.html", "http://www.17k.com/book/2819519.html", "http://www.17k.com/book/2816390.html", "http://www.17k.com/book/2819588.html", "http://www.17k.com/book/2813768.html", "http://www.17k.com/book/2822406.html", "http://www.17k.com/book/2772164.html", "http://www.17k.com/book/2784023.html", "http://www.17k.com/book/2811877.html", "http://www.17k.com/book/2809119.html", "http://www.17k.com/book/2803700.html", "http://www.17k.com/book/2819561.html", "http://www.17k.com/book/2746506.html", "http://www.17k.com/book/2811836.html", "http://www.17k.com/book/2614810.html", "http://www.17k.com/book/1592435.html", "http://www.17k.com/book/1949748.html", "http://www.17k.com/book/2265802.html", "http://www.17k.com/book/2743240.html", "http://www.17k.com/book/2657437.html", "http://www.17k.com/book/2644502.html", "http://www.17k.com/book/2199900.html", "http://www.17k.com/book/2725436.html", "http://www.17k.com/book/2629978.html"]}