{"ratings": -1, "userreviews": [{"userName": "\u8bf8\u845b\u71d5\u4e66", "userReviewDate": "2018-04-05", "userURL": "http://user.17k.com/54287471", "userReview": "\u52a0\u6cb9\u554a\uff01\uff0c\u770b\u4e66\u770b\u4e66\u3002"}, {"userName": "\u5e9e\u5fb7\u8000\u65af", "userReviewDate": "2018-04-05", "userURL": "http://user.17k.com/57653052", "userReview": "\u539f\u672c\u60f3\u8981\u4e3e\u62a5\uff0c\u60f3\u60f3\u7b97\u4e86\uff0c\u4e3b\u8981\u662f\u61d2\u3002"}, {"userName": "\u5468\u5bb6\u5c0f\u59d0\u59d0", "userReviewDate": "2018-04-05", "userURL": "http://user.17k.com/59004807", "userReview": "\u968f\u624b\u60f3\u8981\u4e3e\u62a5\u4f60\uff0c\u60f3\u60f3\u8fd8\u662f\u7b97\u4e86~"}, {"userName": "\u672a\u5546\u8a00", "userReviewDate": "2018-02-14", "userURL": "http://user.17k.com/54541323", "userReview": "\u5176\u5b9e\u6709\u4e00\u4e2a\u5c0f\u9547\u53eb\u4ed9\u8e2a"}, {"userName": "\u4ee4\u72d0\u5b9d", "userReviewDate": "2018-01-22", "userURL": "http://user.17k.com/57669974", "userReview": "\u6211\u8fd8\u521a\u6765\u7785\u4e86\u4e00\u773c\u6765\uff0c\u6728\u60f3\u5230\u82cf\u5c0f\u59b9\u7adf\u7136\u5fc3\u6709\u7075\u7280\uff0c\u54c8\u54c8\uff01"}, {"userName": "\u674e\u65e0\u547d", "userReviewDate": "2018-01-16", "userURL": "http://user.17k.com/57024055", "userReview": "\u4f60\u597d\uff0c\u6211\u662f\u4f60\u5fe0\u5b9e\u7684\u8bfb\u8005\uff0c\u4f60\u89c9\u5f97\u8fd9\u672c\u4e66\u5199\u7684\u975e\u5e38\u597d\uff0c\u65e0\u8bba\u662f\u9009\u9898\u7d20\u6750\uff0c\u4eba\u7269\u6027\u683c\uff0c\u573a\u666f\u60c5\u8282\uff0c\u90fd\u975e\u5e38\u597d\uff0c\u4f46\u662f\u6211\u6bcf\u5929\u6bcf\u5929\u90fd\u770b\u4e0d\u591f\uff0c\u563b\u563b\uff0c\u6211\u643a\u65b0\u4e66<a target='_blank' href='http://www.17k.com/book/2654528.html'>\u300a\u51a5\u5929\u697c\u300b</a>\u6c42\u5927\u5927\u6307\u6559..."}, {"userName": "\u8bf8\u845b\u71d5\u4e66", "userReviewDate": "2018-01-13", "userURL": "http://user.17k.com/54287471", "userReview": "\u52a0\u6cb9\uff0c\u6536\u85cf\u4e86\u3002"}, {"userName": "\u871c\u6c41\u5c34\u5c2c", "userReviewDate": "2018-01-03", "userURL": "http://user.17k.com/58233712", "userReview": "\u65e0\u803b\u8001\u8d3c\uff01\u7adf\u6562\u592a\u76d1\uff01"}, {"userName": "\u871c\u6c41\u5c34\u5c2c", "userReviewDate": "2017-12-26", "userURL": "http://user.17k.com/58233712", "userReview": "\u62d6\u66f4\u7684\u5927\u5927\uff0c\u6253\u5c41\u5c41"}, {"userName": "\u871c\u6c41\u5c34\u5c2c", "userReviewDate": "2017-12-24", "userURL": "http://user.17k.com/58233712", "userReview": "\u8d77\u5e8a\u66f4\u65b0\uff01"}, {"userName": "\u661f\u7a7a\u591c\u68a6\u8d30", "userReviewDate": "2017-12-23", "userURL": "http://user.17k.com/58011970", "userReview": "\u597d\u5947\u5927\u5927\u7684\u7ae0\u8282\u5e8f\u53f7\u4e3a\u4ec0\u4e48\u8fd9\u6837\u6392\uff0c\u6709\u4ec0\u4e48\u7279\u6709\u7684\u6df1\u610f\u4e48\uff1f"}, {"userName": "\u6625\u79cb\u5144", "userReviewDate": "2017-12-21", "userURL": "http://user.17k.com/58519982", "userReview": "\u6625\u79cb\u5144\u643a<a target='_blank' href='http://www.17k.com/book/2731490.html'>\u300a\u5fa1\u6b66\u5f11\u5929\u300b</a>\u524d\u6765\u652f\u6301\u5927\u5927\uff01\uff01\u52a0\u6cb9\u54e6\uff01\uff01\u671b\u5927\u5927\u66f4\u4e0a\u4e00\u5c42\u697c\uff01\uff01"}, {"userName": "\u7af9\u6797\u542c\u96e8\u4e2d", "userReviewDate": "2017-12-20", "userURL": "http://user.17k.com/58838147", "userReview": "\u52a0\u6cb9"}, {"userName": "\u871c\u6c41\u5c34\u5c2c", "userReviewDate": "2017-12-20", "userURL": "http://user.17k.com/58233712", "userReview": "\u52a0\u6cb9\uff01\uff01\uff01\uff01"}, {"userName": "\u871c\u6c41\u5c34\u5c2c", "userReviewDate": "2017-12-15", "userURL": "http://user.17k.com/58233712", "userReview": "\u52a0\u6cb9\u554a\u5076\u50cf\uff0c\u4f60\u80af\u5b9a\u884c\u7684"}, {"userName": "\u871c\u6c41\u5c34\u5c2c", "userReviewDate": "2017-12-14", "userURL": "http://user.17k.com/58233712", "userReview": "\u652f\u6301\u4f60\uff0c\u5076\u50cf"}, {"userName": "\u871c\u6c41\u5c34\u5c2c", "userReviewDate": "2017-12-13", "userURL": "http://user.17k.com/58233712", "userReview": "\u9ed8\u9ed8\u652f\u6301"}, {"userName": "\u871c\u6c41\u5c34\u5c2c", "userReviewDate": "2017-12-11", "userURL": "http://user.17k.com/58233712", "userReview": "\u725b\u76ae\u4e86\u5927\u8001\u7237"}, {"userName": "\u516d\u6708\u5e38\u5728\u50b2\u96ea\u65e0\u53cc", "userReviewDate": "2017-12-10", "userURL": "http://user.17k.com/34964187", "userReview": "\u7ed9\u5927\u5927\u52a0\u6cb9"}, {"userName": "\u6f2b\u6b65\u661f\u4e91\u4e5d\u91cd\u5929", "userReviewDate": "2017-12-10", "userURL": "http://user.17k.com/33903974", "userReview": "\u52a0\u6cb9\u5427\uff01\u6bcf\u4e2a\u4eba\u90fd\u80fd\u7f14\u9020\u81ea\u5df1\u7684\u4f20\u5947\uff01\u9053\u53cb\u53ef\u5426\u4e00\u8d77\u4e0a\u8def\uff1f\uff01 &nbsp;\u6765\u8005\u4e0d\u62d2 \u554a\u54c8\u54c8\u54c8\u54c8\uff01"}], "description": "\u9189\u7ea2\u5c18\uff0c\u89c5\u77e5\u97f3\uff0c\u6c5f\u6e56\u5251\u51b7\u9053\u8bdb\u5fc3\u3002\u3000\u3000\u5175\u71f9\u8d77\uff0c\u4e71\u4e16\u52ab\uff0c\u76f8\u601d\u96be\u65ad\u60c5\u96be\u7edd\u3002\u3000\u3000\u5343\u8f7d\u68a6\u8776\u5fc6\u524d\u5c18\uff0c\u4e07\u91cc\u70fd\u70df\u8361\u4e5d\u5dde\u3002\u3000\u3000\u82cd\u5929\u4e00\u7b14\u6c5f\u5c71\u6078\uff0c\u80dc\u8d25\u600e\u582a\u8bba\u82f1\u96c4\u3002", "title": "\u4ed9\u8e2a", "url": "http://www.17k.com/book/2706561.html", "average": -1.0, "cover": "http://img.17k.com/images/bookcover/2017/13532/67/2706561-1511762864000.jpg", "reviews": 268329, "authors": [{"url": "http://www.17k.com/zuozhe/58132414", "name": "\u68a6\u7b14\u7a79\u4e91"}], "type": ["\u53e4\u5178\u4ed9\u4fa0"], "outlinks": ["http://www.17k.com/book/2794982.html", "http://www.17k.com/book/2801292.html", "http://www.17k.com/book/2816318.html", "http://www.17k.com/book/2797575.html", "http://www.17k.com/book/2802516.html", "http://www.17k.com/book/2812195.html", "http://www.17k.com/book/2820143.html", "http://www.17k.com/book/2807943.html", "http://www.17k.com/book/2813457.html", "http://www.17k.com/book/2798058.html", "http://www.17k.com/book/2815617.html", "http://www.17k.com/book/2805259.html", "http://www.17k.com/book/2760255.html", "http://www.17k.com/book/2686894.html", "http://www.17k.com/book/2797016.html", "http://www.17k.com/book/2767246.html", "http://www.17k.com/book/2764239.html", "http://www.17k.com/book/2754498.html", "http://www.17k.com/book/2754900.html", "http://www.17k.com/book/2625740.html", "http://www.17k.com/book/2213315.html", "http://www.17k.com/book/2402178.html", "http://www.17k.com/book/2691221.html", "http://www.17k.com/book/2210699.html", "http://www.17k.com/book/1797752.html", "http://www.17k.com/book/2575507.html", "http://www.17k.com/book/2705181.html", "http://www.17k.com/book/2702539.html", "http://www.17k.com/book/2474887.html", "http://www.17k.com/book/2674733.html", "http://www.17k.com/book/2822076.html", "http://www.17k.com/book/2809894.html", "http://www.17k.com/book/2822077.html", "http://www.17k.com/book/2811930.html", "http://www.17k.com/book/2815548.html", "http://www.17k.com/book/2819620.html", "http://www.17k.com/book/2809964.html", "http://www.17k.com/book/2808200.html", "http://www.17k.com/book/2820100.html", "http://www.17k.com/book/2822978.html", "http://www.17k.com/book/2804337.html", "http://www.17k.com/book/2798814.html", "http://www.17k.com/book/2785153.html", "http://www.17k.com/book/2731559.html", "http://www.17k.com/book/2722533.html", "http://www.17k.com/book/2458377.html", "http://www.17k.com/book/2743300.html", "http://www.17k.com/book/973809.html", "http://www.17k.com/book/2651367.html", "http://www.17k.com/book/2726194.html", "http://www.17k.com/book/2790214.html", "http://www.17k.com/book/493239.html", "http://www.17k.com/book/108821.html", "http://www.17k.com/book/1398783.html", "http://www.17k.com/book/83528.html", "http://www.17k.com/book/1859126.html", "http://www.17k.com/book/1741975.html", "http://www.17k.com/book/192453.html", "http://www.17k.com/book/2459058.html", "http://www.17k.com/book/1050747.html", "http://www.17k.com/book/2700315.html", "http://www.17k.com/book/2818940.html", "http://www.17k.com/book/2819519.html", "http://www.17k.com/book/2816390.html", "http://www.17k.com/book/2819588.html", "http://www.17k.com/book/2813768.html", "http://www.17k.com/book/2822406.html", "http://www.17k.com/book/2772164.html", "http://www.17k.com/book/2784023.html", "http://www.17k.com/book/2811877.html", "http://www.17k.com/book/2809119.html", "http://www.17k.com/book/2803700.html", "http://www.17k.com/book/2819561.html", "http://www.17k.com/book/2746506.html", "http://www.17k.com/book/2811836.html", "http://www.17k.com/book/2614810.html", "http://www.17k.com/book/1592435.html", "http://www.17k.com/book/1949748.html", "http://www.17k.com/book/2265802.html", "http://www.17k.com/book/2743240.html", "http://www.17k.com/book/2657437.html", "http://www.17k.com/book/2644502.html", "http://www.17k.com/book/2199900.html", "http://www.17k.com/book/2725436.html", "http://www.17k.com/book/2629978.html"]}