{"ratings": -1, "userreviews": [{"userName": "\u97e9\u4ed9\u5251", "userReviewDate": "2018-06-06", "userURL": "http://user.17k.com/57159020", "userReview": "\u5927\u5927\u52a0\u6cb9\uff0c\u652f\u6301\uff01\uff01"}, {"userName": "\u8a00\u5c0f\u8a000717", "userReviewDate": "2018-05-26", "userURL": "http://user.17k.com/62206729", "userReview": "[\u6253\u8d4f]\u6211\u6253\u8d4f\u4e862\u5143\u7ea2\u5305\uff01\uff01"}, {"userName": "\u68a6\u9192\u5929\u5dee", "userReviewDate": "2018-05-20", "userURL": "http://user.17k.com/59595211", "userReview": "<span style='color:black'>\u52a0\u6cb9</span>"}, {"userName": "\u6843\u82b1\u4ed9686307805", "userReviewDate": "2018-05-13", "userURL": "http://user.17k.com/61186585", "userReview": "\u521a\u770b\u4e2a\u5f00\u5934\uff0c\u5199\u7684\u8fd8\u4e0d\u9519\u3002"}, {"userName": "\u9694\u58c1\u4e28\u8001\u738b", "userReviewDate": "2018-05-13", "userURL": "http://user.17k.com/43536663", "userReview": "\u7b2c\u4e00\u6b21\u4e3a<a target='_blank' href='http://www.17k.com/book/2823750.html'>\u300a\u6b66\u72c2\u5c0f\u9053\u58eb\u300b</a>\u6253\u5e7f\u544a\uff0c\u652f\u6301\u4f5c\u8005\uff0c\u52a0\u6cb9\uff01"}, {"userName": "\u6843\u82b1\u4ed9686307805", "userReviewDate": "2018-05-10", "userURL": "http://user.17k.com/61186585", "userReview": "\u6ca1\u770b\u61c2\uff0c\u9ad8\u5927\u5c1a"}, {"userName": "\u65af\u6587\u732b\u965b\u4e0b", "userReviewDate": "2018-05-07", "userURL": "http://user.17k.com/37764708", "userReview": "\u600e\u4e48\u6ca1\u6709\u7ae0\u8282\u540d\u5b57\uff0c\u770b\u4e86\u51e0\u7ae0\uff0c\u5199\u7684\u4e0d\u9519\uff0c\u5f00\u7bc7\u5f88\u7cbe\u5f69\uff0c\u52a0\u6cb9\uff0c\u575a\u6301\u5199\u4e0b\u53bb\uff0c"}, {"userName": "\u65af\u6587\u732b\u965b\u4e0b", "userReviewDate": "2018-05-07", "userURL": "http://user.17k.com/37764708", "userReview": "[\u6253\u8d4f]\u6211\u6253\u8d4f\u4e861\u5143\u7ea2\u5305\uff01\uff01"}, {"userName": "\u65e0\u6daf\u70fd\u706b", "userReviewDate": "2018-05-05", "userURL": "http://user.17k.com/57415892", "userReview": "\u5927\u54e5\uff0c\u4f60\u8fd9\u4e66\u91cc\u9762\u5565\u7b49\u7ea7\u8bbe\u7f6e"}, {"userName": "\u51cc\u6668\u4e4b\u524d", "userReviewDate": "2018-05-05", "userURL": "http://user.17k.com/59134096", "userReview": "\u7b7e\u5230\u652f\u6301"}, {"userName": "\u4f60\u7684\u4e16\u754c\u5c11\u4e86\u8c01", "userReviewDate": "2018-05-03", "userURL": "http://user.17k.com/58606556", "userReview": "\u611f\u8c22\u5927\u5bb6\u652f\u6301\uff0c\u5199\u7684\u4e0d\u597d\uff0c\u5927\u5bb6\u591a\u62c5\u5f85"}, {"userName": "\u96c5763492888", "userReviewDate": "2018-04-28", "userURL": "http://user.17k.com/61311980", "userReview": "[\u6253\u8d4f]\u6211\u6253\u8d4f\u4e862\u5143\u7ea2\u5305\uff01\uff01"}, {"userName": "\u788e\u4e86\u4e00\u5730\u5343\u788e", "userReviewDate": "2018-04-17", "userURL": "http://user.17k.com/60266387", "userReview": "\u5b89\uff5e"}, {"userName": "\u7a7a\u8c37\u7559\u60c5", "userReviewDate": "2018-04-15", "userURL": "http://user.17k.com/45016341", "userReview": "\u7a7a\u8c37\u6765\u8bbf\u7b7e\u5230\u4e86\uff0c\u524d\u6765\u52a0\u6cb9\u6253\u6c14\u3002\u63a5\u4e0b\u6765\u4e00\u6bb5\u65f6\u95f4\uff0c\u7a7a\u8c37\u90fd\u5f88\u5fd9\uff0c\u5c31\u4e0d\u80fd\u7ecf\u5e38\u524d\u6765\u62dc\u8bbf\u4e86"}, {"userName": "\u788e\u4e86\u4e00\u5730\u5343\u788e", "userReviewDate": "2018-04-15", "userURL": "http://user.17k.com/60266387", "userReview": "\u5927\u5927\u52a0\u6cb9\uff3e\uff10\uff3e~"}, {"userName": "\u592e\u5b50\u5440", "userReviewDate": "2018-04-14", "userURL": "http://user.17k.com/60344960", "userReview": "\u665a\u597d"}, {"userName": "\u7a7a\u8c37\u7559\u60c5", "userReviewDate": "2018-04-14", "userURL": "http://user.17k.com/45016341", "userReview": "\u7a7a\u8c37\u518d\u6b21\u65e9\u4e0a\u6765\u8bbf\u7b7e\u5230\uff0c\u52a0\u6cb9\u66f4\u65b0"}, {"userName": "\u7a7a\u8c37\u7559\u60c5", "userReviewDate": "2018-04-13", "userURL": "http://user.17k.com/45016341", "userReview": "\u4e0a\u5348\u597d\uff0c\u7a7a\u8c37\u6765\u8bbf\u652f\u6301\uff0c\u7ee7\u7eed\u52aa\u529b"}, {"userName": "\u7a7a\u8c37\u7559\u60c5", "userReviewDate": "2018-04-12", "userURL": "http://user.17k.com/45016341", "userReview": "\u65e9\u4e0a\u597d\uff0c\u7a7a\u8c37\u6765\u8bbf\u7b7e\u5230\uff0c\u52aa\u529b\u66f4\u65b0"}, {"userName": "\u7a7a\u8c37\u7559\u60c5", "userReviewDate": "2018-04-12", "userURL": "http://user.17k.com/45016341", "userReview": "\u65e9\u4e0a\u597d\uff0c\u7a7a\u8c37\u6765\u8bbf\u7b7e\u5230\uff0c\u52aa\u529b\u66f4\u65b0"}], "description": "\u5fd8\u8bb0\u4e00\u4e2a\u4eba\uff0c\u5c31\u7b49\u4e8e\u5728\u6211\u7684\u4e16\u754c\u91cc\u6740\u6b7b\u5979\uff0c\u5e76\u4eb2\u624b\u57cb\u846c\uff0c\u6211\u820d\u4e0d\u5f97\uff01", "title": "\u4ed9\u9675", "url": "http://www.17k.com/book/2729447.html", "average": -1.0, "cover": "http://img.17k.com/images/bookcover/2017/13647/68/2729447-1513984806000.jpg", "reviews": 29202, "authors": [{"url": "http://www.17k.com/zuozhe/58606556", "name": "\u4f60\u7684\u4e16\u754c\u5c11\u4e86\u8c01"}], "type": ["\u5947\u5e7b\u4fee\u771f"], "outlinks": ["http://www.17k.com/book/2794982.html", "http://www.17k.com/book/2801292.html", "http://www.17k.com/book/2816318.html", "http://www.17k.com/book/2797575.html", "http://www.17k.com/book/2802516.html", "http://www.17k.com/book/2812195.html", "http://www.17k.com/book/2820143.html", "http://www.17k.com/book/2807943.html", "http://www.17k.com/book/2813457.html", "http://www.17k.com/book/2798058.html", "http://www.17k.com/book/2815617.html", "http://www.17k.com/book/2805259.html", "http://www.17k.com/book/2760255.html", "http://www.17k.com/book/2686894.html", "http://www.17k.com/book/2797016.html", "http://www.17k.com/book/2767246.html", "http://www.17k.com/book/2764239.html", "http://www.17k.com/book/2754498.html", "http://www.17k.com/book/2754900.html", "http://www.17k.com/book/2625740.html", "http://www.17k.com/book/2213315.html", "http://www.17k.com/book/2402178.html", "http://www.17k.com/book/2691221.html", "http://www.17k.com/book/2210699.html", "http://www.17k.com/book/1797752.html", "http://www.17k.com/book/2575507.html", "http://www.17k.com/book/2705181.html", "http://www.17k.com/book/2702539.html", "http://www.17k.com/book/2474887.html", "http://www.17k.com/book/2674733.html", "http://www.17k.com/book/2822076.html", "http://www.17k.com/book/2809894.html", "http://www.17k.com/book/2822077.html", "http://www.17k.com/book/2811930.html", "http://www.17k.com/book/2815548.html", "http://www.17k.com/book/2819620.html", "http://www.17k.com/book/2809964.html", "http://www.17k.com/book/2808200.html", "http://www.17k.com/book/2820100.html", "http://www.17k.com/book/2822978.html", "http://www.17k.com/book/2804337.html", "http://www.17k.com/book/2798814.html", "http://www.17k.com/book/2785153.html", "http://www.17k.com/book/2731559.html", "http://www.17k.com/book/2722533.html", "http://www.17k.com/book/2458377.html", "http://www.17k.com/book/2743300.html", "http://www.17k.com/book/973809.html", "http://www.17k.com/book/2651367.html", "http://www.17k.com/book/2726194.html", "http://www.17k.com/book/2790214.html", "http://www.17k.com/book/493239.html", "http://www.17k.com/book/108821.html", "http://www.17k.com/book/1398783.html", "http://www.17k.com/book/83528.html", "http://www.17k.com/book/1859126.html", "http://www.17k.com/book/1741975.html", "http://www.17k.com/book/192453.html", "http://www.17k.com/book/2459058.html", "http://www.17k.com/book/1050747.html", "http://www.17k.com/book/2700315.html", "http://www.17k.com/book/2818940.html", "http://www.17k.com/book/2819519.html", "http://www.17k.com/book/2816390.html", "http://www.17k.com/book/2819588.html", "http://www.17k.com/book/2813768.html", "http://www.17k.com/book/2822406.html", "http://www.17k.com/book/2772164.html", "http://www.17k.com/book/2784023.html", "http://www.17k.com/book/2811877.html", "http://www.17k.com/book/2809119.html", "http://www.17k.com/book/2803700.html", "http://www.17k.com/book/2819561.html", "http://www.17k.com/book/2746506.html", "http://www.17k.com/book/2811836.html", "http://www.17k.com/book/2614810.html", "http://www.17k.com/book/1592435.html", "http://www.17k.com/book/1949748.html", "http://www.17k.com/book/2265802.html", "http://www.17k.com/book/2743240.html", "http://www.17k.com/book/2657437.html", "http://www.17k.com/book/2644502.html", "http://www.17k.com/book/2199900.html", "http://www.17k.com/book/2725436.html", "http://www.17k.com/book/2629978.html"]}