{"ratings": -1, "userreviews": [{"userName": "\u5802\u9633\u4fa0\u5ba2", "userReviewDate": "2018-06-05", "userURL": "http://user.17k.com/52035835", "userReview": "\u51cc\u6668\u9020\u8bbf\uff0c\u5b66\u4e60\u4e86\uff01"}, {"userName": "\u5802\u9633\u4fa0\u5ba2", "userReviewDate": "2018-06-04", "userURL": "http://user.17k.com/52035835", "userReview": "\u6563\u82b1\u652f\u6301\uff0c\u5411\u5927\u795e\u5b66\u4e60\uff01"}, {"userName": "\u68a6\u9192\u5929\u5dee", "userReviewDate": "2018-06-01", "userURL": "http://user.17k.com/59595211", "userReview": "\u7801\u5b57\u4e0d\u6613\uff0c\u5927\u5927\u52a0\u6cb9\uff01"}, {"userName": "\u6c90\u9633\u897f\u4e0b", "userReviewDate": "2018-05-27", "userURL": "http://user.17k.com/56039553", "userReview": "\u643a\u5e26<a target='_blank' href='http://www.17k.com/book/2830388.html'>\u300a\u5927\u4e3b\u5bb0\u4e4b\u65e0\u654c\u82cd\u7a79\u300b</a>\u6765\u8bbf\u4e86\uff0c\u5c0f\u8bf4\u63cf\u8ff0\u5f88\u4e0d\u9519&#55357;&#56842;"}, {"userName": "\u98ce042236587", "userReviewDate": "2018-05-25", "userURL": "http://user.17k.com/61878870", "userReview": "\u5317\u5bab\u98de\u96ea\u643a\u6218\u795e\u5e1d\u660a\u62dc\u8bfb\u5927\u4f5c"}, {"userName": "\u7b14\u58a8\u5c0f\u8fa3\u6761", "userReviewDate": "2018-05-12", "userURL": "http://user.17k.com/60633240", "userReview": "\u52a0\u6cb9\uff0c\u4e00\u8d77\u52aa\u529b"}, {"userName": "\u7b14\u58a8\u5c0f\u8fa3\u6761", "userReviewDate": "2018-05-09", "userURL": "http://user.17k.com/60633240", "userReview": "\u52a0\u6cb9\uff0c\u4e92\u8bbf\u3002"}, {"userName": "\u5723\u9690\u5e1d\u5143", "userReviewDate": "2018-04-30", "userURL": "http://user.17k.com/57760595", "userReview": "\u7b7e\u5230\u652f\u6301"}, {"userName": "\u8dc3\u9f99\u95e8\u7684\u9c7c", "userReviewDate": "2018-04-26", "userURL": "http://user.17k.com/38204384", "userReview": "\u6492\u82b1\u652f\u6301!!\u52a0\u6cb9\uff01\uff01"}, {"userName": "\u7f8a\u5976\u5c0f\u54e5", "userReviewDate": "2018-04-22", "userURL": "http://user.17k.com/54315957", "userReview": "[\u6253\u8d4f]\u6211\u6253\u8d4f\u4e862\u5143\u7ea2\u5305\uff01\uff01"}, {"userName": "\u7f8a\u5976\u5c0f\u54e5", "userReviewDate": "2018-04-22", "userURL": "http://user.17k.com/54315957", "userReview": "\u771f\u6b63\u4e0d\u9519\uff0c\u5f15\u4eba\u5165\u80dc\u5b66\u4e60\u5b66\u4e60\u4e86\uff01"}, {"userName": "\u5802\u9633\u4fa0\u5ba2", "userReviewDate": "2018-04-21", "userURL": "http://user.17k.com/52035835", "userReview": "\u6765\u5b66\u4e60\u4e86\uff0c\u597d\u6545\u4e8b\u5c31\u662f\u8981\u6162\u6162\u770b\uff01"}, {"userName": "\u96ea\u82b1\u6d41\u6c34", "userReviewDate": "2018-04-16", "userURL": "http://user.17k.com/45833716", "userReview": "\u5199\u7684\u4e0d\u9519 \u52a0\u6cb9"}], "description": "\u5927\u5510\u5e1d\u56fd\u4eb2\u738b\u674e\u9053\u51b2\uff0c\u751f\u4e8e\u65e0\u5c3d\u8840\u715e\u4e4b\u4e2d\uff0c\u968f\u65f6\u9762\u4e34\u7740\u88ab\u8840\u715e\u5f7b\u5e95\u4fb5\u8680\u7684\u5371\u673a\uff1b\u706d\u5f3a\u654c\u3001\u9006\u82cd\u5929\uff0c\u8e0f\u4e0a\u4fee\u884c\u4e4b\u8def\uff0c\u975e\u4ed9\u3001\u975e\u9b54\u3001\u975e\u4f5b\uff0c\u4e8e\u8840\u715e\u4e2d\u6bc1\u706d\u3001\u91cd\u751f\u3002\u3000\u3000\u6708\u795e\u77f3\u5165\u4f53\uff0c\u63ed\u9732\u4e07\u7269\u672c\u6e90\uff0c\u8fd9\u4e2a\u4e16\u754c\uff0c\u675f\u7f1a\u4e86\u4e07\u7269\u751f\u7075\u2026\u2026\u2026\u2026", "title": "\u4ed9\u9053\u5723\u7956", "url": "http://www.17k.com/book/2807148.html", "average": -1.0, "cover": "http://img.17k.com/images/bookcover/2018/14035/70/2807148-1524467192000.jpg", "reviews": 5001, "authors": [{"url": "http://www.17k.com/zuozhe/46507627", "name": "\u5cf0\u7231\u6db5"}], "type": ["\u4e1c\u65b9\u7384\u5e7b"], "outlinks": ["http://www.17k.com/book/2794982.html", "http://www.17k.com/book/2801292.html", "http://www.17k.com/book/2816318.html", "http://www.17k.com/book/2797575.html", "http://www.17k.com/book/2802516.html", "http://www.17k.com/book/2812195.html", "http://www.17k.com/book/2820143.html", "http://www.17k.com/book/2807943.html", "http://www.17k.com/book/2813457.html", "http://www.17k.com/book/2798058.html", "http://www.17k.com/book/2815617.html", "http://www.17k.com/book/2805259.html", "http://www.17k.com/book/2760255.html", "http://www.17k.com/book/2686894.html", "http://www.17k.com/book/2797016.html", "http://www.17k.com/book/2767246.html", "http://www.17k.com/book/2764239.html", "http://www.17k.com/book/2754498.html", "http://www.17k.com/book/2754900.html", "http://www.17k.com/book/2625740.html", "http://www.17k.com/book/2213315.html", "http://www.17k.com/book/2402178.html", "http://www.17k.com/book/2691221.html", "http://www.17k.com/book/2210699.html", "http://www.17k.com/book/1797752.html", "http://www.17k.com/book/2575507.html", "http://www.17k.com/book/2705181.html", "http://www.17k.com/book/2702539.html", "http://www.17k.com/book/2474887.html", "http://www.17k.com/book/2674733.html", "http://www.17k.com/book/2822076.html", "http://www.17k.com/book/2809894.html", "http://www.17k.com/book/2822077.html", "http://www.17k.com/book/2811930.html", "http://www.17k.com/book/2815548.html", "http://www.17k.com/book/2819620.html", "http://www.17k.com/book/2809964.html", "http://www.17k.com/book/2808200.html", "http://www.17k.com/book/2820100.html", "http://www.17k.com/book/2822978.html", "http://www.17k.com/book/2804337.html", "http://www.17k.com/book/2798814.html", "http://www.17k.com/book/2785153.html", "http://www.17k.com/book/2731559.html", "http://www.17k.com/book/2722533.html", "http://www.17k.com/book/2458377.html", "http://www.17k.com/book/2743300.html", "http://www.17k.com/book/973809.html", "http://www.17k.com/book/2651367.html", "http://www.17k.com/book/2726194.html", "http://www.17k.com/book/2790214.html", "http://www.17k.com/book/493239.html", "http://www.17k.com/book/108821.html", "http://www.17k.com/book/1398783.html", "http://www.17k.com/book/83528.html", "http://www.17k.com/book/1859126.html", "http://www.17k.com/book/1741975.html", "http://www.17k.com/book/192453.html", "http://www.17k.com/book/2459058.html", "http://www.17k.com/book/1050747.html", "http://www.17k.com/book/2700315.html", "http://www.17k.com/book/2818940.html", "http://www.17k.com/book/2819519.html", "http://www.17k.com/book/2816390.html", "http://www.17k.com/book/2819588.html", "http://www.17k.com/book/2813768.html", "http://www.17k.com/book/2822406.html", "http://www.17k.com/book/2772164.html", "http://www.17k.com/book/2784023.html", "http://www.17k.com/book/2811877.html", "http://www.17k.com/book/2809119.html", "http://www.17k.com/book/2803700.html", "http://www.17k.com/book/2819561.html", "http://www.17k.com/book/2746506.html", "http://www.17k.com/book/2811836.html", "http://www.17k.com/book/2614810.html", "http://www.17k.com/book/1592435.html", "http://www.17k.com/book/1949748.html", "http://www.17k.com/book/2265802.html", "http://www.17k.com/book/2743240.html", "http://www.17k.com/book/2657437.html", "http://www.17k.com/book/2644502.html", "http://www.17k.com/book/2199900.html", "http://www.17k.com/book/2725436.html", "http://www.17k.com/book/2629978.html"]}