{"ratings": -1, "userreviews": [{"userName": "\u68a6\u5165\u6d2a\u8352", "userReviewDate": "2017-04-18", "userURL": "http://user.17k.com/2186660", "userReview": "\u8fd9\u4e66\u4e0d\u9519\u554a\uff0c\u521a\u521a\u770b\u4e86\u7b2c\u4e00\u7ae0\u5c31\u88ab\u5438\u5f15\u4f4f\u4e86\uff01\u98ce\u683c\u5f88\u641e\u7b11\uff01\u5f88\u6709\u770b\u5934\uff01\u5e0c\u671b\u540e\u9762\u66f4\u52a0\u7cbe\u5f69\uff01"}, {"userName": "\u5c0f\u9c7c\u5927\u5fc36", "userReviewDate": "2017-03-25", "userURL": "http://user.17k.com/9205623", "userReview": "\u6233\u4e2d\u7b11\u70b9~"}, {"userName": "\u60dc\u82b1\u4eba@\u7f8a\u57ce", "userReviewDate": "2017-03-10", "userURL": "http://user.17k.com/11331811", "userReview": "\u591f\u53d8\u6001\uff0c\u6211\u559c\u6b22\uff01\u97e6\u5c0f\u5b9d\u7248\u5f20\u5c0f\u51e1\uff0c\u4e07\u4e07\u6ca1\u60f3\u5230\u7248\u8bdb\u4ed9"}, {"userName": "\u7075\u94db", "userReviewDate": "2017-03-02", "userURL": "http://user.17k.com/4097123", "userReview": "<span style='color:red'>\u6c99\u7c73\u7684\u4e66\uff0c\u4e00\u5982\u65e2\u5f80\u8111\u6d1e\u6e05\u5947\uff0c\u5927\u8d5e\uff01</span>"}, {"userName": "o\u7b14\u4ed9\u5728\u68a6\u6e38o", "userReviewDate": "2017-02-27", "userURL": "http://user.17k.com/2352868", "userReview": "\u8f7b\u677e\u4e00\u7b11\u54c8\u54c8\u54c8"}, {"userName": "\u4e00\u8def\u987a\u98ce558649112", "userReviewDate": "2018-06-03", "userURL": "http://user.17k.com/43344965", "userReview": "\u7518\u62dc\u4e0b\u98ce\u597d"}, {"userName": "\u80e1\u6e23\u7537783940603", "userReviewDate": "2018-06-02", "userURL": "http://user.17k.com/45036098", "userReview": "\u4f5c\u8005\u7684\u6bcf\u672c\u4e66\u90fd\u5bf9\u4e3b\u89d2\u7279\u522b\u4e0d\u597d\u3002"}, {"userName": "\u80e1\u6e23\u7537783940603", "userReviewDate": "2018-06-02", "userURL": "http://user.17k.com/45036098", "userReview": "\u4f5c\u8005\u7684\u6bcf\u672c\u4e66\u90fd\u5bf9\u4e3b\u89d2\u7279\u522b\u4e0d\u597d\u3002"}, {"userName": "\u68e0\u68a8\u7ea2\u8896", "userReviewDate": "2018-05-27", "userURL": "http://user.17k.com/62233190", "userReview": "\u771f\u7684\u5f88\u559c\u6b22\uff0c\u5e0c\u671b\u80fd\u5f52\u6765"}, {"userName": "17K\u4e66\u53cb34IOE5S2", "userReviewDate": "2018-05-26", "userURL": "http://user.17k.com/62211815", "userReview": "\u88ab\u7f16\u8f91\u5bb3\u6b7b\u7684\u60b2\u5267\u5927\u5e08"}, {"userName": "OneBetter", "userReviewDate": "2018-05-22", "userURL": "http://user.17k.com/10953207", "userReview": "\u53ef\u60dc\u4f5c\u8005\u5df2\u7ecf\u51c9\u51c9"}, {"userName": "17K\u4e66\u53cb0LSFZF5X", "userReviewDate": "2018-05-19", "userURL": "http://user.17k.com/61926656", "userReview": "\u540e\u9762\u5199\u7684\u4e0d\u600e\u4e48\u597d\u7231\u3002\u662f\u6307\u60c5\u8282\u4e0d\u597d\u3002"}, {"userName": "\u571f\u4eba691741713", "userReviewDate": "2018-05-13", "userURL": "http://user.17k.com/61518100", "userReview": "\u7b2c\u4e00\u4eba\u79f0\u5199\u7684\uff1f"}, {"userName": "\u542c\u96ea\u591c", "userReviewDate": "2018-05-03", "userURL": "http://user.17k.com/43637248", "userReview": "\u597d\u957f\u65f6\u95f4\u4e86\uff0c\u6765\u770b\u770b\uff0c\u4f5c\u8005\u541b\u5f00\u5751\u4e86\u6ca1\u3002\u5e0c\u671b\u738b\u4e00\u7684\u6545\u4e8b\u6709\u5b8c\u7ed3\u90a3\u5929\u5427\uff0c\u8bf4\u8d77\u6765\uff0c\u4ee5\u524d\u597d\u50cf\u63d0\u8fc7\uff0c\u8fd9\u672c\u4e66\u5f88\u9002\u5408\u6539\u53d8\u6f2b\u753b\uff0c\u4f5c\u8005\u541b\u53ef\u4ee5\u53bb\u817e\u8baf\u52a8\u6f2b\u770b\u770b\uff0c\u6709\u4eba\u559c\u6b22\u4f60\u7684\u6545\u4e8b\u6ca1\u3002"}, {"userName": "\u3221\u5341\u4e00\u514b\ufe4c \u7231\u60c5 .", "userReviewDate": "2018-04-26", "userURL": "http://user.17k.com/53952993", "userReview": "\u6709\u7eed\u96c6\u4e48\uff1f"}, {"userName": "\u6d6e\u5938685276159", "userReviewDate": "2018-04-25", "userURL": "http://user.17k.com/61134942", "userReview": "\u55ef\u55ef\u55ef\u3002\u8fd8\u597d\u554a"}, {"userName": "\u5929\u4f7f\u4e0e\u9f99\u7684\u8f6e\u821e306456590", "userReviewDate": "2018-04-23", "userURL": "http://user.17k.com/61193784", "userReview": "\u4e0d\u9519\u4e0d\u9519\u4e0d\u9519"}, {"userName": "\u6211\u662f\u5b88\u6052", "userReviewDate": "2018-04-22", "userURL": "http://user.17k.com/38933598", "userReview": "\u4eca\u5929\u6765\u7b7e\u5230"}, {"userName": "\u6211\u662f\u5b88\u6052", "userReviewDate": "2018-04-21", "userURL": "http://user.17k.com/38933598", "userReview": "\u738b\u5b50\u65e9\u4e0a\u597d"}, {"userName": "\u6770\u5361\u83f2\u65af", "userReviewDate": "2018-04-20", "userURL": "http://user.17k.com/33687744", "userReview": "\u4e0d\u9519(*\u0e53&acute;\u2570\u256f`\u0e53)\u2661"}], "description": "\u6211\uff0c\u738b\u4e00\uff0c\u51fa\u751f\u4e8e\u6e58\u5357\u56fd\u7687\u5ba4\uff0c\u516d\u5c81\u5c31\u88ab\u9001\u5230\u6e05\u7384\u9053\u5b97\u4fee\u9053\u3002\u957f\u5f97\u7389\u6811\u4e34\u98ce\uff0c\u6c14\u8d28\u7fe9\u7fe9\uff0c\u4e43\u662f\u4fee\u771f\u754c\u767e\u5e74\u96be\u5f97\u4e00\u9047\u7684\u5947\u624d\uff01\u3000\u3000\u597d\u5427\uff0c\u5176\u5b9e\u6211\u5c31\u662f\u4e00\u4e2a\u9f99\u5957A\uff0c\u6211\u90a3\u4e2a\u540a\u70b8\u5929\u7684\u5927\u5e08\u5144\u624d\u662f\u4e3b\u89d2\u3002\u3000\u3000\u67d0\u4e00\u5929\uff0c\u6211\u628a\u5927\u5e08\u5144\u6345\u6b7b\u4e86\u3002\u3000\u3000\u4e8e\u662f\u4e4e\uff0c\u6211\u6210\u4e3a\u4e86\u53cd\u6d3eA......", "title": "\u4ed9\u95e8\u6b6a\u9053", "url": "http://www.17k.com/book/2341999.html", "average": -1.0, "cover": "http://img.17k.com/images/bookcover/2017/11709/58/2341999-1486979353000.jpg", "reviews": 1169560, "authors": [{"url": "http://www.17k.com/zuozhe/17131216", "name": "\u6c99\u7c73\u738b\u5b50"}], "type": ["\u5e7b\u60f3\u7206\u7b11"], "outlinks": ["http://www.17k.com/book/2794982.html", "http://www.17k.com/book/2801292.html", "http://www.17k.com/book/2816318.html", "http://www.17k.com/book/2797575.html", "http://www.17k.com/book/2802516.html", "http://www.17k.com/book/2812195.html", "http://www.17k.com/book/2820143.html", "http://www.17k.com/book/2807943.html", "http://www.17k.com/book/2813457.html", "http://www.17k.com/book/2798058.html", "http://www.17k.com/book/2815617.html", "http://www.17k.com/book/2805259.html", "http://www.17k.com/book/2760255.html", "http://www.17k.com/book/2686894.html", "http://www.17k.com/book/2797016.html", "http://www.17k.com/book/2767246.html", "http://www.17k.com/book/2764239.html", "http://www.17k.com/book/2754498.html", "http://www.17k.com/book/2754900.html", "http://www.17k.com/book/2625740.html", "http://www.17k.com/book/2213315.html", "http://www.17k.com/book/2402178.html", "http://www.17k.com/book/2691221.html", "http://www.17k.com/book/2210699.html", "http://www.17k.com/book/1797752.html", "http://www.17k.com/book/2575507.html", "http://www.17k.com/book/2705181.html", "http://www.17k.com/book/2702539.html", "http://www.17k.com/book/2474887.html", "http://www.17k.com/book/2674733.html", "http://www.17k.com/book/2822076.html", "http://www.17k.com/book/2809894.html", "http://www.17k.com/book/2822077.html", "http://www.17k.com/book/2811930.html", "http://www.17k.com/book/2815548.html", "http://www.17k.com/book/2819620.html", "http://www.17k.com/book/2809964.html", "http://www.17k.com/book/2808200.html", "http://www.17k.com/book/2820100.html", "http://www.17k.com/book/2822978.html", "http://www.17k.com/book/2804337.html", "http://www.17k.com/book/2798814.html", "http://www.17k.com/book/2785153.html", "http://www.17k.com/book/2731559.html", "http://www.17k.com/book/2722533.html", "http://www.17k.com/book/2458377.html", "http://www.17k.com/book/2743300.html", "http://www.17k.com/book/973809.html", "http://www.17k.com/book/2651367.html", "http://www.17k.com/book/2726194.html", "http://www.17k.com/book/2790214.html", "http://www.17k.com/book/493239.html", "http://www.17k.com/book/108821.html", "http://www.17k.com/book/1398783.html", "http://www.17k.com/book/83528.html", "http://www.17k.com/book/1859126.html", "http://www.17k.com/book/1741975.html", "http://www.17k.com/book/192453.html", "http://www.17k.com/book/2459058.html", "http://www.17k.com/book/1050747.html", "http://www.17k.com/book/2700315.html", "http://www.17k.com/book/2818940.html", "http://www.17k.com/book/2819519.html", "http://www.17k.com/book/2816390.html", "http://www.17k.com/book/2819588.html", "http://www.17k.com/book/2813768.html", "http://www.17k.com/book/2822406.html", "http://www.17k.com/book/2772164.html", "http://www.17k.com/book/2784023.html", "http://www.17k.com/book/2811877.html", "http://www.17k.com/book/2809119.html", "http://www.17k.com/book/2803700.html", "http://www.17k.com/book/2819561.html", "http://www.17k.com/book/2746506.html", "http://www.17k.com/book/2811836.html", "http://www.17k.com/book/2614810.html", "http://www.17k.com/book/1592435.html", "http://www.17k.com/book/1949748.html", "http://www.17k.com/book/2265802.html", "http://www.17k.com/book/2743240.html", "http://www.17k.com/book/2657437.html", "http://www.17k.com/book/2644502.html", "http://www.17k.com/book/2199900.html", "http://www.17k.com/book/2725436.html", "http://www.17k.com/book/2629978.html"]}