{"ratings": -1, "userreviews": [{"userName": "\u5172\u9242\u3071\u561a\u6dda", "userReviewDate": "2018-06-05", "userURL": "http://user.17k.com/49924552", "userReview": "\u5199\u7684\u5973\u4e3b\u597d\u590d\u6742\u554a\uff0c\u548c\u4e09\u4e2a\u7537\u4eba\u90fd\u6709\u5173\u7cfb\u3002\u3002\u3002"}], "description": "\u6797\u60dc\u4ece\u6ca1\u6709\u60f3\u5230\u5728\u81ea\u5df1\u4e0e\u6d1b\u660e\u5ddd\u7684\u5a5a\u793c\u4e0a\uff0c\u4f1a\u51fa\u73b0\u90a3\u4e2a\u5728E\u5e02\u53ea\u624b\u906e\u5929\u7684\u7537\u4eba\u2014\u5929\u6210\u96c6\u56e2\u603b\u88c1\u8c22\u54f2\u5e0c\uff0c\u53ea\u662f\u5979\u5e76\u4e0d\u8ba4\u8bc6\u4ed6\u3002\u3000\u3000\u4f46\u4ed6\u5374\u4e3a\u5979\u800c\u6765\uff0c\u56e0\u4e3a\u4e03\u5e74\u524d\u5979\u7684\u4e00\u6b21\u4ee3\u5b55--\u90a3\u4e2a\u4e0e\u5979\u6709\u7740\u8840\u7f18\u7684\u5b69\u5b50\u8c22\u54f2\u5bfb\u5f97\u4e86\u91cd\u75c5\uff0c\u9700\u8981\u4ed6\u4eec\u65b0\u751f\u513f\u7684\u8110\u5e26\u8840\u6551\u547d\uff0c\u6240\u4ee5\u8c22\u54f2\u5e0c\u91cd\u65b0\u627e\u5230\u4e86\u5979\u3002\u3000\u3000\u53ea\u662f\u6797\u60dc\u771f\u7684\u8981\u653e\u5f03\u6df1\u7231\u7740\u7684\u6d1b\u660e\u5ddd\uff1f\u6d1b\u660e\u5ddd\u53c8\u80fd\u5426\u7b49\u5f85\u6797\u60dc\u5f52\u6765\uff1f\u3000\u3000\u5f53\u6797\u60dc\u7ec8\u4e8e\u6551\u4e0b\u4e86\u90a3\u4e2a\u53eb\u505a\u8c22\u54f2\u5bfb\u7684\u5b69\u5b50\u4e4b\u540e\uff0c\u8c22\u54f2\u5e0c\u5374\u6ca1\u6709\u6253\u7b97\u653e\u5f00\u5979\u3002\u3000\u3000\u5f53\u6797\u60dc\u7ec8\u4e8e\u63a5\u53d7\u8c22\u54f2\u5e0c\u7684\u65f6\u5019\uff0c\u5374\u53d1\u73b0\u81ea\u5df1\u53ea\u662f\u82cf\u6155\u989c\u7684\u66ff\u8eab\u3002\u3000\u3000\u5f53\u6797\u60dc\u51c6\u5907\u653e\u4e0b\u8fc7\u5f80\u91cd\u65b0\u5f00\u59cb\u7684\u65f6\u5019\uff0c\u6d1b\u660e\u5ddd\u7684\u8eab\u8fb9\u5374\u6709\u4e86\u53e6\u4e00\u4e2a\u5979\u3002\u3000\u3000\u5f53\u4e00\u5207\u771f\u76f8\u63ed\u5f00\uff0c\u6797\u60dc\u53ea\u89c9\u5f97\u4eba\u751f\u5982\u620f\uff0c\u620f\u5982\u4eba\u751f\u3002\u3000\u3000\u5f53\u6797\u60dc\u7ec8\u4e8e\u51b3\u5b9a\u653e\u5f03\u4e00\u5207\u7684\u65f6\u5019\uff0c\u5374\u53d1\u73b0\u84e6\u7136\u56de\u9996\uff0c\u90a3\u4e2a\u4eba\u4e00\u76f4\u90fd\u5728\u3002", "title": "\u4ee3\u5b55\u6210\u59bb\uff1a\u603b\u88c1\u8ffd\u7231\u8bb0", "url": "http://www.17k.com/book/2691517.html", "average": -1.0, "cover": "http://img.17k.com/images/bookcover/partner/15/17/2691517/2691517.jpg", "reviews": 24205, "authors": [{"url": "http://www.17k.com/zuozhe/56805969", "name": "\u6851\u6893\u4f9d\u4f9d"}], "type": ["\u603b\u88c1\u8c6a\u95e8"], "outlinks": ["http://www.17k.com/book/2794982.html", "http://www.17k.com/book/2801292.html", "http://www.17k.com/book/2816318.html", "http://www.17k.com/book/2797575.html", "http://www.17k.com/book/2802516.html", "http://www.17k.com/book/2812195.html", "http://www.17k.com/book/2820143.html", "http://www.17k.com/book/2807943.html", "http://www.17k.com/book/2813457.html", "http://www.17k.com/book/2798058.html", "http://www.17k.com/book/2815617.html", "http://www.17k.com/book/2805259.html", "http://www.17k.com/book/2760255.html", "http://www.17k.com/book/2686894.html", "http://www.17k.com/book/2797016.html", "http://www.17k.com/book/2767246.html", "http://www.17k.com/book/2764239.html", "http://www.17k.com/book/2754498.html", "http://www.17k.com/book/2754900.html", "http://www.17k.com/book/2625740.html", "http://www.17k.com/book/2213315.html", "http://www.17k.com/book/2402178.html", "http://www.17k.com/book/2691221.html", "http://www.17k.com/book/2210699.html", "http://www.17k.com/book/1797752.html", "http://www.17k.com/book/2575507.html", "http://www.17k.com/book/2705181.html", "http://www.17k.com/book/2702539.html", "http://www.17k.com/book/2474887.html", "http://www.17k.com/book/2674733.html", "http://www.17k.com/book/2822076.html", "http://www.17k.com/book/2809894.html", "http://www.17k.com/book/2822077.html", "http://www.17k.com/book/2811930.html", "http://www.17k.com/book/2815548.html", "http://www.17k.com/book/2819620.html", "http://www.17k.com/book/2809964.html", "http://www.17k.com/book/2808200.html", "http://www.17k.com/book/2820100.html", "http://www.17k.com/book/2822978.html", "http://www.17k.com/book/2804337.html", "http://www.17k.com/book/2798814.html", "http://www.17k.com/book/2785153.html", "http://www.17k.com/book/2731559.html", "http://www.17k.com/book/2722533.html", "http://www.17k.com/book/2458377.html", "http://www.17k.com/book/2743300.html", "http://www.17k.com/book/973809.html", "http://www.17k.com/book/2651367.html", "http://www.17k.com/book/2726194.html", "http://www.17k.com/book/2790214.html", "http://www.17k.com/book/493239.html", "http://www.17k.com/book/108821.html", "http://www.17k.com/book/1398783.html", "http://www.17k.com/book/83528.html", "http://www.17k.com/book/1859126.html", "http://www.17k.com/book/1741975.html", "http://www.17k.com/book/192453.html", "http://www.17k.com/book/2459058.html", "http://www.17k.com/book/1050747.html", "http://www.17k.com/book/2700315.html", "http://www.17k.com/book/2818940.html", "http://www.17k.com/book/2819519.html", "http://www.17k.com/book/2816390.html", "http://www.17k.com/book/2819588.html", "http://www.17k.com/book/2813768.html", "http://www.17k.com/book/2822406.html", "http://www.17k.com/book/2772164.html", "http://www.17k.com/book/2784023.html", "http://www.17k.com/book/2811877.html", "http://www.17k.com/book/2809119.html", "http://www.17k.com/book/2803700.html", "http://www.17k.com/book/2819561.html", "http://www.17k.com/book/2746506.html", "http://www.17k.com/book/2811836.html", "http://www.17k.com/book/2614810.html", "http://www.17k.com/book/1592435.html", "http://www.17k.com/book/1949748.html", "http://www.17k.com/book/2265802.html", "http://www.17k.com/book/2743240.html", "http://www.17k.com/book/2657437.html", "http://www.17k.com/book/2644502.html", "http://www.17k.com/book/2199900.html", "http://www.17k.com/book/2725436.html", "http://www.17k.com/book/2629978.html"]}