{"ratings": -1, "userreviews": [], "description": "\u4f0a\u7538\u56ed\uff0c\u4e00\u4e2a\u7f8e\u4e3d\u7684\u4e16\u5916\u6843\u6e90\u3002\u3000\u3000\u4e00\u4f4d\u4e16\u754c\u77a9\u76ee\u7684\u533b\u5e08\u5374\u7a81\u7136\u51b3\u5b9a\u79bb\u5f00\u8fd9\u4e2a\u4e16\u754c\uff0c\u5e26\u7740\u751f\u547d\u5973\u795e\u6240\u8d4b\u4e88\u7684\u529b\u91cf\uff0c\u53bb\u62ef\u6551\u53e6\u4e00\u4e2a\u4e16\u754c\u91cc\u8fd8\u9971\u53d7\u6218\u4e89\u6298\u78e8\u7684\u4eba\u4eec\u3002\u3000\u3000\u4ed6\u7684\u5973\u513f\u5929\u8d4b\u5f02\u7980\uff0c\u63a5\u66ff\u4e86\u7236\u4eb2\u7684\u5de5\u4f5c\uff0c\u7f6e\u8eab\u4e8e\u533b\u5e08\u7684\u5de5\u4f5c\u4e2d\u3002\u53ef\u662f\u5973\u513f\u4e00\u76f4\u60f3\u5ff5\u7740\u7236\u4eb2\uff0c\u76fc\u671b\u7740\u7236\u4eb2\u5f52\u6765\u3002\u76f4\u81f3\u67d0\u4e00\u5929\uff0c\u5979\u5f97\u77e5\u7236\u4eb2\u5df2\u7ecf\u846c\u8eab\u4e8e\u6218\u4e89\u7684\u706b\u6d77\u4e2d\u3002\u5973\u513f\u51b3\u5b9a\uff0c\u8e0f\u4e0a\u7236\u4eb2\u6240\u9009\u62e9\u7684\u9053\u8def\uff0c\u5b8c\u6210\u7236\u4eb2\u8fd8\u672a\u5b9e\u73b0\u7684\u613f\u671b\u3002\u3000\u3000\u8fd9\u662f\u4e00\u90e8\u4ee5\u5973\u6027\u89c6\u89d2\u5c55\u5f00\u7684\u539f\u521b\u8f7b\u5c0f\u8bf4\uff0c\u5c06\u63cf\u8ff0\u4e00\u4f4d\u5c11\u5973\u7684\u6210\u957f\u7ecf\u5386\u3002", "title": "\u4f0a\u7538\u56ed\u4e4b\u5979\u4e0e\u82ac\u82b3", "url": "http://www.17k.com/book/2825974.html", "average": -1.0, "cover": "http://img.17k.com/images/bookcover/default_cover2.jpg", "reviews": 58, "authors": [{"url": "http://www.17k.com/zuozhe/58299966", "name": "\u68a6\u5fc6\u6f47\u6e58\u9b42"}], "type": ["\u5b85\u7cfb\u5c0f\u8bf4"], "outlinks": ["http://www.17k.com/book/2794982.html", "http://www.17k.com/book/2801292.html", "http://www.17k.com/book/2816318.html", "http://www.17k.com/book/2797575.html", "http://www.17k.com/book/2802516.html", "http://www.17k.com/book/2812195.html", "http://www.17k.com/book/2820143.html", "http://www.17k.com/book/2807943.html", "http://www.17k.com/book/2813457.html", "http://www.17k.com/book/2798058.html", "http://www.17k.com/book/2815617.html", "http://www.17k.com/book/2805259.html", "http://www.17k.com/book/2760255.html", "http://www.17k.com/book/2686894.html", "http://www.17k.com/book/2797016.html", "http://www.17k.com/book/2767246.html", "http://www.17k.com/book/2764239.html", "http://www.17k.com/book/2754498.html", "http://www.17k.com/book/2754900.html", "http://www.17k.com/book/2625740.html", "http://www.17k.com/book/2213315.html", "http://www.17k.com/book/2402178.html", "http://www.17k.com/book/2691221.html", "http://www.17k.com/book/2210699.html", "http://www.17k.com/book/1797752.html", "http://www.17k.com/book/2575507.html", "http://www.17k.com/book/2705181.html", "http://www.17k.com/book/2702539.html", "http://www.17k.com/book/2474887.html", "http://www.17k.com/book/2674733.html", "http://www.17k.com/book/2822076.html", "http://www.17k.com/book/2809894.html", "http://www.17k.com/book/2822077.html", "http://www.17k.com/book/2811930.html", "http://www.17k.com/book/2815548.html", "http://www.17k.com/book/2819620.html", "http://www.17k.com/book/2809964.html", "http://www.17k.com/book/2808200.html", "http://www.17k.com/book/2820100.html", "http://www.17k.com/book/2822978.html", "http://www.17k.com/book/2804337.html", "http://www.17k.com/book/2798814.html", "http://www.17k.com/book/2785153.html", "http://www.17k.com/book/2731559.html", "http://www.17k.com/book/2722533.html", "http://www.17k.com/book/2458377.html", "http://www.17k.com/book/2743300.html", "http://www.17k.com/book/973809.html", "http://www.17k.com/book/2651367.html", "http://www.17k.com/book/2726194.html", "http://www.17k.com/book/2790214.html", "http://www.17k.com/book/493239.html", "http://www.17k.com/book/108821.html", "http://www.17k.com/book/1398783.html", "http://www.17k.com/book/83528.html", "http://www.17k.com/book/1859126.html", "http://www.17k.com/book/1741975.html", "http://www.17k.com/book/192453.html", "http://www.17k.com/book/2459058.html", "http://www.17k.com/book/1050747.html", "http://www.17k.com/book/2700315.html", "http://www.17k.com/book/2818940.html", "http://www.17k.com/book/2819519.html", "http://www.17k.com/book/2816390.html", "http://www.17k.com/book/2819588.html", "http://www.17k.com/book/2813768.html", "http://www.17k.com/book/2822406.html", "http://www.17k.com/book/2772164.html", "http://www.17k.com/book/2784023.html", "http://www.17k.com/book/2811877.html", "http://www.17k.com/book/2809119.html", "http://www.17k.com/book/2803700.html", "http://www.17k.com/book/2819561.html", "http://www.17k.com/book/2746506.html", "http://www.17k.com/book/2811836.html", "http://www.17k.com/book/2614810.html", "http://www.17k.com/book/1592435.html", "http://www.17k.com/book/1949748.html", "http://www.17k.com/book/2265802.html", "http://www.17k.com/book/2743240.html", "http://www.17k.com/book/2657437.html", "http://www.17k.com/book/2644502.html", "http://www.17k.com/book/2199900.html", "http://www.17k.com/book/2725436.html", "http://www.17k.com/book/2629978.html"]}