{"ratings": -1, "userreviews": [{"userName": "\u7985\u5fc3\u5df2\u505a\u6cbe\u6ce5\u7d6e", "userReviewDate": "2014-07-21", "userURL": "http://user.17k.com/7575307", "userReview": "\u4e66\u9898\u7bc7\uff1a \u4eba\u4e4b\u5fc3\u4f5b\u9b54\u5171\u5c45\uff0c\u4e00\u534a\u662f\u5584\u662f\u4f5b\uff0c\u4e00\u534a\u662f\u6076\u662f\u9b54\uff0c\u4e00\u5ff5\u5584\u5219\u5929\u5802\uff0c\u4e00\u5ff5\u6076\u5219\u5730\u72f1\u3002\u5f53\u5fc3\u9b54\u81a8\u80c0\uff0c\u5584\u5ff5\u4e0d\u80fd\u538b\u5236\uff0c\u4fbf\u6076\u5ff5\u4e1b\u751f\uff0c\u4e07\u52ab\u4e0d\u590d\uff0c\u7136\u4ece\u6b32\u800c\u8fdb\uff0c\u4ece\u6b32\u800c\u51fa\uff0c\u5386\u7ecf\u79cd\u79cd\uff0c\u68a6\u788e\u800c\u5584\u5ff5\u89c9\u9192\uff0c\u9664\u6389\u5fc3\u9b54\uff0c\u4ea6\u80fd\u91cd\u751f\u3002\u7537\u4e3b\u4f5c\u4e3a\u4e0d\u52a8\u660e\u738b\u7684\u51e1\u4e16\u5e7b\u8eab\uff0c\u62a4\u6301\u5e7b\u8eab\u7684\u91d1\u7532\u795e\u5c06\u548c\u9ed1\u7532\u795e\u5c06\uff0c\u83ab\u4e0d\u662f\u9690\u55bb\u7684\u4eba\u6027\u4e4b\u4e24\u9762\uff0c\u5584\u4e0e\u6076\u7684\u76f8\u4e92\u538b\u5236\uff0c\u6b64\u8d77\u5219\u5f7c\u4f0f\uff0c\u5f7c\u8d77\u5219\u6b64\u4f0f\u3002 =========================================================== \u4e3b\u89d2\u7bc7\uff1a \u7537\u4e3b\u58a8\u6d5e\uff0c\u4e00\u4e2a\u6cbf\u6d77\u5730\u533a\u5bcc\u88d5\u6751\u91cc\u7684\u5927\u5b66\u6bd5\u4e1a\u751f\uff0c\u65e2\u6709\u5e38\u4eba\u6240\u5177\u5907\u7684\u8d2a\u6b32\u4e4b\u5ff5\uff0c\u53c8\u5bcc\u6709\u5f3a\u70c8\u7684\u6b63\u4e49\u5fc3\u3002\u56e0\u4e3a\u4e00\u6b21\u5076\u7136\u7684\u53d1\u73b0\uff0c\u826f\u5fc3\u4fc3\u4f7f\u4ed6\u51b3\u5b9a\u4e3e\u62a5\u6751\u5b50\u4e0a\u7684\u4eba\u4ece..."}, {"userName": "\u6211\u662f\u98ce\u5fa1\u4e5d\u79cb", "userReviewDate": "2014-03-20", "userURL": "http://user.17k.com/7831691", "userReview": "\u4f60\u90fd\u6df7\u5973\u9891\u4e86\uff0c\u8fd8\u56de\u6765\u5e72\u5565\uff0c\u8bf4\uff0c\u52fe\u5f15\u4e86\u51e0\u4e2aLS?"}, {"userName": "\u79e6\u6b4c-\u5e05\u5c11", "userReviewDate": "2014-03-03", "userURL": "http://user.17k.com/11021181", "userReview": "\u6625\u5929\u6765\u4e86\uff0c\u53c8\u662f\u4e00\u4e2a\u5f00\u5751\u7684\u5b63\u8282\uff01"}, {"userName": "\u98ce\u9752\u9633\u672c\u5c0a", "userReviewDate": "2014-03-01", "userURL": "http://user.17k.com/4638758", "userReview": "\u65b0\u4e66\u5927\u706b\uff0c\u56de\u5934\u518d\u8865\u4e0a\u8d35\u5bbe\uff01"}, {"userName": "17K\u8001\u5bab", "userReviewDate": "2014-02-27", "userURL": "http://user.17k.com/2442546", "userReview": "\u65b0\u4e66\u5927\u706b~"}, {"userName": "\u4efb\u7fbd\u900d\u9065\u5ba2", "userReviewDate": "2017-06-19", "userURL": "http://user.17k.com/43706410", "userReview": "\u5f02\u95fb\u77e5\u591a\u5c11\u524d\u6765\u819c\u62dc"}, {"userName": "\u53f6\u843d\u5b50\u75d5", "userReviewDate": "2017-05-24", "userURL": "http://user.17k.com/33080428", "userReview": "<a target='_blank' href='http://www.17k.com/book/2452410.html'>\u300a\u4e03\u4ed9\u5251\u4f20\u300b</a>\u6765\u8bbf\u770b\u4e66\uff01"}, {"userName": "\u4e66\u53cb1815454015", "userReviewDate": "2015-06-17", "userURL": "http://user.17k.com/38937980", "userReview": "\u4e3a\u5927\u5bb6\u63a8\u8350\u4e00\u672c\u7384\u5e7b\u597d\u4e66\uff0c<a target='_blank' href='http://www.17k.com/book/1215877.html'>\u300a\u8840\u9f99\u6b66\u795e\u300b</a>\uff0c\u7edd\u5bf9\u70ed\u8840\uff0c\u7edd\u5bf9\u6fc0\u60c5\u56db\u5c04\u3002\u6c42\u6253\u8d4f\uff0c\u6536\u85cf\uff01"}, {"userName": "mywllx1994", "userReviewDate": "2015-05-05", "userURL": "http://user.17k.com/2535662", "userReview": "<a target='_blank' href='http://www.17k.com/book/1150687.html'>\u300a\u672b\u4e16\u4e4b\u57fa\u56e0\u638c\u63a7\u300b</a>\u8def\u8fc7\u6536\u85cf\uff0c\u65b0\u4e66\u6c42\u5173\u6ce8\uff0c\u575a\u6301\u5c31\u662f\u80dc\u5229\u554a\u3002"}, {"userName": "\u9065\u671b\u5948\u4f55\u6865", "userReviewDate": "2015-01-29", "userURL": "http://user.17k.com/1914295", "userReview": "<a target='_blank' href='http://www.17k.com/book/51443.html'>\u300a\u53e4\u4e95\u6c89\u5c38\u300b</a>\u4f69\u670d\u4f5c\u8005\u70b9\u51fb\u91cf\uff01"}, {"userName": "\u8ff7\u9014\u5446\u74dc", "userReviewDate": "2015-01-19", "userURL": "http://user.17k.com/16809233", "userReview": "\u53f6\u5927\u5f03\u4e66\u4e86\u5417\uff1f\uff01\u8fd8\u662f\u628a\u82b1\u7559\u4e0b\u4e86\uff0c\u63d0\u524d\u795d\u53f6\u5927\u65b0\u5e74\u5feb\u4e50\uff01"}, {"userName": "\u98ce\u6d41\u6d6a\u513f", "userReviewDate": "2014-12-18", "userURL": "http://user.17k.com/10098209", "userReview": "\u600e\u4e48\u4f1a\u8fd9\u6837\uff0c\u4e00\u53f6\u5feb\u70b9\u56de\u6765\uff0c<a target='_blank' href='http://www.17k.com/book/308759.html'>\u300a\u6b7b\u4ea1\u8be1\u57df\u300b</a>\u8fd8\u7b49\u7740\u4f60\u6765\u652f\u6301\u5462\uff0c\u4f60\u53ef\u8981\u8bb0\u5f97\u8fd8\u8981\u7ed9\u6211\u4e00\u4e2a\u4e00\u53f6\u5927\u7ae0\u5462\uff01\uff01"}, {"userName": "\u767d\u9e7f\u65e0\u6daf", "userReviewDate": "2014-12-09", "userURL": "http://user.17k.com/37152198", "userReview": "\u795d\u798f\u5927\u5927\uff0c\u6c42\u6d77\u9009\u7968(\u256f3\u2570)"}, {"userName": "\u53c8\u8a00\u8bed", "userReviewDate": "2014-11-17", "userURL": "http://user.17k.com/36989422", "userReview": "<a target='_blank' href='http://www.17k.com/book/1008820.html'>\u300a\u5730\u72f1\u5341\u56db\u5c42\u300b</a>\u524d\u6765\u6253\u4e2a\u5c0f\u5e7f\u544a\uff0c\u8bf7\u5404\u4f4d\u652f\u6301\u4e00\u4e0b\uff0c\u8c22\u8c22\uff01"}, {"userName": "\u67af\u6c99", "userReviewDate": "2014-11-16", "userURL": "http://user.17k.com/17196128", "userReview": "\u65b0\u4eba\u60ca\u5446\u8def\u8fc7\uff0c\u63a2\u9669\u89e3\u5bc6\u7cfb\u5217<a target='_blank' href='http://www.17k.com/book/1037026.html'>\u300a\u5e7b\u5f71\u8ff7\u57ce9\u300b</a>\u6302\u4f60\u95e8\u53e3\uff01http://www.17k.com/book/1037026.html"}, {"userName": "\u64a9\u9633", "userReviewDate": "2014-11-05", "userURL": "http://user.17k.com/36673478", "userReview": "<a target='_blank' href='http://www.17k.com/book/986751.html'>\u300a\u6df7\u6c8c\u90aa\u5c0a\u300b</a>\u524d\u6765\u62dc\u8bbf\uff0c\u795d\u4f5c\u8005\u65e9\u65e5\u6210\u795e\uff01\u7528\u5fc3\u521b\u4f5c\uff0c\u54c1\u8d28\u6709\u4fdd\u8bc1 \u4e09\u5e74\u524d\u4ed6\u88ab\u4eba\u9677\u5bb3\u4ece\u5929\u624d\u9668\u843d\u4e3a\u5e9f\u7269\u53d7\u5c3d\u767d\u773c\uff0c\u4e00\u6b21\u5076\u7136\u7684\u673a\u4f1a\uff0c\u5c11\u5e74\u5f97\u65e0\u4e0a\u4f20\u627f\uff0c\u5f00\u59cb\u4ed6\u7684\u9006\u5929\u4e4b\u8def\uff01 \u6211\uff0c\u83ab\u9038\uff0c\u56de\u6765\u4e86\uff01 \u6211\u8981\u8ba9\u90a3\u4e9b\u80cc\u53db\u6211\u3001\u9677\u5bb3\u6211\u7684\u5c0f\u4eba\u6c38\u5815\u5730\u72f1\uff01 \u5c11\u5e74\u6ee1\u8154\u8c6a\u60c5\uff0c\u6321\u4ed6\u8005\u6b7b\uff01 \u5c31\u7b97\u662f\u5929\uff0c\u4ed6\u4e5f\u8981\u6345\u51fa\u4e00\u4e2a\u7a9f\u6f0f\uff01 \u94fe\u63a5\uff1ahttp://www.17k.com/book/986751.html"}, {"userName": "\u8bed\u76c8\u81fb", "userReviewDate": "2014-10-19", "userURL": "http://user.17k.com/32427203", "userReview": "\u4e3a\u4ec0\u4e48\u505c\u66f4\u4e86\u5462\uff1f"}, {"userName": "\u4e50\u7235\u58eb", "userReviewDate": "2014-10-12", "userURL": "http://user.17k.com/34410151", "userReview": "\u5728\u4e0b\u662f<a target='_blank' href='http://user.17k.com/34410151'>@\u4e50\u7235\u58eb</a> \u7684<a target='_blank' href='http://www.17k.com/book/999378.html'>\u300a\u8be1\u5f02\u96f6\u4e0b\u4e09\u5341\u516b\u5ea6\u300b</a>\u7684\u5fe0\u5b9e\u5e2e\u4f17\uff0c\u5df2\u4e3a\u5e2e\u4e3b\u60a8\u5728<a target='_blank' href='http://user.17k.com/13733926'>@\u4e00\u53f6style</a> \u7684<a target='_blank' href='http://www.17k.com/book/789775.html'>\u300a\u4f0f\u9b54\u300b</a>\u9996\u6218\u593a\u4e0b\u4e00\u4e2a\u63a8\u8350\u4f4d\uff0c\u8bf7\u5e2e\u4e3b\u5173\u6ce8\u5f1f\u5b50\u7684\u540e\u7eed\u8868\u73b0\uff01"}, {"userName": "\u4e66\u53cb298144415", "userReviewDate": "2014-10-12", "userURL": "http://user.17k.com/34558063", "userReview": "\u5728\u4e0b\u662f<a target='_blank' href='http://user.17k.com/34558063'>@\u4e66\u53cb298144415</a> \u7684<a target='_blank' href='http://www.17k.com/book/1006592.html'>\u300a\u76d7\u5893\u8005\u7b14\u8bb0\u300b</a>\u7684\u5fe0\u5b9e\u5e2e\u4f17\uff0c\u5df2\u4e3a\u5e2e\u4e3b\u60a8\u5728<a target='_blank' href='http://user.17k.com/13733926'>@\u4e00\u53f6style</a> \u7684<a target='_blank' href='http://www.17k.com/book/789775.html'>\u300a\u4f0f\u9b54\u300b</a>\u9996\u6218\u593a\u4e0b\u4e00\u4e2a\u63a8\u8350\u4f4d\uff0c\u8bf7\u5e2e\u4e3b\u5173\u6ce8\u5f1f\u5b50\u7684\u540e\u7eed\u8868\u73b0\uff01"}, {"userName": "\u6211\u975e\u5e73\u51e1", "userReviewDate": "2014-10-12", "userURL": "http://user.17k.com/35632249", "userReview": "\u597d\u4e66\uff0c\u6536\u6536\u6536\uff0c\u52a0\u6cb9\u671f\u5f85\u66f4\u65b0\uff0c<a target='_blank' href='http://www.17k.com/book/907704.html'>\u300a\u4ed9\u9b54\u52a8\u4e5d\u5929\u300b</a>\u5927\u529b\u53ec\u5524\u3002"}], "description": "\u5bcc\u5bb6\u5b50\u5f1f\u58a8\u6d5e\u56e0\u4e3a\u53d1\u73b0\u4e86\u6751\u5b50\u4e2d\u7684\u79d8\u5bc6\uff0c\u5728\u826f\u5fc3\u4e0e\u4eb2\u60c5\u7684\u6298\u78e8\u4e0b\uff0c\u9003\u5230\u4e86\u8fb9\u5883\u5c0f\u57ce\u3002\u56e0\u4e3a\u4e00\u4e2a\u9999-\u8273\u800c\u53c8\u6050\u6016\u7684\u68a6\uff0c\u58a8\u6d5e\u7ecf\u5386\u4e86\u4e00\u4e9b\u8be1\u5f02\u7684\u4e8b\uff0c\u4ece\u800c\u5f97\u77e5\u81ea\u5df1\u7684\u524d\u4e16\u4e0e\u4eca\u751f\u7684\u4f7f\u547d\u3002\u8e0f\u4e0a\u85cf\u5730\uff0c\u5386\u7ecf\u78e8\u96be\uff0c\u514b\u670d\u4e86\u81ea\u5df1\u7684\u5fc3\u9b54\uff0c\u6218\u80dc\u4e86\u90aa\u9b54\u5916\u9053\uff0c\u4f7f\u5f97\u4eba\u95f4\u91cd\u8fd4\u7965\u548c\u5b89\u4e50\u3002\u524d\u4e16\u4e0d\u4e86\u60c5\uff0c\u4eca\u751f\u518d\u7eed\u7f18\u2026\u2026\u3000\u3000\u4eba\u4e4b\u5fc3\uff0c\u4f5b\u9b54\u5c45\u4e4b\uff01\u5584\u5ff5\u751f\u5219\u4f5b\u73b0\uff0c\u6076\u5ff5\u751f\u5219\u9b54\u51fa\uff01\u58a8\u6d5e\u5386\u7ecf\u8bf1\u60d1\uff0c\u5404\u79cd\u8003\u9a8c\uff0c\u7ec8\u6210\u6b63\u9053\uff01\u3000\u3000\u4f5c\u8005QQ\uff1a1604986032", "title": "\u4f0f\u9b54", "url": "http://www.17k.com/book/789775.html", "average": -1.0, "cover": "http://img.17k.com/images/bookcover/2014/3948/19/789775-1393802611000.jpg", "reviews": 2860879, "authors": [{"url": "http://www.17k.com/zuozhe/13733926", "name": "\u4e00\u53f6style"}], "type": ["\u7075\u5f02\u5947\u8c08"], "outlinks": ["http://www.17k.com/book/2794982.html", "http://www.17k.com/book/2801292.html", "http://www.17k.com/book/2816318.html", "http://www.17k.com/book/2797575.html", "http://www.17k.com/book/2802516.html", "http://www.17k.com/book/2812195.html", "http://www.17k.com/book/2820143.html", "http://www.17k.com/book/2807943.html", "http://www.17k.com/book/2813457.html", "http://www.17k.com/book/2798058.html", "http://www.17k.com/book/2815617.html", "http://www.17k.com/book/2805259.html", "http://www.17k.com/book/2760255.html", "http://www.17k.com/book/2686894.html", "http://www.17k.com/book/2797016.html", "http://www.17k.com/book/2767246.html", "http://www.17k.com/book/2764239.html", "http://www.17k.com/book/2754498.html", "http://www.17k.com/book/2754900.html", "http://www.17k.com/book/2625740.html", "http://www.17k.com/book/2213315.html", "http://www.17k.com/book/2402178.html", "http://www.17k.com/book/2691221.html", "http://www.17k.com/book/2210699.html", "http://www.17k.com/book/1797752.html", "http://www.17k.com/book/2575507.html", "http://www.17k.com/book/2705181.html", "http://www.17k.com/book/2702539.html", "http://www.17k.com/book/2474887.html", "http://www.17k.com/book/2674733.html", "http://www.17k.com/book/2822076.html", "http://www.17k.com/book/2809894.html", "http://www.17k.com/book/2822077.html", "http://www.17k.com/book/2811930.html", "http://www.17k.com/book/2815548.html", "http://www.17k.com/book/2819620.html", "http://www.17k.com/book/2809964.html", "http://www.17k.com/book/2808200.html", "http://www.17k.com/book/2820100.html", "http://www.17k.com/book/2822978.html", "http://www.17k.com/book/2804337.html", "http://www.17k.com/book/2798814.html", "http://www.17k.com/book/2785153.html", "http://www.17k.com/book/2731559.html", "http://www.17k.com/book/2722533.html", "http://www.17k.com/book/2458377.html", "http://www.17k.com/book/2743300.html", "http://www.17k.com/book/973809.html", "http://www.17k.com/book/2651367.html", "http://www.17k.com/book/2726194.html", "http://www.17k.com/book/2790214.html", "http://www.17k.com/book/493239.html", "http://www.17k.com/book/108821.html", "http://www.17k.com/book/1398783.html", "http://www.17k.com/book/83528.html", "http://www.17k.com/book/1859126.html", "http://www.17k.com/book/1741975.html", "http://www.17k.com/book/192453.html", "http://www.17k.com/book/2459058.html", "http://www.17k.com/book/1050747.html", "http://www.17k.com/book/2700315.html", "http://www.17k.com/book/2818940.html", "http://www.17k.com/book/2819519.html", "http://www.17k.com/book/2816390.html", "http://www.17k.com/book/2819588.html", "http://www.17k.com/book/2813768.html", "http://www.17k.com/book/2822406.html", "http://www.17k.com/book/2772164.html", "http://www.17k.com/book/2784023.html", "http://www.17k.com/book/2811877.html", "http://www.17k.com/book/2809119.html", "http://www.17k.com/book/2803700.html", "http://www.17k.com/book/2819561.html", "http://www.17k.com/book/2746506.html", "http://www.17k.com/book/2811836.html", "http://www.17k.com/book/2614810.html", "http://www.17k.com/book/1592435.html", "http://www.17k.com/book/1949748.html", "http://www.17k.com/book/2265802.html", "http://www.17k.com/book/2743240.html", "http://www.17k.com/book/2657437.html", "http://www.17k.com/book/2644502.html", "http://www.17k.com/book/2199900.html", "http://www.17k.com/book/2725436.html", "http://www.17k.com/book/2629978.html"]}