{"ratings": -1, "userreviews": [{"userName": "\u53f6\u6cab\u4e2d\u4e8c\u75c5", "userReviewDate": "2018-02-23", "userURL": "http://user.17k.com/58303551", "userReview": "<a target='_blank' href='http://www.17k.com/book/2745771.html'>\u300a\u4f18\u7b49\u7537\u795e\u517b\u6210\u66f2\u300b</a>\u6682\u65f6\u4e0d\u66f4\u65b0\u4e86\uff0c\u7531\u4e8e<a target='_blank' href='http://www.17k.com/book/2765782.html'>\u300a\u56db\u53f6\u8349\u5c11\u5e74\u300b</a>\u662f\u65b0\u4f5c\uff0c\u6211\u8981\u66f4\u65b0\u90a3\u4e2a\u53bb\u4e86\uff0c\u671b\u8bfb\u8005\u89c1\u8c05\uff0c\u4e00\u65e6\u66f4\u65b0\uff0c\u6211\u4f1a\u53d1\u51fa\u516c\u544a\u3002\u6700\u540e\u795d\u5927\u5bb6\u5143\u5bb5\u8282\u5feb\u4e50\u4e86\uff01"}, {"userName": "\u53f6\u6cab\u4e2d\u4e8c\u75c5", "userReviewDate": "2018-02-16", "userURL": "http://user.17k.com/58303551", "userReview": "\u67d0\u4f5c\u8005\u611f\u89c9\u8fd9\u4e2a\u5c0f\u8bf4\u8d8a\u6765\u8d8a\u79d1\u6280\u5316\u4e86\uff0c\u54c8\u54c8\u54c8\u54c8\u54c8\u54c8\u54c8\u54c8\u54c8\u54c8\u54c8"}, {"userName": "\u53f6\u6cab\u4e2d\u4e8c\u75c5", "userReviewDate": "2018-02-07", "userURL": "http://user.17k.com/58303551", "userReview": "\u4e0b\u5468\u5c31\u8981\u8fc7\u5e74\u4e86\uff0c\u63d0\u524d\u795d\u5927\u5bb6\u5728\u8fc7\u5e74\u91cc\uff0c\u5403\u7684\u5f00\u5fc3\uff0c\u73a9\u7684\u5f00\u5fc3\uff0c14\u300115\u300116\u53f7\u8fde\u66f4\u4e09\u5929\uff0c\u4e5f\u8bf7\u5927\u5bb6\u591a\u591a\u652f\u6301\u3002"}, {"userName": "\u53f6\u6cab\u4e2d\u4e8c\u75c5", "userReviewDate": "2018-02-07", "userURL": "http://user.17k.com/58303551", "userReview": "\u53e6\u5916\u53ef\u80fd\u4f1a\u63a8\u51fa\u65b0\u5e74\u756a\u5916\u3002"}, {"userName": "\u672a\u6765\u8001\u9f20", "userReviewDate": "2018-01-14", "userURL": "http://user.17k.com/46396493", "userReview": "\u4e66\u5c01\u597d\u770b\u554a \uff0c\u5927\u5927\u52a0\u6cb9\u54c8\uff0c\u4e00\u8d77\u52aa\u529b<a target='_blank' href='http://www.17k.com/book/2725309.html'>\u300a\u534a\u7c73\u9633\u5149\u84dd\u5c71\u5357\u300b</a>\u6765\u8bbf"}, {"userName": "\u53f6\u6cab\u4e2d\u4e8c\u75c5", "userReviewDate": "2018-01-07", "userURL": "http://user.17k.com/58303551", "userReview": "\u4e0b\u5468\u6211\u9762\u4e34\u8003\u8bd5\uff0c\u5468\u516d\u5468\u65e5\u518d\u66f4\u65b0\uff0c\u8bf7\u89c1\u8c05"}, {"userName": "\u53f6\u6cab\u4e2d\u4e8c\u75c5", "userReviewDate": "2018-01-01", "userURL": "http://user.17k.com/58303551", "userReview": "\u6700\u8fd1\u4e00\u5468\u624d\u80fd\u56de\u6765\u4e00\u6b21\uff0c\u4f5c\u54c1\u4f1a\u4e0d\u5b9a\u65f6\u7684\u66f4\u65b0\uff0c\u4e5f\u8bf7\u8bfb\u8005\u4eec\u89c1\u8c05"}], "description": "\u4ed6\uff0c\u53ea\u662f\u4e00\u4e2a\u666e\u666e\u901a\u901a\u7684\u4e2d\u4e8c\u795e\u7ecf\u75c5\uff0c\u56e0\u4e3a\u9634\u5dee\u9633\u9519\uff0c\u4ed6\u559c\u6b22\u4e0a\u4e86\u5e74\u7ea7\u7b2c\u4e00\u7684\u6821\u82b1\u3002\u4e3a\u4e86\u8ffd\u6c42\u6821\u82b1\uff0c\u4ed6\u5f00\u59cb\u5c1d\u8bd5\u52aa\u529b\u6539\u53d8\u81ea\u5df1\uff0c\u6700\u7ec8\u6210\u4e3a\u7537\u795e\uff0c\u4e0e\u6821\u82b1\u7684\u4e00\u573a\u6821\u56ed\u604b\u7231\u3002", "title": "\u4f18\u7b49\u7537\u795e\u517b\u6210\u66f2", "url": "http://www.17k.com/book/2745771.html", "average": -1.0, "cover": "http://img.17k.com/images/bookcover/2018/13728/68/2745771-1516282892000.jpg", "reviews": 485, "authors": [{"url": "http://www.17k.com/zuozhe/58303551", "name": "\u5c0f\u53f6\u6cab"}], "type": ["\u81c6\u60f3\u4e16\u754c"], "outlinks": ["http://www.17k.com/book/2794982.html", "http://www.17k.com/book/2801292.html", "http://www.17k.com/book/2816318.html", "http://www.17k.com/book/2797575.html", "http://www.17k.com/book/2802516.html", "http://www.17k.com/book/2812195.html", "http://www.17k.com/book/2820143.html", "http://www.17k.com/book/2807943.html", "http://www.17k.com/book/2813457.html", "http://www.17k.com/book/2798058.html", "http://www.17k.com/book/2815617.html", "http://www.17k.com/book/2805259.html", "http://www.17k.com/book/2760255.html", "http://www.17k.com/book/2686894.html", "http://www.17k.com/book/2797016.html", "http://www.17k.com/book/2767246.html", "http://www.17k.com/book/2764239.html", "http://www.17k.com/book/2754498.html", "http://www.17k.com/book/2754900.html", "http://www.17k.com/book/2625740.html", "http://www.17k.com/book/2213315.html", "http://www.17k.com/book/2402178.html", "http://www.17k.com/book/2691221.html", "http://www.17k.com/book/2210699.html", "http://www.17k.com/book/1797752.html", "http://www.17k.com/book/2575507.html", "http://www.17k.com/book/2705181.html", "http://www.17k.com/book/2702539.html", "http://www.17k.com/book/2474887.html", "http://www.17k.com/book/2674733.html", "http://www.17k.com/book/2822076.html", "http://www.17k.com/book/2809894.html", "http://www.17k.com/book/2822077.html", "http://www.17k.com/book/2811930.html", "http://www.17k.com/book/2815548.html", "http://www.17k.com/book/2819620.html", "http://www.17k.com/book/2809964.html", "http://www.17k.com/book/2808200.html", "http://www.17k.com/book/2820100.html", "http://www.17k.com/book/2822978.html", "http://www.17k.com/book/2804337.html", "http://www.17k.com/book/2798814.html", "http://www.17k.com/book/2785153.html", "http://www.17k.com/book/2731559.html", "http://www.17k.com/book/2722533.html", "http://www.17k.com/book/2458377.html", "http://www.17k.com/book/2743300.html", "http://www.17k.com/book/973809.html", "http://www.17k.com/book/2651367.html", "http://www.17k.com/book/2726194.html", "http://www.17k.com/book/2790214.html", "http://www.17k.com/book/493239.html", "http://www.17k.com/book/108821.html", "http://www.17k.com/book/1398783.html", "http://www.17k.com/book/83528.html", "http://www.17k.com/book/1859126.html", "http://www.17k.com/book/1741975.html", "http://www.17k.com/book/192453.html", "http://www.17k.com/book/2459058.html", "http://www.17k.com/book/1050747.html", "http://www.17k.com/book/2700315.html", "http://www.17k.com/book/2818940.html", "http://www.17k.com/book/2819519.html", "http://www.17k.com/book/2816390.html", "http://www.17k.com/book/2819588.html", "http://www.17k.com/book/2813768.html", "http://www.17k.com/book/2822406.html", "http://www.17k.com/book/2772164.html", "http://www.17k.com/book/2784023.html", "http://www.17k.com/book/2811877.html", "http://www.17k.com/book/2809119.html", "http://www.17k.com/book/2803700.html", "http://www.17k.com/book/2819561.html", "http://www.17k.com/book/2746506.html", "http://www.17k.com/book/2811836.html", "http://www.17k.com/book/2614810.html", "http://www.17k.com/book/1592435.html", "http://www.17k.com/book/1949748.html", "http://www.17k.com/book/2265802.html", "http://www.17k.com/book/2743240.html", "http://www.17k.com/book/2657437.html", "http://www.17k.com/book/2644502.html", "http://www.17k.com/book/2199900.html", "http://www.17k.com/book/2725436.html", "http://www.17k.com/book/2629978.html"]}