{"ratings": -1, "userreviews": [{"userName": "\u661f\u75d5378193010", "userReviewDate": "2018-05-31", "userURL": "http://user.17k.com/62378194", "userReview": "[\u6253\u8d4f]\u6211\u6253\u8d4f\u4e861\u5143\u7ea2\u5305\uff01\uff01"}, {"userName": "\u8f6e\u56de281811248", "userReviewDate": "2018-05-11", "userURL": "http://user.17k.com/61684771", "userReview": "\u597d\u770b"}, {"userName": "\u661f\u8fb0997252292", "userReviewDate": "2018-04-30", "userURL": "http://user.17k.com/59773859", "userReview": "\u8c22\u8c22\u5927\u5bb6\uff0c\u8fd9\u4e48\u4e45\u4ee5\u6765\u652f\u6301\u6211\u7684\u5c0f\u8bf4\uff0c\u8c22\u8c22\uff0c\u6211\u73b0\u5728\u6bcf\u5929\u90fd\u4f1a\u4e00\u66f4\uff0c\u5982\u679c\u6ca1\u6709\u66f4\u65b0\u7684\u8bdd\uff0c\u6211\u5c31\u4f1a\u5728\u53e6\u4e00\u5929\u8865\u4e0a\u6765\uff0c\u5e0c\u671b\u5927\u5bb6\u7ee7\u7eed\u5173\u6ce8\u6211\u7684\u5c0f\u8bf4\uff0c\u672c\u4f5c\u8005\uff0c\u5728\u8fd9\u91cc\u5148\u8c22\u8c22\u4e86\uff0c\u8c22\u8c22\uff01"}, {"userName": "\u661f\u8fb0997252292", "userReviewDate": "2018-04-28", "userURL": "http://user.17k.com/59773859", "userReview": "\u6709\u4eba\u7c73"}, {"userName": "\u63d0\u62c9\u8ff7\u82cf", "userReviewDate": "2018-04-22", "userURL": "http://user.17k.com/6043453", "userReview": "\u52a0\u6cb9\uff01"}, {"userName": "\u63d0\u62c9\u8ff7\u82cf", "userReviewDate": "2018-04-22", "userURL": "http://user.17k.com/6043453", "userReview": "\u8bf7\u5206\u6bb5\u591a\u4e9b\uff01\u592a\u5bc6\u96c6\u4e86\uff01"}, {"userName": "\u661f\u8fb0997252292", "userReviewDate": "2018-04-19", "userURL": "http://user.17k.com/59773859", "userReview": "\u6709\u4eba\u5417\uff1f\u6709\u7684\u8bdd\u53d1\u4e2a\u8bdd\u554a\uff0c\u8bc4\u8bba\u4e00\u4e0b\u6211\u7684\u5c0f\u8bf4\u770b\u770b\u548b\u6837\uff0c\u884c\u5417"}, {"userName": "\u661f\u8fb0997252292", "userReviewDate": "2018-04-13", "userURL": "http://user.17k.com/59773859", "userReview": "OK\u5566\uff01\u90a3\u4f60\u89c9\u5f97\u6211\u7684\u5c0f\u8bf4\u5199\u7684\u600e\u4e48\u6837\u554a"}, {"userName": "\u59da\u5e02\u5c0f\u4f19", "userReviewDate": "2018-04-10", "userURL": "http://user.17k.com/60291045", "userReview": "\u52aa\u529b\u66f4\u65b0\u624d\u662f\u786c\u9053\u7406"}, {"userName": "\u661f\u8fb0997252292", "userReviewDate": "2018-04-09", "userURL": "http://user.17k.com/59773859", "userReview": "\u6211\u660e\u5929\u66f4\u65b0"}, {"userName": "\u661f\u8fb0997252292", "userReviewDate": "2018-03-17", "userURL": "http://user.17k.com/59773859", "userReview": "\u4f60\u4eec\u89c9\u5f97\u6211\u7684\u4e66\u548b\u6837"}], "description": "\u5728\u9065\u8fdc\u7684\u4f20\u6c14\u5927\u9646\uff0c\u90a3\u91cc\u4f4f\u7740\u7684\u4eba\u5c11\u90e8\u5206\u53ef\u4ee5\u4fee\u70bc\uff0c\u6240\u4e5f\u4e5f\u5c31\u5206\u51fa\u4e86\u7b49\u7ea7\uff0c\u4f46\u662f\u4e00\u4f4d\u7edd\u4e16\u5f3a\u8005\u6253\u7834\u4e86\u8fd9\u4e00\u5207\uff0c\u4ed6\uff0c\u9006\u706b\u91cd\u751f\uff0c\u7a7f\u8d8a\u65f6\u7a7a\uff0c\u53ea\u56e0\u5fc3\u4e2d\u4e0d\u5c48\u7684\u4fe1\u5ff5\uff0c\u590d\u4ec7........\u3002\u4f20\u5947\u5927\u9646\u7fa4\uff1a\u201c612217142\uff0c\u201c\u52a0\u8fdb\u53bb\u770b\u6700\u65b0\u7ae0\u3002", "title": "\u4f20\u6c14\u5927\u9646", "url": "http://www.17k.com/book/2773876.html", "average": -1.0, "cover": "http://img.17k.com/images/bookcover/2018/13869/69/2773876-1524388545000.jpg", "reviews": 3306, "authors": [{"url": "http://www.17k.com/zuozhe/59773859", "name": "\u4eba\u53bb\u697c\u4e5f\u7a7a"}], "type": ["\u4e1c\u65b9\u7384\u5e7b"], "outlinks": ["http://www.17k.com/book/2794982.html", "http://www.17k.com/book/2801292.html", "http://www.17k.com/book/2816318.html", "http://www.17k.com/book/2797575.html", "http://www.17k.com/book/2802516.html", "http://www.17k.com/book/2812195.html", "http://www.17k.com/book/2820143.html", "http://www.17k.com/book/2807943.html", "http://www.17k.com/book/2813457.html", "http://www.17k.com/book/2798058.html", "http://www.17k.com/book/2815617.html", "http://www.17k.com/book/2805259.html", "http://www.17k.com/book/2760255.html", "http://www.17k.com/book/2686894.html", "http://www.17k.com/book/2797016.html", "http://www.17k.com/book/2767246.html", "http://www.17k.com/book/2764239.html", "http://www.17k.com/book/2754498.html", "http://www.17k.com/book/2754900.html", "http://www.17k.com/book/2625740.html", "http://www.17k.com/book/2213315.html", "http://www.17k.com/book/2402178.html", "http://www.17k.com/book/2691221.html", "http://www.17k.com/book/2210699.html", "http://www.17k.com/book/1797752.html", "http://www.17k.com/book/2575507.html", "http://www.17k.com/book/2705181.html", "http://www.17k.com/book/2702539.html", "http://www.17k.com/book/2474887.html", "http://www.17k.com/book/2674733.html", "http://www.17k.com/book/2822076.html", "http://www.17k.com/book/2809894.html", "http://www.17k.com/book/2822077.html", "http://www.17k.com/book/2811930.html", "http://www.17k.com/book/2815548.html", "http://www.17k.com/book/2819620.html", "http://www.17k.com/book/2809964.html", "http://www.17k.com/book/2808200.html", "http://www.17k.com/book/2820100.html", "http://www.17k.com/book/2822978.html", "http://www.17k.com/book/2804337.html", "http://www.17k.com/book/2798814.html", "http://www.17k.com/book/2785153.html", "http://www.17k.com/book/2731559.html", "http://www.17k.com/book/2722533.html", "http://www.17k.com/book/2458377.html", "http://www.17k.com/book/2743300.html", "http://www.17k.com/book/973809.html", "http://www.17k.com/book/2651367.html", "http://www.17k.com/book/2726194.html", "http://www.17k.com/book/2790214.html", "http://www.17k.com/book/493239.html", "http://www.17k.com/book/108821.html", "http://www.17k.com/book/1398783.html", "http://www.17k.com/book/83528.html", "http://www.17k.com/book/1859126.html", "http://www.17k.com/book/1741975.html", "http://www.17k.com/book/192453.html", "http://www.17k.com/book/2459058.html", "http://www.17k.com/book/1050747.html", "http://www.17k.com/book/2700315.html", "http://www.17k.com/book/2818940.html", "http://www.17k.com/book/2819519.html", "http://www.17k.com/book/2816390.html", "http://www.17k.com/book/2819588.html", "http://www.17k.com/book/2813768.html", "http://www.17k.com/book/2822406.html", "http://www.17k.com/book/2772164.html", "http://www.17k.com/book/2784023.html", "http://www.17k.com/book/2811877.html", "http://www.17k.com/book/2809119.html", "http://www.17k.com/book/2803700.html", "http://www.17k.com/book/2819561.html", "http://www.17k.com/book/2746506.html", "http://www.17k.com/book/2811836.html", "http://www.17k.com/book/2614810.html", "http://www.17k.com/book/1592435.html", "http://www.17k.com/book/1949748.html", "http://www.17k.com/book/2265802.html", "http://www.17k.com/book/2743240.html", "http://www.17k.com/book/2657437.html", "http://www.17k.com/book/2644502.html", "http://www.17k.com/book/2199900.html", "http://www.17k.com/book/2725436.html", "http://www.17k.com/book/2629978.html"]}