{"ratings": -1, "userreviews": [], "description": "\u6797\u67ef\u7531\u4e8e\u5bf9\u81ea\u5df1\u8eab\u4e16\u7684\u56f0\u60d1\u9677\u5165\u8ff7\u832b\uff0c\u51b3\u5b9a\u9003\u79bb\u5f53\u4e0b\u7684\u751f\u6d3b\u53c2\u52a0\u822a\u5929\u5c40\u7684\u78d0\u661f\u79fb\u6c11\u8ba1\u5212\u3002\u6797\u67ef\u5728\u822a\u5929\u5c40\u78d0\u661f\u79fb\u6c11\u8ba1\u5212\u7684\u5927\u8003\u6838\u4e2d\u8131\u9896\u800c\u51fa\uff0c\u88ab\u9009\u4e3a\u201c\u9ed8\u611f\u201d\u9879\u76ee\u7684\u5b66\u5458\u4e4b\u4e00\u3002\u5728\u9646\u7fbd\u5c06\u519b\u7684\u5e26\u9886\u4e0b\u4e58\u5750\u62d3\u754c\u53f7\u7a7f\u68ad\u8230\u524d\u5f80\u78d0\u661f\uff0c\u53c2\u4e0e\u201c\u9ed8\u611f\u201d\u9879\u76ee\u7684\u5b66\u5458\u9884\u8ba115\u5e74\u540e\u8fd4\u56de\u5730\u7403\u3002\u672a\u6765\u7b49\u5f85\u7740\u5979\u7684\u7a76\u7adf\u662f\u4ec0\u4e48\uff1f\u5979\u662f\u5426\u80fd\u591f\u987a\u5229\u8fd4\u56de\uff1f\u8fd9\u4e00\u5207\u90fd\u662f\u672a\u77e5\u6570\u3002", "title": "\u4f2b\u7acb\u5728\u4e24\u4e2a\u4e16\u754c\u7684\u8fb9\u7f18", "url": "http://www.17k.com/book/2832885.html", "average": -1.0, "cover": "http://img.17k.com/images/bookcover/2018/14164/70/2832885-1528113058000.jpg", "reviews": 84, "authors": [{"url": "http://www.17k.com/zuozhe/62337940", "name": "\u5b81\u5b87"}], "type": ["\u672a\u6765\u5e7b\u60f3"], "outlinks": ["http://www.17k.com/book/2794982.html", "http://www.17k.com/book/2801292.html", "http://www.17k.com/book/2816318.html", "http://www.17k.com/book/2797575.html", "http://www.17k.com/book/2802516.html", "http://www.17k.com/book/2812195.html", "http://www.17k.com/book/2820143.html", "http://www.17k.com/book/2807943.html", "http://www.17k.com/book/2813457.html", "http://www.17k.com/book/2798058.html", "http://www.17k.com/book/2815617.html", "http://www.17k.com/book/2805259.html", "http://www.17k.com/book/2760255.html", "http://www.17k.com/book/2686894.html", "http://www.17k.com/book/2797016.html", "http://www.17k.com/book/2767246.html", "http://www.17k.com/book/2764239.html", "http://www.17k.com/book/2754498.html", "http://www.17k.com/book/2754900.html", "http://www.17k.com/book/2625740.html", "http://www.17k.com/book/2213315.html", "http://www.17k.com/book/2402178.html", "http://www.17k.com/book/2691221.html", "http://www.17k.com/book/2210699.html", "http://www.17k.com/book/1797752.html", "http://www.17k.com/book/2575507.html", "http://www.17k.com/book/2705181.html", "http://www.17k.com/book/2702539.html", "http://www.17k.com/book/2474887.html", "http://www.17k.com/book/2674733.html", "http://www.17k.com/book/2822076.html", "http://www.17k.com/book/2809894.html", "http://www.17k.com/book/2822077.html", "http://www.17k.com/book/2811930.html", "http://www.17k.com/book/2815548.html", "http://www.17k.com/book/2819620.html", "http://www.17k.com/book/2809964.html", "http://www.17k.com/book/2808200.html", "http://www.17k.com/book/2820100.html", "http://www.17k.com/book/2822978.html", "http://www.17k.com/book/2804337.html", "http://www.17k.com/book/2798814.html", "http://www.17k.com/book/2785153.html", "http://www.17k.com/book/2731559.html", "http://www.17k.com/book/2722533.html", "http://www.17k.com/book/2458377.html", "http://www.17k.com/book/2743300.html", "http://www.17k.com/book/973809.html", "http://www.17k.com/book/2651367.html", "http://www.17k.com/book/2726194.html", "http://www.17k.com/book/2790214.html", "http://www.17k.com/book/493239.html", "http://www.17k.com/book/108821.html", "http://www.17k.com/book/1398783.html", "http://www.17k.com/book/83528.html", "http://www.17k.com/book/1859126.html", "http://www.17k.com/book/1741975.html", "http://www.17k.com/book/192453.html", "http://www.17k.com/book/2459058.html", "http://www.17k.com/book/1050747.html", "http://www.17k.com/book/2700315.html", "http://www.17k.com/book/2818940.html", "http://www.17k.com/book/2819519.html", "http://www.17k.com/book/2816390.html", "http://www.17k.com/book/2819588.html", "http://www.17k.com/book/2813768.html", "http://www.17k.com/book/2822406.html", "http://www.17k.com/book/2772164.html", "http://www.17k.com/book/2784023.html", "http://www.17k.com/book/2811877.html", "http://www.17k.com/book/2809119.html", "http://www.17k.com/book/2803700.html", "http://www.17k.com/book/2819561.html", "http://www.17k.com/book/2746506.html", "http://www.17k.com/book/2811836.html", "http://www.17k.com/book/2614810.html", "http://www.17k.com/book/1592435.html", "http://www.17k.com/book/1949748.html", "http://www.17k.com/book/2265802.html", "http://www.17k.com/book/2743240.html", "http://www.17k.com/book/2657437.html", "http://www.17k.com/book/2644502.html", "http://www.17k.com/book/2199900.html", "http://www.17k.com/book/2725436.html", "http://www.17k.com/book/2629978.html"]}