{"ratings": -1, "userreviews": [{"userName": "\u5b89\u5c0f\u5a7b", "userReviewDate": "2017-04-03", "userURL": "http://user.17k.com/54386107", "userReview": "\u63a8\u8350<a target='_blank' href='http://www.17k.com/book/542213.html'>\u300a\u51c9\u5c18\u300b</a>\u548c<a target='_blank' href='http://www.17k.com/book/2446642.html'>\u300a\u6211\u662f\u4f60\u7684\u4f59\u751f\u300b</a>"}, {"userName": "\u5b89\u5c0f\u5a7b", "userReviewDate": "2017-04-03", "userURL": "http://user.17k.com/54386107", "userReview": "\u559c\u6b22\u8fd9\u672c\u5c0f\u8bf4\u5f88\u4e45\u4e86\uff0c\u5f88\u597d\u770b"}, {"userName": "\u5b89\u5c0f\u5a7b", "userReviewDate": "2017-04-03", "userURL": "http://user.17k.com/54386107", "userReview": "\u559c\u6b22\u8fd9\u672c\u5c0f\u8bf4\u5f88\u4e45\u4e86\uff0c\u5f88\u597d\u770b"}, {"userName": "\u5b89\u5c0f\u5a7b", "userReviewDate": "2017-04-03", "userURL": "http://user.17k.com/54386107", "userReview": "\u559c\u6b22\u8fd9\u672c\u5c0f\u8bf4\u5f88\u4e45\u4e86\uff0c\u5f88\u597d\u770b"}, {"userName": "\u4e66\u53cb1804129656", "userReviewDate": "2014-07-16", "userURL": "http://user.17k.com/35135048", "userReview": "\u6709\u70b9\u4e71"}, {"userName": "\u9189\u821e\u706c\u72c2\u6b4c", "userReviewDate": "2014-03-13", "userURL": "http://user.17k.com/7621013", "userReview": "\u9700\u8981\u5f92\u5f1f\u54a9\u3002"}], "description": "\u832b\u832b\u4eba\u6d77,\u81ea\u5df1,\u4e5f\u8bb8\u5e38\u5e38\u53ea\u662f\u6545\u4e8b\u7684\u914d\u89d2,\u5fcd\u4e86\u90a3\u4e48\u4e45,\u5374\u53d1\u73b0\u7ecf\u5386\u7684\u5c45\u7136\u53ea\u662f\u522b\u4eba\u7684\u6545\u4e8b,\u4e8e\u662f,\u5239\u90a3\u82b3\u534e,\u7247\u7532\u4e0d\u7559,\u5374\u4e0d\u6562\u6709\u6240\u6028\u6068,\u53ea\u662f,\u4e0d\u518d\u4e60\u60ef\u60f3\u5ff5\u90a3\u6bb5\u5e74\u5c11\u98de\u626c,\u4e5f,\u4e0d\u518d\u56de\u5934http://www.yuexiaxiaosheng.com/index.php\u6211\u7684\u8bba\u575b\uff0c\u5927\u5bb6\u53bb\u8e29\u8e29", "title": "\u4f3c\u6b64\u661f\u8fb0\u975e\u6628\u591c", "url": "http://www.17k.com/book/238568.html", "average": -1.0, "cover": "http://img.17k.com/images/bookcover/default_cover.jpg", "reviews": 1502807, "authors": [{"url": "http://www.17k.com/zuozhe/9202303", "name": "\u6708\u4e0b\u7bab\u58f0"}], "type": ["\u5a5a\u604b\u7231\u60c5"], "outlinks": ["http://www.17k.com/book/2794982.html", "http://www.17k.com/book/2801292.html", "http://www.17k.com/book/2816318.html", "http://www.17k.com/book/2797575.html", "http://www.17k.com/book/2802516.html", "http://www.17k.com/book/2812195.html", "http://www.17k.com/book/2820143.html", "http://www.17k.com/book/2807943.html", "http://www.17k.com/book/2813457.html", "http://www.17k.com/book/2798058.html", "http://www.17k.com/book/2815617.html", "http://www.17k.com/book/2805259.html", "http://www.17k.com/book/2760255.html", "http://www.17k.com/book/2686894.html", "http://www.17k.com/book/2797016.html", "http://www.17k.com/book/2767246.html", "http://www.17k.com/book/2764239.html", "http://www.17k.com/book/2754498.html", "http://www.17k.com/book/2754900.html", "http://www.17k.com/book/2625740.html", "http://www.17k.com/book/2213315.html", "http://www.17k.com/book/2402178.html", "http://www.17k.com/book/2691221.html", "http://www.17k.com/book/2210699.html", "http://www.17k.com/book/1797752.html", "http://www.17k.com/book/2575507.html", "http://www.17k.com/book/2705181.html", "http://www.17k.com/book/2702539.html", "http://www.17k.com/book/2474887.html", "http://www.17k.com/book/2674733.html", "http://www.17k.com/book/2822076.html", "http://www.17k.com/book/2809894.html", "http://www.17k.com/book/2822077.html", "http://www.17k.com/book/2811930.html", "http://www.17k.com/book/2815548.html", "http://www.17k.com/book/2819620.html", "http://www.17k.com/book/2809964.html", "http://www.17k.com/book/2808200.html", "http://www.17k.com/book/2820100.html", "http://www.17k.com/book/2822978.html", "http://www.17k.com/book/2804337.html", "http://www.17k.com/book/2798814.html", "http://www.17k.com/book/2785153.html", "http://www.17k.com/book/2731559.html", "http://www.17k.com/book/2722533.html", "http://www.17k.com/book/2458377.html", "http://www.17k.com/book/2743300.html", "http://www.17k.com/book/973809.html", "http://www.17k.com/book/2651367.html", "http://www.17k.com/book/2726194.html", "http://www.17k.com/book/2790214.html", "http://www.17k.com/book/493239.html", "http://www.17k.com/book/108821.html", "http://www.17k.com/book/1398783.html", "http://www.17k.com/book/83528.html", "http://www.17k.com/book/1859126.html", "http://www.17k.com/book/1741975.html", "http://www.17k.com/book/192453.html", "http://www.17k.com/book/2459058.html", "http://www.17k.com/book/1050747.html", "http://www.17k.com/book/2700315.html", "http://www.17k.com/book/2818940.html", "http://www.17k.com/book/2819519.html", "http://www.17k.com/book/2816390.html", "http://www.17k.com/book/2819588.html", "http://www.17k.com/book/2813768.html", "http://www.17k.com/book/2822406.html", "http://www.17k.com/book/2772164.html", "http://www.17k.com/book/2784023.html", "http://www.17k.com/book/2811877.html", "http://www.17k.com/book/2809119.html", "http://www.17k.com/book/2803700.html", "http://www.17k.com/book/2819561.html", "http://www.17k.com/book/2746506.html", "http://www.17k.com/book/2811836.html", "http://www.17k.com/book/2614810.html", "http://www.17k.com/book/1592435.html", "http://www.17k.com/book/1949748.html", "http://www.17k.com/book/2265802.html", "http://www.17k.com/book/2743240.html", "http://www.17k.com/book/2657437.html", "http://www.17k.com/book/2644502.html", "http://www.17k.com/book/2199900.html", "http://www.17k.com/book/2725436.html", "http://www.17k.com/book/2629978.html"]}