{"ratings": -1, "userreviews": [{"userName": "\u6df1\u6d77\u5f52\u589fi", "userReviewDate": "2015-01-22", "userURL": "http://user.17k.com/37825612", "userReview": "\u65b0\u4eba\u65b0\u4e66\u3002\u8bf7\u5927\u5bb6\u591a\u591a\u652f\u6301\u3002\u6bcf\u65e5\u4fdd\u8bc1\u66f4\u65b0\u4e00\u5230\u4e09\u7ae0\u3002\u671b\u670b\u53cb\u4eec\u652f\u6301\u4e00\u4e8c\u3002\u5c0f\u751f\u5728\u6b64\u62dc\u8c22\u4e86\u3002<img src='http://img.17k.com/images/face/100wx.gif' />"}, {"userName": "kool\u6377", "userReviewDate": "2018-01-27", "userURL": "http://user.17k.com/56730892", "userReview": "\u63a8\u8350\u4e00\u672c\u597d\u770b\u7684\u4e66<a target='_blank' href='http://www.17k.com/book/2551937.html'>\u300a\u8d85\u65b0\u4eba\u300b</a>\uff0c\u60ca\u9669\u523a\u6fc0\uff0c\u6696\u6627\u6d6a\u6f2b\u4e0d\u65ad\uff0c\u5929\u5929\u66f4\u65b0\uff0c\u591a\u591a\u652f\u6301\uff0c\u6765\u4e2a\u6536\u85cf\u3002\u70b9\u51fb\u4e66\u540d\u5c31\u53ef\u4ee5\u770b\u5230\u4e66\u4e86\u3002"}, {"userName": "\u60c5\u4e45\u53ef\u4e5000", "userReviewDate": "2017-09-07", "userURL": "http://user.17k.com/57062831", "userReview": "<a target='_blank' href='http://www.17k.com/book/2638052.html'>\u300a\u6297\u65e5\u7eff\u6797\u519b\u300b</a>\u524d\u6765\u62dc\u8bbf\uff01\u6c42\u4e92\u8bbf\uff0c\u6c42\u6536\u85cf\uff01"}, {"userName": "mr.k281769624", "userReviewDate": "2016-10-07", "userURL": "http://user.17k.com/49068228", "userReview": "\u633a\u597d\u7684\uff0c\u600e\u4e48\u5c31\u65ad\u66f4\u4e86\u5462"}, {"userName": "\u9b54\u5e7b\u5e08\u8c46\u8c46", "userReviewDate": "2016-09-04", "userURL": "http://user.17k.com/33366982", "userReview": "\u8c46\u8c46\u8868\u793a\u5f88\u751f\u6c14\uff0c\u4e3a\u4ec0\u4e48\u8981\u65ad\u66f4\uff1f\u4e3a\u4ec0\u4e48\u5c31\u4e0d\u633a\u4f4f\uff1f"}, {"userName": "\u6731\u95ee\u5fc3", "userReviewDate": "2016-09-02", "userURL": "http://user.17k.com/48472412", "userReview": "\u770b\u4e66\u7559\u722a"}, {"userName": "\u9b54\u5e7b\u5e08\u8c46\u8c46", "userReviewDate": "2016-09-02", "userURL": "http://user.17k.com/33366982", "userReview": "\u8c46\u8c46\u6765\u9001\u82b1\u624d\u53d1\u73b0\u600e\u4e48\u65ad\u66f4\u4e86\u554a\uff1f\u633a\u4f4f\u54e5\u4eec~\u52a0\u6cb9\uff01"}, {"userName": "\u9b54\u5e7b\u5e08\u8c46\u8c46", "userReviewDate": "2016-09-01", "userURL": "http://user.17k.com/33366982", "userReview": "\u4eba\u6c14\u8d8a\u6765\u8d8a\u9ad8\u4e86\uff0c\u52a0\u6cb9\uff01"}, {"userName": "\u9b54\u5e7b\u5e08\u8c46\u8c46", "userReviewDate": "2016-08-31", "userURL": "http://user.17k.com/33366982", "userReview": "\u6bcf\u5929\u8c46\u8c46\u90fd\u4f1a\u6765\u770b\u4f60\u5199\u7684\u5c0f\u8bf4\uff0c\u7136\u540e\u9001\u82b1\u652f\u6301\uff01"}, {"userName": "\u9b54\u5e7b\u5e08\u8c46\u8c46", "userReviewDate": "2016-08-30", "userURL": "http://user.17k.com/33366982", "userReview": "\u9001\u82b1\u5750\u7b49\u66f4\u65b0\u4e2d\u3002\u3002\u3002"}, {"userName": "\u9b54\u5e7b\u5e08\u8c46\u8c46", "userReviewDate": "2016-08-29", "userURL": "http://user.17k.com/33366982", "userReview": "\u597d\u6587\u7ae0\uff0c\u8c46\u8c46\u5929\u5929\u90fd\u6765\u7b7e\u5230\u9001\u82b1\u7684\uff01"}, {"userName": "\u9b54\u5e7b\u5e08\u8c46\u8c46", "userReviewDate": "2016-08-28", "userURL": "http://user.17k.com/33366982", "userReview": "\u8c46\u8c46\u6765\u505a\u6492\u82b1\u7ae5\u5b50\uff0c\u597d\u6587\u7ae0\u5c31\u5f97\u9876\uff01"}, {"userName": "\u4e66\u53cb2082725048", "userReviewDate": "2016-08-27", "userURL": "http://user.17k.com/49331223", "userReview": "\u5f88\u4e0d\u9519\u7684\u9898\u6750"}, {"userName": "\u9b54\u5e7b\u5e08\u8c46\u8c46", "userReviewDate": "2016-08-27", "userURL": "http://user.17k.com/33366982", "userReview": "\u611f\u89c9\u8fd9\u4e2a\u9898\u6750\u7684\u5c0f\u8bf4\u5fc5\u706b\uff0c\u52a0\u6cb9\uff01\u8c46\u8c46\u6765\u7ed9\u4f60\u9001\u82b1\u54af\uff01"}, {"userName": "\u7edd\u4e16\u5751\u795e", "userReviewDate": "2016-06-02", "userURL": "http://user.17k.com/43736085", "userReview": "[\u6253\u8d4f]\u6211\u6253\u8d4f\u4e862\u5143\u7ea2\u5305\uff01\uff01"}, {"userName": "\u5f00\u5fc3\u7092\u9505", "userReviewDate": "2015-12-02", "userURL": "http://user.17k.com/43744340", "userReview": "<span style='color:blue'>\u7092\u9505\u643a\u5e26\u65b0\u4e66<a target='_blank' href='http://www.17k.com/book/1517456.html'>\u300a\u6df7\u6c8c\u795e\u9b54\u5e1d\u300b</a>\u6765\u6446\u653e\u5927\u795e\uff0c\u671b\u5927\u795e\u56de\u8bbf\uff0c\u6307\u70b9\u4e00\u4e8c</span>"}, {"userName": "\u60a6\u79bb\u548c\u5f71\u98d2\u4e24\u4e2a\u5927\u8138", "userReviewDate": "2015-05-31", "userURL": "http://user.17k.com/36948105", "userReview": "\u7ed9\u4eb2\u505a\u4e86\u767e\u5ea6\u767e\u79d1\uff0c\u5728\u8bc4\u8bba\u91cc\u770b\u5230\u4e86\u5200\u54e5~\u563f\u563f~"}, {"userName": "\u6e38\u8361\u513f", "userReviewDate": "2015-03-25", "userURL": "http://user.17k.com/37370439", "userReview": "\u600e\u4e48\u65ad\u66f4\u4e86\u5462\uff1f"}, {"userName": "\u6e38\u8361\u513f", "userReviewDate": "2015-03-11", "userURL": "http://user.17k.com/37370439", "userReview": "<span style='color:red'>\u524d\u6765\u8c22\u8c22\uff0c\u5bf9\u6211\u7684\u652f\u6301\uff0c\u65e5\u540e\u6162\u6162\u8fd8\u7ae0\u5b50\uff01</span>"}, {"userName": "\u8001\u6a35\u7684\u5200", "userReviewDate": "2015-03-07", "userURL": "http://user.17k.com/37724214", "userReview": "\u5c0f\u7ae0\u63a8\u8350\uff01\uff01\u652f\u6301\u4f3c\u6d77\uff01"}], "description": "\u5076\u7136\u5f97\u5230\u66b4\u5175\u7cfb\u7edf\uff01\u5efa\u9ed1\u5e2e\uff01\u7a7f\u5f02\u4e16\uff01\u8e0f\u661f\u9645\uff01\u8e29\u654c\u4eba\uff01\u5efa\u5e1d\u56fd\uff01\u9b42\u529b\u53ec\u5524\u4e07\u5343\u6218\u58eb\uff01\u8840\u80fd\u5151\u6362\u4e07\u5343\u7269\u54c1\uff01\u76ee\u6807\uff01\u7edf\u6cbb\u4e07\u5343\u4f4d\u9762\uff01", "title": "\u4f4d\u9762\u66b4\u5175\u5e1d\u56fd", "url": "http://www.17k.com/book/1087553.html", "average": -1.0, "cover": "http://img.17k.com/images/bookcover/2015/5437/27/1087553-1423465481000.jpg", "reviews": 228405, "authors": [{"url": "http://www.17k.com/zuozhe/37825612", "name": "\u4f3c\u6d77\u975e\u6d77"}], "type": ["\u65f6\u7a7a\u7a7f\u68ad"], "outlinks": ["http://www.17k.com/book/2794982.html", "http://www.17k.com/book/2801292.html", "http://www.17k.com/book/2816318.html", "http://www.17k.com/book/2797575.html", "http://www.17k.com/book/2802516.html", "http://www.17k.com/book/2812195.html", "http://www.17k.com/book/2820143.html", "http://www.17k.com/book/2807943.html", "http://www.17k.com/book/2813457.html", "http://www.17k.com/book/2798058.html", "http://www.17k.com/book/2815617.html", "http://www.17k.com/book/2805259.html", "http://www.17k.com/book/2760255.html", "http://www.17k.com/book/2686894.html", "http://www.17k.com/book/2797016.html", "http://www.17k.com/book/2767246.html", "http://www.17k.com/book/2764239.html", "http://www.17k.com/book/2754498.html", "http://www.17k.com/book/2754900.html", "http://www.17k.com/book/2625740.html", "http://www.17k.com/book/2213315.html", "http://www.17k.com/book/2402178.html", "http://www.17k.com/book/2691221.html", "http://www.17k.com/book/2210699.html", "http://www.17k.com/book/1797752.html", "http://www.17k.com/book/2575507.html", "http://www.17k.com/book/2705181.html", "http://www.17k.com/book/2702539.html", "http://www.17k.com/book/2474887.html", "http://www.17k.com/book/2674733.html", "http://www.17k.com/book/2822076.html", "http://www.17k.com/book/2809894.html", "http://www.17k.com/book/2822077.html", "http://www.17k.com/book/2811930.html", "http://www.17k.com/book/2815548.html", "http://www.17k.com/book/2819620.html", "http://www.17k.com/book/2809964.html", "http://www.17k.com/book/2808200.html", "http://www.17k.com/book/2820100.html", "http://www.17k.com/book/2822978.html", "http://www.17k.com/book/2804337.html", "http://www.17k.com/book/2798814.html", "http://www.17k.com/book/2785153.html", "http://www.17k.com/book/2731559.html", "http://www.17k.com/book/2722533.html", "http://www.17k.com/book/2458377.html", "http://www.17k.com/book/2743300.html", "http://www.17k.com/book/973809.html", "http://www.17k.com/book/2651367.html", "http://www.17k.com/book/2726194.html", "http://www.17k.com/book/2790214.html", "http://www.17k.com/book/493239.html", "http://www.17k.com/book/108821.html", "http://www.17k.com/book/1398783.html", "http://www.17k.com/book/83528.html", "http://www.17k.com/book/1859126.html", "http://www.17k.com/book/1741975.html", "http://www.17k.com/book/192453.html", "http://www.17k.com/book/2459058.html", "http://www.17k.com/book/1050747.html", "http://www.17k.com/book/2700315.html", "http://www.17k.com/book/2818940.html", "http://www.17k.com/book/2819519.html", "http://www.17k.com/book/2816390.html", "http://www.17k.com/book/2819588.html", "http://www.17k.com/book/2813768.html", "http://www.17k.com/book/2822406.html", "http://www.17k.com/book/2772164.html", "http://www.17k.com/book/2784023.html", "http://www.17k.com/book/2811877.html", "http://www.17k.com/book/2809119.html", "http://www.17k.com/book/2803700.html", "http://www.17k.com/book/2819561.html", "http://www.17k.com/book/2746506.html", "http://www.17k.com/book/2811836.html", "http://www.17k.com/book/2614810.html", "http://www.17k.com/book/1592435.html", "http://www.17k.com/book/1949748.html", "http://www.17k.com/book/2265802.html", "http://www.17k.com/book/2743240.html", "http://www.17k.com/book/2657437.html", "http://www.17k.com/book/2644502.html", "http://www.17k.com/book/2199900.html", "http://www.17k.com/book/2725436.html", "http://www.17k.com/book/2629978.html"]}