{"ratings": -1, "userreviews": [{"userName": "\u4e93\u82b7", "userReviewDate": "2018-06-08", "userURL": "http://user.17k.com/62628985", "userReview": "\u840c\u65b0\u643a\u5e26\u5c0f\u8bf4<a target='_blank' href='http://www.17k.com/book/2836672.html'>\u300a\u5955\u9716\u300b</a>\u6765\u8bbf\uff01\u5927\u5bb6\u6367\u6367\u573a\uff0c\u8c22\u8c22\u3002"}, {"userName": "17k\u4e66\u53cbaftsqax4c", "userReviewDate": "2018-06-08", "userURL": "http://user.17k.com/62619773", "userReview": "\u55ef\u5450\uff0c\u597d\u597d\u770b\u54af\uff01\u263a\u4e0d\u7ba1\u6700\u540e\u7ed3\u679c\u662f\u4ec0\u4e48\uff0c\u76f8\u7231\u4e4b\u4eba\u7684\u9178\u751c\u82e6\u8fa3\uff0c\u6700\u7ec8\u90fd\u662f\u4e00\u4efd\u72ec\u7279\uff01\u4f5c\u8005\u5927\u5927\u52a0\u6cb9\uff0c\u4e66\u540d\u597d\u542c\u4e48\uff01\u2196(^\u03c9^)\u2197"}, {"userName": "17k\u4e66\u53cbaftsqax4c", "userReviewDate": "2018-06-08", "userURL": "http://user.17k.com/62619773", "userReview": "\u55ef\u5450\uff0c\u597d\u597d\u770b\u54af\uff01\u263a\u4e0d\u7ba1\u6700\u540e\u7ed3\u679c\u662f\u4ec0\u4e48\uff0c\u76f8\u7231\u4e4b\u4eba\u7684\u9178\u751c\u82e6\u8fa3\uff0c\u6700\u7ec8\u90fd\u662f\u4e00\u4efd\u72ec\u7279\uff01\u4f5c\u8005\u5927\u5927\u52a0\u6cb9\uff0c\u4e66\u540d\u597d\u542c\u4e48\uff01\u2196(^\u03c9^)\u2197"}, {"userName": "At peace199950065", "userReviewDate": "2018-06-07", "userURL": "http://user.17k.com/62575068", "userReview": "\u597d\u770b\uff0c\u671f\u5f85\u7740"}, {"userName": "\u5f20\u6e58\u5b50", "userReviewDate": "2018-06-06", "userURL": "http://user.17k.com/45287399", "userReview": "\u70b9\u51fb\u597d\u591a\u554a\uff0c\u8fc7\u6765\u6cbe\u6cbe\u559c\u6c14"}, {"userName": "yaitita", "userReviewDate": "2018-06-05", "userURL": "http://user.17k.com/11021340", "userReview": "\u8fd9\u672c\u4e66\u592a\u68d2\u4e86\uff01\u9f13\u52b1\u4e00\u4e0b\uff0c\u5e0c\u671b\u540e\u7eed\u66f4\u52a0\u7cbe\u5f69\uff01"}, {"userName": "\u4e03\u4e03\u5c45\u58eb", "userReviewDate": "2018-06-04", "userURL": "http://user.17k.com/49673469", "userReview": "\u52a0\u6cb9\u5440\uff0c\u7b2c\u4e00\u90e8\u4e66\u5c31\u4e0a\u4e86\u63a8\u8350\u699c\uff0c<a target='_blank' href='http://www.17k.com/book/2833215.html'>\u300a\u4f60\u597d\uff0c\u6545\u4e61\u300b</a>\u671f\u5f85\u5927\u5927\u7684\u56de\u8bbf"}, {"userName": "\u6e05\u6e05\u5fe7\u4e0a\u77f3", "userReviewDate": "2018-06-03", "userURL": "http://user.17k.com/62489456", "userReview": "\u52a0\u6cb9\uff0c\u6211\u770b\u597d\u4f60"}, {"userName": "\u5927\u54a9Y", "userReviewDate": "2018-06-03", "userURL": "http://user.17k.com/58537297", "userReview": "\u52a0\u6cb9\uff0c\u65b0\u4e66\u63a8\u8350\u699c\u4e0a\u7684\u6765\u7684\u3002"}, {"userName": "17k\u4e66\u53cbr8icae8zf", "userReviewDate": "2018-06-03", "userURL": "http://user.17k.com/62469549", "userReview": "\u4eba\u6d3b\u7740\u4e00\u5b9a\u8981\u5bf9\u81ea\u5df1\u597d"}, {"userName": "\u534a\u6614", "userReviewDate": "2018-06-02", "userURL": "http://user.17k.com/62447050", "userReview": "\u597d\u60f3\u628a\u7537\u4e3b\u6495\u4e86......"}, {"userName": "\u5543\u9ec4\u74dc\u7684\u5c0f\u59d1\u51c9", "userReviewDate": "2018-06-02", "userURL": "http://user.17k.com/53830016", "userReview": "\u597d\u770b\u2026\u2026\u4e0d\u8fc7\u6bd4\u8f83\u559c\u6b22\u963f\u5ba3\u54e5(\u256f\u0437\u2570)"}, {"userName": "* * @ \u971e @ * *", "userReviewDate": "2018-06-01", "userURL": "http://user.17k.com/62371586", "userReview": "\u975e\u5e38\u559c\u6b22\u770b"}, {"userName": "\u8349\u8393\u9999\u8549\u7231\u82f9\u679c", "userReviewDate": "2018-05-31", "userURL": "http://user.17k.com/59704257", "userReview": "\u52a0\u6cb9\u52a0\u6cb9\uff0c\u82b1\u82b1\u9001\u4f60"}, {"userName": "\u6f2b\u5929\u661f\u8424", "userReviewDate": "2018-05-30", "userURL": "http://user.17k.com/56871683", "userReview": "\u7b80\u5355\u70b9\uff0c\u661f\u8424\u8bf4\u8bdd\u5c31\u4e0d\u62d0\u5f2f\u62b9\u89d2\u5566(\u0e51&acute;\u3142`\u0e51)\u4eba\u751f\u4e2d\u6700\u7231\u4f60\u7684\u4eba\uff0c\u9664\u4e86\u4f60\u81ea\u5df1\uff0c\u8fd8\u662f\u4f60\u81ea\u5df1 \uff0c\u6ce8\u610f\u4f11\u606f\u54e6\uff5e\u201c\u4fdd\u62a4\u201d\u597d\u81ea\u5df1"}, {"userName": "\u516d\u73ed\u638c\u95e8", "userReviewDate": "2018-05-30", "userURL": "http://user.17k.com/13274236", "userReview": "<a target='_blank' href='http://www.17k.com/book/2752920.html'>\u300a\u76f8\u533b\u6218\u7eaa\u300b</a>\u524d\u6765\u62dc\u8bbf\uff01\u9c9c\u82b1\u4e00\u6735\uff0c\u804a\u8868\u5fc3\u610f\uff01"}, {"userName": "\u6797\u7ecf\u767d", "userReviewDate": "2018-05-29", "userURL": "http://user.17k.com/61480290", "userReview": "\u4f5c\u8005\u5927\u5927\u7684\u4e66\u540d\u771f\u597d\u542c\u3002"}, {"userName": "\u3123\u901d\u53bb\u2570\u2606\u3077_\u901d\u53bb.....\ufe56", "userReviewDate": "2018-05-27", "userURL": "http://user.17k.com/53108576", "userReview": "<a target='_blank' href='http://www.17k.com/book/2812764.html'>\u300a\u4e5d\u5c3e\u732b\u4ed9\u300b</a>\u8fc7\u6765\u89c2\u770b"}, {"userName": "\u6708\u843d\u68a6\u8ffd\u5fc6", "userReviewDate": "2018-05-26", "userURL": "http://user.17k.com/57478135", "userReview": "\u65e9\u5b89\u5440\u6c34\u6c34\uff0c\u5468\u672b\u6109\u5feb"}, {"userName": "\u661f\u7a7a\u591c\u68a6\u8d30", "userReviewDate": "2018-05-26", "userURL": "http://user.17k.com/58011970", "userReview": "\u52a0\u6cb9\u2196(^\u03c9^)\u2197"}], "description": "\u7231\u4e00\u4e2a\u4eba\uff0c\u5c31\u50cf\u662f\u4e2d\u4e86\u6bd2\u3002\u3000\u3000\u6211\u7231\u4e0a\u4e86\u4ed6\uff0c\u7231\u4e86\u4e09\u5e74\uff0c\u88ab\u6298\u78e8\u4e86\u4e09\u5e74\u3002\u3000\u3000\u4ed6\u603b\u89c9\u5f97\u6211\u810f\uff0c\u6211\u89e3\u91ca\u4e86\u4e09\u5e74\uff0c\u6700\u540e\u5e72\u5e72\u51c0\u51c0\u7684\u79bb\u5f00\u5bb6\u91cc\u3002\u3000\u3000\u4ed6\u9192\u609f\u4e86\uff0c\u6211\u4e5f\u9192\u609f\u4e86\u3002\u3000\u3000\u7231\u662f\u56da\u7262\uff0c\u81ea\u5df1\u5374\u62ff\u7740\u94a5\u5319\u9501\u94fe\uff0c\u6211\u653e\u81ea\u5df1\u4f59\u751f\u3002", "title": "\u4f55\u4ee5\u5171\u767d\u9996", "url": "http://www.17k.com/book/2816390.html", "average": -1.0, "cover": "http://img.17k.com/images/bookcover/2018/14081/70/2816390-1525343234000.jpg", "reviews": 47995, "authors": [{"url": "http://www.17k.com/zuozhe/61257695", "name": "\u7eff\u6c34"}], "type": ["\u73b0\u5b9e\u7ecf\u5386"], "outlinks": ["http://www.17k.com/book/2794982.html", "http://www.17k.com/book/2801292.html", "http://www.17k.com/book/2816318.html", "http://www.17k.com/book/2797575.html", "http://www.17k.com/book/2802516.html", "http://www.17k.com/book/2812195.html", "http://www.17k.com/book/2820143.html", "http://www.17k.com/book/2807943.html", "http://www.17k.com/book/2813457.html", "http://www.17k.com/book/2798058.html", "http://www.17k.com/book/2815617.html", "http://www.17k.com/book/2805259.html", "http://www.17k.com/book/2760255.html", "http://www.17k.com/book/2686894.html", "http://www.17k.com/book/2797016.html", "http://www.17k.com/book/2767246.html", "http://www.17k.com/book/2764239.html", "http://www.17k.com/book/2754498.html", "http://www.17k.com/book/2754900.html", "http://www.17k.com/book/2625740.html", "http://www.17k.com/book/2213315.html", "http://www.17k.com/book/2402178.html", "http://www.17k.com/book/2691221.html", "http://www.17k.com/book/2210699.html", "http://www.17k.com/book/1797752.html", "http://www.17k.com/book/2575507.html", "http://www.17k.com/book/2705181.html", "http://www.17k.com/book/2702539.html", "http://www.17k.com/book/2474887.html", "http://www.17k.com/book/2674733.html", "http://www.17k.com/book/2822076.html", "http://www.17k.com/book/2809894.html", "http://www.17k.com/book/2822077.html", "http://www.17k.com/book/2811930.html", "http://www.17k.com/book/2815548.html", "http://www.17k.com/book/2819620.html", "http://www.17k.com/book/2809964.html", "http://www.17k.com/book/2808200.html", "http://www.17k.com/book/2820100.html", "http://www.17k.com/book/2822978.html", "http://www.17k.com/book/2804337.html", "http://www.17k.com/book/2798814.html", "http://www.17k.com/book/2785153.html", "http://www.17k.com/book/2731559.html", "http://www.17k.com/book/2722533.html", "http://www.17k.com/book/2458377.html", "http://www.17k.com/book/2743300.html", "http://www.17k.com/book/973809.html", "http://www.17k.com/book/2651367.html", "http://www.17k.com/book/2726194.html", "http://www.17k.com/book/2790214.html", "http://www.17k.com/book/493239.html", "http://www.17k.com/book/108821.html", "http://www.17k.com/book/1398783.html", "http://www.17k.com/book/83528.html", "http://www.17k.com/book/1859126.html", "http://www.17k.com/book/1741975.html", "http://www.17k.com/book/192453.html", "http://www.17k.com/book/2459058.html", "http://www.17k.com/book/1050747.html", "http://www.17k.com/book/2700315.html", "http://www.17k.com/book/2818940.html", "http://www.17k.com/book/2819519.html", "http://www.17k.com/book/2816390.html", "http://www.17k.com/book/2819588.html", "http://www.17k.com/book/2813768.html", "http://www.17k.com/book/2822406.html", "http://www.17k.com/book/2772164.html", "http://www.17k.com/book/2784023.html", "http://www.17k.com/book/2811877.html", "http://www.17k.com/book/2809119.html", "http://www.17k.com/book/2803700.html", "http://www.17k.com/book/2819561.html", "http://www.17k.com/book/2746506.html", "http://www.17k.com/book/2811836.html", "http://www.17k.com/book/2614810.html", "http://www.17k.com/book/1592435.html", "http://www.17k.com/book/1949748.html", "http://www.17k.com/book/2265802.html", "http://www.17k.com/book/2743240.html", "http://www.17k.com/book/2657437.html", "http://www.17k.com/book/2644502.html", "http://www.17k.com/book/2199900.html", "http://www.17k.com/book/2725436.html", "http://www.17k.com/book/2629978.html"]}