{"ratings": -1, "userreviews": [{"userName": "\u6625\u5c71\u4e00\u6735", "userReviewDate": "2018-04-28", "userURL": "http://user.17k.com/44606259", "userReview": "\u652f\u6301\u4f60\uff0c\u4e0e\u4f60\u4e00\u8d77\u52a0\u6cb9\u3002<a target='_blank' href='http://www.17k.com/book/2800110.html'>\u300a\u905b\u72d7\u599e\u513f\u7684\u60ca\u5929\u9006\u88ad\u300b</a>\u6b22\u8fce\u56de\u8bbf\u3002"}, {"userName": "\u672a\u6765\u8001\u9f20", "userReviewDate": "2018-04-14", "userURL": "http://user.17k.com/46396493", "userReview": "\u5750\u7b49\u66f4\u65b0\uff0c\u52a0\u6cb9"}, {"userName": "\u591c\u9b45\u661f\u8fb0\u672c\u5c0a", "userReviewDate": "2018-04-09", "userURL": "http://user.17k.com/15601070", "userReview": "\u661f\u8fb0\u53c8\u6765\u652f\u6301\u4e86"}, {"userName": "\u591c\u9b45\u661f\u8fb0\u672c\u5c0a", "userReviewDate": "2018-04-01", "userURL": "http://user.17k.com/15601070", "userReview": "\u652f\u6301"}, {"userName": "\u8fb9\u4f2f\u8d24\u7684\u5c0f\u67f3\u5b50\u5416", "userReviewDate": "2018-03-13", "userURL": "http://user.17k.com/43297398", "userReview": "\u652f\u6301\uff0c\u52a0\u6cb9\u554a\uff0c\u4e00\u8d77\u52aa\u529b\uff0c\u67f3\u5b50\u5e26\u7740<a target='_blank' href='http://www.17k.com/book/2777534.html'>\u300a\u4e0e\u7f6a\u5171\u6b4c\u300b</a>\u5230\u8bbf\uff0c\u6c42\u56de\u3002"}], "description": "\uff08\u5982\u6709\u96f7\u540c\uff0c\u7eaf\u5c5e\u5de7\u5408\uff01\uff09\u4ece\u6765\u6ca1\u6709\u60f3\u8fc7\uff0c\u81ea\u5df1\u4f1a\u50cf\u9c7c\u513f\u4e00\u6837\u81ea\u7531\u81ea\u5728\u5730\u7545\u6e38\u6c34\u91cc\uff0c\u5c24\u5176\u662f\u8ddf\u81ea\u5df1\u7684\u5fc3\u4e0a\u4eba\uff0c\u7136\u800c\uff0c\u5f53\u77e5\u9053\u81ea\u5df1\u7684\u8eab\u4e16\u4e4b\u540e\uff0c\u5374\u6ca1\u6709\u4e86\u90a3\u79cd\u8f7b\u677e\u81ea\u5728\u4e86\uff0c\u5e78\u597d\u6709\u4eb2\u60c5\u7231\u60c5\u76f8\u4f34\uff0c\u591a\u4e86\u7684\u53ea\u662f\u8d23\u4efb\u800c\u5df2\u2026\u2026", "title": "\u4f55\u4ee5\u5272\u820d", "url": "http://www.17k.com/book/2763679.html", "average": -1.0, "cover": "http://img.17k.com/images/bookcover/default_cover3.jpg", "reviews": 413, "authors": [{"url": "http://www.17k.com/zuozhe/48196772", "name": "\u7231\u821f"}], "type": ["\u5f02\u754c\u9b54\u6cd5"], "outlinks": ["http://www.17k.com/book/2794982.html", "http://www.17k.com/book/2801292.html", "http://www.17k.com/book/2816318.html", "http://www.17k.com/book/2797575.html", "http://www.17k.com/book/2802516.html", "http://www.17k.com/book/2812195.html", "http://www.17k.com/book/2820143.html", "http://www.17k.com/book/2807943.html", "http://www.17k.com/book/2813457.html", "http://www.17k.com/book/2798058.html", "http://www.17k.com/book/2815617.html", "http://www.17k.com/book/2805259.html", "http://www.17k.com/book/2760255.html", "http://www.17k.com/book/2686894.html", "http://www.17k.com/book/2797016.html", "http://www.17k.com/book/2767246.html", "http://www.17k.com/book/2764239.html", "http://www.17k.com/book/2754498.html", "http://www.17k.com/book/2754900.html", "http://www.17k.com/book/2625740.html", "http://www.17k.com/book/2213315.html", "http://www.17k.com/book/2402178.html", "http://www.17k.com/book/2691221.html", "http://www.17k.com/book/2210699.html", "http://www.17k.com/book/1797752.html", "http://www.17k.com/book/2575507.html", "http://www.17k.com/book/2705181.html", "http://www.17k.com/book/2702539.html", "http://www.17k.com/book/2474887.html", "http://www.17k.com/book/2674733.html", "http://www.17k.com/book/2822076.html", "http://www.17k.com/book/2809894.html", "http://www.17k.com/book/2822077.html", "http://www.17k.com/book/2811930.html", "http://www.17k.com/book/2815548.html", "http://www.17k.com/book/2819620.html", "http://www.17k.com/book/2809964.html", "http://www.17k.com/book/2808200.html", "http://www.17k.com/book/2820100.html", "http://www.17k.com/book/2822978.html", "http://www.17k.com/book/2804337.html", "http://www.17k.com/book/2798814.html", "http://www.17k.com/book/2785153.html", "http://www.17k.com/book/2731559.html", "http://www.17k.com/book/2722533.html", "http://www.17k.com/book/2458377.html", "http://www.17k.com/book/2743300.html", "http://www.17k.com/book/973809.html", "http://www.17k.com/book/2651367.html", "http://www.17k.com/book/2726194.html", "http://www.17k.com/book/2790214.html", "http://www.17k.com/book/493239.html", "http://www.17k.com/book/108821.html", "http://www.17k.com/book/1398783.html", "http://www.17k.com/book/83528.html", "http://www.17k.com/book/1859126.html", "http://www.17k.com/book/1741975.html", "http://www.17k.com/book/192453.html", "http://www.17k.com/book/2459058.html", "http://www.17k.com/book/1050747.html", "http://www.17k.com/book/2700315.html", "http://www.17k.com/book/2818940.html", "http://www.17k.com/book/2819519.html", "http://www.17k.com/book/2816390.html", "http://www.17k.com/book/2819588.html", "http://www.17k.com/book/2813768.html", "http://www.17k.com/book/2822406.html", "http://www.17k.com/book/2772164.html", "http://www.17k.com/book/2784023.html", "http://www.17k.com/book/2811877.html", "http://www.17k.com/book/2809119.html", "http://www.17k.com/book/2803700.html", "http://www.17k.com/book/2819561.html", "http://www.17k.com/book/2746506.html", "http://www.17k.com/book/2811836.html", "http://www.17k.com/book/2614810.html", "http://www.17k.com/book/1592435.html", "http://www.17k.com/book/1949748.html", "http://www.17k.com/book/2265802.html", "http://www.17k.com/book/2743240.html", "http://www.17k.com/book/2657437.html", "http://www.17k.com/book/2644502.html", "http://www.17k.com/book/2199900.html", "http://www.17k.com/book/2725436.html", "http://www.17k.com/book/2629978.html"]}