{"ratings": -1, "userreviews": [{"userName": "17K\u4e66\u53cbAO0UNIFX", "userReviewDate": "2018-06-06", "userURL": "http://user.17k.com/58208577", "userReview": "\u597d\u770b\u7740\u5462\uff01"}, {"userName": "\u7231\u8f8976", "userReviewDate": "2018-06-05", "userURL": "http://user.17k.com/57759718", "userReview": "[\u6253\u8d4f]\u6211\u6253\u8d4f\u4e861\u4e2a'\u5c0f\u5fc3\u5fc3'\uff01\uff01"}, {"userName": "17K\u4e66\u53cbAO0UNIFX", "userReviewDate": "2018-06-02", "userURL": "http://user.17k.com/58208577", "userReview": "\u5f88\u4e0d\u9519\u7684\u4e66"}, {"userName": "\u53cc\u773c\u76ae574998015", "userReviewDate": "2018-06-02", "userURL": "http://user.17k.com/46923892", "userReview": "\u597d\u5f00\u5fc3 \u662f\u4e2a\u5047\u592a\u76d1"}, {"userName": "_\u4e5d\u5e7d\u51a5\u5c0a_", "userReviewDate": "2018-06-02", "userURL": "http://user.17k.com/54351721", "userReview": "\u6df1\u591c\u6765\u8bbf\uff0c\u9ed8\u9ed8\u770b\u4e66\u3002\u2229_\u2229"}, {"userName": "17K\u4e66\u53cbafphbf01", "userReviewDate": "2018-05-30", "userURL": "http://user.17k.com/62328910", "userReview": "[\u6253\u8d4f]\u6211\u6253\u8d4f\u4e861\u4e2a'\u9e21\u8840'\uff01\uff01"}, {"userName": "17K\u4e66\u53cbAO0UNIFX", "userReviewDate": "2018-05-28", "userURL": "http://user.17k.com/58208577", "userReview": "\u559c\u6b22\u7684\u6587\u7ae0"}, {"userName": "17K\u4e66\u53cbAO0UNIFX", "userReviewDate": "2018-05-27", "userURL": "http://user.17k.com/58208577", "userReview": "\u597d\u770b\u597d\u770b\u597d\u770b"}, {"userName": "_\u4e5d\u5e7d\u51a5\u5c0a_", "userReviewDate": "2018-05-22", "userURL": "http://user.17k.com/54351721", "userReview": "\u7ec8\u4e8e\u820d\u5f97\u56de\u6765\u5566\uff01\u2229_\u2229\u60f3\u6b7b\u4f60\u5566\uff01\u8fd8\u4ee5\u4e3a\u5751\u4e86"}, {"userName": "_\u4e5d\u5e7d\u51a5\u5c0a_", "userReviewDate": "2018-05-22", "userURL": "http://user.17k.com/54351721", "userReview": "[\u6253\u8d4f]\u6211\u6253\u8d4f\u4e861\u4e2a'\u5c0f\u5fc3\u5fc3'\uff01\uff01"}, {"userName": "qzuser088909815", "userReviewDate": "2018-05-22", "userURL": "http://user.17k.com/57839876", "userReview": "[\u6253\u8d4f]\u6211\u6253\u8d4f\u4e86380\u5143\u7ea2\u5305\uff01\uff01"}, {"userName": "17K\u4e66\u53cbAO0UNIFX", "userReviewDate": "2018-05-22", "userURL": "http://user.17k.com/58208577", "userReview": "\u597d\u770b\u597d\u770b\u5c31\u770b"}, {"userName": "qzuser088909815", "userReviewDate": "2018-05-21", "userURL": "http://user.17k.com/57839876", "userReview": "[\u6253\u8d4f]\u6211\u6253\u8d4f\u4e86880\u5143\u7ea2\u5305\uff01\uff01"}, {"userName": "17K\u4e66\u53cb1AW34BKT", "userReviewDate": "2018-05-20", "userURL": "http://user.17k.com/61819673", "userReview": "\u53e9\u8c22\u697c\u4e3b\uff0c\u65b0\u4eba<a target='_blank' href='http://www.17k.com/book/2824124.html'>\u300a\u6d53\u6d53\u79cb\u610f\u4e5f\u8bb8\u7231\u300b</a>\uff0c\u8bf7\u6c42\u6307\u5bfc\uff01"}, {"userName": "17K\u4e66\u53cbAO0UNIFX", "userReviewDate": "2018-05-20", "userURL": "http://user.17k.com/58208577", "userReview": "\u4e0d\u9519\uff0c\u597d\u770b"}, {"userName": "\u7231\u8f8976", "userReviewDate": "2018-05-16", "userURL": "http://user.17k.com/57759718", "userReview": "[\u6253\u8d4f]\u6211\u6253\u8d4f\u4e8618\u5143\u7ea2\u5305\uff01\uff01"}, {"userName": "17K\u4e66\u53cbU3A30MNJ", "userReviewDate": "2018-05-16", "userURL": "http://user.17k.com/57916775", "userReview": "[\u6253\u8d4f]\u6211\u6253\u8d4f\u4e861\u5143\u7ea2\u5305\uff01\uff01"}, {"userName": "17K\u4e66\u53cbAO0UNIFX", "userReviewDate": "2018-05-16", "userURL": "http://user.17k.com/58208577", "userReview": "\u7ec8\u4e8e\u7b49\u5230\u4f60"}, {"userName": "17k\u4e66\u53cb5m5bawbib", "userReviewDate": "2018-05-15", "userURL": "http://user.17k.com/61810967", "userReview": "[\u6253\u8d4f]\u6211\u6253\u8d4f\u4e8680\u5143\u7ea2\u5305\uff01\uff01"}, {"userName": "17k\u4e66\u53cb5m5bawbib", "userReviewDate": "2018-05-15", "userURL": "http://user.17k.com/61810967", "userReview": "[\u6253\u8d4f]\u6211\u6253\u8d4f\u4e86800\u5143\u7ea2\u5305\uff01\uff01"}], "description": "\u7ecf\u5e74\u4e4b\u540e\u4e0e\u66fe\u7ecf\u7684\u521d\u604b\u91cd\u9022\u8be5\u662f\u4f55\u79cd\u60c5\u5f62\uff1f\u53c8\u8be5\u662f\u4f55\u79cd\u5fc3\u60c5\uff1f\u9646\u80dc\u7537\u8fd8\u6ca1\u6709\u601d\u8003\u6e05\u695a\u8be5\u4ee5\u54ea\u79cd\u5fc3\u6001\u9762\u5bf9\u65e7\u65f6\u7231\u4eba\uff0c\u4e00\u573a\u7a81\u53d1\u8f66\u7978\u540e\u5979\u7684\u751f\u6d3b\u91cc\u53c8\u5f3a\u52bf\u95ef\u8fdb\u6765\u4e00\u4e2a\u5a31\u4e50\u660e\u661f\uff1b\u4e0d\u5c31\u662f\u4e00\u4e2a\u9ad8\u51b7\u4e0d\u61c2\u4e8b\u7684\u5c0f\u5c41\u5b69\u561b\uff0c\u597d\u5427\uff0c\u59d0\u59d0\u987a\u6bdb\u634b\u7740\u603b\u53ef\u4ee5\u4e86\u5427\uff01", "title": "\u4f55\u5904\u65f6\u5149\u53ef\u56de\u9996", "url": "http://www.17k.com/book/2727080.html", "average": -1.0, "cover": "http://img.17k.com/images/bookcover/2017/13635/68/2727080-1511612844000.jpg", "reviews": 57014, "authors": [{"url": "http://www.17k.com/zuozhe/57649877", "name": "\u58a8\u5c18\u4e3a\u7a7a"}], "type": ["\u90fd\u5e02\u60c5\u7f18"], "outlinks": ["http://www.17k.com/book/2794982.html", "http://www.17k.com/book/2801292.html", "http://www.17k.com/book/2816318.html", "http://www.17k.com/book/2797575.html", "http://www.17k.com/book/2802516.html", "http://www.17k.com/book/2812195.html", "http://www.17k.com/book/2820143.html", "http://www.17k.com/book/2807943.html", "http://www.17k.com/book/2813457.html", "http://www.17k.com/book/2798058.html", "http://www.17k.com/book/2815617.html", "http://www.17k.com/book/2805259.html", "http://www.17k.com/book/2760255.html", "http://www.17k.com/book/2686894.html", "http://www.17k.com/book/2797016.html", "http://www.17k.com/book/2767246.html", "http://www.17k.com/book/2764239.html", "http://www.17k.com/book/2754498.html", "http://www.17k.com/book/2754900.html", "http://www.17k.com/book/2625740.html", "http://www.17k.com/book/2213315.html", "http://www.17k.com/book/2402178.html", "http://www.17k.com/book/2691221.html", "http://www.17k.com/book/2210699.html", "http://www.17k.com/book/1797752.html", "http://www.17k.com/book/2575507.html", "http://www.17k.com/book/2705181.html", "http://www.17k.com/book/2702539.html", "http://www.17k.com/book/2474887.html", "http://www.17k.com/book/2674733.html", "http://www.17k.com/book/2822076.html", "http://www.17k.com/book/2809894.html", "http://www.17k.com/book/2822077.html", "http://www.17k.com/book/2811930.html", "http://www.17k.com/book/2815548.html", "http://www.17k.com/book/2819620.html", "http://www.17k.com/book/2809964.html", "http://www.17k.com/book/2808200.html", "http://www.17k.com/book/2820100.html", "http://www.17k.com/book/2822978.html", "http://www.17k.com/book/2804337.html", "http://www.17k.com/book/2798814.html", "http://www.17k.com/book/2785153.html", "http://www.17k.com/book/2731559.html", "http://www.17k.com/book/2722533.html", "http://www.17k.com/book/2458377.html", "http://www.17k.com/book/2743300.html", "http://www.17k.com/book/973809.html", "http://www.17k.com/book/2651367.html", "http://www.17k.com/book/2726194.html", "http://www.17k.com/book/2790214.html", "http://www.17k.com/book/493239.html", "http://www.17k.com/book/108821.html", "http://www.17k.com/book/1398783.html", "http://www.17k.com/book/83528.html", "http://www.17k.com/book/1859126.html", "http://www.17k.com/book/1741975.html", "http://www.17k.com/book/192453.html", "http://www.17k.com/book/2459058.html", "http://www.17k.com/book/1050747.html", "http://www.17k.com/book/2700315.html", "http://www.17k.com/book/2818940.html", "http://www.17k.com/book/2819519.html", "http://www.17k.com/book/2816390.html", "http://www.17k.com/book/2819588.html", "http://www.17k.com/book/2813768.html", "http://www.17k.com/book/2822406.html", "http://www.17k.com/book/2772164.html", "http://www.17k.com/book/2784023.html", "http://www.17k.com/book/2811877.html", "http://www.17k.com/book/2809119.html", "http://www.17k.com/book/2803700.html", "http://www.17k.com/book/2819561.html", "http://www.17k.com/book/2746506.html", "http://www.17k.com/book/2811836.html", "http://www.17k.com/book/2614810.html", "http://www.17k.com/book/1592435.html", "http://www.17k.com/book/1949748.html", "http://www.17k.com/book/2265802.html", "http://www.17k.com/book/2743240.html", "http://www.17k.com/book/2657437.html", "http://www.17k.com/book/2644502.html", "http://www.17k.com/book/2199900.html", "http://www.17k.com/book/2725436.html", "http://www.17k.com/book/2629978.html"]}