{"ratings": -1, "userreviews": [{"userName": "\u6570\u6668\u660f", "userReviewDate": "2018-06-08", "userURL": "http://user.17k.com/57365610", "userReview": "\u4e48\u4e48\u4e48\u4e48\u2026\u2026\u2026\u54d2\uff5e"}, {"userName": "\u51c9\u68a6\u5c0f\u897f", "userReviewDate": "2018-06-08", "userURL": "http://user.17k.com/60302244", "userReview": "\u8003\u5b8c\u8bd5\u52e4\u66f4\u5566\uff0c\u52a0\u6cb9"}, {"userName": "\u82b1\u9b41_\u51c9\u7b19", "userReviewDate": "2018-06-08", "userURL": "http://user.17k.com/62229764", "userReview": "\u5466\u5475\uff0c\u6362\u5c01\u9762\u5450\u256e(\u256f\u25bd\u2570)\u256d"}, {"userName": "\u5e05\u70b8\u82cd\u7a79\u7684\u82cf\u9177", "userReviewDate": "2018-06-08", "userURL": "http://user.17k.com/51553324", "userReview": "\u4e2a\u4eba\u6bd4\u8f83\u559c\u6b22he \u6211\u519b\u8bad\u56de\u6765\u5566"}, {"userName": "\u82b1\u9b41_\u51c9\u7b19", "userReviewDate": "2018-06-08", "userURL": "http://user.17k.com/62229764", "userReview": "be\u5927\u597d\u5450~\\(\u2267\u25bd\u2266)/~"}, {"userName": "\u5e7b90", "userReviewDate": "2018-06-08", "userURL": "http://user.17k.com/61992700", "userReview": "\u82b1\u82b1\u652f\u6301"}, {"userName": "\u848b\u5b87\u98de8327", "userReviewDate": "2018-06-08", "userURL": "http://user.17k.com/57652012", "userReview": "\u5567\u5567\u5567\uff0cbe\uff0c\u574f\u5b69\u5b50"}, {"userName": "\u987e\u5c0f\u7487", "userReviewDate": "2018-06-08", "userURL": "http://user.17k.com/48931792", "userReview": "\u6211\u53bb\uff0cbe\uff0c\u6050\u6016\uff01"}, {"userName": "\u6d41\u6c34\u9010\u58a8", "userReviewDate": "2018-06-07", "userURL": "http://user.17k.com/54240506", "userReview": "\u55ef\u54fc\uff0c\u65b0\u4e66?\uff01\u652f\u6301\u6c38\u4e0d\u53d8(\u0e51\u2022\u0e31\u0e47\u03c9\u2022\u0e47\u0e31\u0e51)\u58a8\u58a8\u4eca\u5929\u665a\u4e0a\u505a\u4e86\u516d\u5957\u524d\u5e74\u4f1a\u8003\u5377\u5b50\uff0c\u9893\u5e9f"}, {"userName": "\u5343\u4e0e\u5343\u77b3", "userReviewDate": "2018-06-07", "userURL": "http://user.17k.com/57493690", "userReview": "\u4eca\u5929\u6240\u6709\u7684\u82b1\u82b1\u90fd\u6492\u7ed9\u4f60\uff0c\u652f\u6301\u65b0\u4e66\u5450"}, {"userName": "\u6570\u6668\u660f", "userReviewDate": "2018-06-07", "userURL": "http://user.17k.com/57365610", "userReview": "(^3^)\u68d2\u68d2\u54d2"}, {"userName": "\u592e\u5b50\u5440", "userReviewDate": "2018-06-07", "userURL": "http://user.17k.com/60344960", "userReview": "\u65b0\u6587\u5417\u65e0\u6761\u4ef6\u652f\u6301"}, {"userName": "Lyvian\u68a6\u6657", "userReviewDate": "2018-06-07", "userURL": "http://user.17k.com/62544595", "userReview": "\u5e26<a target='_blank' href='http://www.17k.com/book/2770568.html'>\u300a\u661f\u8fb0\u70b9\u4eae\u68a6\u4e2d\u591c\u300b</a>\u6765\u8bbf\u652f\u6301\uff0c\u52a0\u6cb9"}, {"userName": "\u77e5\u79cb\u61c2\u79cb\u8d4f\u79cb", "userReviewDate": "2018-06-06", "userURL": "http://user.17k.com/56115906", "userReview": "\u65ad\u90a3\u4e2a\u5199\u8fd9\u4e2a\uff0c\u4f60\u725b\u3002\u6bcf\u5929\u53d1\u4e2a\u65e5\u671f\uff0c\u522b\u65ad\u554a"}, {"userName": "\u82b1\u9b41_\u51c9\u7b19", "userReviewDate": "2018-06-05", "userURL": "http://user.17k.com/62229764", "userReview": "\u52a0\u6cb9\u52a0\u6cb9*\u3002\u0669(\u02ca\u03c9\u02cb*)\u0648\u2727*"}, {"userName": "\u81f3\u540c", "userReviewDate": "2018-06-05", "userURL": "http://user.17k.com/42347855", "userReview": "\u65b0\u4e66\uff0c\u652f\u6301\u4e00\u4e0b\uff0c\u52a0\u6cb9\u3002"}, {"userName": "\u6070\u5f90", "userReviewDate": "2018-06-05", "userURL": "http://user.17k.com/62230337", "userReview": "\u6c99\u53d1\u5f52\u6211\uff0c\u8c01\u90fd\u4e0d\u8981\u62a2\uff5e"}], "description": "\u65e2\u5df2\u4f24\uff0c\u4f55\u6545\u7a7a\u7559\u75d5\uff1f\u3000\u3000#\u4e0d\u8bba\u8fc7\u7a0b\u751c\u8650\uff0c\u7ed3\u5c40BE#\u3000\u3000#\u6b64\u6587\u96c6\u73b0\u803d\uff0c\u53e4\u803d\u4e3a\u4e00\u4f53\uff0c\u53ea\u662f\u4e3a\u4e86\u6ee1\u8db3\u672c\u4eba\u60f3\u5f00\u65b0\u5751\u7684\u51b2\u52a8#\u3000\u3000#\u6ce8\u610f\uff1a\u6b64\u6587\u91cc\u4e0d\u8bba\u73b0\u803d\u53e4\u803d\uff0c\u5168\u662f\u8650\u803d\uff0c\u4e0d\u559c\u52ff\u5165#\u3000\u3000#\u6700\u6700\u91cd\u8981\u7684\u4e00\u70b9\u5c31\u662f\u2014\u2014\u300a\u971c\u96ea\u4e0e\u5171\u300b\u4e86\u89e3\u4e00\u4e0b\uff1f#", "title": "\u4f55\u6545\u7559\u75d5", "url": "http://www.17k.com/book/2835009.html", "average": -1.0, "cover": "http://img.17k.com/images/bookcover/2018/14175/70/2835009-1528446900000.jpg", "reviews": 193, "authors": [{"url": "http://www.17k.com/zuozhe/62230337", "name": "\u6070\u5f90"}], "type": ["\u552f\u7f8e\u7eaf\u7231"], "outlinks": ["http://www.17k.com/book/2794982.html", "http://www.17k.com/book/2801292.html", "http://www.17k.com/book/2816318.html", "http://www.17k.com/book/2797575.html", "http://www.17k.com/book/2802516.html", "http://www.17k.com/book/2812195.html", "http://www.17k.com/book/2820143.html", "http://www.17k.com/book/2807943.html", "http://www.17k.com/book/2813457.html", "http://www.17k.com/book/2798058.html", "http://www.17k.com/book/2815617.html", "http://www.17k.com/book/2805259.html", "http://www.17k.com/book/2760255.html", "http://www.17k.com/book/2686894.html", "http://www.17k.com/book/2797016.html", "http://www.17k.com/book/2767246.html", "http://www.17k.com/book/2764239.html", "http://www.17k.com/book/2754498.html", "http://www.17k.com/book/2754900.html", "http://www.17k.com/book/2625740.html", "http://www.17k.com/book/2213315.html", "http://www.17k.com/book/2402178.html", "http://www.17k.com/book/2691221.html", "http://www.17k.com/book/2210699.html", "http://www.17k.com/book/1797752.html", "http://www.17k.com/book/2575507.html", "http://www.17k.com/book/2705181.html", "http://www.17k.com/book/2702539.html", "http://www.17k.com/book/2474887.html", "http://www.17k.com/book/2674733.html", "http://www.17k.com/book/2822076.html", "http://www.17k.com/book/2809894.html", "http://www.17k.com/book/2822077.html", "http://www.17k.com/book/2811930.html", "http://www.17k.com/book/2815548.html", "http://www.17k.com/book/2819620.html", "http://www.17k.com/book/2809964.html", "http://www.17k.com/book/2808200.html", "http://www.17k.com/book/2820100.html", "http://www.17k.com/book/2822978.html", "http://www.17k.com/book/2804337.html", "http://www.17k.com/book/2798814.html", "http://www.17k.com/book/2785153.html", "http://www.17k.com/book/2731559.html", "http://www.17k.com/book/2722533.html", "http://www.17k.com/book/2458377.html", "http://www.17k.com/book/2743300.html", "http://www.17k.com/book/973809.html", "http://www.17k.com/book/2651367.html", "http://www.17k.com/book/2726194.html", "http://www.17k.com/book/2790214.html", "http://www.17k.com/book/493239.html", "http://www.17k.com/book/108821.html", "http://www.17k.com/book/1398783.html", "http://www.17k.com/book/83528.html", "http://www.17k.com/book/1859126.html", "http://www.17k.com/book/1741975.html", "http://www.17k.com/book/192453.html", "http://www.17k.com/book/2459058.html", "http://www.17k.com/book/1050747.html", "http://www.17k.com/book/2700315.html", "http://www.17k.com/book/2818940.html", "http://www.17k.com/book/2819519.html", "http://www.17k.com/book/2816390.html", "http://www.17k.com/book/2819588.html", "http://www.17k.com/book/2813768.html", "http://www.17k.com/book/2822406.html", "http://www.17k.com/book/2772164.html", "http://www.17k.com/book/2784023.html", "http://www.17k.com/book/2811877.html", "http://www.17k.com/book/2809119.html", "http://www.17k.com/book/2803700.html", "http://www.17k.com/book/2819561.html", "http://www.17k.com/book/2746506.html", "http://www.17k.com/book/2811836.html", "http://www.17k.com/book/2614810.html", "http://www.17k.com/book/1592435.html", "http://www.17k.com/book/1949748.html", "http://www.17k.com/book/2265802.html", "http://www.17k.com/book/2743240.html", "http://www.17k.com/book/2657437.html", "http://www.17k.com/book/2644502.html", "http://www.17k.com/book/2199900.html", "http://www.17k.com/book/2725436.html", "http://www.17k.com/book/2629978.html"]}