{"ratings": -1, "userreviews": [{"userName": "17K\u4e66\u53cbdgdrr9gx", "userReviewDate": "2018-06-06", "userURL": "http://user.17k.com/62546563", "userReview": "\u5bf9\u7684\u65f6\u95f4\u5bf9\u7684\u4eba \u4e5f\u597d\u770b"}, {"userName": "17K\u4e66\u53cbornprk1l", "userReviewDate": "2018-06-05", "userURL": "http://user.17k.com/62546826", "userReview": "\u597d\u770b\u53c8\u6709\u8da3"}, {"userName": "fruit779866240", "userReviewDate": "2018-06-04", "userURL": "http://user.17k.com/59902183", "userReview": "\u7535\u89c6\u5267\u6bd4\u5c0f\u8bf4\u597d\u770b"}, {"userName": "\u590f\u4e4b\u6e05\u98ce&middot;\u51ac\u4e4b\u6696\u9633\u2026", "userReviewDate": "2018-05-27", "userURL": "http://user.17k.com/60189163", "userReview": "\u8d5e\u8d5e\uff0c\u52a0\u6cb9\uff01"}, {"userName": "fruit779866240", "userReviewDate": "2018-04-28", "userURL": "http://user.17k.com/59902183", "userReview": "\u903b\u8f91\u4e0a\u6709\u4e9b\u7275\u5f3a"}, {"userName": "\u51c9\u57ce&middot;\u6211\u4eec\u53ef\u4e0d\u53ef\u4ee5\u4e0d\u60b2\u4f24\u2026", "userReviewDate": "2018-04-17", "userURL": "http://user.17k.com/59063098", "userReview": "\u5199\u7684\u771f\u597d\uff0c\u8d5e\u8d5e"}, {"userName": "\u4e45\u7231\u4e0d\u817b@178796096", "userReviewDate": "2018-04-14", "userURL": "http://user.17k.com/57217605", "userReview": "&#55357;&#56842;&#55357;&#56842;&#55357;&#56842;&#55357;&#56842;&#55357;&#56842;"}, {"userName": "\u4e45\u7231\u4e0d\u817b@178796096", "userReviewDate": "2018-04-11", "userURL": "http://user.17k.com/57217605", "userReview": "&#55357;&#56842;&#55357;&#56842;&#55357;&#56842;&#55357;&#56842;&#55357;&#56842;"}, {"userName": "\u7528\u62376143766306", "userReviewDate": "2018-04-11", "userURL": "http://user.17k.com/57614497", "userReview": "lllllll"}, {"userName": "\u4e45\u7231\u4e0d\u817b@178796096", "userReviewDate": "2018-04-10", "userURL": "http://user.17k.com/57217605", "userReview": "&#55357;&#56842;&#55357;&#56842;&#55357;&#56842;&#55357;&#56842;&#55357;&#56842;"}, {"userName": "\u9648\u82b7\u9759\u5440", "userReviewDate": "2018-04-10", "userURL": "http://user.17k.com/60981712", "userReview": "\u597d\u770b\u597d\u770b\u597d\u770b"}, {"userName": "\u9ad8\u8c03\u8c22\u5e55", "userReviewDate": "2018-04-02", "userURL": "http://user.17k.com/60371471", "userReview": "666666"}, {"userName": "\u98ce\u6e05\u6708\u6d01", "userReviewDate": "2018-03-28", "userURL": "http://user.17k.com/60600482", "userReview": "\u6211\u7684\u4e16\u754c\u4efb\u4f60\u5174\u98ce\u4f5c\u6d6a"}, {"userName": "\u6797\u5f0b\u4e00", "userReviewDate": "2018-03-23", "userURL": "http://user.17k.com/59176008", "userReview": "\u8bf4\u597d\u4e94\u4e2a\u5b57"}, {"userName": "\u50b2\u5a07\u9b3c459405462", "userReviewDate": "2018-03-17", "userURL": "http://user.17k.com/60120749", "userReview": "\u65b0\u4eba\u633d\u541b\u9752\u4e1d\u643a\u65b0\u4e66<a target='_blank' href='http://www.17k.com/book/2783347.html'>\u300a\u4e5d\u5dde\u6ce3\u51e4\u5f52\u300b</a>\u6765\u8d3a\u4e86[\u73ab\u7470]\u8bf7\u5927\u5bb6\u591a\u591a\u6307\u6559[\u574f\u7b11]"}, {"userName": "\u6de1\u7b11\u770b\u4eba\u751f", "userReviewDate": "2018-03-11", "userURL": "http://user.17k.com/45473276", "userReview": "<a target='_blank' href='http://www.17k.com/book/1728734.html'>\u300a\u8d5a\u94b1\u8bb0\u300b</a>\u795d\u5927\u5927\u4f5c\u54c1\u5982\u96e8\u540e\u6625\u7b0b\uff0c\u8c31\u5199\uff08\u91d1\uff09\u5f69\u4eba\u751f\u3002"}, {"userName": "17K\u4e66\u53cbc1sn6h8h", "userReviewDate": "2018-03-05", "userURL": "http://user.17k.com/60099837", "userReview": "\u633a\u4e0d\u9519\u7684\u6211\u559c\u6b22"}, {"userName": "\u50b2\u5a07\u9b3c459405462", "userReviewDate": "2018-03-05", "userURL": "http://user.17k.com/60120749", "userReview": "\u65b0\u4eba\u633d\u541b\u9752\u4e1d\u643a\u65b0\u4e66<a target='_blank' href='http://www.17k.com/book/2783347.html'>\u300a\u4e5d\u5dde\u6ce3\u51e4\u5f52\u300b</a>\u6765\u8d3a\u4e86[\u73ab\u7470]\u8bf7\u5927\u5bb6\u591a\u591a\u6307\u6559[\u574f\u7b11]"}, {"userName": "17K\u4e66\u53cbg95gzw2x", "userReviewDate": "2018-02-27", "userURL": "http://user.17k.com/55639681", "userReview": "\u4e0d\u9519\u7684\u6545\u4e8b"}, {"userName": "\u7528\u62376143766306", "userReviewDate": "2018-02-27", "userURL": "http://user.17k.com/57614497", "userReview": "\u3002\u3002\u3002\u3002\u3002"}], "description": "\u56e0\u4e3a\u67d0\u4e2a\u539f\u56e0\u51ac\u6696\u53c8\u572809\u5e748\u670824\u65e5\u4f5c\u4e86\u4fee\u6539\u4f55\u6240\u51ac\u6696\uff08\u4fee\u6539\u7248\uff09\u91cc\u591a\u4e86\u4e00\u4e24\u4e07\u5b57\u7684\u65b0\u5185\u5bb9\uff0c\u4f55\u6240\u51ac\u6696\uff08\u4fee\u6539\u7248\uff09\u4e3a\u6700\u65b0\u7248\u672c\u65b0\u6587\u300a\u6700\u7f8e\u9047\u89c1\u4f60\u300b\u5df2\u5728**\u8fde\u8f7d^_^", "title": "\u4f55\u6240\u51ac\u6696", "url": "http://www.17k.com/book/222445.html", "average": -1.0, "cover": "http://img.17k.com/images/bookcover/2017/1112/5/222445-1505096878000.jpg", "reviews": 31796721, "authors": [{"url": "http://www.17k.com/zuozhe/9215083", "name": "\u987e\u897f\u7235"}], "type": ["\u7eaf\u7231\u9752\u6625"], "outlinks": ["http://www.17k.com/book/2794982.html", "http://www.17k.com/book/2801292.html", "http://www.17k.com/book/2816318.html", "http://www.17k.com/book/2797575.html", "http://www.17k.com/book/2802516.html", "http://www.17k.com/book/2812195.html", "http://www.17k.com/book/2820143.html", "http://www.17k.com/book/2807943.html", "http://www.17k.com/book/2813457.html", "http://www.17k.com/book/2798058.html", "http://www.17k.com/book/2815617.html", "http://www.17k.com/book/2805259.html", "http://www.17k.com/book/2760255.html", "http://www.17k.com/book/2686894.html", "http://www.17k.com/book/2797016.html", "http://www.17k.com/book/2767246.html", "http://www.17k.com/book/2764239.html", "http://www.17k.com/book/2754498.html", "http://www.17k.com/book/2754900.html", "http://www.17k.com/book/2625740.html", "http://www.17k.com/book/2213315.html", "http://www.17k.com/book/2402178.html", "http://www.17k.com/book/2691221.html", "http://www.17k.com/book/2210699.html", "http://www.17k.com/book/1797752.html", "http://www.17k.com/book/2575507.html", "http://www.17k.com/book/2705181.html", "http://www.17k.com/book/2702539.html", "http://www.17k.com/book/2474887.html", "http://www.17k.com/book/2674733.html", "http://www.17k.com/book/2822076.html", "http://www.17k.com/book/2809894.html", "http://www.17k.com/book/2822077.html", "http://www.17k.com/book/2811930.html", "http://www.17k.com/book/2815548.html", "http://www.17k.com/book/2819620.html", "http://www.17k.com/book/2809964.html", "http://www.17k.com/book/2808200.html", "http://www.17k.com/book/2820100.html", "http://www.17k.com/book/2822978.html", "http://www.17k.com/book/2804337.html", "http://www.17k.com/book/2798814.html", "http://www.17k.com/book/2785153.html", "http://www.17k.com/book/2731559.html", "http://www.17k.com/book/2722533.html", "http://www.17k.com/book/2458377.html", "http://www.17k.com/book/2743300.html", "http://www.17k.com/book/973809.html", "http://www.17k.com/book/2651367.html", "http://www.17k.com/book/2726194.html", "http://www.17k.com/book/2790214.html", "http://www.17k.com/book/493239.html", "http://www.17k.com/book/108821.html", "http://www.17k.com/book/1398783.html", "http://www.17k.com/book/83528.html", "http://www.17k.com/book/1859126.html", "http://www.17k.com/book/1741975.html", "http://www.17k.com/book/192453.html", "http://www.17k.com/book/2459058.html", "http://www.17k.com/book/1050747.html", "http://www.17k.com/book/2700315.html", "http://www.17k.com/book/2818940.html", "http://www.17k.com/book/2819519.html", "http://www.17k.com/book/2816390.html", "http://www.17k.com/book/2819588.html", "http://www.17k.com/book/2813768.html", "http://www.17k.com/book/2822406.html", "http://www.17k.com/book/2772164.html", "http://www.17k.com/book/2784023.html", "http://www.17k.com/book/2811877.html", "http://www.17k.com/book/2809119.html", "http://www.17k.com/book/2803700.html", "http://www.17k.com/book/2819561.html", "http://www.17k.com/book/2746506.html", "http://www.17k.com/book/2811836.html", "http://www.17k.com/book/2614810.html", "http://www.17k.com/book/1592435.html", "http://www.17k.com/book/1949748.html", "http://www.17k.com/book/2265802.html", "http://www.17k.com/book/2743240.html", "http://www.17k.com/book/2657437.html", "http://www.17k.com/book/2644502.html", "http://www.17k.com/book/2199900.html", "http://www.17k.com/book/2725436.html", "http://www.17k.com/book/2629978.html"]}