{"ratings": -1, "userreviews": [{"userName": "\u6708\u843d\u68a6\u8ffd\u5fc6", "userReviewDate": "2018-06-02", "userURL": "http://user.17k.com/57478135", "userReview": "\u8bf7\u6536\u8ffd\u5fc6\u4e00\u8bb0\u819d\u76d6"}, {"userName": "\u987e\u503e\u843d", "userReviewDate": "2018-05-29", "userURL": "http://user.17k.com/61543251", "userReview": "\u843d\u843d\u6765\u4e86\uff5e\u9a6c\u5361\u9f99\u7684\u8bed\u8a00\u662f\u4ec0\u4e48\u6837\u5462\uff5e\u4f60\u786e\u5b9a\u4e0d\u6765\u8e0f\u8e0f\u543e\u7684\u5c0f\u7a9d\u53bb\u89c2\u5bdf\u89c2\u5bdf\uff5e"}, {"userName": "\u987e\u503e\u843d", "userReviewDate": "2018-05-28", "userURL": "http://user.17k.com/61543251", "userReview": "\u52a0\u6cb9\uff01\u5373\u5c06\u516d\u4e00\u4e86\uff0c\u8981\u5feb\u4e50\u54e6\uff01\u6211\u4eec\u4e00\u8d77\u52a0\u6cb9\u5427\uff5e\u8981\u6765\u8e0f\u8e0f\u843d\u843d\u5c0f\u7a9d\u561b\u3002"}, {"userName": "\u51cc\u68a6\u6657", "userReviewDate": "2018-05-27", "userURL": "http://user.17k.com/56808435", "userReview": "\u665a\u597d\uff0c<a target='_blank' href='http://www.17k.com/book/2770568.html'>\u300a\u661f\u8fb0\u70b9\u4eae\u68a6\u4e2d\u591c\u300b</a>\u6765\u8bbf\uff0c\u633a\u597d\u770b\u7684\uff0c\u52a0\u6cb9\uff0c\u652f\u6301\u5927\u5927\uff0c\u7b14\u82af\u2764\uff0c\u4e5f\u671b\u56de\u8bbf\u70b9\u8bc4"}, {"userName": "\u5029\u5029721544973", "userReviewDate": "2018-05-25", "userURL": "http://user.17k.com/56178665", "userReview": "\u52a0\u6cb9\u66f4\uff0c\u65b0\u4e66\u6709\u524d\u9014\u3002"}, {"userName": "\u6708\u843d\u68a6\u8ffd\u5fc6", "userReviewDate": "2018-05-20", "userURL": "http://user.17k.com/57478135", "userReview": "\u8282\u65e5\u6109\u5feb\uff0c\u6c6aemmmm"}, {"userName": "\u96e8\u6668233", "userReviewDate": "2018-05-18", "userURL": "http://user.17k.com/60804302", "userReview": "\u5c0f\u5a25\u4e5b\u222a\u4e5b\u4f60\u5341\u4e94?"}, {"userName": "\u591c\u9b45\u661f\u8fb0\u672c\u5c0a", "userReviewDate": "2018-05-05", "userURL": "http://user.17k.com/15601070", "userReview": "\u9001\u5927\u59274\u6735\u82b1\u82b1\u54c8"}, {"userName": "\u767d\u84dd\u9ed1\u7684\u7ea2", "userReviewDate": "2018-05-01", "userURL": "http://user.17k.com/61228083", "userReview": "\u65b0\u4eba\u65b0\u4f5c\uff0c\u5c0f\u5929\u4f7f\u4eec\u591a\u591a\u652f\u6301\uff0c\u591a\u591a\u7ed9\u5efa\u8bae\u54e6"}], "description": "\u5728\u6211\u4eec\u7684\u4e00\u751f\u4e2d\uff0c\u7ecf\u5386\u7740\u7231\u6068\u60c5\u4ec7\uff0c\u5728\u90a3\u4e48\u957f\u7684\u4e00\u6bb5\u65f6\u5149\u91cc\uff0c\u6211\u4eec\u662f\u5426\u672a\u66fe\u8f9c\u8d1f\u597d\u6d41\u5e74\uff1f\u3000\u3000\u6211\u4eec\u6240\u9047\u89c1\u7684\u4eba\uff0c\u6240\u54c1\u5c1d\u8fc7\u7684\u7231\u60c5\uff0c\u6240\u7ecf\u5386\u8fc7\u7684\u9752\u6625\uff0c\u662f\u5426\u7528\u4e86\u529b\u8d70\u4e86\u5fc3\uff1f\u3000\u3000\u966a\u4f34\u6211\u7ae5\u5e74\u7684\u7559\u5317\uff0c\u5728\u6211\u9752\u6625\u91cc\u70d9\u4e0b\u75d5\u8ff9\u7684\u6768\u671d\u707f\uff0c\u8c01\u4e0e\u6211\u5171\u8d74\u4f59\u751f\u6d41\u5e74\uff1f", "title": "\u4f59\u751f\u4e0d\u8d1f\u597d\u6d41\u5e74", "url": "http://www.17k.com/book/2815949.html", "average": -1.0, "cover": "http://img.17k.com/images/bookcover/2018/14079/70/2815949-1527076203000.jpg", "reviews": 1179, "authors": [{"url": "http://www.17k.com/zuozhe/61228083", "name": "\u5c0f\u5a25\u5341\u4e94"}], "type": ["\u552f\u7f8e\u7eaf\u7231"], "outlinks": ["http://www.17k.com/book/2794982.html", "http://www.17k.com/book/2801292.html", "http://www.17k.com/book/2816318.html", "http://www.17k.com/book/2797575.html", "http://www.17k.com/book/2802516.html", "http://www.17k.com/book/2812195.html", "http://www.17k.com/book/2820143.html", "http://www.17k.com/book/2807943.html", "http://www.17k.com/book/2813457.html", "http://www.17k.com/book/2798058.html", "http://www.17k.com/book/2815617.html", "http://www.17k.com/book/2805259.html", "http://www.17k.com/book/2760255.html", "http://www.17k.com/book/2686894.html", "http://www.17k.com/book/2797016.html", "http://www.17k.com/book/2767246.html", "http://www.17k.com/book/2764239.html", "http://www.17k.com/book/2754498.html", "http://www.17k.com/book/2754900.html", "http://www.17k.com/book/2625740.html", "http://www.17k.com/book/2213315.html", "http://www.17k.com/book/2402178.html", "http://www.17k.com/book/2691221.html", "http://www.17k.com/book/2210699.html", "http://www.17k.com/book/1797752.html", "http://www.17k.com/book/2575507.html", "http://www.17k.com/book/2705181.html", "http://www.17k.com/book/2702539.html", "http://www.17k.com/book/2474887.html", "http://www.17k.com/book/2674733.html", "http://www.17k.com/book/2822076.html", "http://www.17k.com/book/2809894.html", "http://www.17k.com/book/2822077.html", "http://www.17k.com/book/2811930.html", "http://www.17k.com/book/2815548.html", "http://www.17k.com/book/2819620.html", "http://www.17k.com/book/2809964.html", "http://www.17k.com/book/2808200.html", "http://www.17k.com/book/2820100.html", "http://www.17k.com/book/2822978.html", "http://www.17k.com/book/2804337.html", "http://www.17k.com/book/2798814.html", "http://www.17k.com/book/2785153.html", "http://www.17k.com/book/2731559.html", "http://www.17k.com/book/2722533.html", "http://www.17k.com/book/2458377.html", "http://www.17k.com/book/2743300.html", "http://www.17k.com/book/973809.html", "http://www.17k.com/book/2651367.html", "http://www.17k.com/book/2726194.html", "http://www.17k.com/book/2790214.html", "http://www.17k.com/book/493239.html", "http://www.17k.com/book/108821.html", "http://www.17k.com/book/1398783.html", "http://www.17k.com/book/83528.html", "http://www.17k.com/book/1859126.html", "http://www.17k.com/book/1741975.html", "http://www.17k.com/book/192453.html", "http://www.17k.com/book/2459058.html", "http://www.17k.com/book/1050747.html", "http://www.17k.com/book/2700315.html", "http://www.17k.com/book/2818940.html", "http://www.17k.com/book/2819519.html", "http://www.17k.com/book/2816390.html", "http://www.17k.com/book/2819588.html", "http://www.17k.com/book/2813768.html", "http://www.17k.com/book/2822406.html", "http://www.17k.com/book/2772164.html", "http://www.17k.com/book/2784023.html", "http://www.17k.com/book/2811877.html", "http://www.17k.com/book/2809119.html", "http://www.17k.com/book/2803700.html", "http://www.17k.com/book/2819561.html", "http://www.17k.com/book/2746506.html", "http://www.17k.com/book/2811836.html", "http://www.17k.com/book/2614810.html", "http://www.17k.com/book/1592435.html", "http://www.17k.com/book/1949748.html", "http://www.17k.com/book/2265802.html", "http://www.17k.com/book/2743240.html", "http://www.17k.com/book/2657437.html", "http://www.17k.com/book/2644502.html", "http://www.17k.com/book/2199900.html", "http://www.17k.com/book/2725436.html", "http://www.17k.com/book/2629978.html"]}