{"ratings": -1, "userreviews": [{"userName": "\u9ece\u5ddd\u5b50", "userReviewDate": "2018-04-24", "userURL": "http://user.17k.com/60559502", "userReview": "\u5450\u5450\uff0c\u8fd9\u91cc\u662f\u8d77\u540d\u697c\u54e6\uff5e \u73b0\u5728\u5411\u8bf8\u4f4d\u5c0f\u4ed9\u5973\u5f81\u6c42\u597d\u542c\u7684\u540d\u5b57\uff0c\u7537\u5973\u4e0d\u9650\uff0c\u6b63\u53cd\u6d3e\u4e0d\u592a\u80fd\u591f\u4fdd\u8bc1\uff0c\u4f46\u5982\u679c\u5c0f\u4ed9\u5973\u4eec\u53ef\u4ee5\u628a\u4eba\u8bbe\u4e5f\u53d1\u4e0a\u6765\u5c31\u6700\u597d\u4e0d\u8fc7\u5566\u3002\uff08\u5c0f\u5c0f\u58f0:\u5ddd\u5b50\u662f\u4e2a\u8d77\u540d\u5e9f\u54e6\uff09"}], "description": "\"\u4f60\u662f\u8c01\uff1f\u201d\u3000\u3000\u201c\u6211\u662f\u8c01\uff1f\u201d\u7537\u4eba\u4f3c\u4e4e\u542c\u5230\u4e86\u4ec0\u4e48\u597d\u7b11\u7684\u8bdd\uff0c\u4f4e\u7b11\u4e00\u58f0\uff0c\u968f\u540e\u505a\u51fa\u4e86\u8ba9\u4eba\u59cb\u6599\u4e0d\u53ca\u7684\u52a8\u4f5c\u3002\u677e\u5f00\u4e86\u5979\uff0c\u6175\u61d2\u7684\u7ad9\u5728\u4e00\u65c1\uff0c\u201c\u4f60\u5f88\u5feb\u5c31\u4f1a\u77e5\u9053\u7684\u4e86\u3002\u201d\u3000\u3000\u53ea\u4e0d\u8fc7\u521d\u89c1\uff0c\u4ed6\u5c31\u5728\u5979\u5bb6\u5730\u4e0b\u5ba4\uff0c\u5979\u7684\u68fa\u6750\u91cc\uff0c\u62a2\u8d70\u4e86\u5979\u7684\uff0c\u521d\uff01\u543b\uff01\u3000\u3000\u53ea\u53ef\u60dc\u738b\u5973\u6bbf\u4e0b\u7684\u60c5\u5546\u662f\u8d1f\u503c\uff0c\u4e0d\u77e5\u9053\u4f55\u4e3a\u201c\u64a9\u4eba\u201d\u2014\u2014\u8fd9\u5c31\u6109\u5feb\u7684\u51b3\u5b9a\u4e86\u54b1\u4eec\u4eb2\u738b\u6bbf\u4e0b\u7684\u8ffd\u59bb\u8def\u6f2b\u6f2b\u3002\uff08\u4eb2\u738b\u6bbf\u4e0b\uff1a\u65e0\u826f\u540e\u5988\uff01\uff09\u3000\u3000\u7136\u800c\u4e0d\u4e45\u4e4b\u540e\uff0c\u4eb2\u738b\u6bbf\u4e0b\u534e\u4e3d\u4e3d\u5730\u5316\u8eab\u4e3a\u67d0\u65e0\u826f\u603b\u88c1\uff0c\u5bf9\u738b\u5973\u6bbf\u4e0b\u5f00\u59cb\u4e86\u65e0\u8282\u64cd\u65e0\u4e0b\u9650\u7684\u5751\u8499\u62d0\u9a97\uff0c\u4ed6\u7684\u76ee\u6807\u53ea\u6709\u4e00\u4e2a\u2014\u2014\u54ea\u6015\u662f\u5728\u4eba\u7c7b\u7684\u5730\u76d8\uff0c\u4e5f\u8981\u628a\u9ad8\u51b7\u738b\u5973\u62d0\u4e0a\u81ea\u5bb6\u6237\u53e3\u672c\uff01", "title": "\u4f59\u751f\u53ea\u5f85\u5019\u8537\u8587", "url": "http://www.17k.com/book/2798765.html", "average": -1.0, "cover": "http://img.17k.com/images/bookcover/default_cover1.jpg", "reviews": 197, "authors": [{"url": "http://www.17k.com/zuozhe/60559502", "name": "\u9ece\u5ddd\u5b50"}], "type": ["\u5f02\u754c\u9b54\u6cd5"], "outlinks": ["http://www.17k.com/book/2794982.html", "http://www.17k.com/book/2801292.html", "http://www.17k.com/book/2816318.html", "http://www.17k.com/book/2797575.html", "http://www.17k.com/book/2802516.html", "http://www.17k.com/book/2812195.html", "http://www.17k.com/book/2820143.html", "http://www.17k.com/book/2807943.html", "http://www.17k.com/book/2813457.html", "http://www.17k.com/book/2798058.html", "http://www.17k.com/book/2815617.html", "http://www.17k.com/book/2805259.html", "http://www.17k.com/book/2760255.html", "http://www.17k.com/book/2686894.html", "http://www.17k.com/book/2797016.html", "http://www.17k.com/book/2767246.html", "http://www.17k.com/book/2764239.html", "http://www.17k.com/book/2754498.html", "http://www.17k.com/book/2754900.html", "http://www.17k.com/book/2625740.html", "http://www.17k.com/book/2213315.html", "http://www.17k.com/book/2402178.html", "http://www.17k.com/book/2691221.html", "http://www.17k.com/book/2210699.html", "http://www.17k.com/book/1797752.html", "http://www.17k.com/book/2575507.html", "http://www.17k.com/book/2705181.html", "http://www.17k.com/book/2702539.html", "http://www.17k.com/book/2474887.html", "http://www.17k.com/book/2674733.html", "http://www.17k.com/book/2822076.html", "http://www.17k.com/book/2809894.html", "http://www.17k.com/book/2822077.html", "http://www.17k.com/book/2811930.html", "http://www.17k.com/book/2815548.html", "http://www.17k.com/book/2819620.html", "http://www.17k.com/book/2809964.html", "http://www.17k.com/book/2808200.html", "http://www.17k.com/book/2820100.html", "http://www.17k.com/book/2822978.html", "http://www.17k.com/book/2804337.html", "http://www.17k.com/book/2798814.html", "http://www.17k.com/book/2785153.html", "http://www.17k.com/book/2731559.html", "http://www.17k.com/book/2722533.html", "http://www.17k.com/book/2458377.html", "http://www.17k.com/book/2743300.html", "http://www.17k.com/book/973809.html", "http://www.17k.com/book/2651367.html", "http://www.17k.com/book/2726194.html", "http://www.17k.com/book/2790214.html", "http://www.17k.com/book/493239.html", "http://www.17k.com/book/108821.html", "http://www.17k.com/book/1398783.html", "http://www.17k.com/book/83528.html", "http://www.17k.com/book/1859126.html", "http://www.17k.com/book/1741975.html", "http://www.17k.com/book/192453.html", "http://www.17k.com/book/2459058.html", "http://www.17k.com/book/1050747.html", "http://www.17k.com/book/2700315.html", "http://www.17k.com/book/2818940.html", "http://www.17k.com/book/2819519.html", "http://www.17k.com/book/2816390.html", "http://www.17k.com/book/2819588.html", "http://www.17k.com/book/2813768.html", "http://www.17k.com/book/2822406.html", "http://www.17k.com/book/2772164.html", "http://www.17k.com/book/2784023.html", "http://www.17k.com/book/2811877.html", "http://www.17k.com/book/2809119.html", "http://www.17k.com/book/2803700.html", "http://www.17k.com/book/2819561.html", "http://www.17k.com/book/2746506.html", "http://www.17k.com/book/2811836.html", "http://www.17k.com/book/2614810.html", "http://www.17k.com/book/1592435.html", "http://www.17k.com/book/1949748.html", "http://www.17k.com/book/2265802.html", "http://www.17k.com/book/2743240.html", "http://www.17k.com/book/2657437.html", "http://www.17k.com/book/2644502.html", "http://www.17k.com/book/2199900.html", "http://www.17k.com/book/2725436.html", "http://www.17k.com/book/2629978.html"]}