{"ratings": -1, "userreviews": [{"userName": "\u6101\u80a0\u4e00\u5bf8", "userReviewDate": "2018-04-17", "userURL": "http://user.17k.com/42858097", "userReview": "<a target='_blank' href='http://www.17k.com/book/1404452.html'>\u300a\u4f34\u7b11\u6d6e\u751f\u68a6\u300b</a>\u6765\u8bbf\uff01"}, {"userName": "\u5e05\u70b8\u82cd\u7a79\u7684\u82cf\u9177", "userReviewDate": "2018-04-02", "userURL": "http://user.17k.com/51553324", "userReview": "\u4f5b\u7cfb\u5c11\u5973\u54ce"}, {"userName": "\u6c3f\u88df", "userReviewDate": "2018-03-12", "userURL": "http://user.17k.com/37993337", "userReview": "\u6587\u7b14\u5f88\u597d!"}, {"userName": "\u848b\u5b87\u98de8327", "userReviewDate": "2018-02-25", "userURL": "http://user.17k.com/57652012", "userReview": "<a target='_blank' href='http://www.17k.com/book/2672901.html'>\u300a\u960e\u7f57\u79d8\u53f2\u300b</a>\u6765\u8bbf\uff0c\u6b27\u9633\u5348\u597d"}, {"userName": "\u54d1\u516b", "userReviewDate": "2018-02-10", "userURL": "http://user.17k.com/37525696", "userReview": "\u6bd4\u6211\u5f3a\u592a\u591a\uff0c\u9001\u4e0a\u652f\u6301\u7684\u82b1\u82b1"}, {"userName": "\u54d1\u516b", "userReviewDate": "2018-02-01", "userURL": "http://user.17k.com/37525696", "userReview": "\u9001\u82b1\u652f\u6301\uff0c\u5e0c\u671b\u53ef\u4ee5\u5199\u7684\u66f4\u597d\uff0c\u867d\u7136\u5df2\u7ecf\u5f88\u68d2\u4e86\uff0c\u6bd4\u6211\u5f3a\u592a\u591a"}, {"userName": "\u6625\u5c71\u4e00\u6735", "userReviewDate": "2017-05-21", "userURL": "http://user.17k.com/44606259", "userReview": "\u65b0\u4f5c\u52a0\u6cb9\uff01\uff01\uff01\uff01"}], "description": "\u5979\u8bf4\uff0c\u6211\u662f\u4f60\u7684\u85cf\u7352\uff0c\u4f60\u662f\u6211\u7684\u4e3b\u4eba\uff1b\u5982\u679c\u4e3b\u4eba\u51fa\u4e8b\u4e86\uff0c\u5b83\u4e0d\u4f1a\u6709\u7b2c\u4e8c\u4e2a\u4e3b\u4eba\uff1b\u3000\u3000\u4ed6\u8bf4\uff0c\u6211\u4e5f\u662f\u4f60\u7684\u85cf\u7352\uff0c\u4f60\u662f\u6211\u6b64\u751f\u552f\u4e00\u7684\u4e3b\u4eba\u3002\u3000\u3000\u4e24\u4e2a\u6027\u683c\u8fe5\u5f02\u7684\u4eba\u8d70\u5230\u4e00\u8d77\uff0c\u5374\u53d1\u73b0\u4e24\u4eba\u8d8a\u6765\u8d8a\u6709\u592b\u59bb\u76f8\uff0c\u8d8a\u6765\u8d8a\u6709\u9ed8\u5951\u3002\u3000\u3000\u2026\u2026\u2026\u2026\u3000\u3000\u6587\u5df2\u80a5\uff0c\u6b22\u8fce\u54c1\u9274\u3002", "title": "\u4f5b\u7cfb\u5c11\u5973\u5a5a\u604b\u8bb0", "url": "http://www.17k.com/book/2089026.html", "average": -1.0, "cover": "http://img.17k.com/images/bookcover/2018/10445/52/2089026-1519558931000.jpg", "reviews": 11079, "authors": [{"url": "http://www.17k.com/zuozhe/11585229", "name": "\u6b27\u9633\u8476\u82c8"}], "type": ["\u5a5a\u604b\u7231\u60c5"], "outlinks": ["http://www.17k.com/book/2794982.html", "http://www.17k.com/book/2801292.html", "http://www.17k.com/book/2816318.html", "http://www.17k.com/book/2797575.html", "http://www.17k.com/book/2802516.html", "http://www.17k.com/book/2812195.html", "http://www.17k.com/book/2820143.html", "http://www.17k.com/book/2807943.html", "http://www.17k.com/book/2813457.html", "http://www.17k.com/book/2798058.html", "http://www.17k.com/book/2815617.html", "http://www.17k.com/book/2805259.html", "http://www.17k.com/book/2760255.html", "http://www.17k.com/book/2686894.html", "http://www.17k.com/book/2797016.html", "http://www.17k.com/book/2767246.html", "http://www.17k.com/book/2764239.html", "http://www.17k.com/book/2754498.html", "http://www.17k.com/book/2754900.html", "http://www.17k.com/book/2625740.html", "http://www.17k.com/book/2213315.html", "http://www.17k.com/book/2402178.html", "http://www.17k.com/book/2691221.html", "http://www.17k.com/book/2210699.html", "http://www.17k.com/book/1797752.html", "http://www.17k.com/book/2575507.html", "http://www.17k.com/book/2705181.html", "http://www.17k.com/book/2702539.html", "http://www.17k.com/book/2474887.html", "http://www.17k.com/book/2674733.html", "http://www.17k.com/book/2822076.html", "http://www.17k.com/book/2809894.html", "http://www.17k.com/book/2822077.html", "http://www.17k.com/book/2811930.html", "http://www.17k.com/book/2815548.html", "http://www.17k.com/book/2819620.html", "http://www.17k.com/book/2809964.html", "http://www.17k.com/book/2808200.html", "http://www.17k.com/book/2820100.html", "http://www.17k.com/book/2822978.html", "http://www.17k.com/book/2804337.html", "http://www.17k.com/book/2798814.html", "http://www.17k.com/book/2785153.html", "http://www.17k.com/book/2731559.html", "http://www.17k.com/book/2722533.html", "http://www.17k.com/book/2458377.html", "http://www.17k.com/book/2743300.html", "http://www.17k.com/book/973809.html", "http://www.17k.com/book/2651367.html", "http://www.17k.com/book/2726194.html", "http://www.17k.com/book/2790214.html", "http://www.17k.com/book/493239.html", "http://www.17k.com/book/108821.html", "http://www.17k.com/book/1398783.html", "http://www.17k.com/book/83528.html", "http://www.17k.com/book/1859126.html", "http://www.17k.com/book/1741975.html", "http://www.17k.com/book/192453.html", "http://www.17k.com/book/2459058.html", "http://www.17k.com/book/1050747.html", "http://www.17k.com/book/2700315.html", "http://www.17k.com/book/2818940.html", "http://www.17k.com/book/2819519.html", "http://www.17k.com/book/2816390.html", "http://www.17k.com/book/2819588.html", "http://www.17k.com/book/2813768.html", "http://www.17k.com/book/2822406.html", "http://www.17k.com/book/2772164.html", "http://www.17k.com/book/2784023.html", "http://www.17k.com/book/2811877.html", "http://www.17k.com/book/2809119.html", "http://www.17k.com/book/2803700.html", "http://www.17k.com/book/2819561.html", "http://www.17k.com/book/2746506.html", "http://www.17k.com/book/2811836.html", "http://www.17k.com/book/2614810.html", "http://www.17k.com/book/1592435.html", "http://www.17k.com/book/1949748.html", "http://www.17k.com/book/2265802.html", "http://www.17k.com/book/2743240.html", "http://www.17k.com/book/2657437.html", "http://www.17k.com/book/2644502.html", "http://www.17k.com/book/2199900.html", "http://www.17k.com/book/2725436.html", "http://www.17k.com/book/2629978.html"]}