{"ratings": -1, "userreviews": [{"userName": "\u6728\u94c3\u94db\u513f", "userReviewDate": "2017-07-03", "userURL": "http://user.17k.com/55460758", "userReview": "\u5927\u5927\u5199\u5f97\u633a\u597d\u7684\uff0c\u4e92\u76f8\u652f\u6301\u4e92\u76f8\u5b66\u4e60\u52a0\u6cb9 \u6728\u6728\u643a<a target='_blank' href='http://www.17k.com/book/2520625.html'>\u300a\u5199\u7ed9\u4f60\u7684\u65e5\u8bb0\u300b</a>\u62dc\u8bbf \u671b\u4e92\u63d0\u5efa\u8bae\u5171\u52c9(\u25cd\u02c3\u0336\u15dc\u02c2\u0336\u25cd)\u2729"}, {"userName": "\u6d41\u4e91\u5c01\u5929", "userReviewDate": "2017-04-14", "userURL": "http://user.17k.com/45987364", "userReview": "\u55ef\uff0c\u597d\u4e45\u4e0d\u89c1\u4e86\uff0c\u6700\u8fd1\u5fd9\u7684\u6709\u70b9\u96be\u53d7\uff0c\u786c\u8981\u8bf4\u8981\u53bb\u5f00\u66f4\u7684\u8bdd\u53c8\u5bb3\u6015\u5fd9\u4e0d\u8fc7\u6765\uff0c\u54ce\uff0c\u5373\u4f7f\u5c0f\u8bf4\u66f4\u65b0\u4e0d\u4e86\uff0c\u670b\u53cb\u4e4b\u95f4\u7684\u62dc\u8bbf\u4e5f\u662f\u4e0d\u80fd\u505c\u554a\uff0c<a target='_blank' href='http://www.17k.com/book/2296943.html'>\u300a\u68a6\u9b47\u7981\u4e66\u5f55\u300b</a>\u524d\u6765\u62dc\u8bbf\uff01\u670b\u53cb\u6700\u8fd1\u53ef\u597d\uff1f"}, {"userName": "\u695a\u5029\u516e", "userReviewDate": "2017-04-05", "userURL": "http://user.17k.com/52759910", "userReview": "\u5df2\u6536\u85cf\u4f73\u4f5c\uff0c<a target='_blank' href='http://www.17k.com/book/2400290.html'>\u300a\u7a7a\u57ce\u98ce\u5ed6\u5bc2\u300b</a>\u6765\u8bbf\uff01"}, {"userName": "\u6a59\u5b50\u7684\u5fe7\u4f24", "userReviewDate": "2017-04-04", "userURL": "http://user.17k.com/54448838", "userReview": "\u52a0\u6cb9~"}, {"userName": "\u987e\u6f47\u6f47i", "userReviewDate": "2017-03-27", "userURL": "http://user.17k.com/45551571", "userReview": "\u4f60\u6ca1\u5199\u5230\u6211 \u597d\u65e0\u5948"}, {"userName": "\u6b23\u6cfdAlice", "userReviewDate": "2017-03-23", "userURL": "http://user.17k.com/52381921", "userReview": "\u5c0f\u7136\u643a<a target='_blank' href='http://www.17k.com/book/2341515.html'>\u300a\u6674\u4f55\u4ee5\u60c5\u6069\u300b</a>\u6765\u8bbf\uff01\u652f\u6301\u5927\u5927\u7684\u6587\uff01\uff20x\uff20"}, {"userName": "\u51e1\u6b4c676101641", "userReviewDate": "2017-03-18", "userURL": "http://user.17k.com/47380235", "userReview": "\u597d\u4e66\uff0c\u5c0f\u4e03\u524d\u6765\u652f\u6301\uff01"}, {"userName": "A\u4e3a\u4f60\u6267\u7b14", "userReviewDate": "2017-03-18", "userURL": "http://user.17k.com/52915295", "userReview": "<span style='color:blue'>\u554a\u54c8\u54c8\uff0c\u5c31\u662f\u6211\uff0c\u6ca1\u9519\uff0c<a target='_blank' href='http://www.17k.com/book/2363439.html'>\u300a\u9634\u9633\u5947\u4fa0\u4f20\u300b</a>\u6765\u6253\u5e7f\u544a\u4e86\uff0c\u6ca1\u9519\uff0c\u4f60\u542c\u7684\u6ca1\u6709\u9519\uff0c\u6211\u6765\u6253\u5e7f\u544a\uff0c\u989d...\u6211\u4e0d\u662f\u795e\u7ecf\u75c5\uff0c\u5c31\u662f\u6765\u6253\u4e2a\u5e7f\u544a\uff0c\u4e0d\u8981\u4ecb\u610f</span>"}, {"userName": "\u5357\u5a9a\u751f", "userReviewDate": "2017-03-18", "userURL": "http://user.17k.com/52570998", "userReview": "\u53c8\u5f00\u65b0\u6587\u5566\uff0c\u52a0\u6cb9\u554a"}], "description": "\u6ca1\u9519\uff0c\u8fd9\u5c31\u662f\u4f20\u8bf4\u4e2d\u7684\u6821\u56ed\u65e0\u8bed\u751f\u6d3b\u7684\u540e\u7eed\uff01\u8fd9\u662f\u7b2c\u4e8c\u5b66\u671f\u54af\uff01\u6211\u548c\u524d\u540e\u684c\uff0c\u540c\u684c\uff0c\u8fd8\u6709\u5bdd\u5ba4\u7684\u9a9a\u5e74\u4eec\u4f5c\u6b7b\u65e5\u5e38\u3002\u3000\u3000\u54e6\u5bf9\uff01\u8fd8\u6709\u6211\u7684QQ\u7325\u7410\u5bf9\u8bdd\u4e5f\u8981\u89e3\u9501\u5c01\u5370\u4e86\u54df\uff01\u5c0f\u4f19\u4f34\u4eec\u656c\u8bf7\u671f\u5f85\u4f5c\u6b7b\u65e5\u5e38\u5427\uff01\u3000\u3000\u5207\u8bb0\u5207\u8bb0\uff01\u975e\u6b63\u5e38\u4eba\u7c7b\u8bf7\u52ff\u6a21\u4eff\u6211\u7684\u4f5c\u6b7b\u884c\u4e3a\u3002\u4f60\u4eec\u8981\u8bb0\u4f4f\uff1a\u3000\u3000\u88c5\u903c\u906d\u96f7\u5288\uff0c\u4ece\u5934\u5288\u5230\u5c0f\u4e01\u4e01\u3000\u3000QQ\u53f7\uff1a973594084\u6b22\u8fce\u9a9a\u6270", "title": "\u4f5c\u6b7b\u7684\u4e00\u767e\u79cd\u65b9\u6cd5", "url": "http://www.17k.com/book/2423490.html", "average": -1.0, "cover": "http://img.17k.com/images/bookcover/default_cover.jpg", "reviews": 649, "authors": [{"url": "http://www.17k.com/zuozhe/52738620", "name": "\u8776\u8840\u7d2b\u5e7d"}], "type": ["\u73b0\u5b9e\u7206\u7b11"], "outlinks": ["http://www.17k.com/book/2794982.html", "http://www.17k.com/book/2801292.html", "http://www.17k.com/book/2816318.html", "http://www.17k.com/book/2797575.html", "http://www.17k.com/book/2802516.html", "http://www.17k.com/book/2812195.html", "http://www.17k.com/book/2820143.html", "http://www.17k.com/book/2807943.html", "http://www.17k.com/book/2813457.html", "http://www.17k.com/book/2798058.html", "http://www.17k.com/book/2815617.html", "http://www.17k.com/book/2805259.html", "http://www.17k.com/book/2760255.html", "http://www.17k.com/book/2686894.html", "http://www.17k.com/book/2797016.html", "http://www.17k.com/book/2767246.html", "http://www.17k.com/book/2764239.html", "http://www.17k.com/book/2754498.html", "http://www.17k.com/book/2754900.html", "http://www.17k.com/book/2625740.html", "http://www.17k.com/book/2213315.html", "http://www.17k.com/book/2402178.html", "http://www.17k.com/book/2691221.html", "http://www.17k.com/book/2210699.html", "http://www.17k.com/book/1797752.html", "http://www.17k.com/book/2575507.html", "http://www.17k.com/book/2705181.html", "http://www.17k.com/book/2702539.html", "http://www.17k.com/book/2474887.html", "http://www.17k.com/book/2674733.html", "http://www.17k.com/book/2822076.html", "http://www.17k.com/book/2809894.html", "http://www.17k.com/book/2822077.html", "http://www.17k.com/book/2811930.html", "http://www.17k.com/book/2815548.html", "http://www.17k.com/book/2819620.html", "http://www.17k.com/book/2809964.html", "http://www.17k.com/book/2808200.html", "http://www.17k.com/book/2820100.html", "http://www.17k.com/book/2822978.html", "http://www.17k.com/book/2804337.html", "http://www.17k.com/book/2798814.html", "http://www.17k.com/book/2785153.html", "http://www.17k.com/book/2731559.html", "http://www.17k.com/book/2722533.html", "http://www.17k.com/book/2458377.html", "http://www.17k.com/book/2743300.html", "http://www.17k.com/book/973809.html", "http://www.17k.com/book/2651367.html", "http://www.17k.com/book/2726194.html", "http://www.17k.com/book/2790214.html", "http://www.17k.com/book/493239.html", "http://www.17k.com/book/108821.html", "http://www.17k.com/book/1398783.html", "http://www.17k.com/book/83528.html", "http://www.17k.com/book/1859126.html", "http://www.17k.com/book/1741975.html", "http://www.17k.com/book/192453.html", "http://www.17k.com/book/2459058.html", "http://www.17k.com/book/1050747.html", "http://www.17k.com/book/2700315.html", "http://www.17k.com/book/2818940.html", "http://www.17k.com/book/2819519.html", "http://www.17k.com/book/2816390.html", "http://www.17k.com/book/2819588.html", "http://www.17k.com/book/2813768.html", "http://www.17k.com/book/2822406.html", "http://www.17k.com/book/2772164.html", "http://www.17k.com/book/2784023.html", "http://www.17k.com/book/2811877.html", "http://www.17k.com/book/2809119.html", "http://www.17k.com/book/2803700.html", "http://www.17k.com/book/2819561.html", "http://www.17k.com/book/2746506.html", "http://www.17k.com/book/2811836.html", "http://www.17k.com/book/2614810.html", "http://www.17k.com/book/1592435.html", "http://www.17k.com/book/1949748.html", "http://www.17k.com/book/2265802.html", "http://www.17k.com/book/2743240.html", "http://www.17k.com/book/2657437.html", "http://www.17k.com/book/2644502.html", "http://www.17k.com/book/2199900.html", "http://www.17k.com/book/2725436.html", "http://www.17k.com/book/2629978.html"]}