{"ratings": -1, "userreviews": [{"userName": "\u9676\u601d\u7ef4thinking", "userReviewDate": "2013-04-01", "userURL": "http://user.17k.com/13113249", "userReview": "\u672c\u4eba\u643a<a target='_blank' href='http://www.17k.com/book/487757.html'>\u300a\u9b3c\u5893\u540e\u88d4\u300b</a>\u524d\u65b9\u62dc\u8bbf\uff0c\u5df2\u6536\u85cf\u60a8\u5927\u4f5c\uff0c\u5e0c\u671b\u60a8\u56de\u8bbf\u6536\u85cf\uff01"}, {"userName": "a625208539", "userReviewDate": "2013-03-05", "userURL": "http://user.17k.com/7730846", "userReview": "<a target='_blank' href='http://www.17k.com/book/488739.html'>\u300a\u5f02\u754c\u4e4b\u6f5c\u9f99\u5728\u6e0a\u300b</a>\u6765\u8bbf\uff0c\u5df2\u6536\u85cf\uff0c\u6c42\u56de\u8bbf\uff0c\u6c42\u6536\u85cf\u3002\uff08\u6709\u8bbf\u5fc5\u56de\uff0c\u6709\u6536\u85cf\u5fc5\u56de\u3002\uff09"}, {"userName": "\u98ce\u5c0f\u6770", "userReviewDate": "2013-03-05", "userURL": "http://user.17k.com/14310964", "userReview": "\u300a\u90a3\u70b9\u7834\u4e8b\u7684\u9752\u6625\u300b\u98ce\u5c0f\u6770\u62dc\u8bbf\uff01\n(\u6765\u81eaAndroid\u5ba2\u6237\u7aef)"}, {"userName": "\u6de1\u6de1\u98ce\u96c5", "userReviewDate": "2013-02-24", "userURL": "http://user.17k.com/10203071", "userReview": "\u6de1\u6de1\u98ce\u96c5\u643a\u4e66<a target='_blank' href='http://www.17k.com/book/311220.html'>\u300a\u6b81\u60c5\u971c\u96ea\u9601\u300b</a>\u524d\u6765\u62dc\u8bbf\uff0c\u795d\u5927\u5927\u8d8a\u5199\u8d8a\u597d\uff0c\u5df2\u6536\u85cf\uff0c\u6c42\u56de\u8bbf"}, {"userName": "\u4eb2\u7231\u7684\u6d6a\u5148\u751f", "userReviewDate": "2013-01-16", "userURL": "http://user.17k.com/12235460", "userReview": "\u8981\u52a0\u6cb9\u554a\uff0c\u4e0d\u80fd\u5c31\u8fd9\u4e48\u7b80\u7b80\u5355\u5355\u7684\u7ed3\u675f\u4e86\u554a\r\n"}, {"userName": "\u5a05\u7965", "userReviewDate": "2012-12-30", "userURL": "http://user.17k.com/10412984", "userReview": "\u5feb\u70b9\u66f4\u65b0\u5427\uff0c\u8feb\u4e0d\u53ca\u5f85\u7b49\u7740\u4e0b\u6587\u4e86\uff0c\u52a0\u6cb9\u7801\u5b57"}, {"userName": "\u4e4c\u9f99\u7684\u5c0f\u80d6", "userReviewDate": "2012-12-29", "userURL": "http://user.17k.com/12764119", "userReview": "\u591a\u66f4\u4e24\u7ae0\u5427\uff0c\u6628\u5929\u5c31\u6ca1\u66f4\u65b0\u4e86\u300255555555\r\n"}, {"userName": "17K\u7528\u623792ForGm4OU", "userReviewDate": "2012-12-27", "userURL": "http://user.17k.com/12308544", "userReview": "\u5199\u7684\u5f88\u68d2\u7684\u90fd\u5e02\u6587\uff0c\u6545\u4e8b\u60c5\u8282\u4e5f\u8bbe\u8ba1\u7684\u5f88\u597d\uff0c\u5f88\u5438\u5f15\u4eba\uff0c\u52a0\u6cb9\uff01"}, {"userName": "\u9189\u9152\u5c0f\u5c3c\u59d1", "userReviewDate": "2012-12-25", "userURL": "http://user.17k.com/12630232", "userReview": "\u4e0d\u8981\u554a\uff0c\u600e\u4e48\u8fde\u7740\u8fd9\u51e0\u5929\u90fd\u6ca1\u66f4\u65b0\u554a\r\n"}, {"userName": "\u6155\u5bb9\u7d2b\u7b11", "userReviewDate": "2012-12-18", "userURL": "http://user.17k.com/12354547", "userReview": "\u4e66\u5199\u7684\u4e0d\u9519\u3002\u611f\u89c9\u770b\u4e86\u524d\u4e00\u7ae0\uff0c\u5c31\u8feb\u4e0d\u53ca\u5f85\u7684\u60f3\u770b\u4e0b\u4e00\u7ae0\uff0c\u4e00\u5b9a\u8981\u591a\u591a\u66f4\u65b0\u54e6\uff0c\u52a0\u6cb9\uff01"}, {"userName": "\u4f4e\u8bed\u58a8\u8005", "userReviewDate": "2012-12-17", "userURL": "http://user.17k.com/13081401", "userReview": "\u6bcf\u6b21\u770b\u5230\u65ad\u66f4\uff0c\u6211\u5fc3\u91cc\u90fd\u51c9\u534a\u622a\uff0c\u96be\u9053\u4f60\u60f3\u2026\u2026\u3002\u4e0d\u8981\u554a\r\n"}, {"userName": "\u6c34\u964c\u7f18", "userReviewDate": "2012-12-14", "userURL": "http://user.17k.com/13073207", "userReview": "\u5b83\u5c71\u7389\u65b0\u4f5c<a target='_blank' href='http://www.17k.com/book/407605.html'>\u300a\u96ea\u6b81\u300b</a>\uff0c\u6563\u6587\u5c0f\u8bf4\uff0c\u8bed\u8a00\u4f18\u7f8e\uff0c\u60c5\u8282\u552f\u7f8e\uff0c\u4e0d\u4e00\u6837\u7684\u795e\u8bdd\uff0c\u4e0d\u4e00\u6837\u7684\u7231\uff0c\u4e0d\u4e00\u6837\u7684\u5b8c\u7f8e\u6765\u4e8e\u6821\u56ed\uff0c\u611f\u53d7\u6700\u539f\u751f\u6001\u7684\u6821\u56ed\u6587\u7b14\u652f\u6301\uff0c\u52a0\u6cb9\uff0c\u4e00\u8d77\u52aa\u529b\uff0c\u671b\u56de\u8bbf"}, {"userName": "\u6155\u5bb9\u957f\u5b50", "userReviewDate": "2012-12-14", "userURL": "http://user.17k.com/12482641", "userReview": "\u597d\u68d2\u7684\u90fd\u5e02\u6587\uff0c\u7537\u4e3b\u7684\u6027\u683c\u8868\u73b0\u5f88\u9c9c\u660e\uff0c\u662f\u6211\u559c\u6b22\u7684\u7c7b\u578b\uff0c\u6545\u4e8b\u4e5f\u597d\u611f\u4eba\uff0c\u8bd9\u8c10\u5e7d\u9ed8\uff0c\u771f\u5fc3\u5f88\u559c\u6b22\u8fd9\u672c\u4e66\uff0c\u8bfb\u8d77\u6765\u4e5f\u5f88\u8f7b\u677e\uff0c\u6211\u4f1a\u4e00\u76f4\u8ffd\u6587\u7684\r\n"}, {"userName": "\u84dd\u4e91\u7a7a", "userReviewDate": "2012-12-13", "userURL": "http://user.17k.com/12564104", "userReview": "\u5f88\u559c\u6b22\u8fd9\u672c\u4e66\uff0c\u611f\u89c9\u4f5c\u8005\u7684\u6587\u7b14\u633a\u597d\u7684\uff0c\u5f00\u7bc7\u60c5\u8282\u4e5f\u597d\u7cbe\u5f69\u3002\u9876\u4f5c\u8005\uff0c\u5f88\u8d5e\u7684\u90fd\u5e02\u6587\uff0c\u4e00\u5b9a\u8981\u591a\u591a\u66f4\u65b0\u54e6\uff0c\u6211\u4f1a\u4e00\u76f4\u8ffd\u6587\u7684\r\n"}, {"userName": "\u559c\u4e4b\u604b", "userReviewDate": "2012-12-12", "userURL": "http://user.17k.com/12474988", "userReview": "\u76ee\u6807\u7684\u575a\u5b9a\u662f\u6027\u683c\u4e2d\u6700\u5fc5\u8981\u7684\u529b\u91cf\u6e90\u6cc9\u4e4b\u4e00\uff0c\u4f5c\u4e3a\u4e00\u540d\u4f5c\u8005\u4f60\u6709\u6ca1\u6709\u4e00\u4e2a\u575a\u5b9a\u7684\u76ee\u6807\uff0c\u5c06\u81ea\u5df1\u7684\u4f5c\u54c1\u7ee7\u7eed\u4e0b\u53bb\u7684\u76ee\u6807\u3002\u6216\u8bb8\u73b0\u5728\u7684\u60c5\u51b5\u8ba9\u4f60\u5907\u53d7\u632b\u6298\uff0c\u4f46\u5ea6\u8fc7\u632b\u6298\u540e\uff0c\u4f60\u5c06\u4f1a\u770b\u5230\uff0c\u4f60\u7528\u81ea\u5df1\u7684\u70ed\u60c5\u4e66\u5199\u7684\u6587\u5b57\u662f\u90a3\u4e48\u7684\u7f8e\u4e3d\u3002\u52a0\u6cb9\u54e6\uff0c\u8981\u7ee7\u7eed\u5199\u4e0b\u53bb\uff0c\u4e0d\u80fd\u65ad\u54af\uff01\r\n"}, {"userName": "\u505a\u4eba\u8fd8\u662f\u4f4e\u8c03\u4e9b", "userReviewDate": "2012-12-10", "userURL": "http://user.17k.com/13081374", "userReview": "\u6211\u975e\u5e38\u559c\u6b22\u8fd9\u90e8\u90fd\u5e02\u5c0f\u8bf4\uff0c\u7279\u522b\u662f\u4e3b\u89d2\u90a3\u9c9c\u660e\u7684\u4e2a\u6027\uff0c\u523b\u753b\u5f97\u975e\u5e38\u597d\uff0c\u5f88\u5bf9\u6211\u7684\u80c3\u53e3\u3002\u9876\u4f5c\u8005\uff0c\u652f\u6301\u4e86\uff0c\u8d76\u5feb\u66f4\u65b0\u5427\r\n"}, {"userName": "O\u9ed1\u77f3O", "userReviewDate": "2012-12-09", "userURL": "http://user.17k.com/13768194", "userReview": "\u661f\u884c\u643a\u65b0\u4e66<a target='_blank' href='http://www.17k.com/book/434938.html'>\u300a\u9ed1\u5ba2\u5b88\u62a4\u8005\u300b</a>\u524d\u6765\u652f\u6301\u5927\u5927\uff0c\u65b0\u4eba\u5199\u4f5c\u6ca1\u4eba\u6c14\u6ca1\u6536\u85cf\uff0c\u552f\u4e00\u8ba9\u81ea\u5df1\u575a\u6301\u4e0b\u53bb\u7684\u5c31\u662f\u5fc3\u4e2d\u7684\u90a3\u4e2a\u68a6\uff0c\u5199\u4f5c\u7684\u9053\u8def\u4e0a\uff0c\u6211\u4eec\u4e00\u8d77\u52a0\u6cb9\uff0c\u4e00\u8d77\u52aa\u529b\uff0c\u4e00\u8d77\u95ef\u4e0b\u4e00\u7247\u5c5e\u4e8e\u6211\u4eec\u7684\u65b0\u5929\u5730\uff0c\u5e0c\u671b\u5927\u5927\u5230\u5144\u5f1f\u90a3\u5750\u5750\uff0c\u6536\u85cf\u4e0b\u661f\u884c\u65b0\u4e66<a target='_blank' href='http://www.17k.com/book/434938.html'>\u300a\u9ed1\u5ba2\u5b88\u62a4\u8005\u300b</a>\uff0c\u7559\u4e0b\u4e00\u70b9\u5efa\u8bae\uff0c\u661f\u884c\u4e07\u5206\u611f\u6fc0\u3002"}, {"userName": "\u5927\u53d4\u5341\u516b\u5c81\u95f2", "userReviewDate": "2012-12-07", "userURL": "http://user.17k.com/13081215", "userReview": "\u6211\u975e\u5e38\u559c\u6b22\u8fd9\u90e8\u5c0f\u8bf4\uff0c\u60ac\u5ff5\u5f88\u591a\uff0c\u5751\u4e00\u4e2a\u8fde\u4e00\u4e2a\uff0c\u5f00\u7bc7\u60c5\u8282\u5f88\u7ed9\u529b\uff0c\u662f\u7bc7\u597d\u6587\uff0c\u4f5c\u8005\u52a0\u6cb9\u54e6\uff0c\u591a\u591a\u66f4\u65b0\u5427\uff0c\u6211\u4f1a\u4e00\u76f4\u652f\u6301\u4f60\u7684\r\n"}, {"userName": "\u51cc\u6668\u4e09\u70b9\u7684\u98ce", "userReviewDate": "2012-12-06", "userURL": "http://user.17k.com/13081218", "userReview": "\u4e66\u5199\u5f97\u4e0d\u9519\uff0c\u4e3b\u89d2\u663e\u5f97\u5f88\u6709\u4e2a\u6027\uff0c\u5176\u4ed6\u7684\u914d\u89d2\u4e5f\u90fd\u662f\u4e2a\u6027\u9c9c\u660e\uff0c\u4e66\u4e2d\u4eae\u70b9\u591a\u591a\uff0c\u597d\u6587\uff0c\u7edd\u5bf9\u5f97\u597d\u3002\u52a0\u6cb9\u66f4\u65b0\u5427\r\n"}, {"userName": "sagai", "userReviewDate": "2012-12-05", "userURL": "http://user.17k.com/13818253", "userReview": "  \u5c0f\u5b50\u643a\u65b0\u4e66\u9001\u4e0a<a target='_blank' href='http://www.17k.com/book/437349.html'>\u300a\u7fbd\u5165\u5316\u7687\u300b</a>  \u7b80\u4ecb\uff1a\u5929\u4e0a\u6389\u4e0b\u4e00\u4e2a14\u5c81\u7684\u59b9\u5b50\uff0c\u8be5\u600e\u4e48\u529e\u5462\uff1f\n  \u51b3\u5fc3\u5199\u51fa\u50ac\u6cea\u4e4b\u4f5c\uff0c\u4e0d\u518d\u662f\u5b8c\u5168\u7684\u5347\u7ea7\u7ec3\u529f\uff0c\u4e3b\u8981\u5199\u7684\u662f\u4eba\u7269\u7684\u6210\u957f\uff0c\u6709\u70ed\u8840\uff0c\u6709\u6fc0\u60c5\uff0c\u4f46\u6700\u4e3b\u8981\u7684\u662f\u611f\u52a8\uff0c\u548c\u7537\u5973\u4e3b\u89d2\u4e4b\u95f4\u7684\u7231\u60c5\uff0c\u5927\u5bb6\u8bf7\u53bb\u770b\u770b\uff0c\u5982\u679c\u559c\u6b22\uff0c\u591a\u591a\u652f\u6301\uff01"}], "description": "\u8111\u6d77\u91cc\u65f6\u4e0d\u65f6\u60f3\uff1a\u5979\u5c31\u9002\u5408\u751f\u6d3b\u5728\u53e4\u4ee3\uff0c\u53ea\u8981\u6709\u5403\u7684\u5c31\u591f\u4e86\uff1b\u4f46\u90a3\u53ea\u662f\u968f\u4fbf\u60f3\u60f3\uff0c\u867d\u7136\u5979\u5bf9\u751f\u6d3b\u6ca1\u4ec0\u4e48\u8ffd\u6c42\uff0c\u53ef\u5e73\u51e1\u7684\u65e5\u5b50\u5979\u5f88\u6ee1\u8db3\uff1b\u8ba4\u5b9a\u4e86\u4ed6\uff0c\u5c31\u4e00\u76f4\u8ddf\u7740\u4ed6\u5c31\u662f\u4e86\uff0c\u542c\u7740\u5f88\u52c9\u5f3a\uff0c\u53ef\u4e24\u4eba\u5728\u4e00\u8d77\u7684\u65f6\u95f4\u4e00\u957f\uff0c\u603b\u4f1a\u5f52\u4e8e\u5e73\u6de1\uff1b\u5979\u76f8\u4fe1\u81ea\u5df1\u4e0d\u4f1a\u53d8\u5fc3\uff0c\u90a3\u4ed6\u4e5f\u4e00\u5b9a\u4e0d\u4f1a\u53d8\u5fc3\uff0c\u53ef\u2026\u2026", "title": "\u4f60\u5e94\u8be5\u76f8\u4fe1\u6211", "url": "http://www.17k.com/book/437792.html", "average": -1.0, "cover": "http://img.17k.com/images/bookcover/default_cover3.jpg", "reviews": 6571, "authors": [{"url": "http://www.17k.com/zuozhe/13842954", "name": "\u8fd9\u6837\u4f1a\u600e\u6837"}], "type": ["\u5a5a\u604b\u60c5\u611f"], "outlinks": ["http://www.17k.com/book/2794982.html", "http://www.17k.com/book/2801292.html", "http://www.17k.com/book/2816318.html", "http://www.17k.com/book/2797575.html", "http://www.17k.com/book/2802516.html", "http://www.17k.com/book/2812195.html", "http://www.17k.com/book/2820143.html", "http://www.17k.com/book/2807943.html", "http://www.17k.com/book/2813457.html", "http://www.17k.com/book/2798058.html", "http://www.17k.com/book/2815617.html", "http://www.17k.com/book/2805259.html", "http://www.17k.com/book/2760255.html", "http://www.17k.com/book/2686894.html", "http://www.17k.com/book/2797016.html", "http://www.17k.com/book/2767246.html", "http://www.17k.com/book/2764239.html", "http://www.17k.com/book/2754498.html", "http://www.17k.com/book/2754900.html", "http://www.17k.com/book/2625740.html", "http://www.17k.com/book/2213315.html", "http://www.17k.com/book/2402178.html", "http://www.17k.com/book/2691221.html", "http://www.17k.com/book/2210699.html", "http://www.17k.com/book/1797752.html", "http://www.17k.com/book/2575507.html", "http://www.17k.com/book/2705181.html", "http://www.17k.com/book/2702539.html", "http://www.17k.com/book/2474887.html", "http://www.17k.com/book/2674733.html", "http://www.17k.com/book/2822076.html", "http://www.17k.com/book/2809894.html", "http://www.17k.com/book/2822077.html", "http://www.17k.com/book/2811930.html", "http://www.17k.com/book/2815548.html", "http://www.17k.com/book/2819620.html", "http://www.17k.com/book/2809964.html", "http://www.17k.com/book/2808200.html", "http://www.17k.com/book/2820100.html", "http://www.17k.com/book/2822978.html", "http://www.17k.com/book/2804337.html", "http://www.17k.com/book/2798814.html", "http://www.17k.com/book/2785153.html", "http://www.17k.com/book/2731559.html", "http://www.17k.com/book/2722533.html", "http://www.17k.com/book/2458377.html", "http://www.17k.com/book/2743300.html", "http://www.17k.com/book/973809.html", "http://www.17k.com/book/2651367.html", "http://www.17k.com/book/2726194.html", "http://www.17k.com/book/2790214.html", "http://www.17k.com/book/493239.html", "http://www.17k.com/book/108821.html", "http://www.17k.com/book/1398783.html", "http://www.17k.com/book/83528.html", "http://www.17k.com/book/1859126.html", "http://www.17k.com/book/1741975.html", "http://www.17k.com/book/192453.html", "http://www.17k.com/book/2459058.html", "http://www.17k.com/book/1050747.html", "http://www.17k.com/book/2700315.html", "http://www.17k.com/book/2818940.html", "http://www.17k.com/book/2819519.html", "http://www.17k.com/book/2816390.html", "http://www.17k.com/book/2819588.html", "http://www.17k.com/book/2813768.html", "http://www.17k.com/book/2822406.html", "http://www.17k.com/book/2772164.html", "http://www.17k.com/book/2784023.html", "http://www.17k.com/book/2811877.html", "http://www.17k.com/book/2809119.html", "http://www.17k.com/book/2803700.html", "http://www.17k.com/book/2819561.html", "http://www.17k.com/book/2746506.html", "http://www.17k.com/book/2811836.html", "http://www.17k.com/book/2614810.html", "http://www.17k.com/book/1592435.html", "http://www.17k.com/book/1949748.html", "http://www.17k.com/book/2265802.html", "http://www.17k.com/book/2743240.html", "http://www.17k.com/book/2657437.html", "http://www.17k.com/book/2644502.html", "http://www.17k.com/book/2199900.html", "http://www.17k.com/book/2725436.html", "http://www.17k.com/book/2629978.html"]}