{"ratings": -1, "userreviews": [{"userName": "\u98d3\u98ce622329921", "userReviewDate": "2018-06-06", "userURL": "http://user.17k.com/62555169", "userReview": "\u4f5c\u8005\u662f\u5973\u751f\u5417\uff1f\uff1f<a target='_blank' href='http://user.17k.com/49673469'>@\u4e03\u4e03\u5c45\u58eb</a>"}, {"userName": "\u6708\u843d\u68a6\u8ffd\u5fc6", "userReviewDate": "2018-06-03", "userURL": "http://user.17k.com/57478135", "userReview": "\u5199\u4e66\u4e0d\u6613\uff0c\u8ffd\u5fc6\u524d\u6765\u52a9\u9635\uff0c\u5f3a\u52bf\u652f\u6301"}, {"userName": "\u4e00\u9635\u98ce898677699", "userReviewDate": "2018-06-02", "userURL": "http://user.17k.com/49857999", "userReview": "[\u6253\u8d4f]\u6211\u6253\u8d4f\u4e861\u4e2a'\u5c0f\u5fc3\u5fc3'\uff01\uff01"}, {"userName": "\u4e03\u4e03\u5c45\u58eb", "userReviewDate": "2018-06-01", "userURL": "http://user.17k.com/49673469", "userReview": "\u4eb2\u4eec\u4e00\u5b9a\u8981\u628a\u8fd9\u7bc7\u5c0f\u8bf4\u770b\u5b8c\uff0c\u91cc\u9762\u4f1a\u6709\u4f60\u7684\u5f71\u5b50\uff0c\u8d8a\u5f80\u540e\u8d8a\u597d\u770b\uff0c\u4e00\u5b9a\u8981\u5f80\u540e\u770b"}], "description": "\u5317\u4e0a\u5e7f\u6ca1\u8ba9\u6211\u4e0d\u76f8\u4fe1\u773c\u6cea\uff0c\u5374\u8ba9\u6211\u4e0d\u76f8\u4fe1\u4e86\u7231\u60c5\uff01\u5931\u604b\u5931\u610f\u5973\u56de\u6545\u4e61\u540e\u7684\u521b\u4e1a\u4e0e\u7231\u60c5\u6545\u4e8b\uff0c\u666e\u901a\u4eba\u7684\u666e\u901a\u4e8b\uff0c\u6700\u8d28\u6734\u6e29\u99a8\u7684\u751f\u6d3b\u4e0e\u7231\u60c5\uff0c\u9047\u89c1\u4f60\u662f\u6700\u597d\u7684\u5b89\u6392\uff0c\u5373\u4f7f\u5728\u5e73\u51e1\u6e3a\u5c0f\u7684\u4eba\u7269\u4e5f\u4f1a\u5f97\u5230\u4f1f\u5927\u7684\u7231\u60c5\u3002", "title": "\u4f60\u597d\uff0c\u6545\u4e61", "url": "http://www.17k.com/book/2833215.html", "average": -1.0, "cover": "http://img.17k.com/images/bookcover/default_cover2.jpg", "reviews": 326, "authors": [{"url": "http://www.17k.com/zuozhe/49673469", "name": "\u4e03\u4e03\u5c45\u58eb"}], "type": ["\u5a5a\u604b\u7231\u60c5"], "outlinks": ["http://www.17k.com/book/2794982.html", "http://www.17k.com/book/2801292.html", "http://www.17k.com/book/2816318.html", "http://www.17k.com/book/2797575.html", "http://www.17k.com/book/2802516.html", "http://www.17k.com/book/2812195.html", "http://www.17k.com/book/2820143.html", "http://www.17k.com/book/2807943.html", "http://www.17k.com/book/2813457.html", "http://www.17k.com/book/2798058.html", "http://www.17k.com/book/2815617.html", "http://www.17k.com/book/2805259.html", "http://www.17k.com/book/2760255.html", "http://www.17k.com/book/2686894.html", "http://www.17k.com/book/2797016.html", "http://www.17k.com/book/2767246.html", "http://www.17k.com/book/2764239.html", "http://www.17k.com/book/2754498.html", "http://www.17k.com/book/2754900.html", "http://www.17k.com/book/2625740.html", "http://www.17k.com/book/2213315.html", "http://www.17k.com/book/2402178.html", "http://www.17k.com/book/2691221.html", "http://www.17k.com/book/2210699.html", "http://www.17k.com/book/1797752.html", "http://www.17k.com/book/2575507.html", "http://www.17k.com/book/2705181.html", "http://www.17k.com/book/2702539.html", "http://www.17k.com/book/2474887.html", "http://www.17k.com/book/2674733.html", "http://www.17k.com/book/2822076.html", "http://www.17k.com/book/2809894.html", "http://www.17k.com/book/2822077.html", "http://www.17k.com/book/2811930.html", "http://www.17k.com/book/2815548.html", "http://www.17k.com/book/2819620.html", "http://www.17k.com/book/2809964.html", "http://www.17k.com/book/2808200.html", "http://www.17k.com/book/2820100.html", "http://www.17k.com/book/2822978.html", "http://www.17k.com/book/2804337.html", "http://www.17k.com/book/2798814.html", "http://www.17k.com/book/2785153.html", "http://www.17k.com/book/2731559.html", "http://www.17k.com/book/2722533.html", "http://www.17k.com/book/2458377.html", "http://www.17k.com/book/2743300.html", "http://www.17k.com/book/973809.html", "http://www.17k.com/book/2651367.html", "http://www.17k.com/book/2726194.html", "http://www.17k.com/book/2790214.html", "http://www.17k.com/book/493239.html", "http://www.17k.com/book/108821.html", "http://www.17k.com/book/1398783.html", "http://www.17k.com/book/83528.html", "http://www.17k.com/book/1859126.html", "http://www.17k.com/book/1741975.html", "http://www.17k.com/book/192453.html", "http://www.17k.com/book/2459058.html", "http://www.17k.com/book/1050747.html", "http://www.17k.com/book/2700315.html", "http://www.17k.com/book/2818940.html", "http://www.17k.com/book/2819519.html", "http://www.17k.com/book/2816390.html", "http://www.17k.com/book/2819588.html", "http://www.17k.com/book/2813768.html", "http://www.17k.com/book/2822406.html", "http://www.17k.com/book/2772164.html", "http://www.17k.com/book/2784023.html", "http://www.17k.com/book/2811877.html", "http://www.17k.com/book/2809119.html", "http://www.17k.com/book/2803700.html", "http://www.17k.com/book/2819561.html", "http://www.17k.com/book/2746506.html", "http://www.17k.com/book/2811836.html", "http://www.17k.com/book/2614810.html", "http://www.17k.com/book/1592435.html", "http://www.17k.com/book/1949748.html", "http://www.17k.com/book/2265802.html", "http://www.17k.com/book/2743240.html", "http://www.17k.com/book/2657437.html", "http://www.17k.com/book/2644502.html", "http://www.17k.com/book/2199900.html", "http://www.17k.com/book/2725436.html", "http://www.17k.com/book/2629978.html"]}