{"ratings": -1, "userreviews": [], "description": "\u4e00\u4e2a\u5973\u5b69\u513f\u80cc\u8d1f\u4e09\u5e74\u524d\u4e00\u6bb5\u8840\u6d77\u6df1\u4ec7\u5b64\u8eab\u8ffd\u51f6\u4e0a\u6d77\uff0c\u5374\u53d1\u73b0\u4e86\u4e00\u4e2a\u66f4\u5927\u7684\u9634\u8c0b\uff0c\u539f\u6765\u5e7d\u7075\u793e\u706d\u4ea1\u7684\u80cc\u540e\u5e76\u4e0d\u7b80\u5355\u3002\u4e16\u4e0a\u4e07\u7269\u6ca1\u6709\u6bd4\u4e00\u4e2a\u4eba\u81a8\u80c0\u7684\u79c1\u6b32\u66f4\u53ef\u6015\uff0c\u5b83\u80fd\u8ba9\u4eba\u5931\u53bb\u7acb\u573a\uff0c\u6ca1\u6709\u4e86\u539f\u5219\uff0c\u80cc\u53db\u826f\u77e5\u548c\u9053\u4e49\u3002\u5f53\u7136\uff1b\u4eba\u7c7b\u793e\u4f1a\u4e2d\u4efb\u4f55\u4e00\u79cd\u80cc\u53db\u90fd\u662f\u53ef\u803b\u7684\uff0c\u4f55\u51b5\u662f\u5728\u6c11\u65cf\u5927\u4e49\u9762\u524d\uff0c\u6240\u4ee5\u80cc\u53db\u8005\u6700\u7ec8\u90fd\u4f1a\u53d7\u5230\u60e9\u7f5a\u3002\u5728\u62a5\u4ec7\u8fd9\u4e2a\u4fe1\u5ff5\u4e4b\u5916\uff0c\u4e5f\u8bb8\u6700\u8ba9\u5973\u5b69\u513f\u523b\u9aa8\u94ed\u5fc3\u7684\u611f\u53d7\u5c31\u662f\u963f\u5a46\u7ed9\u4e88\u8fd9\u6bb5\u73cd\u8d35\u65e0\u6bd4\u7684\u4eb2\u60c5\uff0c\u4ee5\u53ca\u8fd8\u6709\u660a\u5929\u90a3\u4efd\u8fdf\u6765\u7684\u5374\u8ba9\u5979\u5f7b\u5e95\u6446\u8131\u4e0e\u4ec7\u654c\u7389\u77f3\u4ff1\u711a\u60f3\u6cd5\u7684\u7231\u60c5\uff0c\u4ece\u800c\u5524\u8d77\u5979\u5bf9\u8ffd\u6c42\u65b0\u751f\u6d3b\u7684\u52c7\u6c14\u4e0e\u6e34\u671b\u3002", "title": "\u4f60\u662f\u6211\u7684\u4e08\u592b\u4e5f\u662f\u6211\u7684\u82f1\u96c4", "url": "http://www.17k.com/book/2825771.html", "average": -1.0, "cover": "http://img.17k.com/images/bookcover/default_cover1.jpg", "reviews": 11, "authors": [{"url": "http://www.17k.com/zuozhe/1913906", "name": "\u5218\u65a7"}], "type": ["\u8c0d\u6218\u7279\u5de5"], "outlinks": ["http://www.17k.com/book/2794982.html", "http://www.17k.com/book/2801292.html", "http://www.17k.com/book/2816318.html", "http://www.17k.com/book/2797575.html", "http://www.17k.com/book/2802516.html", "http://www.17k.com/book/2812195.html", "http://www.17k.com/book/2820143.html", "http://www.17k.com/book/2807943.html", "http://www.17k.com/book/2813457.html", "http://www.17k.com/book/2798058.html", "http://www.17k.com/book/2815617.html", "http://www.17k.com/book/2805259.html", "http://www.17k.com/book/2760255.html", "http://www.17k.com/book/2686894.html", "http://www.17k.com/book/2797016.html", "http://www.17k.com/book/2767246.html", "http://www.17k.com/book/2764239.html", "http://www.17k.com/book/2754498.html", "http://www.17k.com/book/2754900.html", "http://www.17k.com/book/2625740.html", "http://www.17k.com/book/2213315.html", "http://www.17k.com/book/2402178.html", "http://www.17k.com/book/2691221.html", "http://www.17k.com/book/2210699.html", "http://www.17k.com/book/1797752.html", "http://www.17k.com/book/2575507.html", "http://www.17k.com/book/2705181.html", "http://www.17k.com/book/2702539.html", "http://www.17k.com/book/2474887.html", "http://www.17k.com/book/2674733.html", "http://www.17k.com/book/2822076.html", "http://www.17k.com/book/2809894.html", "http://www.17k.com/book/2822077.html", "http://www.17k.com/book/2811930.html", "http://www.17k.com/book/2815548.html", "http://www.17k.com/book/2819620.html", "http://www.17k.com/book/2809964.html", "http://www.17k.com/book/2808200.html", "http://www.17k.com/book/2820100.html", "http://www.17k.com/book/2822978.html", "http://www.17k.com/book/2804337.html", "http://www.17k.com/book/2798814.html", "http://www.17k.com/book/2785153.html", "http://www.17k.com/book/2731559.html", "http://www.17k.com/book/2722533.html", "http://www.17k.com/book/2458377.html", "http://www.17k.com/book/2743300.html", "http://www.17k.com/book/973809.html", "http://www.17k.com/book/2651367.html", "http://www.17k.com/book/2726194.html", "http://www.17k.com/book/2790214.html", "http://www.17k.com/book/493239.html", "http://www.17k.com/book/108821.html", "http://www.17k.com/book/1398783.html", "http://www.17k.com/book/83528.html", "http://www.17k.com/book/1859126.html", "http://www.17k.com/book/1741975.html", "http://www.17k.com/book/192453.html", "http://www.17k.com/book/2459058.html", "http://www.17k.com/book/1050747.html", "http://www.17k.com/book/2700315.html", "http://www.17k.com/book/2818940.html", "http://www.17k.com/book/2819519.html", "http://www.17k.com/book/2816390.html", "http://www.17k.com/book/2819588.html", "http://www.17k.com/book/2813768.html", "http://www.17k.com/book/2822406.html", "http://www.17k.com/book/2772164.html", "http://www.17k.com/book/2784023.html", "http://www.17k.com/book/2811877.html", "http://www.17k.com/book/2809119.html", "http://www.17k.com/book/2803700.html", "http://www.17k.com/book/2819561.html", "http://www.17k.com/book/2746506.html", "http://www.17k.com/book/2811836.html", "http://www.17k.com/book/2614810.html", "http://www.17k.com/book/1592435.html", "http://www.17k.com/book/1949748.html", "http://www.17k.com/book/2265802.html", "http://www.17k.com/book/2743240.html", "http://www.17k.com/book/2657437.html", "http://www.17k.com/book/2644502.html", "http://www.17k.com/book/2199900.html", "http://www.17k.com/book/2725436.html", "http://www.17k.com/book/2629978.html"]}