{"ratings": -1, "userreviews": [{"userName": "\u80fd\u51fa\u6ca1\u6ce8\u610f", "userReviewDate": "2016-03-18", "userURL": "http://user.17k.com/38335788", "userReview": "\u5728\u4e0b\u662f<a target='_blank' href='http://user.17k.com/16214176'>@\u6d41\u795e\u6b66\u8f66</a> \u7684<a target='_blank' href='http://www.17k.com/book/1601780.html'>\u300a\u505a\u5076\u50cf\u548c\u4fee\u771f\u54ea\u4e2a\u96be\u300b</a>\u7684\u5fe0\u5b9e\u5e2e\u4f17\uff0c\u5df2\u4e3a\u5e2e\u4e3b\u60a8\u5728<a target='_blank' href='http://user.17k.com/17028358'>@\u65e0\u7455\u95f2\u4eba</a> \u7684<a target='_blank' href='http://www.17k.com/book/1608400.html'>\u300a\u4f60\u60f3\u4e0d\u7231\u4e0a\u6211\u90fd\u96be\u300b</a>\u9996\u6218\u593a\u4e0b\u4e00\u4e2a\u63a8\u8350\u4f4d\uff0c\u8bf7\u5e2e\u4e3b\u5173\u6ce8\u5f1f\u5b50\u7684\u540e\u7eed\u8868\u73b0\uff01"}, {"userName": "\u65ad\u5f26\u60c5\u7f18", "userReviewDate": "2016-03-17", "userURL": "http://user.17k.com/17028358", "userReview": "\u5728\u4e0b\u662f<a target='_blank' href='http://user.17k.com/44732837'>@\u6625\u5b502738</a> \u7684<a target='_blank' href='http://www.17k.com/book/1618770.html'>\u300a\u7eb5\u6df1\u300b</a>\u7684\u5fe0\u5b9e\u5e2e\u4f17\uff0c\u5df2\u4e3a\u5e2e\u4e3b\u60a8\u5728<a target='_blank' href='http://user.17k.com/17028358'>@\u65e0\u7455\u95f2\u4eba</a> \u7684<a target='_blank' href='http://www.17k.com/book/1608400.html'>\u300a\u4f60\u60f3\u4e0d\u7231\u4e0a\u6211\u90fd\u96be\u300b</a>\u9996\u6218\u593a\u4e0b\u4e00\u4e2a\u63a8\u8350\u4f4d\uff0c\u8bf7\u5e2e\u4e3b\u5173\u6ce8\u5f1f\u5b50\u7684\u540e\u7eed\u8868\u73b0\uff01"}, {"userName": "\u65ad\u5f26\u60c5\u7f18", "userReviewDate": "2016-03-13", "userURL": "http://user.17k.com/17028358", "userReview": "\u5e7f\u544a\u697c\uff0c\u6211\u5e0c\u671b\u6253\u5e7f\u544a\u7684\u90fd\u5230\u5e7f\u544a\u697c\u6765\u3002\u8c22\u8c22\u4f60\u4eec\u80fd\u5982\u6b64\u770b\u5f97\u4e0a\u6211\uff0c\u90fd\u6765\u6211\u7684\u4e66\u91cc\u6253\u5e7f\u544a\u3002\u4f46\u5e7f\u544a\u771f\u7684\u662f\u592a\u591a\u4e86\uff0c\u8ba9\u6211\u548c\u670b\u53cb\u4eec\uff0c\u8bfb\u8005\u4eec\u7684\u6c9f\u901a\u90fd\u53d8\u5f97\u56f0\u96be\u4e86\u3002"}, {"userName": "\u9ec4\u74dc\u7684\u5bbf\u547d", "userReviewDate": "2018-02-17", "userURL": "http://user.17k.com/53195742", "userReview": "<a target='_blank' href='http://www.17k.com/book/2377865.html'>\u300a\u81f3\u9738\u82cd\u751f\u8bc0\u300b</a>\u6765\u8bbf\uff0c\u6c42\u652f\u6301\u6c42\u9c9c\u82b1\u7ea2\u5305\uff0c\u563f\u563f\uff0c\u87f9\u87f9\u3002"}, {"userName": "\u6f2b\u5929\u661f\u8424", "userReviewDate": "2017-09-26", "userURL": "http://user.17k.com/56871683", "userReview": "\u661f\u8424\u6765\u770b\u5927\u5927\u4e86!"}, {"userName": "\u67d2\u67e0z", "userReviewDate": "2016-12-03", "userURL": "http://user.17k.com/43354249", "userReview": "<a target='_blank' href='http://www.17k.com/book/1455226.html'>\u300a\u590d\u4ec7\u516c\u4e3b\u4e4b\u5251\u6cea\u300b</a>\u6765\u8bbf\uff0c\u5927\u5927\u52a0\u6cb9\uff01\uff01"}, {"userName": "\u6d1b\u4e8c\u5341\u4e09", "userReviewDate": "2016-11-25", "userURL": "http://user.17k.com/45731080", "userReview": "\u6355\u83b7\u4e00\u679a\u5927\u795e\uff0c\u5c0f\u6d1b\u5e26\u65b0\u4e66<a target='_blank' href='http://www.17k.com/book/2205303.html'>\u300a\u6d1b\u795e\u8bc0\u300b</a>\u6765\u8bbf\uff0c\u5927\u5927\u6c42\u56de\u8bbf\u554a"}, {"userName": "only\u76db\u671d", "userReviewDate": "2016-11-24", "userURL": "http://user.17k.com/46687815", "userReview": "\u7a9d\u5934\u643a<a target='_blank' href='http://www.17k.com/book/1878102.html'>\u300a\u76db\u671d\u539f\u59cb\u5251\u300b</a>\u524d\u6765\u5b66\u4e60"}, {"userName": "\u60c5\u9189\u60dc\u5fc3\u6696", "userReviewDate": "2016-10-05", "userURL": "http://user.17k.com/44760126", "userReview": "\u65e9\u5b89\uff0c\u575a\u6301\u54e6\uff0c<a target='_blank' href='http://www.17k.com/book/2173138.html'>\u300a\u6696\u7231\u4e0d\u91ca\u624b\u300b</a>\u671f\u5f85\u5173\u6ce8"}, {"userName": "\u5927\u6069\u8d3a\u5370", "userReviewDate": "2016-09-20", "userURL": "http://user.17k.com/48631378", "userReview": "\u6c89\u9ed8\u7684\u6551\u4e16\u4e3b\u7b2c\u4e00\u90e8\uff08\u9752\u5e74\u65f6\u4ee3\uff09\u73b0\u5b9e\u6587\u98ce\u3002\u3002\u3002\u3002"}, {"userName": "\u5ff5\u900d\u9065nfddais", "userReviewDate": "2016-08-30", "userURL": "http://user.17k.com/46705497", "userReview": "<a target='_blank' href='http://www.17k.com/book/1880560.html'>\u300a\u7ffc\u7834\u4e7e\u5764\u300b</a>\u524d\u6765\u62dc\u8bbf\u5b66\u4e60\uff0c\u6c42\u9c9c\u82b1\uff0c\u6c42\u6253\u8d4f"}, {"userName": "\u65b0\u8303\u8fdb", "userReviewDate": "2016-08-18", "userURL": "http://user.17k.com/37377915", "userReview": "[\u6253\u8d4f]\u6211\u6253\u8d4f\u4e862\u5143\u7ea2\u5305\uff01\uff01"}, {"userName": "\u708e\u9ec4\u5b50\u672c\u5c0a", "userReviewDate": "2016-08-08", "userURL": "http://user.17k.com/42090572", "userReview": "\u6211\u77e5\u9053\uff0c\u4f60\u4e0d\u7231\u6211\uff0c\u6211\u4e5f\u4e0d\u5f3a\u6c42\u3002\u6211\u53ea\u60f3\u770b\u7740\u4f60\u5e78\u798f\uff0c\u6211\u5c31\u5f88\u5e78\u798f\u4e86\u3002\u8fd9\u4e00\u751f\uff0c\u6709\u4e00\u4e2a\u4f60\u80fd\u8ba9\u6211\u7231\u7740\uff0c\u6211\u5c31\u5df2\u7ecf\u77e5\u8db3\u4e86\u3002\u2014\u2014\u2014\u2014\u2014\u2014\u5c31\u5b8c\u7ed3\u4e86\uff01\u4e5f\u6ca1\u53eb\u6211\u2026\u2026"}, {"userName": "\u8587\u51ccsmile", "userReviewDate": "2016-08-06", "userURL": "http://user.17k.com/44776246", "userReview": "<a target='_blank' href='http://www.17k.com/book/1890731.html'>\u300a\u91cd\u751f\u4e4b\u5f71\u540e\u590d\u4ec7\u8bb0\u300b</a>\u6765\u8bbf\uff0c\u5927\u5927\u52a0\u6cb9"}, {"userName": "\u542f\u52a8\u5927\u9633", "userReviewDate": "2016-08-06", "userURL": "http://user.17k.com/48382107", "userReview": "\u597d\u4e66\u503c\u5f97\u6b23\u8d4f<a target='_blank' href='http://www.17k.com/book/2016042.html'>\u300a\u7a7f\u8d8a\u4e94\u884c\u4fee\u4ed9\u300b</a>http://user.17k.com/48382107\u7231\u7231\uff0c\u6b22\u8fce\u5927\u5bb6\uff0c\u7231\u7231\uff0c\u7b49\u4f60\u53bb\u652f\u6301\u3002"}, {"userName": "\u542f\u52a8\u5927\u9633", "userReviewDate": "2016-08-04", "userURL": "http://user.17k.com/48382107", "userReview": "<a target='_blank' href='http://www.17k.com/book/2016042.html'>\u300a\u7a7f\u8d8a\u4e94\u884c\u4fee\u4ed9\u300b</a>http://user.17k.com/48382107\u7533\u8bf7\u7b7e\u7ea6\u6c42\u5305\u517b\uff0c\u6c42\u79c1\u5954\uff0c\u6c42\u4e00\u5207\uff0c\u54e6\u54e6\u3002"}, {"userName": "\u8981\u505a\u4e00\u4e2a\u4f4e\u8c03\u7684\u4eba", "userReviewDate": "2016-08-03", "userURL": "http://user.17k.com/45935208", "userReview": "\u5c45\u7136\u8fd9\u6837\u5c31\u5b8c\u7ed3\u4e86\uff0c\u5176\u5b9e\u4e5f\u597d\uff0c\u53ef\u4ee5\u8f7b\u677e\u4e00\u70b9\u4e86"}, {"userName": "\u53cc\u91cd\u5973\u5b69", "userReviewDate": "2016-08-02", "userURL": "http://user.17k.com/48570881", "userReview": "<a target='_blank' href='http://www.17k.com/book/2037973.html'>\u300a\u6076\u9b54\u6821\u8349\u8bf7\u543b\u6211\u300b</a>\uff0c\u6b22\u8fce\u6765\u8bbf"}, {"userName": "\u6211\u662f\u4e00\u4e2a\u5c0f\u6d1b\u514b", "userReviewDate": "2016-07-31", "userURL": "http://user.17k.com/46115216", "userReview": "<span style='color:black'><a target='_blank' href='http://www.17k.com/book/1830758.html'>\u300a\u672b\u4e16\u4e4b\u6697\u8840\u4e16\u754c\u300b</a>\u5404\u4f4d\u770b\u770b\uff0c\u5982\u679c\u89c9\u5f97\u8fd8\u53ef\u4ee5\uff0c\u8bf7\u591a\u591a\u652f\u6301</span>"}, {"userName": "\u6211\u662f\u4e00\u4e2a\u5c0f\u6d1b\u514b", "userReviewDate": "2016-07-31", "userURL": "http://user.17k.com/46115216", "userReview": "<span style='color:black'><a target='_blank' href='http://www.17k.com/book/1830758.html'>\u300a\u672b\u4e16\u4e4b\u6697\u8840\u4e16\u754c\u300b</a>\u6765\u8bbf\uff0c\u6c42\u56de\u8bbf\uff0c\u4e5f\u6536\u85cf\uff0c\u5927\u5927\u6587\u7b14\u4e0d\u9519\uff0c\u7ee7\u7eed\u52aa\u529b\uff0c\u4e89\u53d6\u65e9\u65e5\u6210\u795e</span>"}], "description": "\u8001\u516c\uff1a\u201c\u7ea6\u5417\uff1f\u201d\u3000\u3000\u8001\u5a46\uff1a\u201c\u7ea6\u3002\u201d\u3000\u3000\u8001\u516c\uff1a\u201c\u5728\u54ea\u91cc\u89c1\uff1f\u201d\u3000\u3000\u8001\u5a46\uff1a\u201c\u57ce\u5916\u5c0f\u6811\u6797\uff0c\u4e0d\u89c1\u4e0d\u6563\u3002\u4f60\u4e00\u5b9a\u8981\u7b49\u6211\u3002\u6211\u6709\u53ef\u80fd\u4eca\u5929\u53bb\uff0c\u4e5f\u6709\u53ef\u80fd\u660e\u5929\u53bb\uff0c\u66f4\u6709\u53ef\u80fd\u660e\u5e74\u53bb\uff0c\u6700\u6709\u53ef\u80fd\u7684\u662f\u4e0b\u8f88\u5b50\u53bb\u3002\u5343\u4e07\u8981\u7b49\u7740\u6211\u3002\u201d\u3000\u3000\u8001\u516c\uff1a\u201c\u597d\uff0c\u6211\u662f\u6811\u5996\uff0c\u4e00\u6d3b\u51e0\u767e\u5e74\uff0c\u603b\u80fd\u76f8\u89c1\u3002\u201d\u3000\u3000\u8001\u5a46\uff1a\u201c\u55ef\uff0c\u5982\u679c\u4f60\u5f53\u771f\u80fd\u7ad9\u6210\u4e00\u68f5\u6811\uff0c\u7b49\u5f85\u6211\u6765\u751f\u7684\u7ecf\u8fc7\uff0c\u6216\u8bb8\u6211\u4f1a\u53d1\u73b0\u4f60\u662f\u6750\uff0c\u780d\u56de\u5bb6\u751f\u706b\uff0c\u4e5f\u80fd\u505a\u4e0a\u4e00\u987f\u996d\u3002\u201d\u3000\u3000\u8001\u516c\uff1a\u201c\u8001\u5a46\uff0c\u6c42\u4f60\u522b\u518d\u6298\u78e8\u6211\u4e86\uff0c\u518d\u7231\u4e0a\u6211\u4e00\u56de\uff0c\u4e0d\u884c\u4e48\uff1f\u4f60\u770b\u6211\u73b0\u5728\u5df2\u7ecf\u5b66\u5f97\u5f88\u4e56\u4e86\uff0c\u6d6a\u5b50\u56de\u5934\u91d1\u4e0d\u6362\u554a\uff01\u201d", "title": "\u4f60\u60f3\u4e0d\u7231\u4e0a\u6211\u90fd\u96be", "url": "http://www.17k.com/book/1608400.html", "average": -1.0, "cover": "http://img.17k.com/images/bookcover/2016/8042/40/1608400-1459689021000.jpg", "reviews": 937370, "authors": [{"url": "http://www.17k.com/zuozhe/17028358", "name": "\u65ad\u5f26\u60c5\u7f18"}], "type": ["\u5a5a\u604b\u60c5\u611f"], "outlinks": ["http://www.17k.com/book/2794982.html", "http://www.17k.com/book/2801292.html", "http://www.17k.com/book/2816318.html", "http://www.17k.com/book/2797575.html", "http://www.17k.com/book/2802516.html", "http://www.17k.com/book/2812195.html", "http://www.17k.com/book/2820143.html", "http://www.17k.com/book/2807943.html", "http://www.17k.com/book/2813457.html", "http://www.17k.com/book/2798058.html", "http://www.17k.com/book/2815617.html", "http://www.17k.com/book/2805259.html", "http://www.17k.com/book/2760255.html", "http://www.17k.com/book/2686894.html", "http://www.17k.com/book/2797016.html", "http://www.17k.com/book/2767246.html", "http://www.17k.com/book/2764239.html", "http://www.17k.com/book/2754498.html", "http://www.17k.com/book/2754900.html", "http://www.17k.com/book/2625740.html", "http://www.17k.com/book/2213315.html", "http://www.17k.com/book/2402178.html", "http://www.17k.com/book/2691221.html", "http://www.17k.com/book/2210699.html", "http://www.17k.com/book/1797752.html", "http://www.17k.com/book/2575507.html", "http://www.17k.com/book/2705181.html", "http://www.17k.com/book/2702539.html", "http://www.17k.com/book/2474887.html", "http://www.17k.com/book/2674733.html", "http://www.17k.com/book/2822076.html", "http://www.17k.com/book/2809894.html", "http://www.17k.com/book/2822077.html", "http://www.17k.com/book/2811930.html", "http://www.17k.com/book/2815548.html", "http://www.17k.com/book/2819620.html", "http://www.17k.com/book/2809964.html", "http://www.17k.com/book/2808200.html", "http://www.17k.com/book/2820100.html", "http://www.17k.com/book/2822978.html", "http://www.17k.com/book/2804337.html", "http://www.17k.com/book/2798814.html", "http://www.17k.com/book/2785153.html", "http://www.17k.com/book/2731559.html", "http://www.17k.com/book/2722533.html", "http://www.17k.com/book/2458377.html", "http://www.17k.com/book/2743300.html", "http://www.17k.com/book/973809.html", "http://www.17k.com/book/2651367.html", "http://www.17k.com/book/2726194.html", "http://www.17k.com/book/2790214.html", "http://www.17k.com/book/493239.html", "http://www.17k.com/book/108821.html", "http://www.17k.com/book/1398783.html", "http://www.17k.com/book/83528.html", "http://www.17k.com/book/1859126.html", "http://www.17k.com/book/1741975.html", "http://www.17k.com/book/192453.html", "http://www.17k.com/book/2459058.html", "http://www.17k.com/book/1050747.html", "http://www.17k.com/book/2700315.html", "http://www.17k.com/book/2818940.html", "http://www.17k.com/book/2819519.html", "http://www.17k.com/book/2816390.html", "http://www.17k.com/book/2819588.html", "http://www.17k.com/book/2813768.html", "http://www.17k.com/book/2822406.html", "http://www.17k.com/book/2772164.html", "http://www.17k.com/book/2784023.html", "http://www.17k.com/book/2811877.html", "http://www.17k.com/book/2809119.html", "http://www.17k.com/book/2803700.html", "http://www.17k.com/book/2819561.html", "http://www.17k.com/book/2746506.html", "http://www.17k.com/book/2811836.html", "http://www.17k.com/book/2614810.html", "http://www.17k.com/book/1592435.html", "http://www.17k.com/book/1949748.html", "http://www.17k.com/book/2265802.html", "http://www.17k.com/book/2743240.html", "http://www.17k.com/book/2657437.html", "http://www.17k.com/book/2644502.html", "http://www.17k.com/book/2199900.html", "http://www.17k.com/book/2725436.html", "http://www.17k.com/book/2629978.html"]}