{"ratings": -1, "userreviews": [{"userName": "\u2b55530278518", "userReviewDate": "2018-03-17", "userURL": "http://user.17k.com/56137008", "userReview": "\u7ec6\u8282\u63cf\u5199\u633a\u597d\uff0c\u4f46\u662f\u5e0c\u671b\u524d\u9762\u7684\u7ae0\u8282\u60c5\u8282\u66f4\u7d27\u51d1\u800c\u4e14\u7d27\u5f20\u4e9b\uff0c\u8fd9\u6837\u6709\u52a9\u4e8e\u5438\u6536\u8bfb\u8005"}], "description": "\u4e00\u7247\u91d1\u9ec4\u8272\u7684\u67ab\u53f6\u843d\u5230\u4e86\u96ea\u5730\u4e0a\u4e86\u5440\uff0c\u4f60\u770b\u89c1\u4e86\u5417\uff1f\u4e5f\u4e0d\u77e5\u9053\u662f\u4ece\u54ea\u91cc\u98d8\u8fc7\u6765\u7684\u3002\u3000\u3000\u5728\u8fd9\u4e2a\u767d\u96ea\u7691\u7691\u7684\u4e16\u754c\u91cc\uff0c\u8fd9\u4e2a\u663e\u773c\u7684\u91d1\u9ec4\u8ba9\u6211\u611f\u5230\u683c\u5916\u7684\u5b64\u5355\u3002\u50cf\u6211\u4e00\u6837\uff0c\u4e00\u4e2a\u4eba\u9ed8\u9ed8\u5730\u5b88\u5728\u8fd9\u91cc\uff0c\u7b49\u7740\u4f60\u3002\u6211\u7ecf\u5386\u7684\u5f88\u591a\uff0c\u5374\u59cb\u7ec8\u770b\u4e0d\u7834\u8fd9\u7ea2\u5c18\uff0c\u6211\u5230\u5e95\u8fd8\u662f\u505a\u4e0d\u5230\u53ea\u5ff5\u7740\u66fe\u7ecf\u62e5\u6709\u3002\u3000\u3000\u6211\u77e5\u9053\u4f60\u5fc3\u6000\u5929\u4e0b\uff0c\u5374\u8fd8\u662f\u5984\u56fe\u4f60\u7684\u5fc3\u91cc\u53ea\u6709\u6211\u4e00\u4e2a\u3002\u4f60\u4e5f\u660e\u660e\u77e5\u9053\u6211\u7684\u5fc3\u773c\u5c0f\u5230\u53ea\u80fd\u5bb9\u5f97\u4e0b\u4f60\u4e00\u4eba\uff0c\u53ef\u4f60\u5374\u8fd8\u662f\u504f\u504f\u628a\u6574\u4e2a\u4e16\u754c\u90fd\u585e\u8fdb\u6211\u7684\u5fc3\u91cc\u3002\u4f60\u7ed9\u6211\u79cd\u4e0b\u4e86\u8bc5\u5492\uff0c\u81ea\u5df1\u5374\u4e00\u4e86\u767e\u4e86\uff0c\u4f60\u53ef\u77e5\u8fd9\u7247\u5929\u5730\u7684\u5b64\u5bc2\uff1f\u3000\u3000\u82e5\u662f\u65f6\u5149\u80fd\u591f\u5012\u6d41\uff0c\u6211\u8fd8\u662f\u4f1a\u627e\u5230\u4f60\uff0c\u4e0b\u4e00\u6b21\uff0c\u6362\u4f60\u6765\u5b88\u8fd9\u7247\u5bc2\u5be5\u3002", "title": "\u4f60\u662f\u6211\u7684\u6765\u751f\u52ab", "url": "http://www.17k.com/book/2794831.html", "average": -1.0, "cover": "http://img.17k.com/images/bookcover/default_cover1.jpg", "reviews": 74, "authors": [{"url": "http://www.17k.com/zuozhe/60440418", "name": "\u674e\u7693\u7fce"}], "type": ["\u81c6\u60f3\u4e16\u754c"], "outlinks": ["http://www.17k.com/book/2794982.html", "http://www.17k.com/book/2801292.html", "http://www.17k.com/book/2816318.html", "http://www.17k.com/book/2797575.html", "http://www.17k.com/book/2802516.html", "http://www.17k.com/book/2812195.html", "http://www.17k.com/book/2820143.html", "http://www.17k.com/book/2807943.html", "http://www.17k.com/book/2813457.html", "http://www.17k.com/book/2798058.html", "http://www.17k.com/book/2815617.html", "http://www.17k.com/book/2805259.html", "http://www.17k.com/book/2760255.html", "http://www.17k.com/book/2686894.html", "http://www.17k.com/book/2797016.html", "http://www.17k.com/book/2767246.html", "http://www.17k.com/book/2764239.html", "http://www.17k.com/book/2754498.html", "http://www.17k.com/book/2754900.html", "http://www.17k.com/book/2625740.html", "http://www.17k.com/book/2213315.html", "http://www.17k.com/book/2402178.html", "http://www.17k.com/book/2691221.html", "http://www.17k.com/book/2210699.html", "http://www.17k.com/book/1797752.html", "http://www.17k.com/book/2575507.html", "http://www.17k.com/book/2705181.html", "http://www.17k.com/book/2702539.html", "http://www.17k.com/book/2474887.html", "http://www.17k.com/book/2674733.html", "http://www.17k.com/book/2822076.html", "http://www.17k.com/book/2809894.html", "http://www.17k.com/book/2822077.html", "http://www.17k.com/book/2811930.html", "http://www.17k.com/book/2815548.html", "http://www.17k.com/book/2819620.html", "http://www.17k.com/book/2809964.html", "http://www.17k.com/book/2808200.html", "http://www.17k.com/book/2820100.html", "http://www.17k.com/book/2822978.html", "http://www.17k.com/book/2804337.html", "http://www.17k.com/book/2798814.html", "http://www.17k.com/book/2785153.html", "http://www.17k.com/book/2731559.html", "http://www.17k.com/book/2722533.html", "http://www.17k.com/book/2458377.html", "http://www.17k.com/book/2743300.html", "http://www.17k.com/book/973809.html", "http://www.17k.com/book/2651367.html", "http://www.17k.com/book/2726194.html", "http://www.17k.com/book/2790214.html", "http://www.17k.com/book/493239.html", "http://www.17k.com/book/108821.html", "http://www.17k.com/book/1398783.html", "http://www.17k.com/book/83528.html", "http://www.17k.com/book/1859126.html", "http://www.17k.com/book/1741975.html", "http://www.17k.com/book/192453.html", "http://www.17k.com/book/2459058.html", "http://www.17k.com/book/1050747.html", "http://www.17k.com/book/2700315.html", "http://www.17k.com/book/2818940.html", "http://www.17k.com/book/2819519.html", "http://www.17k.com/book/2816390.html", "http://www.17k.com/book/2819588.html", "http://www.17k.com/book/2813768.html", "http://www.17k.com/book/2822406.html", "http://www.17k.com/book/2772164.html", "http://www.17k.com/book/2784023.html", "http://www.17k.com/book/2811877.html", "http://www.17k.com/book/2809119.html", "http://www.17k.com/book/2803700.html", "http://www.17k.com/book/2819561.html", "http://www.17k.com/book/2746506.html", "http://www.17k.com/book/2811836.html", "http://www.17k.com/book/2614810.html", "http://www.17k.com/book/1592435.html", "http://www.17k.com/book/1949748.html", "http://www.17k.com/book/2265802.html", "http://www.17k.com/book/2743240.html", "http://www.17k.com/book/2657437.html", "http://www.17k.com/book/2644502.html", "http://www.17k.com/book/2199900.html", "http://www.17k.com/book/2725436.html", "http://www.17k.com/book/2629978.html"]}