{"ratings": -1, "userreviews": [{"userName": "\u7231\u5403\u9c7c\u7684\u4e8c\u54c8", "userReviewDate": "2017-10-12", "userURL": "http://user.17k.com/49956158", "userReview": "\u62b1\u6b49\u5c0f\u4f19\u4f34\u4eec\uff0c\u4e66\u540d\u5df2\u6539\uff0c\u4e0d\u518d\u662f\u300a\u5f7c\u5cb8\u82b1\u7684\u60f3\u5ff5\u300b\uff0c\u800c\u6539\u4e3a<a target='_blank' href='http://www.17k.com/book/2604129.html'>\u300a\u4f60\u662f\u6211\u60f3\u9760\u8fd1\u7684\u6e29\u6696\u300b</a>"}, {"userName": "\u6708\u843d\u68a6\u8ffd\u5fc6", "userReviewDate": "2018-05-26", "userURL": "http://user.17k.com/57478135", "userReview": "\u5199\u4e66\u4e0d\u6613\uff0c\u8ffd\u5fc6\u524d\u6765\u52a9\u9635\uff0c\u5f3a\u52bf\u652f\u6301"}, {"userName": "17K\u4e66\u53cbIZ2KKNUU", "userReviewDate": "2018-05-24", "userURL": "http://user.17k.com/62120104", "userReview": "\u52a0\u6cb9\u2196(^\u03c9^)\u2197"}, {"userName": "17k\u4e66\u53cb22tnihdzv", "userReviewDate": "2018-05-23", "userURL": "http://user.17k.com/62119722", "userReview": "[\u6253\u8d4f]\u6211\u6253\u8d4f\u4e868\u5143\u7ea2\u5305\uff01\uff01"}, {"userName": "\u6731\u96c0\u6865\u8fb9\u91ce\u8349", "userReviewDate": "2018-05-22", "userURL": "http://user.17k.com/58722507", "userReview": "\u8c22\u8c22\u4f5c\u8005\u5927\u5927\u7684\u6307\u6b63\uff0c\u91ce\u8349\u9001\u82b1\u8868\u793a\u611f\u8c22\uff0c\u6536\u85cf\u652f\u6301\uff01"}, {"userName": "\u4e00\u6735\u83dc\u5c0f\u8ff7\u59b9", "userReviewDate": "2018-03-04", "userURL": "http://user.17k.com/60172038", "userReview": "<a target='_blank' href='http://www.17k.com/book/1233923.html'>\u300a\u6211\u548c\u5996\u602a\u7684\u604b\u7231\u4e4b\u65c5\u300b</a>\u524d\u6765\u62dc\u8bbf\u25cf\uff56\u25cf"}, {"userName": "\u5c0f\u67e0\u6aacACC", "userReviewDate": "2017-11-14", "userURL": "http://user.17k.com/57379929", "userReview": "\u643a\u65b0\u4e66<a target='_blank' href='http://www.17k.com/book/2662044.html'>\u300a\u661f\u8537\u8587\u7684\u82b1\u8bed\u662f\u51cb\u96f6\u300b</a>\u6765\u8bbf\uff0c\u4f5c\u8005\u5927\u5927\u8981\u591a\u5173\u6ce8\u54e6\uff01"}, {"userName": "\u98ce\u4fe1\u5b50\u7684\u5fe7\u90c1", "userReviewDate": "2017-10-09", "userURL": "http://user.17k.com/55846807", "userReview": "\u643a\u65b0\u4e66\u6765\u8bbf\uff0c\u591a\u5173\u6ce8\u54e6\uff01"}, {"userName": "\u8537\u8587\u73a5\u9171V", "userReviewDate": "2017-10-02", "userURL": "http://user.17k.com/55984899", "userReview": "\u652f\u6301~\\(\u2267\u25bd\u2266)/~"}, {"userName": "\u98ce\u4fe1\u5b50\u7684\u5fe7\u90c1", "userReviewDate": "2017-09-24", "userURL": "http://user.17k.com/55846807", "userReview": "\u643a<a target='_blank' href='http://www.17k.com/book/2655763.html'>\u300a\u53ea\u613f\u4e3a\u4f60\u503e\u4e00\u5fc3 \u300b</a>\u548c<a target='_blank' href='http://www.17k.com/book/2628730.html'>\u300a\u5728\u5269\u4e0b\u7684\u76db\u4e0b\u9047\u89c1\u4f60\u300b</a>\u6765\u8bbf\u3002\u4e0b\u6765\u7684\u4e0b"}, {"userName": "\u5fc3\u7a7a\u7f6a\u4ea6\u4ea1", "userReviewDate": "2017-09-24", "userURL": "http://user.17k.com/56355515", "userReview": "\u6765\u770b\u4e66\uff0c\u4e0d\u9519\uff0c\u52a0\u6cb9\uff01"}, {"userName": "\u5434\u9ed8\u98de\u5c18", "userReviewDate": "2017-09-19", "userURL": "http://user.17k.com/52294805", "userReview": "\u683c\u8c03\u6e05\u65b0\uff0c\u6211\u559c\u6b22\uff01"}, {"userName": "\u5c0f\u6587777435215", "userReviewDate": "2017-09-12", "userURL": "http://user.17k.com/56420455", "userReview": "\u54c8\u54c8\u4f5c\u8005\u5927\u5927\u8fd8\u771f\u662f\u5b9e\u8bda\u554a\uff0c\u8c22\u8c22\u4e0d\u9519\u7684\u5462\uff0c\u7ee7\u7eed\u52a0\u6cb9\u5566"}, {"userName": "\u4f59\u58a8\u6d82", "userReviewDate": "2017-08-12", "userURL": "http://user.17k.com/55822289", "userReview": "\u58a8\u6d82\u643a<a target='_blank' href='http://www.17k.com/book/2543334.html'>\u300a\u4f46\u613f\u6709\u4eba\u80af\u957f\u7559\u300b</a>\u6765\u8bbf\uff0c\u4f5c\u54c1\u5df2\u66f4\u767e\u7ae0\uff0c\u5199\u7684\u4e24\u4e2a\u8eab\u4efd\u5730\u4f4d\u5c06\u8fd1\uff0c\u4e2a\u6027\u76f8\u4f3c\u7684\u90fd\u5e02\u7537\u5973\u8131\u4e0b\u76d4\u7532\u76f8\u604b\u7684\u6545\u4e8b\uff0c\u671b\u56de\u8bbf\u3002"}, {"userName": "\u6e05\u98ce\u5f90\u6765454763590", "userReviewDate": "2017-08-11", "userURL": "http://user.17k.com/56796643", "userReview": "\u5c0f\u8bf4\u5199\u7684\u4e0d\u9519\uff0c\u770b\u770b\u633a\u597d\u7684\uff0c\u5c31\u662f\u7ae0\u8282\u592a\u5c11\u4e86\u3002\u3002\u3002\u3002\u3002\u3002\u3002"}, {"userName": "17K\u4e66\u53cbmbc3axdx", "userReviewDate": "2017-08-07", "userURL": "http://user.17k.com/56733915", "userReview": "\u5927\u5927\u8d76\u7d27\u5199\uff0c\uff0c\u7b49\u7740\u770b\u83ab\u5c0f\u5317\u5462\uff0c\u591a\u591a\u66f4\u65b0\uff0c\uff0c\u5f88\u559c\u6b22\u83ab\u5c0f\u5317\u548c\u6c90\u8fb0\u98ce\u8fd9\u5bf9\u3002\u3002\u3002"}, {"userName": "\u5fc3\u60a6\u84dd\u74f7baby", "userReviewDate": "2017-08-07", "userURL": "http://user.17k.com/55461741", "userReview": "\u643a<a target='_blank' href='http://www.17k.com/book/2520709.html'>\u300a\u8bdb\u4ed9\u756a\u5916\u4e4b\u537f\u82e5\u5b89\u597d\u300b</a>\u6765\u8bbf\uff0c\u5927\u5927\u5199\u7684\u771f\u4e0d\u9519\uff0c\u5f88\u559c\u6b22\u83ab\u5c0f\u5317\u7684\u6027\u683c\uff0c\u4f46\u5199\u5f97\u5f88\u5c11\uff0c\u591a\u591a\u66f4\u65b0\uff0c\u52a0\u6cb9\u54e6\u3002"}, {"userName": "\u7231\u770b\u4e66\u7684\u7ef4\u5c3c\u718a", "userReviewDate": "2017-08-03", "userURL": "http://user.17k.com/56733312", "userReview": "[\u6253\u8d4f]\u6211\u6253\u8d4f\u4e862\u5143\u7ea2\u5305\uff01\uff01"}], "description": "\u4e09\u5e74\u524d\uff0c\u83ab\u5c0f\u5317\u7231\u7684\u4eba\u6b7b\u4e86\uff0c\u6c90\u6668\u98ce\u4e0d\u62e9\u624b\u6bb5\u628a\u5979\u5f3a\u7559\u5728\u8eab\u8fb9\uff0c\u53ef\u7ed3\u679c\u662f\u5979\u81ea\u6740\u4e86\u3002\u3000\u3000\u4e09\u5e74\u540e\uff0c\u4ed6\u4eec\u518d\u6b21\u76f8\u9047\uff0c\u83ab\u5c0f\u5317\u6210\u4e86\u6c90\u6668\u98ce\u597d\u5144\u5f1f\u7684\u524d\u5973\u53cb\uff0c\u53e6\u4e00\u4e2a\u7537\u4eba\u7684\u8001\u5a46\uff0c\u800c\u4ed6\u5931\u5fc6\u4e86\u3002\u3000\u3000\u8fd9\u4e09\u5e74\uff0c\u4ed6\u4eec\u7a76\u7adf\u9519\u8fc7\u4e86\u4ec0\u4e48...\u3000\u3000\u9762\u5bf9\u83ab\u5c0f\u5317\u7684\u6267\u5ff5\uff0c\u65e7\u7231\u7684\u5f52\u6765\uff0c\u6c90\u6668\u98ce\u53c8\u8be5\u5982\u4f55\u9009\u62e9\uff1f\u3000\u3000PS\uff1a\u4f5c\u8005\u6587\u98ce\u6709\u70b9\u504f\u5c0f\u6e05\u65b0\uff0c\u4e0d\u5408\u53e3\u5473\u7684\u591a\u62c5\u5f85(*^__^*)", "title": "\u4f60\u662f\u6211\u60f3\u9760\u8fd1\u7684\u6e29\u6696", "url": "http://www.17k.com/book/2604129.html", "average": -1.0, "cover": "http://img.17k.com/images/bookcover/2018/13020/65/2604129-1527738619000.jpg", "reviews": 5956, "authors": [{"url": "http://www.17k.com/zuozhe/49956158", "name": "\u68a6\u51e0\u65f6"}], "type": ["\u5a5a\u604b\u7231\u60c5"], "outlinks": ["http://www.17k.com/book/2794982.html", "http://www.17k.com/book/2801292.html", "http://www.17k.com/book/2816318.html", "http://www.17k.com/book/2797575.html", "http://www.17k.com/book/2802516.html", "http://www.17k.com/book/2812195.html", "http://www.17k.com/book/2820143.html", "http://www.17k.com/book/2807943.html", "http://www.17k.com/book/2813457.html", "http://www.17k.com/book/2798058.html", "http://www.17k.com/book/2815617.html", "http://www.17k.com/book/2805259.html", "http://www.17k.com/book/2760255.html", "http://www.17k.com/book/2686894.html", "http://www.17k.com/book/2797016.html", "http://www.17k.com/book/2767246.html", "http://www.17k.com/book/2764239.html", "http://www.17k.com/book/2754498.html", "http://www.17k.com/book/2754900.html", "http://www.17k.com/book/2625740.html", "http://www.17k.com/book/2213315.html", "http://www.17k.com/book/2402178.html", "http://www.17k.com/book/2691221.html", "http://www.17k.com/book/2210699.html", "http://www.17k.com/book/1797752.html", "http://www.17k.com/book/2575507.html", "http://www.17k.com/book/2705181.html", "http://www.17k.com/book/2702539.html", "http://www.17k.com/book/2474887.html", "http://www.17k.com/book/2674733.html", "http://www.17k.com/book/2822076.html", "http://www.17k.com/book/2809894.html", "http://www.17k.com/book/2822077.html", "http://www.17k.com/book/2811930.html", "http://www.17k.com/book/2815548.html", "http://www.17k.com/book/2819620.html", "http://www.17k.com/book/2809964.html", "http://www.17k.com/book/2808200.html", "http://www.17k.com/book/2820100.html", "http://www.17k.com/book/2822978.html", "http://www.17k.com/book/2804337.html", "http://www.17k.com/book/2798814.html", "http://www.17k.com/book/2785153.html", "http://www.17k.com/book/2731559.html", "http://www.17k.com/book/2722533.html", "http://www.17k.com/book/2458377.html", "http://www.17k.com/book/2743300.html", "http://www.17k.com/book/973809.html", "http://www.17k.com/book/2651367.html", "http://www.17k.com/book/2726194.html", "http://www.17k.com/book/2790214.html", "http://www.17k.com/book/493239.html", "http://www.17k.com/book/108821.html", "http://www.17k.com/book/1398783.html", "http://www.17k.com/book/83528.html", "http://www.17k.com/book/1859126.html", "http://www.17k.com/book/1741975.html", "http://www.17k.com/book/192453.html", "http://www.17k.com/book/2459058.html", "http://www.17k.com/book/1050747.html", "http://www.17k.com/book/2700315.html", "http://www.17k.com/book/2818940.html", "http://www.17k.com/book/2819519.html", "http://www.17k.com/book/2816390.html", "http://www.17k.com/book/2819588.html", "http://www.17k.com/book/2813768.html", "http://www.17k.com/book/2822406.html", "http://www.17k.com/book/2772164.html", "http://www.17k.com/book/2784023.html", "http://www.17k.com/book/2811877.html", "http://www.17k.com/book/2809119.html", "http://www.17k.com/book/2803700.html", "http://www.17k.com/book/2819561.html", "http://www.17k.com/book/2746506.html", "http://www.17k.com/book/2811836.html", "http://www.17k.com/book/2614810.html", "http://www.17k.com/book/1592435.html", "http://www.17k.com/book/1949748.html", "http://www.17k.com/book/2265802.html", "http://www.17k.com/book/2743240.html", "http://www.17k.com/book/2657437.html", "http://www.17k.com/book/2644502.html", "http://www.17k.com/book/2199900.html", "http://www.17k.com/book/2725436.html", "http://www.17k.com/book/2629978.html"]}