{"ratings": -1, "userreviews": [{"userName": "\u8a00\u8bed\u8a00\u6e05", "userReviewDate": "2012-01-06", "userURL": "http://user.17k.com/4799479", "userReview": "\u52a0\u6cb9\u54e6~"}], "description": "\u804c\u573a\u91cc\u7684\u7231\u60c5\u6545\u4e8b\uff0c\u4e00\u4e2a\u7537\u751f\u9ed8\u9ed8\u7684\u559c\u6b22\u7740\u4e00\u4e2a\u5973\u751f\uff0c\u5728\u522b\u4eba\u773c\u91cc\u7537\u751f\u662f\u4e2a\u597d\u7537\u4eba\uff0c\u6709\u524d\u9014\u5bf9\u611f\u60c5\u4e13\u4e00\u3002\u5973\u751f\u662f\u4e2a90\u540e\u7684\u5c0f\u5973\u751f\uff0c\u5728\u5973\u751f\u773c\u91cc\u7684\u7231\u60c5\uff0c\u611f\u89c9\u662f\u7b2c\u4e00\u4f4d\uff0c\u4e0d\u7ba1\u4f60\u6709\u591a\u597d\uff0c\u4e0d\u7ba1\u4f60\u5bf9\u6211\u591a\u597d\u6211\u90fd\u4e0d\u4f1a\u9009\u62e9\u4f60\u30022\u4e2a\u6027\u683c\u4e0d\u540c\u7684\u5e74\u8f7b\u4eba\u7ecf\u5386\u7684\u70b9\u70b9\u6ef4\u6ef4\u3002\u6700\u540e\uff0c\u4e0d\u7ba1\u7537\u5b69\u505a\u4e86\u591a\u5c11\u4e8b\uff0c\u90fd\u672a\u80fd\u611f\u52a8\u5973\u5b69\uff0c\u540e\u6765\u5973\u5b69\u79bb\u5f00\u4e86\u7537\u5b69\u6240\u5728\u7684\u57ce\u5e02\u3002\u3002\u3002\u3002\u3002\u3002", "title": "\u4f60\u662f\u964c\u751f\u4eba\u8fd8\u662f\u8def\u8fc7\u7684\u7231\u60c5", "url": "http://www.17k.com/book/164924.html", "average": -1.0, "cover": "http://img.17k.com/images/bookcover/default_cover3.jpg", "reviews": 3775, "authors": [{"url": "http://www.17k.com/zuozhe/6757628", "name": "\u5929\u4e9fky\u5065"}], "type": ["\u5a5a\u604b\u60c5\u611f"], "outlinks": ["http://www.17k.com/book/2794982.html", "http://www.17k.com/book/2801292.html", "http://www.17k.com/book/2816318.html", "http://www.17k.com/book/2797575.html", "http://www.17k.com/book/2802516.html", "http://www.17k.com/book/2812195.html", "http://www.17k.com/book/2820143.html", "http://www.17k.com/book/2807943.html", "http://www.17k.com/book/2813457.html", "http://www.17k.com/book/2798058.html", "http://www.17k.com/book/2815617.html", "http://www.17k.com/book/2805259.html", "http://www.17k.com/book/2760255.html", "http://www.17k.com/book/2686894.html", "http://www.17k.com/book/2797016.html", "http://www.17k.com/book/2767246.html", "http://www.17k.com/book/2764239.html", "http://www.17k.com/book/2754498.html", "http://www.17k.com/book/2754900.html", "http://www.17k.com/book/2625740.html", "http://www.17k.com/book/2213315.html", "http://www.17k.com/book/2402178.html", "http://www.17k.com/book/2691221.html", "http://www.17k.com/book/2210699.html", "http://www.17k.com/book/1797752.html", "http://www.17k.com/book/2575507.html", "http://www.17k.com/book/2705181.html", "http://www.17k.com/book/2702539.html", "http://www.17k.com/book/2474887.html", "http://www.17k.com/book/2674733.html", "http://www.17k.com/book/2822076.html", "http://www.17k.com/book/2809894.html", "http://www.17k.com/book/2822077.html", "http://www.17k.com/book/2811930.html", "http://www.17k.com/book/2815548.html", "http://www.17k.com/book/2819620.html", "http://www.17k.com/book/2809964.html", "http://www.17k.com/book/2808200.html", "http://www.17k.com/book/2820100.html", "http://www.17k.com/book/2822978.html", "http://www.17k.com/book/2804337.html", "http://www.17k.com/book/2798814.html", "http://www.17k.com/book/2785153.html", "http://www.17k.com/book/2731559.html", "http://www.17k.com/book/2722533.html", "http://www.17k.com/book/2458377.html", "http://www.17k.com/book/2743300.html", "http://www.17k.com/book/973809.html", "http://www.17k.com/book/2651367.html", "http://www.17k.com/book/2726194.html", "http://www.17k.com/book/2790214.html", "http://www.17k.com/book/493239.html", "http://www.17k.com/book/108821.html", "http://www.17k.com/book/1398783.html", "http://www.17k.com/book/83528.html", "http://www.17k.com/book/1859126.html", "http://www.17k.com/book/1741975.html", "http://www.17k.com/book/192453.html", "http://www.17k.com/book/2459058.html", "http://www.17k.com/book/1050747.html", "http://www.17k.com/book/2700315.html", "http://www.17k.com/book/2818940.html", "http://www.17k.com/book/2819519.html", "http://www.17k.com/book/2816390.html", "http://www.17k.com/book/2819588.html", "http://www.17k.com/book/2813768.html", "http://www.17k.com/book/2822406.html", "http://www.17k.com/book/2772164.html", "http://www.17k.com/book/2784023.html", "http://www.17k.com/book/2811877.html", "http://www.17k.com/book/2809119.html", "http://www.17k.com/book/2803700.html", "http://www.17k.com/book/2819561.html", "http://www.17k.com/book/2746506.html", "http://www.17k.com/book/2811836.html", "http://www.17k.com/book/2614810.html", "http://www.17k.com/book/1592435.html", "http://www.17k.com/book/1949748.html", "http://www.17k.com/book/2265802.html", "http://www.17k.com/book/2743240.html", "http://www.17k.com/book/2657437.html", "http://www.17k.com/book/2644502.html", "http://www.17k.com/book/2199900.html", "http://www.17k.com/book/2725436.html", "http://www.17k.com/book/2629978.html"]}