{"ratings": -1, "userreviews": [{"userName": "\u4ece\u6052\u6e90\u7965", "userReviewDate": "2016-11-04", "userURL": "http://user.17k.com/50891743", "userReview": "\u66f4\u65b0\u6709\u70b9\u6162\u554a"}, {"userName": "\u4e00\u53e3\u5e72", "userReviewDate": "2016-11-03", "userURL": "http://user.17k.com/50822726", "userReview": "[\u6253\u8d4f]\u6211\u6253\u8d4f\u4e868\u5143\u7ea2\u5305\uff01\uff01"}, {"userName": "\u6211\u8a3b\u952d\u8ca0\u59b3\u5572", "userReviewDate": "2016-11-03", "userURL": "http://user.17k.com/50519071", "userReview": "\u65b0\u4e66<a target='_blank' href='http://www.17k.com/book/2220281.html'>\u300a\u66a7\u6627\u72c2\u5175\u300b</a> \u5e0c\u671b\u80fd\u5f97\u5230\u5927\u5bb6\u7684\u591a\u591a\u652f\u6301\uff0c\u5927\u5bb6\u6709\u4ec0\u4e48\u597d\u7684\u89c1\u89e3\u4e5f\u53ef\u4ee5\u5728\u8bc4\u8bba\u533a\u7ed9\u610f\u89c1\uff0c\u6211\u90fd\u4f1a\u770b\uff0c\u597d\u7684\u8bdd\u5c31\u4f1a\u91c7\u7eb3"}, {"userName": "\u6b8b\u98ce\u54e5", "userReviewDate": "2016-11-03", "userURL": "http://user.17k.com/35517821", "userReview": "~\\(\u2267\u25bd\u2266)/~\u5566\u5566\u5566"}, {"userName": "\u732a\u732a\u4fa0\u7684\u732a\u5c0f\u7f8e", "userReviewDate": "2016-11-02", "userURL": "http://user.17k.com/50920117", "userReview": "[\u6253\u8d4f]\u6211\u6253\u8d4f\u4e868\u5143\u7ea2\u5305\uff01\uff01"}, {"userName": "\u732a\u732a\u4fa0\u7684\u732a\u5c0f\u7f8e", "userReviewDate": "2016-11-02", "userURL": "http://user.17k.com/50920117", "userReview": "[\u6253\u8d4f]\u6211\u6253\u8d4f\u4e868\u5143\u7ea2\u5305\uff01\uff01"}, {"userName": "\u732a\u732a\u4fa0\u7684\u732a\u5c0f\u7f8e", "userReviewDate": "2016-11-02", "userURL": "http://user.17k.com/50920117", "userReview": "[\u6253\u8d4f]\u6211\u6253\u8d4f\u4e868\u5143\u7ea2\u5305\uff01\uff01"}, {"userName": "\u5fc3\u91cc\u4f4f\u7740\u4e00\u4e2a\u4e95\u59d1\u5a18", "userReviewDate": "2016-11-02", "userURL": "http://user.17k.com/50755183", "userReview": "\u559c\u6b22\u8fd9<a target='_blank' href='http://www.17k.com/book/2211765.html'>\u300a\u4f60\u770b\u5230\u7684\u4e0d\u662f\u771f\u76f8\u300b</a>\u8fd9\u672c\u4e66\u7684\u8bfb\u8005\uff0c\u52a0\u8fd9\u4e2a\u4ea4\u6d41\u7fa4\uff1a\u7fa4\u53f7\u7801\uff1a534368266"}, {"userName": "\u96ea\u6b87\u82e5", "userReviewDate": "2016-11-02", "userURL": "http://user.17k.com/50559490", "userReview": "<a target='_blank' href='http://www.17k.com/book/2196429.html'>\u300a\u9ed1\u8863\u738b\u8005\u300b</a>\u6765\u8bbf\u5927\u795e\uff0c\u52a0\u6cb9"}, {"userName": "\u732a\u732a\u4fa0\u7684\u732a\u5c0f\u7f8e", "userReviewDate": "2016-11-01", "userURL": "http://user.17k.com/50920117", "userReview": "[\u6253\u8d4f]\u6211\u6253\u8d4f\u4e868\u5143\u7ea2\u5305\uff01\uff01"}, {"userName": "\u5fc3\u91cc\u4f4f\u7740\u4e00\u4e2a\u4e95\u59d1\u5a18", "userReviewDate": "2016-11-01", "userURL": "http://user.17k.com/50755183", "userReview": "[\u6253\u8d4f]\u6211\u6253\u8d4f\u4e862\u5143\u7ea2\u5305\uff01\uff01"}, {"userName": "\u5fc3\u91cc\u4f4f\u7740\u4e00\u4e2a\u4e95\u59d1\u5a18", "userReviewDate": "2016-11-01", "userURL": "http://user.17k.com/50755183", "userReview": "\u5feb\u66f4\u65b0\uff0c\u6211\u60f3\u770b\uff0c\u6253\u8d4f\u7ea2\u5305\uff0c\u8bf7\u5feb\u66f4\u65b0"}, {"userName": "\u96ea\u6b87\u82e5", "userReviewDate": "2016-11-01", "userURL": "http://user.17k.com/50559490", "userReview": "<a target='_blank' href='http://www.17k.com/book/2196429.html'>\u300a\u9ed1\u8863\u738b\u8005\u300b</a>\u4e00\u88ad\u9ed1\u8863\uff0c\u524d\u6765\u8bbf\u795e"}, {"userName": "\u5fc3\u91cc\u4f4f\u7740\u4e00\u4e2a\u4e95\u59d1\u5a18", "userReviewDate": "2016-11-01", "userURL": "http://user.17k.com/50755183", "userReview": "[\u6253\u8d4f]\u6211\u6253\u8d4f\u4e8688\u5143\u7ea2\u5305\uff01\uff01"}, {"userName": "\u5fc3\u91cc\u4f4f\u7740\u4e00\u4e2a\u4e95\u59d1\u5a18", "userReviewDate": "2016-11-01", "userURL": "http://user.17k.com/50755183", "userReview": "[\u6253\u8d4f]\u6211\u6253\u8d4f\u4e868\u5143\u7ea2\u5305\uff01\uff01"}, {"userName": "\u54c6\u5566C\u68a6.", "userReviewDate": "2016-11-01", "userURL": "http://user.17k.com/50623729", "userReview": "\u82e6\u74dc\u524d\u6765\u62dc\u8bbf\u4e86\uff0c\u5e0c\u671b\u5927\u5927\u4eec\u53ef\u4ee5\u56de\u8bbf\u6536\u85cf<a target='_blank' href='http://www.17k.com/book/2199727.html'>\u300a\u65e0\u4f5b\u65e0\u9b54\u300b</a>"}, {"userName": "\u5357\u79bb\u706b", "userReviewDate": "2016-10-31", "userURL": "http://user.17k.com/44439927", "userReview": "<span style='color:blue'><a target='_blank' href='http://user.17k.com/50822726'>@\u4e00\u53e3\u5e38</a> \u4e0d\u77e5\u60a8\u662f\u7f8e\u5973\u8fd8\u662f\u5148\u751f\uff0c\u62dc\u8bfb\u4e86\u4e00\u4e9b\u7ae0\u8282\uff0c\u6211\u7ed9\u4e9b\u62d9\u5efa\uff0c\u5c31\u662f\u5728\u53d9\u8ff0\u7684\u65f6\u5019\uff0c\u5c11\u7528\u300c\u4e86\u300d\u5b57\uff0c\u4f60\u53ef\u4ee5\u53bb\u6389\u4e00\u4e9b\u4e86\u5b57\uff0c\u8bfb\u8d77\u6765\u5f88\u597d\u3002\u6211\u7684\u6263\uff0c\u6263\uff0c\u53f780161271\uff0c\u6709\u65f6\u95f4\u4e00\u8d77\u5b66\u4e60\uff0c\u601d\u8def\u8fd8\u662f\u6bd4\u8f83\u6e05\u6670\u7684</span>"}, {"userName": "\u732a\u732a\u4fa0\u7684\u732a\u5c0f\u7f8e", "userReviewDate": "2016-10-31", "userURL": "http://user.17k.com/50920117", "userReview": "[\u6253\u8d4f]\u6211\u6253\u8d4f\u4e86667\u5143\u7ea2\u5305\uff01\uff01"}, {"userName": "\u732a\u732a\u4fa0\u7684\u732a\u5c0f\u7f8e", "userReviewDate": "2016-10-31", "userURL": "http://user.17k.com/50920117", "userReview": "[\u6253\u8d4f]\u6211\u6253\u8d4f\u4e868\u5143\u7ea2\u5305\uff01\uff01"}, {"userName": "\u732a\u732a\u4fa0\u7684\u732a\u5c0f\u7f8e", "userReviewDate": "2016-10-31", "userURL": "http://user.17k.com/50920117", "userReview": "[\u6253\u8d4f]\u6211\u6253\u8d4f\u4e868\u5143\u7ea2\u5305\uff01\uff01"}], "description": "\u4e00\u573a\u6df1\u523b\u53cb\u8c0a\u4e0e\u60b1\u607b\u7231\u60c5\u7684\u7ea0\u845b\uff1b\u4e00\u573a\u84c4\u610f\u8c0b\u6740\u4e0e\u6267\u610f\u590d\u4ec7\u6316\u6398\u7684\u771f\u76f8\uff1b\u4e00\u573a\u4e3a\u6240\u7231\u4e4b\u4eba\u5fc3\u7518\u60c5\u613f\u4ed8\u51fa\u5374\u4e00\u6b21\u6b21\u88ab\u5229\u7528\u8499\u5728\u9f13\u91cc\u7684\u75db\u82e6\u3002\u4f60\u6240\u770b\u5230\u7684\u90fd\u53ea\u662f\u4f60\u60f3\u770b\u5230\u7684\uff0c\u4e8b\u60c5\u7684\u771f\u76f8\u4f1a\u8ba9\u4f60\u77a0\u76ee\u7ed3\u820c\uff0c\u75db\u4e0d\u6b32\u751f\u3002\u770b\u5b8c\u6b64\u4e66\uff0c\u4f60\u4f1a\u660e\u767d\u4ec0\u4e48\u53eb\u505a\u4e0d\u8981\u53bb\u542c\u3001\u4e0d\u8981\u53bb\u770b\u3001\u4e0d\u8981\u53bb\u95ee\u4f60\u5185\u5fc3\u5e76\u4e0d\u60f3\u77e5\u9053\u7684\u4e8b\u60c5\uff0c\u8fd9\u5c31\u662f\u5e78\u798f\u3002", "title": "\u4f60\u770b\u5230\u7684\u4e0d\u662f\u771f\u76f8", "url": "http://www.17k.com/book/2211765.html", "average": -1.0, "cover": "http://img.17k.com/images/bookcover/2016/11058/55/2211765-1477570932000.jpg", "reviews": 2022, "authors": [{"url": "http://www.17k.com/zuozhe/50822726", "name": "\u4e00\u53e3\u5e38"}], "type": ["\u4fa6\u63a2\u63a8\u7406"], "outlinks": ["http://www.17k.com/book/2794982.html", "http://www.17k.com/book/2801292.html", "http://www.17k.com/book/2816318.html", "http://www.17k.com/book/2797575.html", "http://www.17k.com/book/2802516.html", "http://www.17k.com/book/2812195.html", "http://www.17k.com/book/2820143.html", "http://www.17k.com/book/2807943.html", "http://www.17k.com/book/2813457.html", "http://www.17k.com/book/2798058.html", "http://www.17k.com/book/2815617.html", "http://www.17k.com/book/2805259.html", "http://www.17k.com/book/2760255.html", "http://www.17k.com/book/2686894.html", "http://www.17k.com/book/2797016.html", "http://www.17k.com/book/2767246.html", "http://www.17k.com/book/2764239.html", "http://www.17k.com/book/2754498.html", "http://www.17k.com/book/2754900.html", "http://www.17k.com/book/2625740.html", "http://www.17k.com/book/2213315.html", "http://www.17k.com/book/2402178.html", "http://www.17k.com/book/2691221.html", "http://www.17k.com/book/2210699.html", "http://www.17k.com/book/1797752.html", "http://www.17k.com/book/2575507.html", "http://www.17k.com/book/2705181.html", "http://www.17k.com/book/2702539.html", "http://www.17k.com/book/2474887.html", "http://www.17k.com/book/2674733.html", "http://www.17k.com/book/2822076.html", "http://www.17k.com/book/2809894.html", "http://www.17k.com/book/2822077.html", "http://www.17k.com/book/2811930.html", "http://www.17k.com/book/2815548.html", "http://www.17k.com/book/2819620.html", "http://www.17k.com/book/2809964.html", "http://www.17k.com/book/2808200.html", "http://www.17k.com/book/2820100.html", "http://www.17k.com/book/2822978.html", "http://www.17k.com/book/2804337.html", "http://www.17k.com/book/2798814.html", "http://www.17k.com/book/2785153.html", "http://www.17k.com/book/2731559.html", "http://www.17k.com/book/2722533.html", "http://www.17k.com/book/2458377.html", "http://www.17k.com/book/2743300.html", "http://www.17k.com/book/973809.html", "http://www.17k.com/book/2651367.html", "http://www.17k.com/book/2726194.html", "http://www.17k.com/book/2790214.html", "http://www.17k.com/book/493239.html", "http://www.17k.com/book/108821.html", "http://www.17k.com/book/1398783.html", "http://www.17k.com/book/83528.html", "http://www.17k.com/book/1859126.html", "http://www.17k.com/book/1741975.html", "http://www.17k.com/book/192453.html", "http://www.17k.com/book/2459058.html", "http://www.17k.com/book/1050747.html", "http://www.17k.com/book/2700315.html", "http://www.17k.com/book/2818940.html", "http://www.17k.com/book/2819519.html", "http://www.17k.com/book/2816390.html", "http://www.17k.com/book/2819588.html", "http://www.17k.com/book/2813768.html", "http://www.17k.com/book/2822406.html", "http://www.17k.com/book/2772164.html", "http://www.17k.com/book/2784023.html", "http://www.17k.com/book/2811877.html", "http://www.17k.com/book/2809119.html", "http://www.17k.com/book/2803700.html", "http://www.17k.com/book/2819561.html", "http://www.17k.com/book/2746506.html", "http://www.17k.com/book/2811836.html", "http://www.17k.com/book/2614810.html", "http://www.17k.com/book/1592435.html", "http://www.17k.com/book/1949748.html", "http://www.17k.com/book/2265802.html", "http://www.17k.com/book/2743240.html", "http://www.17k.com/book/2657437.html", "http://www.17k.com/book/2644502.html", "http://www.17k.com/book/2199900.html", "http://www.17k.com/book/2725436.html", "http://www.17k.com/book/2629978.html"]}