{"ratings": -1, "userreviews": [{"userName": "\u5c0f\u9f99O", "userReviewDate": "2012-06-27", "userURL": "http://user.17k.com/10352485", "userReview": "\u8981\u52aa\u529b\uff0c\u5bf9\u4e8e\u65b0\u4eba\u6765\u8bf4\u575a\u6301\u5c31\u662f\u80dc\u5229\uff0c\u5e0c\u671b\u53ef\u4ee5\u56de\u8bbf\u300a\u5f02\u7269\u7684\u6765\u88ad\u300b"}, {"userName": "DI\u8c03\u7684\u5c0f\u5149", "userReviewDate": "2012-06-27", "userURL": "http://user.17k.com/10991788", "userReview": "\u59d0\u59d0\u7684\u5927\u4f5c\u5c0f\u5f1f\u62dc\u8bfb\u5b8c\u6bd5\uff0c\u5df2\u7ecf\u52a0\u5165\u4e86\u6536\u85cf\uff0c\u6211\u6700\u8fd1\u521a\u5199\u4e86\u672c\u300a\u8d85\u7ea7\u5b66\u751f\u6740\u624b\u300b\uff0c\u5e0c\u671b\u5927\u5927\u591a\u591a\u652f\u6301http://www.17k.com/book/343736.html"}], "description": "\u5e74\u8f7b\u8c8c\u7f8e\u7684\u5973\u5927\u5b66\u751f\u5f20\u96ea\u6bd5\u4e1a\u540e\u7ec8\u4e8e\u5728\u4eba\u624d\u5e02\u573a\u4e0a\u627e\u5230\u4e00\u4efd\u5b9e\u9a8c\u5458\u7684\u5de5\u4f5c\uff0c\u4e00\u6b21\u610f\u5916\u7684\u9082\u9005\uff0c\u96ea\u9047\u5230\u4e86\u81ea\u5df1\u7684\u767d\u9a6c\u738b\u5b50\uff0c\u4ed6\u9ad8\u5927\u82f1\u4fca,\u6e29\u6587\u800c\u96c5.\u5728\u4e00\u6b21\u540c\u4e8b\u7684\u5a5a\u793c\u4e0a\uff0c\u96ea\u518d\u6b21\u9047\u5230\u8fd9\u4e2a\u7537\u5b50\uff0c\u5a5a\u5bb4\u4e0a\u7684\u96ea\u51fa\u5c3d\u4e86\u98ce\u5934\uff0c\u8ba9\u96ea\u5174\u594b\u65e0\u6bd4\u7684\u662f\u4ed6\u5411\u81ea\u5df1\u656c\u9152\uff0c\u8ba9\u96ea\u60ca\u8bb6\u4e0d\u5df2\u7684\u662f,\u4ed6\u662f\u81ea\u5df1\u6240\u5728\u5382\u9662\u7684\u771f\u6b63\u4e3b\u4eba,\u5728\u7ecf\u8fc7\u6fc0\u70c8\u7684\u601d\u60f3\u6597\u4e89\u540e\uff0c\u96ea\u8fd8\u662f\u4fdd\u6301\u4e86\u4e0e\u4ed6\u7684\u6765\u5f80\uff0c\u5bf9\u7231\u60c5\u7684\u6e34\u671b\u8ba9\u96ea\u594b\u4e0d\u987e\u8eab\uff0c\u4e00\u5929\u5382\u9662\u91cc\u6765\u4e86\u4e00\u4f4d\u6027\u611f\u7684\u6bd4\u96ea\u5e74\u957f\u4e9b\u7684\u7f8e\u4e3d\u5973\u4eba\uff0c\u90a3\u4e4b\u540e\u4f55\u4f1f\u6709\u610f\u65e0\u610f\u7684\u5f00\u59cb\u758f\u8fdc\u96ea\uff0c\u5728\u4e0e\u90a3\u7f8e\u4e3d\u5973\u4eba\u7684\u9891\u9891\u63a5\u89e6\u4e2d\uff0c\u5979\u90a3\u6076\u6bd2\u4e0e\u5f97\u610f\u626c\u626c\u7684\u773c\u795e\u7ec8\u4e8e\u8ba9\u96ea\u4e0b\u5b9a\u4e86\u62a5\u590d\u4ed6\u7684\u5ff5\u5934\uff0c\u7cbe\u5fc3\u7b56\u5212\u4e4b\u540e\uff0c\u96ea\u60f3\u7528\u5047\u6000\u5b55\u7684\u4e8b\u6765\u505a\u6700\u540e\u4e00\u6b21\u633d\u7559\u3002\u4e00\u5929\u96ea\u63a5\u5230\u4e00\u4e2a\u964c\u751f\u7537\u5b50\u7684\u7535\u8bdd\u548c\u4e00\u5806\u66a7\u6627\u77ed\u4fe1\uff0c\u8bf4\u6709\u4e00\u4e2a\u6545\u4e8b\u8981\u5bf9\u5979\u8bb2\uff0c\u5e76\u8bf4\u662f\u4e00\u4e2a\u5173\u4e8e\u5979\u7684\u7231\u60c5\u6545\u4e8b\uff0c\u60f6\u6050\u4e0d\u5b89\u7684\u96ea\u9877\u523b\u95f4\u4eff\u4f5b\u77e5\u9053\u4e86\u6240\u6709\u7684\u4e00\u5207\uff0c\u4f55\u4f1f\u4e0d\u4ec5\u6b3a\u9a97\u800c\u4e14\u51fa\u5356\u4e86\u5979......", "title": "\u4f60\u8bf4\u6211\u80fd\u6709\u591a\u7231\u4f60", "url": "http://www.17k.com/book/344119.html", "average": -1.0, "cover": "http://img.17k.com/images/bookcover/default_cover1.jpg", "reviews": 4964, "authors": [{"url": "http://www.17k.com/zuozhe/11452716", "name": "\u6211\u662f\u4e00\u6735\u767e\u5408\u82b1"}], "type": ["\u5a5a\u604b\u60c5\u611f"], "outlinks": ["http://www.17k.com/book/2794982.html", "http://www.17k.com/book/2801292.html", "http://www.17k.com/book/2816318.html", "http://www.17k.com/book/2797575.html", "http://www.17k.com/book/2802516.html", "http://www.17k.com/book/2812195.html", "http://www.17k.com/book/2820143.html", "http://www.17k.com/book/2807943.html", "http://www.17k.com/book/2813457.html", "http://www.17k.com/book/2798058.html", "http://www.17k.com/book/2815617.html", "http://www.17k.com/book/2805259.html", "http://www.17k.com/book/2760255.html", "http://www.17k.com/book/2686894.html", "http://www.17k.com/book/2797016.html", "http://www.17k.com/book/2767246.html", "http://www.17k.com/book/2764239.html", "http://www.17k.com/book/2754498.html", "http://www.17k.com/book/2754900.html", "http://www.17k.com/book/2625740.html", "http://www.17k.com/book/2213315.html", "http://www.17k.com/book/2402178.html", "http://www.17k.com/book/2691221.html", "http://www.17k.com/book/2210699.html", "http://www.17k.com/book/1797752.html", "http://www.17k.com/book/2575507.html", "http://www.17k.com/book/2705181.html", "http://www.17k.com/book/2702539.html", "http://www.17k.com/book/2474887.html", "http://www.17k.com/book/2674733.html", "http://www.17k.com/book/2822076.html", "http://www.17k.com/book/2809894.html", "http://www.17k.com/book/2822077.html", "http://www.17k.com/book/2811930.html", "http://www.17k.com/book/2815548.html", "http://www.17k.com/book/2819620.html", "http://www.17k.com/book/2809964.html", "http://www.17k.com/book/2808200.html", "http://www.17k.com/book/2820100.html", "http://www.17k.com/book/2822978.html", "http://www.17k.com/book/2804337.html", "http://www.17k.com/book/2798814.html", "http://www.17k.com/book/2785153.html", "http://www.17k.com/book/2731559.html", "http://www.17k.com/book/2722533.html", "http://www.17k.com/book/2458377.html", "http://www.17k.com/book/2743300.html", "http://www.17k.com/book/973809.html", "http://www.17k.com/book/2651367.html", "http://www.17k.com/book/2726194.html", "http://www.17k.com/book/2790214.html", "http://www.17k.com/book/493239.html", "http://www.17k.com/book/108821.html", "http://www.17k.com/book/1398783.html", "http://www.17k.com/book/83528.html", "http://www.17k.com/book/1859126.html", "http://www.17k.com/book/1741975.html", "http://www.17k.com/book/192453.html", "http://www.17k.com/book/2459058.html", "http://www.17k.com/book/1050747.html", "http://www.17k.com/book/2700315.html", "http://www.17k.com/book/2818940.html", "http://www.17k.com/book/2819519.html", "http://www.17k.com/book/2816390.html", "http://www.17k.com/book/2819588.html", "http://www.17k.com/book/2813768.html", "http://www.17k.com/book/2822406.html", "http://www.17k.com/book/2772164.html", "http://www.17k.com/book/2784023.html", "http://www.17k.com/book/2811877.html", "http://www.17k.com/book/2809119.html", "http://www.17k.com/book/2803700.html", "http://www.17k.com/book/2819561.html", "http://www.17k.com/book/2746506.html", "http://www.17k.com/book/2811836.html", "http://www.17k.com/book/2614810.html", "http://www.17k.com/book/1592435.html", "http://www.17k.com/book/1949748.html", "http://www.17k.com/book/2265802.html", "http://www.17k.com/book/2743240.html", "http://www.17k.com/book/2657437.html", "http://www.17k.com/book/2644502.html", "http://www.17k.com/book/2199900.html", "http://www.17k.com/book/2725436.html", "http://www.17k.com/book/2629978.html"]}