{"ratings": -1, "userreviews": [{"userName": "\u672a\u6765\u8001\u9f20", "userReviewDate": "2018-05-23", "userURL": "http://user.17k.com/46396493", "userReview": "\u597d\u770b\uff0c\u671f\u5f85\u4e0b\u6587"}, {"userName": "\u9648\u6811\u8d1e", "userReviewDate": "2018-04-14", "userURL": "http://user.17k.com/61057739", "userReview": "[\u6253\u8d4f]\u6211\u6253\u8d4f\u4e868\u5143\u7ea2\u5305\uff01\uff01"}], "description": "\u4e00\u4e2a\u6709\u94b1\u7684\u957f\u76f8\u666e\u901a\u7684\u5c0f\u4f19\u5b50\uff0c\u7ee7\u627f\u4e86\u7236\u4eb2\u540d\u53f7\u7684\u4ed6\u548c\u4e00\u4e2a\u80cc\u53db\u8005\u4ee5\u53ca\u4ed6\u8eab\u540e\u7684\u4eba\u5c55\u5f00\u4e86\u590d\u4ec7\u7684\u89d2\u9010\uff0c\u5374\u4e3a\u4e86\u590d\u4ec7\u5c06\u8eab\u8fb9\u6700\u4eb2\u8fd1\u7684\u4eba\u5168\u90fd\u5377\u4e86\u8fdb\u53bb\u3002\u5728\u6700\u65e0\u5fe7\u65e0\u8651\u7684\u751f\u6d3b\u91cc\u4ed6\u89c1\u5230\u4e86\u6700\u9ed1\u6697\u7684\u573a\u666f\uff0c\u8c01\u4e5f\u4e0d\u77e5\u9053\u4ed6\u5230\u5e95\u53d8\u6210\u4e86\u4ec0\u4e48\u6837\u5b50\u7684\u4eba\u3002\u3000\u3000\u5618~\u5929\u9ed1\u4e86\u5c31\u770b\u4e0d\u5230\u5f71\u5b50\u4e86\u3002\u3000\u3000\u7b2c\u4e00\u6b21\u5199\uff0c\u6709\u4ec0\u4e48\u610f\u89c1\u53ef\u4ee5\u52a0\u6211QQ\uff0c3301192286", "title": "\u4f60\u8eab\u540e\u7684\u5f71", "url": "http://www.17k.com/book/2798401.html", "average": -1.0, "cover": "http://img.17k.com/images/bookcover/2018/13992/69/2798401-1521859763000.jpg", "reviews": 191, "authors": [{"url": "http://www.17k.com/zuozhe/60545805", "name": "\u591c\u67d3\u5ba3"}], "type": ["\u70ed\u8840\u9752\u6625"], "outlinks": ["http://www.17k.com/book/2794982.html", "http://www.17k.com/book/2801292.html", "http://www.17k.com/book/2816318.html", "http://www.17k.com/book/2797575.html", "http://www.17k.com/book/2802516.html", "http://www.17k.com/book/2812195.html", "http://www.17k.com/book/2820143.html", "http://www.17k.com/book/2807943.html", "http://www.17k.com/book/2813457.html", "http://www.17k.com/book/2798058.html", "http://www.17k.com/book/2815617.html", "http://www.17k.com/book/2805259.html", "http://www.17k.com/book/2760255.html", "http://www.17k.com/book/2686894.html", "http://www.17k.com/book/2797016.html", "http://www.17k.com/book/2767246.html", "http://www.17k.com/book/2764239.html", "http://www.17k.com/book/2754498.html", "http://www.17k.com/book/2754900.html", "http://www.17k.com/book/2625740.html", "http://www.17k.com/book/2213315.html", "http://www.17k.com/book/2402178.html", "http://www.17k.com/book/2691221.html", "http://www.17k.com/book/2210699.html", "http://www.17k.com/book/1797752.html", "http://www.17k.com/book/2575507.html", "http://www.17k.com/book/2705181.html", "http://www.17k.com/book/2702539.html", "http://www.17k.com/book/2474887.html", "http://www.17k.com/book/2674733.html", "http://www.17k.com/book/2822076.html", "http://www.17k.com/book/2809894.html", "http://www.17k.com/book/2822077.html", "http://www.17k.com/book/2811930.html", "http://www.17k.com/book/2815548.html", "http://www.17k.com/book/2819620.html", "http://www.17k.com/book/2809964.html", "http://www.17k.com/book/2808200.html", "http://www.17k.com/book/2820100.html", "http://www.17k.com/book/2822978.html", "http://www.17k.com/book/2804337.html", "http://www.17k.com/book/2798814.html", "http://www.17k.com/book/2785153.html", "http://www.17k.com/book/2731559.html", "http://www.17k.com/book/2722533.html", "http://www.17k.com/book/2458377.html", "http://www.17k.com/book/2743300.html", "http://www.17k.com/book/973809.html", "http://www.17k.com/book/2651367.html", "http://www.17k.com/book/2726194.html", "http://www.17k.com/book/2790214.html", "http://www.17k.com/book/493239.html", "http://www.17k.com/book/108821.html", "http://www.17k.com/book/1398783.html", "http://www.17k.com/book/83528.html", "http://www.17k.com/book/1859126.html", "http://www.17k.com/book/1741975.html", "http://www.17k.com/book/192453.html", "http://www.17k.com/book/2459058.html", "http://www.17k.com/book/1050747.html", "http://www.17k.com/book/2700315.html", "http://www.17k.com/book/2818940.html", "http://www.17k.com/book/2819519.html", "http://www.17k.com/book/2816390.html", "http://www.17k.com/book/2819588.html", "http://www.17k.com/book/2813768.html", "http://www.17k.com/book/2822406.html", "http://www.17k.com/book/2772164.html", "http://www.17k.com/book/2784023.html", "http://www.17k.com/book/2811877.html", "http://www.17k.com/book/2809119.html", "http://www.17k.com/book/2803700.html", "http://www.17k.com/book/2819561.html", "http://www.17k.com/book/2746506.html", "http://www.17k.com/book/2811836.html", "http://www.17k.com/book/2614810.html", "http://www.17k.com/book/1592435.html", "http://www.17k.com/book/1949748.html", "http://www.17k.com/book/2265802.html", "http://www.17k.com/book/2743240.html", "http://www.17k.com/book/2657437.html", "http://www.17k.com/book/2644502.html", "http://www.17k.com/book/2199900.html", "http://www.17k.com/book/2725436.html", "http://www.17k.com/book/2629978.html"]}