{"ratings": -1, "userreviews": [{"userName": "\u6797\u4f9d\u96e8", "userReviewDate": "2018-05-10", "userURL": "http://user.17k.com/61513439", "userReview": "\u5927\u5927\u5199\u7684\u771f\u597d\uff0c\u5df2\u6536\u85cf\uff0c\u643a\u6211\u7684\u4e66<a target='_blank' href='http://www.17k.com/book/2820907.html'>\u300a\u9006\u5929\u8179\u9ed1\u9b54\u5973\u300b</a>\u6765\u8bbf\u3002"}, {"userName": "\u661f\u7a7a\u591c\u68a6\u8d30", "userReviewDate": "2018-05-09", "userURL": "http://user.17k.com/58011970", "userReview": "<span style='color:red'>\u521d\u6b21\u6765\u8bbf\uff0c\u770b\u4e86\u51e0\u7ae0\uff0c\u611f\u89c9\u8fd8\u4e0d\u9519\uff0c\u6587\u7b14\u60c5\u8282\u4ff1\u4f73\uff0c\u5185\u5bb9\u5f88\u5145\u5b9e\uff0c\u5f88\u7cbe\u5f69\uff0c\u5e0c\u671b\u518d\u63a5\u518d\u5389\uff0c\u52c7\u521b\u4f73\u7ee9\u3002\u5927\u7ea2\u82b1\u5949\u4e0a\uff0c\u4e0d\u6210\u656c\u610f\u2014\u2014<a target='_blank' href='http://www.17k.com/book/2705953.html'>\u300a\u9b3c\u8ff9\u5bfb\u8e2a\u300b</a>\u6765\u8bbf\u770b\u4e66\uff0c\u52a0\u6cb9\u5171\u52c9\u3002</span>"}, {"userName": "\u96e8\u6668233", "userReviewDate": "2018-05-08", "userURL": "http://user.17k.com/60804302", "userReview": "\u52a0\u6cb9!"}, {"userName": "\u591c\u9b45\u661f\u8fb0\u672c\u5c0a", "userReviewDate": "2018-03-07", "userURL": "http://user.17k.com/15601070", "userReview": "<a target='_blank' href='http://www.17k.com/book/2784873.html'>\u300a\u5168\u804c\u6740\u624b\u4e4b\u6211\u7684\u6781\u54c1\u672a\u5a5a\u59bb\u300b</a>\u6765\u8fc7"}, {"userName": "\u7d2b\u8559\u8559", "userReviewDate": "2017-06-15", "userURL": "http://user.17k.com/54596030", "userReview": "\u52a0\u6cb9\u3002\u8d5e\uff01"}, {"userName": "\u67f3\u53f6\u7ea2\u67ab", "userReviewDate": "2017-05-05", "userURL": "http://user.17k.com/49581545", "userReview": "\u5927\u5927\u5199\u6587\u7684\u72b6\u6001\u597d\uff0c\u70b9\u51fb\u652f\u6301\uff0c\u9876\u4e00\u4e2a\uff01"}, {"userName": "\u4e91\u7476\u5bde\u5bde", "userReviewDate": "2016-05-12", "userURL": "http://user.17k.com/45029085", "userReview": "\u5bde\u5bde\u8dea\u6c42\u8bc4\u8bba\u554a\uff0c\u6d3b\u8dc3\u70b9\u597d\u561bo&gt;_"}], "description": "\u4ed6\u4eec\u5f7c\u6b64\u559c\u6b22\u5bf9\u65b9\uff0c\u5374\u6ca1\u529e\u6cd5\u5728\u4e00\u8d77\u3002\u4ed6\u6015\u803d\u8bef\u5979\u7684\u5b66\u4e60\uff0c\u5979\u6015\u5f71\u54cd\u4ed6\u7684\u751f\u6d3b\u3002\u4ece\u5c0f\u5b66\u5230\u5927\u5b66\uff0c\u4ed6\u4eec\u90fd\u6709\u5f88\u7f18\u5206\u5730\u88ab\u5206\u5728\u540c\u4e00\u6240\u5b66\u6821\u3002\u4e5f\u8bb8\uff0c\u8fd9\u5c31\u662f\u7f18\u5206\u7684\u6ce8\u5b9a\u5427\u3002\u7ecf\u8fc7\u515c\u515c\u8f6c\u8f6c\uff0c\u4e24\u4eba\u5982\u613f\u4ee5\u507f\u5730\u8d70\u5230\u4e86\u4e00\u8d77\u3002\u5979\u7ec8\u4e8e\u6d3b\u51fa\u4e86\u81ea\u5df1\u7684\u59ff\u6001\u3002", "title": "\u4f9d\u5170\u59ff\u6001", "url": "http://www.17k.com/book/1767767.html", "average": -1.0, "cover": "http://img.17k.com/images/bookcover/2018/8838/44/1767767-1525754803000.jpg", "reviews": 1188, "authors": [{"url": "http://www.17k.com/zuozhe/45029085", "name": "\u4e91\u7476\u5bde\u5bde"}], "type": ["\u6821\u56ed\u9752\u6625"], "outlinks": ["http://www.17k.com/book/2794982.html", "http://www.17k.com/book/2801292.html", "http://www.17k.com/book/2816318.html", "http://www.17k.com/book/2797575.html", "http://www.17k.com/book/2802516.html", "http://www.17k.com/book/2812195.html", "http://www.17k.com/book/2820143.html", "http://www.17k.com/book/2807943.html", "http://www.17k.com/book/2813457.html", "http://www.17k.com/book/2798058.html", "http://www.17k.com/book/2815617.html", "http://www.17k.com/book/2805259.html", "http://www.17k.com/book/2760255.html", "http://www.17k.com/book/2686894.html", "http://www.17k.com/book/2797016.html", "http://www.17k.com/book/2767246.html", "http://www.17k.com/book/2764239.html", "http://www.17k.com/book/2754498.html", "http://www.17k.com/book/2754900.html", "http://www.17k.com/book/2625740.html", "http://www.17k.com/book/2213315.html", "http://www.17k.com/book/2402178.html", "http://www.17k.com/book/2691221.html", "http://www.17k.com/book/2210699.html", "http://www.17k.com/book/1797752.html", "http://www.17k.com/book/2575507.html", "http://www.17k.com/book/2705181.html", "http://www.17k.com/book/2702539.html", "http://www.17k.com/book/2474887.html", "http://www.17k.com/book/2674733.html", "http://www.17k.com/book/2822076.html", "http://www.17k.com/book/2809894.html", "http://www.17k.com/book/2822077.html", "http://www.17k.com/book/2811930.html", "http://www.17k.com/book/2815548.html", "http://www.17k.com/book/2819620.html", "http://www.17k.com/book/2809964.html", "http://www.17k.com/book/2808200.html", "http://www.17k.com/book/2820100.html", "http://www.17k.com/book/2822978.html", "http://www.17k.com/book/2804337.html", "http://www.17k.com/book/2798814.html", "http://www.17k.com/book/2785153.html", "http://www.17k.com/book/2731559.html", "http://www.17k.com/book/2722533.html", "http://www.17k.com/book/2458377.html", "http://www.17k.com/book/2743300.html", "http://www.17k.com/book/973809.html", "http://www.17k.com/book/2651367.html", "http://www.17k.com/book/2726194.html", "http://www.17k.com/book/2790214.html", "http://www.17k.com/book/493239.html", "http://www.17k.com/book/108821.html", "http://www.17k.com/book/1398783.html", "http://www.17k.com/book/83528.html", "http://www.17k.com/book/1859126.html", "http://www.17k.com/book/1741975.html", "http://www.17k.com/book/192453.html", "http://www.17k.com/book/2459058.html", "http://www.17k.com/book/1050747.html", "http://www.17k.com/book/2700315.html", "http://www.17k.com/book/2818940.html", "http://www.17k.com/book/2819519.html", "http://www.17k.com/book/2816390.html", "http://www.17k.com/book/2819588.html", "http://www.17k.com/book/2813768.html", "http://www.17k.com/book/2822406.html", "http://www.17k.com/book/2772164.html", "http://www.17k.com/book/2784023.html", "http://www.17k.com/book/2811877.html", "http://www.17k.com/book/2809119.html", "http://www.17k.com/book/2803700.html", "http://www.17k.com/book/2819561.html", "http://www.17k.com/book/2746506.html", "http://www.17k.com/book/2811836.html", "http://www.17k.com/book/2614810.html", "http://www.17k.com/book/1592435.html", "http://www.17k.com/book/1949748.html", "http://www.17k.com/book/2265802.html", "http://www.17k.com/book/2743240.html", "http://www.17k.com/book/2657437.html", "http://www.17k.com/book/2644502.html", "http://www.17k.com/book/2199900.html", "http://www.17k.com/book/2725436.html", "http://www.17k.com/book/2629978.html"]}