{"ratings": -1, "userreviews": [{"userName": "\u671b\u660e\u5c0f\u4fa0", "userReviewDate": "2018-05-21", "userURL": "http://user.17k.com/58680368", "userReview": "\u5f00\u5934\u5c31\u662f\u5929\u6daf\u660e\u6708\u5200\u548c\u7edd\u4ee3\u53cc\u9a84\uff0c\u4e0d\u9519\u4e0d\u9519\uff0c\u80fd\u5199\u53e4\u9f99\u98ce\u683c\u7684\u4eba\u4e00\u822c\u90fd\u662f\u559c\u6b22\u53e4\u9f99\u5c0f\u8bf4\u7684\u4eba\uff0c\u770b\u6765\u54b1\u4eec\u662f\u77e5\u5df1\u554a\uff0c\u5144\u5f1f\u52a0\u6cb9\u5427\uff0c\u5e0c\u671b\u4f60\u56de\u8bbf\u4e00\u4e0b\uff0c\u4e5f\u7ed9\u6211\u8bc4\u8bba\u4e00\u4e0b\u3002\u6700\u540e\uff0c\u5f88\u60f3\u8ddf\u4f60\u804a\u4e00\u4e0b\uff0c\u4e00\u8d77\u804a\u4e00\u804a\u53e4\u9f99\u5c0f\u8bf4\uff0c\u53ef\u4ee5\u52a0\u4e2a\u5fae\u4fe1\u5417\uff1f\u53ef\u4ee5\u7684\u8bdd\uff0c\u628a\u4f60\u7684\u5fae\u4fe1\u53f7\u79c1\u53d1\u7ed9\u6211\u3002"}, {"userName": "\u7267\u7f8a\u4eba\u4e4b\u4e00", "userReviewDate": "2018-06-06", "userURL": "http://user.17k.com/60403526", "userReview": "\u5feb\u5341\u4e07\u5b57\u4e86\uff0c\u548b\u8fd8\u4e0d\u7b7e\u5462\uff1f"}, {"userName": "\u7267\u7f8a\u4eba\u4e4b\u4e00", "userReviewDate": "2018-05-12", "userURL": "http://user.17k.com/60403526", "userReview": "\u6d53\u6d53\u7684\u53e4\u9f99\u5473~~\u5f88\u5e05~"}, {"userName": "\u7267\u7f8a\u4eba\u4e4b\u4e00", "userReviewDate": "2018-05-12", "userURL": "http://user.17k.com/60403526", "userReview": "\u9001\u4e0a\u9996\u652f\u9c9c\u82b1~~"}, {"userName": "\u90ed\u5b81089784530", "userReviewDate": "2018-05-05", "userURL": "http://user.17k.com/61429928", "userReview": "[\u6253\u8d4f]\u6211\u6253\u8d4f\u4e862\u5143\u7ea2\u5305\uff01\uff01"}], "description": "\u636e\u8bf4\u4e16\u4e0a\u672c\u65e0\u795e\u4ed9\u3002\u3000\u3000\u636e\u8bf4\u4eba\u4eba\u90fd\u53ef\u4fee\u4ed9\u3002\u3000\u3000\u636e\u8bf4\u4fee\u4ed9\u672c\u662f\u4e00\u573a\u9634\u8c0b\u3002\u3000\u3000\u636e\u8bf4\u6ca1\u6709\u4eba\u4e0d\u4fe1\u3002\u3000\u3000\u56e0\u4e3a\u4e0d\u4fe1\u7684\u4eba\u90fd\u6b7b\u4e86\u3002\u3000\u3000\u4f46\u8fd8\u662f\u6709\u4eba\u4e0d\u4fe1\u3002\u3000\u3000\u4e0d\u4fe1\u7684\u4eba\u90fd\u662f\u5c11\u5e74\u3002\u3000\u3000\u5c11\u5e74\u4eba\u4e0d\u4fe1\u5c31\u548c\u5c11\u5e74\u4eba\u60f3\u8981\u6210\u540d\u662f\u4e00\u6837\u7684\uff0c\u6ca1\u6709\u4e3a\u4ec0\u4e48\u3002\u3000\u3000\u56e0\u4e3a\u5c11\u5e74\u4eba\u662f\u5c11\u5e74\u4eba\u3002", "title": "\u4fa0\u4ed9\u884c", "url": "http://www.17k.com/book/2818818.html", "average": -1.0, "cover": "http://img.17k.com/images/bookcover/2018/14094/70/2818818-1525449749000.jpg", "reviews": 1853, "authors": [{"url": "http://www.17k.com/zuozhe/61156484", "name": "\u6ca1\u6709\u89c4\u77e9\u7684\u65b9\u5706"}], "type": ["\u53e4\u5178\u4ed9\u4fa0"], "outlinks": ["http://www.17k.com/book/2794982.html", "http://www.17k.com/book/2801292.html", "http://www.17k.com/book/2816318.html", "http://www.17k.com/book/2797575.html", "http://www.17k.com/book/2802516.html", "http://www.17k.com/book/2812195.html", "http://www.17k.com/book/2820143.html", "http://www.17k.com/book/2807943.html", "http://www.17k.com/book/2813457.html", "http://www.17k.com/book/2798058.html", "http://www.17k.com/book/2815617.html", "http://www.17k.com/book/2805259.html", "http://www.17k.com/book/2760255.html", "http://www.17k.com/book/2686894.html", "http://www.17k.com/book/2797016.html", "http://www.17k.com/book/2767246.html", "http://www.17k.com/book/2764239.html", "http://www.17k.com/book/2754498.html", "http://www.17k.com/book/2754900.html", "http://www.17k.com/book/2625740.html", "http://www.17k.com/book/2213315.html", "http://www.17k.com/book/2402178.html", "http://www.17k.com/book/2691221.html", "http://www.17k.com/book/2210699.html", "http://www.17k.com/book/1797752.html", "http://www.17k.com/book/2575507.html", "http://www.17k.com/book/2705181.html", "http://www.17k.com/book/2702539.html", "http://www.17k.com/book/2474887.html", "http://www.17k.com/book/2674733.html", "http://www.17k.com/book/2822076.html", "http://www.17k.com/book/2809894.html", "http://www.17k.com/book/2822077.html", "http://www.17k.com/book/2811930.html", "http://www.17k.com/book/2815548.html", "http://www.17k.com/book/2819620.html", "http://www.17k.com/book/2809964.html", "http://www.17k.com/book/2808200.html", "http://www.17k.com/book/2820100.html", "http://www.17k.com/book/2822978.html", "http://www.17k.com/book/2804337.html", "http://www.17k.com/book/2798814.html", "http://www.17k.com/book/2785153.html", "http://www.17k.com/book/2731559.html", "http://www.17k.com/book/2722533.html", "http://www.17k.com/book/2458377.html", "http://www.17k.com/book/2743300.html", "http://www.17k.com/book/973809.html", "http://www.17k.com/book/2651367.html", "http://www.17k.com/book/2726194.html", "http://www.17k.com/book/2790214.html", "http://www.17k.com/book/493239.html", "http://www.17k.com/book/108821.html", "http://www.17k.com/book/1398783.html", "http://www.17k.com/book/83528.html", "http://www.17k.com/book/1859126.html", "http://www.17k.com/book/1741975.html", "http://www.17k.com/book/192453.html", "http://www.17k.com/book/2459058.html", "http://www.17k.com/book/1050747.html", "http://www.17k.com/book/2700315.html", "http://www.17k.com/book/2818940.html", "http://www.17k.com/book/2819519.html", "http://www.17k.com/book/2816390.html", "http://www.17k.com/book/2819588.html", "http://www.17k.com/book/2813768.html", "http://www.17k.com/book/2822406.html", "http://www.17k.com/book/2772164.html", "http://www.17k.com/book/2784023.html", "http://www.17k.com/book/2811877.html", "http://www.17k.com/book/2809119.html", "http://www.17k.com/book/2803700.html", "http://www.17k.com/book/2819561.html", "http://www.17k.com/book/2746506.html", "http://www.17k.com/book/2811836.html", "http://www.17k.com/book/2614810.html", "http://www.17k.com/book/1592435.html", "http://www.17k.com/book/1949748.html", "http://www.17k.com/book/2265802.html", "http://www.17k.com/book/2743240.html", "http://www.17k.com/book/2657437.html", "http://www.17k.com/book/2644502.html", "http://www.17k.com/book/2199900.html", "http://www.17k.com/book/2725436.html", "http://www.17k.com/book/2629978.html"]}