{"ratings": -1, "userreviews": [{"userName": "\u6768\u5bb6\u58f9\u5c11", "userReviewDate": "2018-06-05", "userURL": "http://user.17k.com/60578348", "userReview": "\u52a0\u6cb9\uff0c\u6768\u9759\u6021\u8bf4\u8fc7\u575a\u6301\u662f\u4e2a\u597d\u5b69\u5b50\uff01<a target='_blank' href='http://user.17k.com/56089121'>@\u6c99\u6728\u5076</a>"}, {"userName": "\u6c99\u6728\u5076", "userReviewDate": "2018-06-03", "userURL": "http://user.17k.com/56089121", "userReview": "\u4fa0\u732b\u884c\u7684\u59ca\u59b9\u7bc7\uff0c\u5e0c\u671b\u81ea\u5df1\u80fd\u575a\u6301\u5230\u5e95&#55357;&#56883;\u3002"}, {"userName": "\u6c99\u6728\u5076", "userReviewDate": "2018-06-03", "userURL": "http://user.17k.com/56089121", "userReview": "\u4fa0\u732b\u884c\u7684\u59ca\u59b9\u7bc7\uff0c\u5e0c\u671b\u81ea\u5df1\u80fd\u575a\u6301\u5230\u5e95&#55357;&#56883;\u3002"}], "description": "\u4ed6\u62e5\u6709\u732b\u7684\u4f53\u6001\uff0c\u7075\u5de7\u654f\u6377\uff1b\u3000\u3000\u4ed6\u62e5\u6709\u9f99\u7684\u529b\u91cf\uff0c\u5a01\u731b\u50b2\u623e\u3002\u3000\u3000\u671b\u5929\u4e0b\u8c01\u4eba\u80fd\u654c\uff0c\u770b\u56db\u6d77\u8c01\u4eba\u80fd\u6b3a\uff0c\u4e3a\u77e5\u5df1\u6492\u6cea\u6d41\u8840\uff0c\u4e3a\u82cd\u751f\u7c89\u8eab\u788e\u9aa8\uff0c\u552f\u6211\u4e00\u4eba\u4e4b\u529b\u50b2\u89c6\u4e5d\u5929\u795e\u5b87\u2026\u2026", "title": "\u4fa0\u732b", "url": "http://www.17k.com/book/2650904.html", "average": -1.0, "cover": "http://img.17k.com/images/bookcover/default_cover1.jpg", "reviews": 243, "authors": [{"url": "http://www.17k.com/zuozhe/56089121", "name": "\u571f\u4e2d\u98ce"}], "type": ["\u53e4\u5178\u4ed9\u4fa0"], "outlinks": ["http://www.17k.com/book/2794982.html", "http://www.17k.com/book/2801292.html", "http://www.17k.com/book/2816318.html", "http://www.17k.com/book/2797575.html", "http://www.17k.com/book/2802516.html", "http://www.17k.com/book/2812195.html", "http://www.17k.com/book/2820143.html", "http://www.17k.com/book/2807943.html", "http://www.17k.com/book/2813457.html", "http://www.17k.com/book/2798058.html", "http://www.17k.com/book/2815617.html", "http://www.17k.com/book/2805259.html", "http://www.17k.com/book/2760255.html", "http://www.17k.com/book/2686894.html", "http://www.17k.com/book/2797016.html", "http://www.17k.com/book/2767246.html", "http://www.17k.com/book/2764239.html", "http://www.17k.com/book/2754498.html", "http://www.17k.com/book/2754900.html", "http://www.17k.com/book/2625740.html", "http://www.17k.com/book/2213315.html", "http://www.17k.com/book/2402178.html", "http://www.17k.com/book/2691221.html", "http://www.17k.com/book/2210699.html", "http://www.17k.com/book/1797752.html", "http://www.17k.com/book/2575507.html", "http://www.17k.com/book/2705181.html", "http://www.17k.com/book/2702539.html", "http://www.17k.com/book/2474887.html", "http://www.17k.com/book/2674733.html", "http://www.17k.com/book/2822076.html", "http://www.17k.com/book/2809894.html", "http://www.17k.com/book/2822077.html", "http://www.17k.com/book/2811930.html", "http://www.17k.com/book/2815548.html", "http://www.17k.com/book/2819620.html", "http://www.17k.com/book/2809964.html", "http://www.17k.com/book/2808200.html", "http://www.17k.com/book/2820100.html", "http://www.17k.com/book/2822978.html", "http://www.17k.com/book/2804337.html", "http://www.17k.com/book/2798814.html", "http://www.17k.com/book/2785153.html", "http://www.17k.com/book/2731559.html", "http://www.17k.com/book/2722533.html", "http://www.17k.com/book/2458377.html", "http://www.17k.com/book/2743300.html", "http://www.17k.com/book/973809.html", "http://www.17k.com/book/2651367.html", "http://www.17k.com/book/2726194.html", "http://www.17k.com/book/2790214.html", "http://www.17k.com/book/493239.html", "http://www.17k.com/book/108821.html", "http://www.17k.com/book/1398783.html", "http://www.17k.com/book/83528.html", "http://www.17k.com/book/1859126.html", "http://www.17k.com/book/1741975.html", "http://www.17k.com/book/192453.html", "http://www.17k.com/book/2459058.html", "http://www.17k.com/book/1050747.html", "http://www.17k.com/book/2700315.html", "http://www.17k.com/book/2818940.html", "http://www.17k.com/book/2819519.html", "http://www.17k.com/book/2816390.html", "http://www.17k.com/book/2819588.html", "http://www.17k.com/book/2813768.html", "http://www.17k.com/book/2822406.html", "http://www.17k.com/book/2772164.html", "http://www.17k.com/book/2784023.html", "http://www.17k.com/book/2811877.html", "http://www.17k.com/book/2809119.html", "http://www.17k.com/book/2803700.html", "http://www.17k.com/book/2819561.html", "http://www.17k.com/book/2746506.html", "http://www.17k.com/book/2811836.html", "http://www.17k.com/book/2614810.html", "http://www.17k.com/book/1592435.html", "http://www.17k.com/book/1949748.html", "http://www.17k.com/book/2265802.html", "http://www.17k.com/book/2743240.html", "http://www.17k.com/book/2657437.html", "http://www.17k.com/book/2644502.html", "http://www.17k.com/book/2199900.html", "http://www.17k.com/book/2725436.html", "http://www.17k.com/book/2629978.html"]}