{"ratings": -1, "userreviews": [{"userName": "z843549293", "userReviewDate": "2018-06-07", "userURL": "http://user.17k.com/62608811", "userReview": "\u4eba\u5fc3\u96be\u6d4b\u89c5\u4ec1\u5fc3 \u7d27\u63e1\u6e38\u9f99\u7825\u524d\u884c"}, {"userName": "\u84e6\u4f73\u60a6\u83a0", "userReviewDate": "2018-06-06", "userURL": "http://user.17k.com/40711049", "userReview": "\u5c0f\u8bf4\u5199\u5f97\u4e0d\u9519\uff0c\u52a0\u6cb9\u554a\uff01"}, {"userName": "\u5b50\u4e00\u4eba", "userReviewDate": "2018-05-29", "userURL": "http://user.17k.com/62189379", "userReview": "\u5982\u53d1\u73b0\u6392\u7248\u9519\u4e71\uff0c\u6709\u9519\u522b\u5b57\uff0c\u8bed\u53e5\u903b\u8f91\u77db\u76fe\u6216\u8005\u4e0d\u901a\u987a\u7684\uff0c\u8bf7\u53ca\u65f6\u6307\u6b63\uff0c\u8c22\u8c22\u5927\u5bb6\uff01"}], "description": "\u6211\u60f3\u5f53\u5927\u4fa0\uff01", "title": "\u4fa0\u7834", "url": "http://www.17k.com/book/2830303.html", "average": -1.0, "cover": "http://img.17k.com/images/bookcover/2018/14151/70/2830303-1527557795000.jpg", "reviews": 321, "authors": [{"url": "http://www.17k.com/zuozhe/62189379", "name": "\u5f2f\u776b\u6bdb"}], "type": ["\u4f20\u7edf\u6b66\u4fa0"], "outlinks": ["http://www.17k.com/book/2794982.html", "http://www.17k.com/book/2801292.html", "http://www.17k.com/book/2816318.html", "http://www.17k.com/book/2797575.html", "http://www.17k.com/book/2802516.html", "http://www.17k.com/book/2812195.html", "http://www.17k.com/book/2820143.html", "http://www.17k.com/book/2807943.html", "http://www.17k.com/book/2813457.html", "http://www.17k.com/book/2798058.html", "http://www.17k.com/book/2815617.html", "http://www.17k.com/book/2805259.html", "http://www.17k.com/book/2760255.html", "http://www.17k.com/book/2686894.html", "http://www.17k.com/book/2797016.html", "http://www.17k.com/book/2767246.html", "http://www.17k.com/book/2764239.html", "http://www.17k.com/book/2754498.html", "http://www.17k.com/book/2754900.html", "http://www.17k.com/book/2625740.html", "http://www.17k.com/book/2213315.html", "http://www.17k.com/book/2402178.html", "http://www.17k.com/book/2691221.html", "http://www.17k.com/book/2210699.html", "http://www.17k.com/book/1797752.html", "http://www.17k.com/book/2575507.html", "http://www.17k.com/book/2705181.html", "http://www.17k.com/book/2702539.html", "http://www.17k.com/book/2474887.html", "http://www.17k.com/book/2674733.html", "http://www.17k.com/book/2822076.html", "http://www.17k.com/book/2809894.html", "http://www.17k.com/book/2822077.html", "http://www.17k.com/book/2811930.html", "http://www.17k.com/book/2815548.html", "http://www.17k.com/book/2819620.html", "http://www.17k.com/book/2809964.html", "http://www.17k.com/book/2808200.html", "http://www.17k.com/book/2820100.html", "http://www.17k.com/book/2822978.html", "http://www.17k.com/book/2804337.html", "http://www.17k.com/book/2798814.html", "http://www.17k.com/book/2785153.html", "http://www.17k.com/book/2731559.html", "http://www.17k.com/book/2722533.html", "http://www.17k.com/book/2458377.html", "http://www.17k.com/book/2743300.html", "http://www.17k.com/book/973809.html", "http://www.17k.com/book/2651367.html", "http://www.17k.com/book/2726194.html", "http://www.17k.com/book/2790214.html", "http://www.17k.com/book/493239.html", "http://www.17k.com/book/108821.html", "http://www.17k.com/book/1398783.html", "http://www.17k.com/book/83528.html", "http://www.17k.com/book/1859126.html", "http://www.17k.com/book/1741975.html", "http://www.17k.com/book/192453.html", "http://www.17k.com/book/2459058.html", "http://www.17k.com/book/1050747.html", "http://www.17k.com/book/2700315.html", "http://www.17k.com/book/2818940.html", "http://www.17k.com/book/2819519.html", "http://www.17k.com/book/2816390.html", "http://www.17k.com/book/2819588.html", "http://www.17k.com/book/2813768.html", "http://www.17k.com/book/2822406.html", "http://www.17k.com/book/2772164.html", "http://www.17k.com/book/2784023.html", "http://www.17k.com/book/2811877.html", "http://www.17k.com/book/2809119.html", "http://www.17k.com/book/2803700.html", "http://www.17k.com/book/2819561.html", "http://www.17k.com/book/2746506.html", "http://www.17k.com/book/2811836.html", "http://www.17k.com/book/2614810.html", "http://www.17k.com/book/1592435.html", "http://www.17k.com/book/1949748.html", "http://www.17k.com/book/2265802.html", "http://www.17k.com/book/2743240.html", "http://www.17k.com/book/2657437.html", "http://www.17k.com/book/2644502.html", "http://www.17k.com/book/2199900.html", "http://www.17k.com/book/2725436.html", "http://www.17k.com/book/2629978.html"]}