{"ratings": -1, "userreviews": [{"userName": "\u516c\u5b50\u4ee4\u4f0a", "userReviewDate": "2013-02-01", "userURL": "http://user.17k.com/7196995", "userReview": "<span style='color:red'><a target='_blank' href='http://www.17k.com/book/415878.html'>\u300a\u5927\u660e\u738b\u300b</a>\u4e0a\u67b6\u4e86\uff0c\u5386\u53f2\u4e4b\u4e2d\u5939\u6742\u63a8\u7406\uff0c\u559c\u6b22\u63a8\u7406\u7684\u670b\u53cb\u53ef\u4ee5\u53bb\u770b\uff0c\u7edd\u5bf9\u4e0d\u6bd4<a target='_blank' href='http://www.17k.com/book/371536.html'>\u300a\u4fa6\u63a2\u738b\u300b</a>\u4e2d\u7684\u63a8\u7406\u5dee\u3002<a target='_blank' href='http://www.17k.com/book/415878.html'>\u300a\u5927\u660e\u738b\u300b</a>\u6c42\u8ba2\u9605</span>"}, {"userName": "\u7acb\u4f53\u91d1\u5c5e\u590d\u5236\u4eea", "userReviewDate": "2012-09-02", "userURL": "http://user.17k.com/10683170", "userReview": "\u4e4b\u6240\u4ee5\u7528\u8fd9\u4e2a\u6807\u9898\uff0c\u662f\u56e0\u4e3a\u6211\u4e0d\u77e5\u9053\u8be5\u7528\u4ec0\u4e48\u4e86\u3002\u3002\u3002\u3002\r*\u597d\u5427\uff0c\u53f6\u51b0\u541f\uff0c\u662f\u4e2a\u5f88\u806a\u660e\u7684\u4eba\uff0c\u4ed6\u5f88\u7406\u667a\uff0c\u601d\u7ef4\u5f88\u7f1c\u5bc6\uff0c\u4f1a\u529f\u592b\uff0c\u6709\u8d23\u4efb\u5fc3\u3002\u4ed6\u5177\u5907\u4e86\u4e00\u4e2a\u597d\u7684\u8b66\u63a2\u5e94\u8be5\u5177\u5907\u7684\u54c1\u8d28\u3002\r*\u4ed6\u5bf9\u5f85\u4e0b\u5c5e\uff0c\u5e73\u6613\u8fd1\u4eba\uff0c\u5f88\u6709\u4eb2\u548c\u529b\uff1b\u4ed6\u5bf9\u4e0a\u53f8\uff0c\u4e0d\u5351\u4e0d\u4ea2\uff0c\u5f88\u6709\u9aa8\u6c14\u3002\r*\u4ed6\u4e0e\u82b1\u67d4\uff0c\u4e0d\u662f\u4e00\u89c1\u949f\u60c5\u4e86\uff0c\u53ef\u662f\u597d\u611f\u8fd8\u662f\u6709\u7684\u3002\u6211\u611f\u89c9\u53f6\u51b0\u541f\u4e5f\u662f\u559c\u6b22\u82b1\u67d4\u7684\uff0c\u4ed6\u867d\u7136\u53ea\u662f\u4e00\u4e2a\u8b66\u63a2\uff0c\u53ef\u662f\uff0c\u4ed6\u4ece\u672a\u770b\u8f7b\u8fc7\u81ea\u5df1\u3002\u7136\u800c\uff0c\u4ed6\u5374\u5df2\u7ecf\u4e0d\u540c\u4e86\uff0c\u548c\u82b1\u9752\u8863\u4e0d\u540c\u4e86\u3002\r*\u82b1\u9752\u8863\uff0c\u51fa"}, {"userName": "\u4f60\u62cd\u4e00\u4e00\u62cd\u4f60", "userReviewDate": "2012-08-22", "userURL": "http://user.17k.com/11096486", "userReview": "\u5e08\u5144\uff0c\u4ffa\u6765\u7ed9\u4f60\u76d6\u4e00\u4e2a\u5e7f\u544a\u697c\uff0c\u4e3a\u4e86\u9875\u9762\u6574\u6d01\u5927\u5bb6\u90fd\u628a\u5e7f\u544a\u6253\u5728\u8fd9\u91cc\u5427"}, {"userName": "\u516c\u5b50\u4ee4\u4f0a", "userReviewDate": "2012-08-20", "userURL": "http://user.17k.com/7196995", "userReview": "\u60f3\u5f53\u5acc\u7591\u4eba\u5417\uff1f\u60f3\u548c\u4fa6\u63a2\u738b\u6597\u667a\u6597\u52c7\u5417\uff1f\u7559\u4e0b\u4fe1\u606f\u54e6\uff0c\u5982\u679c\u540d\u5b57\u5408\u7406\uff0c\u5176\u4ed6\u4e00\u5207\u4e5f\u5408\u7406\uff0c\u6211\u4f1a\u8003\u8651\u7684\u54e6\uff01"}, {"userName": "\u9ec4\u74dc\u7684\u5bbf\u547d", "userReviewDate": "2018-02-14", "userURL": "http://user.17k.com/53195742", "userReview": "<a target='_blank' href='http://www.17k.com/book/2377865.html'>\u300a\u81f3\u9738\u82cd\u751f\u8bc0\u300b</a>\u6765\u8bbf\uff0c\u6c42\u652f\u6301\u6c42\u6269\u6563\uff0c\u87f9\u87f9\u3002"}, {"userName": "\u77ac\u6b7b\u4e00\u5239", "userReviewDate": "2017-01-03", "userURL": "http://user.17k.com/51290580", "userReview": "<a target='_blank' href='http://www.17k.com/book/2243600.html'>\u300a\u58a8\u4ed9\u60c5\u300b</a>\u6765\u8bbf\uff0c\u4e00\u751f\u8feb\u4e0d\u5f97\u5df2\uff0c\u547d\u8fd0\u63a8\u4ed6\u5230\u524d\u53f0\u3002\u4e00\u4e2a\u9752\u6885\u7af9\u9a6c\uff0c\u4e00\u4e2a\u540c\u95e8\u5e08\u59d0\uff0c\u7231\u6068\u4e24\u96be\u7adf\u5728<a target='_blank' href='http://www.17k.com/book/2243600.html'>\u300a\u58a8\u4ed9\u60c5\u300b</a>\u3002\u66f4\u65b0\u7a33\u5b9a\uff0c\u559c\u6b22\u4fee\u4ed9\u7684\u670b\u53cb\u4e0d\u8981\u9519\u8fc7\u54df\uff01"}, {"userName": "\u58f9\u6797\u5b50\u6c34", "userReviewDate": "2016-07-26", "userURL": "http://user.17k.com/46481661", "userReview": "<a target='_blank' href='http://www.17k.com/book/1916676.html'>\u300a\u68a6\u65ad\u7ea2\u989c\u7b11\u300b</a>\u6797\u5b50\u6c34\u9759\u6084\u6084\u6765\u62dc\u3002\u4f5c\u8005\u665a\u5b89\u3002<a target='_blank' href='http://user.17k.com/7196995'>@\u516c\u5b50\u4ee4\u4f0a</a>"}, {"userName": "\u82b1\u843d\u537f\u8896", "userReviewDate": "2016-06-26", "userURL": "http://user.17k.com/45924276", "userReview": "\u5e0c\u671b\u5927\u5bb6\u53ef\u4ee5\u6765\u770b\u770b\u6211\u7684<a target='_blank' href='http://www.17k.com/book/1801826.html'>\u300a\u9010\u68a6\u4e4b\u6d6e\u751f\u82e5\u68a6\u300b</a>\uff0c\u4e5f\u662f\u4e2a\u6027\u5316\u4f5c\u54c1\u54e6\uff0c\u62dc\u6258\u5927\u5bb6\u5e2e\u5fd9\u5ba3\u4f20\u4e00\u4e0b\uff0c\u8c22\u8c22\uff01"}, {"userName": "\u6c5f\u5357\u7af9\u98ce", "userReviewDate": "2014-03-16", "userURL": "http://user.17k.com/33454836", "userReview": "\u6c5f\u5357\u7af9\u98ce\u643a<a target='_blank' href='http://www.17k.com/book/787287.html'>\u300a\u54e5\u8fd9\u4e0d\u53eb\u6df7\u4e8b\u300b</a> \u524d\u6765\u62dc\u8bbf\uff01\u7279\u732e\u4e0a\u8d35\u5bbe\u7968\u652f\u6301\uff01"}, {"userName": "Cikoy", "userReviewDate": "2014-02-10", "userURL": "http://user.17k.com/33180485", "userReview": "\u9ad8\u624b"}, {"userName": "\u5b87\u5b99\u5927\u5f00\u53d1", "userReviewDate": "2013-11-15", "userURL": "http://user.17k.com/32453355", "userReview": "\u5df2\u6536\u85cf\uff0c\u5949\u4e0a\u70b9\u51fb\uff0c\u505a\u4e2a\u5e7f\u544a\u3002\n<a target='_blank' href='http://www.17k.com/book/693277.html'>\u300a\u5b87\u5b99\u5927\u5f00\u53d1\u65f6\u4ee3\u300b</a>\u5411\u60a8\u8bb2\u8ff0\u4eba\u7c7b\u8d77\u6e90\uff01\n<a target='_blank' href='http://www.17k.com/book/693277.html'>\u300a\u5b87\u5b99\u5927\u5f00\u53d1\u65f6\u4ee3\u300b</a>\u4e3a\u4fee\u771f\u5efa\u7acb\u79d1\u6280\u6811\uff0c\u7528\u79d1\u5e7b\u89e3\u91ca\u7384\u5e7b\uff01\n\u4e2d\u56fd\u7684\u4fee\u771f\u4e3a\u4f55\u9010\u6e10\u6ca1\u843d\uff1f\n\u4e16\u754c\u5386\u53f2\u4e2d\u4fee\u70bc\u754c\u5728\u5176\u4e2d\u5230\u5e95\u8d77\u5230\u4e86\u4ec0\u4e48\u4f5c\u7528\uff1f\n\u6587\u827a\u590d\u5174\u7684\u672c\u8d28\u662f\u4ec0\u4e48\uff1f\n\u4eba\u7c7b\u8d77\u6e90\u4ece\u4f55\u800c\u6765\uff1f\n\u5b87\u5b99\u5927\u7206\u70b8\u4e4b\u524d\u662f\u4ec0\u4e48\u4e16\u754c\uff1f<a target='_blank' href='http://www.17k.com/book/693277.html'>\u300a\u5b87\u5b99\u5927\u5f00\u53d1\u65f6\u4ee3\u300b</a>\u5c06\u4e00\u4e00\u4e3a\u60a8\u63ed\u6653\uff01\n\u76f4\u81f3\u661f\u8fb0\u5927\u6d77\u4e4b\u9738\u4e3b\uff0c\u6700\u540e\u4e0e\u5e73\u884c\u5b87\u5b99\u8fdb\u884c\u6218\u4e89\u548c\u5f00\u62d3\u3002\n\u660e\u660e\u662f\u5b87\u5b99\u5355\u5175\u4f5c\u6218\u7cfb\u7edf\u7684\u79d1\u6280\u4ea7\u54c1\uff0c\u5374\u88ab\u611a\u6627\u8005\u51a0\u4ee5\u4fee\u771f\u4e4b\u540d\uff01\n\u660e\u660e\u662f\u5b87\u5b99\u5355\u5175\u9003\u751f\u8231\uff0c\u5374\u88ab\u611a\u6627\u8005\u51a0\u4ee5\u5143\u5a74\u4e4b\u540d\uff01\n\u8fd9\u5c31\u662f[book=\u5b87\u5b99\u5927\u5f00\u53d1\u65f6\u4ee3:69327"}, {"userName": "\u6e05\u751f", "userReviewDate": "2013-11-03", "userURL": "http://user.17k.com/15684751", "userReview": "\u7fa4\u53f7\u591a\u5c11\u554a\u3002\u3002"}, {"userName": "\u6e05\u751f", "userReviewDate": "2013-11-03", "userURL": "http://user.17k.com/15684751", "userReview": "\uff0c\uff0c\uff0c\uff0c\uff0c\uff0c\uff0c\uff0c\uff0c\uff0c\uff0c\uff0c\uff0c\uff0c\uff0c\uff0c\uff0c\uff0c\uff0c\uff0c\uff0c"}, {"userName": "\u6e05\u751f", "userReviewDate": "2013-11-03", "userURL": "http://user.17k.com/15684751", "userReview": "\u54c8\u54c8\uff0c\u6211\u53c8\u6765\u6284\u88ad\u4e86"}, {"userName": "\u6e05\u751f", "userReviewDate": "2013-11-01", "userURL": "http://user.17k.com/15684751", "userReview": "\u4f5c\u8005\u8c22\u8c22\u5566\u3002\u6211\u771f\u7684\u6284\u88ad\u4e86\u4f60\u70b9\u4e1c\u897f\uff0c\u5e0c\u671b\u4f60\u4e0d\u4f1a\u541d\u556c\u54c8\u54c8"}, {"userName": "\u6e05\u751f", "userReviewDate": "2013-11-01", "userURL": "http://user.17k.com/15684751", "userReview": "\u63a8\u7406\u5c0f\u8bf4\uff0c\u6211\u5f88\u559c\u6b22\u3002\u6211\u53ef\u4ee5\u548c\u4f60\u8bf4\uff0c\u6211\u662f\u6765\u8fd9\u91cc\u6284\u88ad\u7684\u5417\uff1f\u300b\u54c8\u54c8\u54c8"}, {"userName": "\u5669\u9b54\u5439\u7740\u7b1b\u5b50\u6765", "userReviewDate": "2013-10-22", "userURL": "http://user.17k.com/32181367", "userReview": "    \u65b0\u4eba\u6765\u62a5\u3002\u559c\u6b22\u672c\u683c\u63a8\u7406\u7684\u8fd8\u8bf7\u5173\u6ce8<a target='_blank' href='http://www.17k.com/book/677325.html'>\u300a\u7f6a\u6076\u4e4b\u6b87\u300b</a>\uff0c\u5bf9\u5c0f\u8bf4\u91cc\u7684\u6848\u4ef6\u6709\u4efb\u4f55\u7591\u95ee\u548c\u89c1\u89e3\uff0c\u53ef\u4ee5\u901a\u8fc7\u8bc4\u8bba\u7559\u8a00\u56de\u590d\uff0c\u6211\u4f1a\u4e00\u4e00\u89e3\u7b54\u3002"}, {"userName": "mo\u5730\u72f1\u7537\u7235om", "userReviewDate": "2013-10-01", "userURL": "http://user.17k.com/14981920", "userReview": "<a target='_blank' href='http://www.17k.com/book/620003.html'>\u300a\u6843\u8272\u5929\u9a84\u300b</a>\u6765\u8bbf\uff01\u8bf7\u5728\u90a3\u4e66\u4e2d\u7559\u4e0b\u4f60\u7684\u811a\u5370\uff0c\u6c42\u6536\u85cf\uff0c\u6c42\u9001\u82b1\uff0c\u6c42\u7968\u7968\uff0c\u6c42\u8bc4\u8bba\uff0c\u6c42\u76d6\u7ae0\uff0c\u5728\u4e0b\u611f\u6fc0\u4e0d\u5c3d\uff0c\u83dc\u9e1f\u65b0\u624b\uff0c\u76f8\u4e92\u652f\u6301\uff01\uff01 "}, {"userName": "\u591c\u9ad8\u697c", "userReviewDate": "2013-07-04", "userURL": "http://user.17k.com/16548494", "userReview": "<a target='_blank' href='http://www.17k.com/book/588830.html'>\u300a\u5fc3\u7075\u6df1\u6e0a\u300b</a>\u3002\u6c42\u82b1\uff0c\u6c42\u6536\u85cf\u3002"}, {"userName": "\u96ea\u83b2\u590f", "userReviewDate": "2013-06-30", "userURL": "http://user.17k.com/7297569", "userReview": "\u96be\u9053\u4e0d\u662f\u67ef\u5357\u9053\u5c14\u4e48"}], "description": "\u65b0\u4e66\u300a\u5927\u660e\u738b\u300b\u6025\u9700\u652f\u6301\uff0c\u8bf7\u670b\u53cb\u4eec\u591a\u591a\u6536\u85cf\uff01\u3000\u3000\u4e00\u4e2a\u6d41\u4f20\u5343\u53e4\u7684\u4f20\u8bf4\u3002\u3000\u3000\u4e00\u6bb5\u6d53\u7684\u5316\u4e0d\u5f00\u7684\u60c5\u7f18\u3002\u3000\u3000\u4e00\u4e2a\u300a\u7ecf\u7c4d\u5fd7\u300b\u4e2d\u8bb0\u8f7d\u7684\u6545\u4e8b\u3002\u3000\u3000\u9676\u6e0a\u660e\u6b7b\u524d\u64b0\u5199\u300a\u7ecf\u7c4d\u5fd7\u300b\uff0c\u5c06\u5176\u4e00\u751f\u7684\u79d8\u5bc6\u5199\u5728\u4e86\u4e00\u7bc7\u300a\u767d\u6c34\u7d20\u5973\u300b\u4e0a\uff0c\u636e\u8bf4\u5f97\u767d\u6c34\u7d20\u5973\u8005\uff0c\u53ef\u5f97\u957f\u751f\uff0c\u53c8\u636e\u8bf4\uff0c\u767d\u6c34\u7d20\u5973\u662f\u6843\u82b1\u6e90\u5165\u53e3\u7684\u7ebf\u7d22\uff0c\u5f97\u5230\u767d\u6c34\u7d20\u5973\uff0c\u5c31\u53ef\u4ee5\u5165\u5f97\u6843\u82b1\u6e90\u4e4b\u6781\u4e50\u4e16\u754c\u2026\u2026\u3000\u3000\u800c\u8fd9\u4e00\u5207\u7684\u4e00\u5207\uff0c\u90fd\u5c06\u4ece\u4e00\u5217\u5f00\u5f80\u76f8\u57ce\u7684\u706b\u8f66\u5f00\u59cb\u2026\u2026\u3000\u3000\u7b2c\u4e8c\u5377\u7834\u955c\u91cd\u5706\u5f00\u59cb\u5566\uff01\u636e\u8bf4\uff0c\u5c06\u4e24\u5757\u94dc\u955c\u5408\u5728\u4e00\u8d77\uff0c\u5c06\u6709\u79d8\u5bc6\u51fa\u73b0\u54e6\uff01\u3000\u3000\u955c\u4e0e\u4eba\u4ff1\u53bb\uff0c\u955c\u5f52\u4eba\u4e0d\u5f52\u3002\u3000\u3000\u65e0\u590d\u59ee\u5a25\u5f71\uff0c\u7a7a\u7559\u660e\u6708\u8f89\u3002", "title": "\u4fa6\u63a2\u738b", "url": "http://www.17k.com/book/371536.html", "average": -1.0, "cover": "http://img.17k.com/images/bookcover/2012/1857/9/371536.jpg", "reviews": 458387, "authors": [{"url": "http://www.17k.com/zuozhe/7196995", "name": "\u516c\u5b50\u4ee4\u4f0a"}], "type": ["\u4fa6\u63a2\u63a8\u7406"], "outlinks": ["http://www.17k.com/book/2794982.html", "http://www.17k.com/book/2801292.html", "http://www.17k.com/book/2816318.html", "http://www.17k.com/book/2797575.html", "http://www.17k.com/book/2802516.html", "http://www.17k.com/book/2812195.html", "http://www.17k.com/book/2820143.html", "http://www.17k.com/book/2807943.html", "http://www.17k.com/book/2813457.html", "http://www.17k.com/book/2798058.html", "http://www.17k.com/book/2815617.html", "http://www.17k.com/book/2805259.html", "http://www.17k.com/book/2760255.html", "http://www.17k.com/book/2686894.html", "http://www.17k.com/book/2797016.html", "http://www.17k.com/book/2767246.html", "http://www.17k.com/book/2764239.html", "http://www.17k.com/book/2754498.html", "http://www.17k.com/book/2754900.html", "http://www.17k.com/book/2625740.html", "http://www.17k.com/book/2213315.html", "http://www.17k.com/book/2402178.html", "http://www.17k.com/book/2691221.html", "http://www.17k.com/book/2210699.html", "http://www.17k.com/book/1797752.html", "http://www.17k.com/book/2575507.html", "http://www.17k.com/book/2705181.html", "http://www.17k.com/book/2702539.html", "http://www.17k.com/book/2474887.html", "http://www.17k.com/book/2674733.html", "http://www.17k.com/book/2822076.html", "http://www.17k.com/book/2809894.html", "http://www.17k.com/book/2822077.html", "http://www.17k.com/book/2811930.html", "http://www.17k.com/book/2815548.html", "http://www.17k.com/book/2819620.html", "http://www.17k.com/book/2809964.html", "http://www.17k.com/book/2808200.html", "http://www.17k.com/book/2820100.html", "http://www.17k.com/book/2822978.html", "http://www.17k.com/book/2804337.html", "http://www.17k.com/book/2798814.html", "http://www.17k.com/book/2785153.html", "http://www.17k.com/book/2731559.html", "http://www.17k.com/book/2722533.html", "http://www.17k.com/book/2458377.html", "http://www.17k.com/book/2743300.html", "http://www.17k.com/book/973809.html", "http://www.17k.com/book/2651367.html", "http://www.17k.com/book/2726194.html", "http://www.17k.com/book/2790214.html", "http://www.17k.com/book/493239.html", "http://www.17k.com/book/108821.html", "http://www.17k.com/book/1398783.html", "http://www.17k.com/book/83528.html", "http://www.17k.com/book/1859126.html", "http://www.17k.com/book/1741975.html", "http://www.17k.com/book/192453.html", "http://www.17k.com/book/2459058.html", "http://www.17k.com/book/1050747.html", "http://www.17k.com/book/2700315.html", "http://www.17k.com/book/2818940.html", "http://www.17k.com/book/2819519.html", "http://www.17k.com/book/2816390.html", "http://www.17k.com/book/2819588.html", "http://www.17k.com/book/2813768.html", "http://www.17k.com/book/2822406.html", "http://www.17k.com/book/2772164.html", "http://www.17k.com/book/2784023.html", "http://www.17k.com/book/2811877.html", "http://www.17k.com/book/2809119.html", "http://www.17k.com/book/2803700.html", "http://www.17k.com/book/2819561.html", "http://www.17k.com/book/2746506.html", "http://www.17k.com/book/2811836.html", "http://www.17k.com/book/2614810.html", "http://www.17k.com/book/1592435.html", "http://www.17k.com/book/1949748.html", "http://www.17k.com/book/2265802.html", "http://www.17k.com/book/2743240.html", "http://www.17k.com/book/2657437.html", "http://www.17k.com/book/2644502.html", "http://www.17k.com/book/2199900.html", "http://www.17k.com/book/2725436.html", "http://www.17k.com/book/2629978.html"]}