{"ratings": -1, "userreviews": [], "description": "\u5728\u4e00\u6b21\u5f3a\u62c6\u4e2d\uff0c\u4ed6\u6fc0\u4e8e\u4e49\u6124\u5bfc\u81f4\u4e0a\u53f8\u6b7b\u4ea1\uff0c\u5a92\u4f53\u4e89\u76f8\u62a5\u9053\uff0c\u8f70\u52a8\u4e00\u65f6\u3002\u4ed6\u5374\u56e0\u6b64\u6210\u4e86\u5f02\u7c7b\uff0c\u906d\u5230\u6392\u65a5\uff0c\u524d\u7a0b\u6bc1\u706d\u3002\u7136\u800c\uff0c\u547d\u8fd0\u53c8\u8ba9\u4ed6\u9047\u4e0a\u80cc\u666f\u6df1\u539a\u7684\u7f8e\u4e3d\u5973\u526f\u5e02\u957f\uff0c\u51ed\u501f\u5fc3\u673a\u3001\u624d\u534e\u80fd\u529b\u548c\u8fd0\u6c14\u83b7\u5f97\u673a\u4f1a\uff0c\u4eba\u751f\u53c8\u4e00\u6b21\u5927\u8f6c\u6298\u2026\u2026\u3000\u3000\u6f2b\u6f2b\u5ba6\u9014\uff0c\u8d77\u843d\u6c89\u6d6e\uff0c\u6743\u52bf\uff0c\u7f8e\u8272\uff0c\u91d1\u94b1\uff0c\u6b63\u4e49\uff0c\u826f\u77e5\uff0c\u72e1\u733e\uff0c\u70ed\u8840\uff0c\u5728\u4f5c\u54c1\u4e2d\u4ea4\u7ec7\u3002", "title": "\u4fa7\u9762\u5b98\u573a", "url": "http://www.17k.com/book/2820818.html", "average": -1.0, "cover": "http://img.17k.com/images/bookcover/default_cover1.jpg", "reviews": 1599, "authors": [{"url": "http://www.17k.com/zuozhe/54321868", "name": "\u5171\u4eab\u5355\u8f66"}], "type": ["\u5b98\u573a\u98ce\u4e91"], "outlinks": ["http://www.17k.com/book/2794982.html", "http://www.17k.com/book/2801292.html", "http://www.17k.com/book/2816318.html", "http://www.17k.com/book/2797575.html", "http://www.17k.com/book/2802516.html", "http://www.17k.com/book/2812195.html", "http://www.17k.com/book/2820143.html", "http://www.17k.com/book/2807943.html", "http://www.17k.com/book/2813457.html", "http://www.17k.com/book/2798058.html", "http://www.17k.com/book/2815617.html", "http://www.17k.com/book/2805259.html", "http://www.17k.com/book/2760255.html", "http://www.17k.com/book/2686894.html", "http://www.17k.com/book/2797016.html", "http://www.17k.com/book/2767246.html", "http://www.17k.com/book/2764239.html", "http://www.17k.com/book/2754498.html", "http://www.17k.com/book/2754900.html", "http://www.17k.com/book/2625740.html", "http://www.17k.com/book/2213315.html", "http://www.17k.com/book/2402178.html", "http://www.17k.com/book/2691221.html", "http://www.17k.com/book/2210699.html", "http://www.17k.com/book/1797752.html", "http://www.17k.com/book/2575507.html", "http://www.17k.com/book/2705181.html", "http://www.17k.com/book/2702539.html", "http://www.17k.com/book/2474887.html", "http://www.17k.com/book/2674733.html", "http://www.17k.com/book/2822076.html", "http://www.17k.com/book/2809894.html", "http://www.17k.com/book/2822077.html", "http://www.17k.com/book/2811930.html", "http://www.17k.com/book/2815548.html", "http://www.17k.com/book/2819620.html", "http://www.17k.com/book/2809964.html", "http://www.17k.com/book/2808200.html", "http://www.17k.com/book/2820100.html", "http://www.17k.com/book/2822978.html", "http://www.17k.com/book/2804337.html", "http://www.17k.com/book/2798814.html", "http://www.17k.com/book/2785153.html", "http://www.17k.com/book/2731559.html", "http://www.17k.com/book/2722533.html", "http://www.17k.com/book/2458377.html", "http://www.17k.com/book/2743300.html", "http://www.17k.com/book/973809.html", "http://www.17k.com/book/2651367.html", "http://www.17k.com/book/2726194.html", "http://www.17k.com/book/2790214.html", "http://www.17k.com/book/493239.html", "http://www.17k.com/book/108821.html", "http://www.17k.com/book/1398783.html", "http://www.17k.com/book/83528.html", "http://www.17k.com/book/1859126.html", "http://www.17k.com/book/1741975.html", "http://www.17k.com/book/192453.html", "http://www.17k.com/book/2459058.html", "http://www.17k.com/book/1050747.html", "http://www.17k.com/book/2700315.html", "http://www.17k.com/book/2818940.html", "http://www.17k.com/book/2819519.html", "http://www.17k.com/book/2816390.html", "http://www.17k.com/book/2819588.html", "http://www.17k.com/book/2813768.html", "http://www.17k.com/book/2822406.html", "http://www.17k.com/book/2772164.html", "http://www.17k.com/book/2784023.html", "http://www.17k.com/book/2811877.html", "http://www.17k.com/book/2809119.html", "http://www.17k.com/book/2803700.html", "http://www.17k.com/book/2819561.html", "http://www.17k.com/book/2746506.html", "http://www.17k.com/book/2811836.html", "http://www.17k.com/book/2614810.html", "http://www.17k.com/book/1592435.html", "http://www.17k.com/book/1949748.html", "http://www.17k.com/book/2265802.html", "http://www.17k.com/book/2743240.html", "http://www.17k.com/book/2657437.html", "http://www.17k.com/book/2644502.html", "http://www.17k.com/book/2199900.html", "http://www.17k.com/book/2725436.html", "http://www.17k.com/book/2629978.html"]}