{"ratings": -1, "userreviews": [{"userName": "\u9c7c\u5728\u7ea2\u5c18", "userReviewDate": "2017-10-30", "userURL": "http://user.17k.com/52044455", "userReview": "\u6ca1\u60f3\u5230\u8fd9\u4e2a\u6545\u4e8b\u7684\u4f5c\u8005\u662f\u4e2a\u7537\u58eb\u3002\u4f5c\u8005\u7ec6\u817b\u4f18\u96c5\u7684\u7b14\u89e6\u5145\u6ee1\u7740\u6d6a\u6f2b\u7684\u7ae5\u8bdd\u8272\u5f69\u3002\u7acb\u610f\u5f88\u65b0\u9896\uff0c\u6784\u601d\u5de7\u5999\uff0c\u522b\u5177\u4e00\u683c\u3002\u7ae5\u8bdd\u89c6\u89d2\uff0c\u5c06\u751f\u7269\u754c\u7684\u751f\u5b58\u6cd5\u5219\u4eba\u6027\u5316\uff0c\u7ed9\u4eba\u773c\u524d\u4e00\u4eae\u7684\u611f\u89c9\u3002\u4e00\u76f4\u6392\u65a5\u770b\u7537\u4f5c\u8005\u5199\u7684\u7384\u5e7b\u5347\u7ea7\u6587\uff0c\u89c9\u5f97\u65e0\u6cd5\u7406\u89e3\u3002\u4f46\u662f\u8fd9\u4e2a\u6545\u4e8b\u5c31\u5f88\u53d6\u5de7\u3002\u4e2a\u4eba\u89c9\u5f97\u8fd9\u5e94\u8be5\u662f\u4e00\u79cd\u53e6\u7c7b\u89c6\u89d2\u7684\u521b\u65b0\u65b9\u5f0f\uff0c\u503c\u5f97\u63d0\u5021\u3002\u5fc5\u987b\u8d5e\uff01\u8fd8\u6709\u4f5c\u8005\u7684\u884c\u6587\u4e25\u8c28\uff0c\u51e0\u4e4e\u6ca1\u6709\u53d1\u73b0\u9519\u522b\u5b57\u3002\u5927\u8d5e\uff01"}, {"userName": "\u666f\u6f13\u8129", "userReviewDate": "2018-04-30", "userURL": "http://user.17k.com/49116588", "userReview": "\u5199\u8fd9\u4e48\u957f\u4e86\uff1f\u597d\u5389\u5bb3\u554a\uff01"}, {"userName": "\u591c\u9b45\u661f\u8fb0\u672c\u5c0a", "userReviewDate": "2018-04-01", "userURL": "http://user.17k.com/15601070", "userReview": "\u559c\u6b22\uff0c\u8d85\u7231"}, {"userName": "\u9752\u5d16\u7267\u4e91\u4eba745103237", "userReviewDate": "2018-03-14", "userURL": "http://user.17k.com/50893000", "userReview": "\u4f5c\u8005\u5927\u5927\u5389\u5bb3\u4e86\uff0c<a target='_blank' href='http://www.17k.com/book/2506093.html'>\u300a\u5996\u5b7d\u592b\u541b\u6c42\u653e\u8fc7\u300b</a>\u524d\u6765\u652f\u6301\uff0c\u6b22\u8fce\u5404\u4f4d\u9a9a\u6270\u3002"}, {"userName": "\u9f8d\u83f2", "userReviewDate": "2018-03-11", "userURL": "http://user.17k.com/55451728", "userReview": "[\u6253\u8d4f]\u6211\u6253\u8d4f\u4e8650\u5143\u7ea2\u5305\uff01\uff01"}, {"userName": "\u5f02\u68a6\u56fd", "userReviewDate": "2018-03-10", "userURL": "http://user.17k.com/49018425", "userReview": "<span style='color:black'><a target='_blank' href='http://www.17k.com/book/2790920.html'>\u300a\u98ce\u541f\u51f0\u9e23\u5929\u4e0b\u5b81\u300b</a>\u524d\u6765\u62dc\u8bbf\uff0c\u8bf7\u591a\u6307\u6559</span>"}, {"userName": "\u3058\u2606\u9759\u5b9d\u2606\u3058", "userReviewDate": "2018-03-10", "userURL": "http://user.17k.com/48773451", "userReview": "[\u6253\u8d4f]\u6211\u6253\u8d4f\u4e868\u5143\u7ea2\u5305\uff01\uff01"}, {"userName": "\u6101\u80a0\u4e00\u5bf8", "userReviewDate": "2018-02-25", "userURL": "http://user.17k.com/42858097", "userReview": "<a target='_blank' href='http://www.17k.com/book/1404452.html'>\u300a\u4f34\u7b11\u6d6e\u751f\u68a6\u300b</a>\u6765\u8bbf~"}, {"userName": "\u9ec4\u74dc\u7684\u5bbf\u547d", "userReviewDate": "2018-02-09", "userURL": "http://user.17k.com/53195742", "userReview": "<a target='_blank' href='http://www.17k.com/book/2377865.html'>\u300a\u81f3\u9738\u82cd\u751f\u8bc0\u300b</a>\u6765\u8bbf\uff0c\u6c42\u652f\u6301\u6c42\u6269\u6563\uff0c\u87f9\u87f9\u3002"}, {"userName": "\u5927\u6c5f\u9648\u8ff9", "userReviewDate": "2018-02-05", "userURL": "http://user.17k.com/59082119", "userReview": "\u3010\u7acb\u6625\u540e\u7684\u7b2c\u4e00\u5929\uff0c\u613f\u5927\u5927\u518d\u4e0a\u4e00\u4e2a\u53f0\u9636\uff01\u3011\u5927\u6c5f\u9648\u8ff9\u643a<a target='_blank' href='http://www.17k.com/book/2746787.html'>\u300a\u4f2a\u7a7f\u8d8a\u4e4b\u5446\u840c\u5b66\u9738\u8981\u9ed1\u5316\u300b</a>\u524d\u6765\u62dc\u8bbf\u652f\u6301\uff01"}, {"userName": "\u8f7b\u98ce\u7ec6\u96e8997646588", "userReviewDate": "2018-01-08", "userURL": "http://user.17k.com/48795105", "userReview": "[\u6253\u8d4f]\u6211\u6253\u8d4f\u4e868\u5143\u7ea2\u5305\uff01\uff01"}, {"userName": "\u3058\u2606\u9759\u5b9d\u2606\u3058", "userReviewDate": "2018-01-04", "userURL": "http://user.17k.com/48773451", "userReview": "\u8001\u5927\u5409\u7965\uff01\u795d\u8001\u5927\u5c0f\u8bf4\u8d8a\u5199\u8d8a\u7cbe\u5f69\uff01\u65e9\u5b89\u5409\u7965\uff01\u5065\u5eb7\u5feb\u4e50\uff01"}, {"userName": "\u3058\u2606\u9759\u5b9d\u2606\u3058", "userReviewDate": "2018-01-04", "userURL": "http://user.17k.com/48773451", "userReview": "[\u6253\u8d4f]\u6211\u6253\u8d4f\u4e8618\u5143\u7ea2\u5305\uff01\uff01"}, {"userName": "\u52ff\u604b\u6c5f\u6885", "userReviewDate": "2017-12-26", "userURL": "http://user.17k.com/58863497", "userReview": "<a target='_blank' href='http://www.17k.com/book/2739407.html'>\u300a\u7b26\u6765\u7b26\u53bb\u300b</a>\u6765\u8bbf\uff01"}, {"userName": "\u9c7c\u5728\u7ea2\u5c18", "userReviewDate": "2017-12-25", "userURL": "http://user.17k.com/52044455", "userReview": "<a target='_blank' href='http://www.17k.com/book/2727618.html'>\u300a\u672b\u4e16\u4e4b\u80d6\u599e\u5851\u8eab\u6709\u9053\u300b</a>\u6765\u8bbf\uff0c\u8bf7\u5927\u5927\u591a\u591a\u6307\u6559\uff01"}, {"userName": "\u793e\u4f1a\u4f60\u66fc\u59d0", "userReviewDate": "2017-12-16", "userURL": "http://user.17k.com/53117397", "userReview": "<a target='_blank' href='http://www.17k.com/book/2373711.html'>\u300a\u6211\u7684\u9752\u6885\u4e0d\u7b80\u5355\u300b</a>\u6765\u8bbf\uff0c\u652f\u6301\u4e00\u4e0b\u5927\u795e\uff01\u8e6d\u4e2a\u70ed\u5ea6\u3002\u559c\u6b22\u5ba0\u6587\u7684\u670b\u53cb\u53ef\u4ee5\u770b\u4e00\u4e0b\uff01"}, {"userName": "\u3058\u2606\u9759\u5b9d\u2606\u3058", "userReviewDate": "2017-12-06", "userURL": "http://user.17k.com/48773451", "userReview": "[\u6253\u8d4f]\u6211\u6253\u8d4f\u4e8610\u5143\u7ea2\u5305\uff01\uff01"}, {"userName": "\u672a\u6765\u8001\u9f20", "userReviewDate": "2017-12-06", "userURL": "http://user.17k.com/46396493", "userReview": "\u55f7\u55f7\u55f7\uff0c\u559c\u6b22\u5927\u5927\u5199\u7684\u5c0f\u8bf4\uff0c\u6bd4\u5fc3\uff0c\u7231\u4f60<a target='_blank' href='http://www.17k.com/book/2725309.html'>\u300a\u534a\u7c73\u9633\u5149\u84dd\u5c71\u5357\u300b</a>\u6765\u8bbf"}, {"userName": "\u53f6\u8459\u82b8", "userReviewDate": "2017-12-06", "userURL": "http://user.17k.com/57517697", "userReview": "\u5927\u5927\u52a0\u6cb9\uff01\u643a<a target='_blank' href='http://www.17k.com/book/2663126.html'>\u300a\u4eba\u72d0\u4e4b\u7ea6\u300b</a>\u524d\u6765\u652f\u6301\uff01\u4eb2\u4eb2\u5feb\u6765\u770b\u54e6\uff01\u5c0f\u8bf4\u5730\u5740http://h5.17k.com/book/2663126.html"}, {"userName": "\u3058\u2606\u9759\u5b9d\u2606\u3058", "userReviewDate": "2017-11-30", "userURL": "http://user.17k.com/48773451", "userReview": "[\u6253\u8d4f]\u6211\u6253\u8d4f\u4e8618\u5143\u7ea2\u5305\uff01\uff01"}], "description": "\u9752\u8377\u76d6\u7eff\u6c34\uff0c\u8299\u84c9\u62ab\u7ea2\u9c9c\uff0c\u4e0b\u6709\u5e76\u6839\u85d5\uff0c\u4e0a\u6709\u5e76\u8482\u83b2\u3002\u3000\u3000\u81ea\u53e4\u4ee5\u6765\uff0c\u5e76\u8482\u83b2\u5b9e\u5c5e\u7f55\u89c1\uff0c\u51fa\u4e16\u4e4b\u65e5\uff0c\u5929\u751f\u5f02\u8c61\u2026\u2026\u3000\u3000\u6b64\u4e43\u82b1\u4e2d\u541b\u5b50\uff0c\u7f8e\u66f0\u51fa\u6c34\u8299\u84c9\uff0c\u5386\u7ecf\u4e07\u8f7d\uff0c\u5438\u6536\u5929\u5730\u4e4b\u7cbe\u534e\uff0c\u751f\u547d\u5929\u6210\u2026\u2026\u3000\u3000\u5355\u83b2\u4e5d\u5b55\uff0c\u53cc\u83b2\u5341\u516b\uff0c\u6709\u5973\u5341\u4e03\uff0c\u552f\u6709\u4e00\u7537\uff0c\u5973\u5982\u8299\u84c9\uff0c\u7537\u4f3c\u9a84\u9633\u2026\u2026\u3000\u3000\u4e00\u65e6\u51fa\u4e16\uff0c\u4e16\u4eba\u7eb7\u4e89\uff0c\u6563\u843d\u5929\u6daf\uff0c\u867d\u5c5e\u5929\u8d50\u826f\u7f18\uff0c\u5374\u9700\u5171\u4e89\u4e00\u592b\uff01\u3000\u3000\u5948\u4f55\u4eba\u6d77\u832b\u832b\uff0c\u9047\u6216\u4e0d\u9047\uff0c\u5168\u51ed\u673a\u7f18\uff0c\u5018\u82e5\u4e0d\u9047\uff0c\u5b64\u72ec\u7ec8\u8001\u2026\u2026\u3000\u3000\u541b\u4e0d\u9047:\u597d\u7537\u513f\u81ea\u5f53\u91d1\u6208\u94c1\u9a6c\uff0c\u5feb\u610f\u4eba\u751f\uff0c\u5c82\u80fd\u88ab\u98ce\u6708\u7275\u7eca\uff01\u4f55\u51b5\u81ea\u53e4\u7ea2\u989c\u591a\u8584\u547d\uff0c\u4e0d\u9047\u4e5f\u7f62\uff01\u3000\u3000\u70df\u96e8:\u5bc4\u541b\u4e00\u66f2\uff0c\u4e0d\u95ee\u66f2\u7ec8\u4eba\u6563\uff01\u53ea\u662f\u4e3a\u4f55\uff0c\u4e0e\u541b\u9047\u65f6\u70df\u96e8\u8499\u2026\u2026\u3000\u3000\u541b\u4e0d\u9047:\u6211\u6b32\u9006\u5929\uff0c\u5929\u5948\u6211\u4f55\uff01\u3000\u3000\u70df\u96e8:\u6211\u867d\u7ea2\u989c\uff0c\u5374\u975e\u7978\u6c34\uff0c\u6211\u4ea6\u9006\u5929\uff01\u5c71\u65e0\u68f1\uff0c\u5929\u5730\u5408\uff0c\u624d\u6562\u4e0e\u541b\u7edd\uff01\u3000\u3000\u4e00\u6bb5\u60ca\u5929\u5730\u6ce3\u9b3c\u795e\u7684\u65f7\u4e16\u7edd\u604b\u5c31\u6b64\u5c55\u5f00\u2026\u2026", "title": "\u4fcf\u5983\u9006\u5929\u8bb0", "url": "http://www.17k.com/book/1845278.html", "average": -1.0, "cover": "http://img.17k.com/images/bookcover/2016/9226/46/1845278-1469502308000.jpg", "reviews": 52223, "authors": [{"url": "http://www.17k.com/zuozhe/42905442", "name": "\u82cf\u8d2f\u8d2f"}], "type": ["\u5bab\u5ef7\u8d35\u65cf"], "outlinks": ["http://www.17k.com/book/2794982.html", "http://www.17k.com/book/2801292.html", "http://www.17k.com/book/2816318.html", "http://www.17k.com/book/2797575.html", "http://www.17k.com/book/2802516.html", "http://www.17k.com/book/2812195.html", "http://www.17k.com/book/2820143.html", "http://www.17k.com/book/2807943.html", "http://www.17k.com/book/2813457.html", "http://www.17k.com/book/2798058.html", "http://www.17k.com/book/2815617.html", "http://www.17k.com/book/2805259.html", "http://www.17k.com/book/2760255.html", "http://www.17k.com/book/2686894.html", "http://www.17k.com/book/2797016.html", "http://www.17k.com/book/2767246.html", "http://www.17k.com/book/2764239.html", "http://www.17k.com/book/2754498.html", "http://www.17k.com/book/2754900.html", "http://www.17k.com/book/2625740.html", "http://www.17k.com/book/2213315.html", "http://www.17k.com/book/2402178.html", "http://www.17k.com/book/2691221.html", "http://www.17k.com/book/2210699.html", "http://www.17k.com/book/1797752.html", "http://www.17k.com/book/2575507.html", "http://www.17k.com/book/2705181.html", "http://www.17k.com/book/2702539.html", "http://www.17k.com/book/2474887.html", "http://www.17k.com/book/2674733.html", "http://www.17k.com/book/2822076.html", "http://www.17k.com/book/2809894.html", "http://www.17k.com/book/2822077.html", "http://www.17k.com/book/2811930.html", "http://www.17k.com/book/2815548.html", "http://www.17k.com/book/2819620.html", "http://www.17k.com/book/2809964.html", "http://www.17k.com/book/2808200.html", "http://www.17k.com/book/2820100.html", "http://www.17k.com/book/2822978.html", "http://www.17k.com/book/2804337.html", "http://www.17k.com/book/2798814.html", "http://www.17k.com/book/2785153.html", "http://www.17k.com/book/2731559.html", "http://www.17k.com/book/2722533.html", "http://www.17k.com/book/2458377.html", "http://www.17k.com/book/2743300.html", "http://www.17k.com/book/973809.html", "http://www.17k.com/book/2651367.html", "http://www.17k.com/book/2726194.html", "http://www.17k.com/book/2790214.html", "http://www.17k.com/book/493239.html", "http://www.17k.com/book/108821.html", "http://www.17k.com/book/1398783.html", "http://www.17k.com/book/83528.html", "http://www.17k.com/book/1859126.html", "http://www.17k.com/book/1741975.html", "http://www.17k.com/book/192453.html", "http://www.17k.com/book/2459058.html", "http://www.17k.com/book/1050747.html", "http://www.17k.com/book/2700315.html", "http://www.17k.com/book/2818940.html", "http://www.17k.com/book/2819519.html", "http://www.17k.com/book/2816390.html", "http://www.17k.com/book/2819588.html", "http://www.17k.com/book/2813768.html", "http://www.17k.com/book/2822406.html", "http://www.17k.com/book/2772164.html", "http://www.17k.com/book/2784023.html", "http://www.17k.com/book/2811877.html", "http://www.17k.com/book/2809119.html", "http://www.17k.com/book/2803700.html", "http://www.17k.com/book/2819561.html", "http://www.17k.com/book/2746506.html", "http://www.17k.com/book/2811836.html", "http://www.17k.com/book/2614810.html", "http://www.17k.com/book/1592435.html", "http://www.17k.com/book/1949748.html", "http://www.17k.com/book/2265802.html", "http://www.17k.com/book/2743240.html", "http://www.17k.com/book/2657437.html", "http://www.17k.com/book/2644502.html", "http://www.17k.com/book/2199900.html", "http://www.17k.com/book/2725436.html", "http://www.17k.com/book/2629978.html"]}