{"ratings": -1, "userreviews": [{"userName": "17K\u4e66\u53cbQCWJOSRP", "userReviewDate": "2018-06-08", "userURL": "http://user.17k.com/62556229", "userReview": "\u5199\u7684\u4e0d\u9519\u54e6\u3002\u52a0\u6cb9\u66f4\u65b0\u3002"}, {"userName": "\u65b9\u7a0bdfj", "userReviewDate": "2018-06-07", "userURL": "http://user.17k.com/37478060", "userReview": "\u5404\u4f4d\u5927\u5927\u5982\u679c\u559c\u6b22\u7684\u8bc4\u8bba\u4e00\u4e0b\uff0c\u70b9\u4e2a\u6536\u85cf\u3002\u4f60\u4eec\u662f\u6211\u6700\u5927\u7684\u52a8\u529b\u3002"}, {"userName": "\u9a84\u50b2\u7684\u72d7\u5c3e\u5df4\u8349", "userReviewDate": "2018-06-07", "userURL": "http://user.17k.com/62161917", "userReview": "\u52aa\u529b\u66f4\u65b0\u3002\u52a0\u6cb9\uff01"}, {"userName": "\u8d3e\u5e73792194422", "userReviewDate": "2018-06-06", "userURL": "http://user.17k.com/62580100", "userReview": "[\u6253\u8d4f]\u6211\u6253\u8d4f\u4e861\u4e2a'\u5c0f\u5fc3\u5fc3'\uff01\uff01"}, {"userName": "17K\u4e66\u53cbWVVLI8WH", "userReviewDate": "2018-06-06", "userURL": "http://user.17k.com/62556346", "userReview": "[\u6253\u8d4f]\u6211\u6253\u8d4f\u4e861\u4e2a'\u5c0f\u5fc3\u5fc3'\uff01\uff01"}, {"userName": "17K\u4e66\u53cbQCWJOSRP", "userReviewDate": "2018-06-06", "userURL": "http://user.17k.com/62556229", "userReview": "[\u6253\u8d4f]\u6211\u6253\u8d4f\u4e861\u5143\u7ea2\u5305\uff01\uff01"}, {"userName": "17K\u4e66\u53cbQCWJOSRP", "userReviewDate": "2018-06-06", "userURL": "http://user.17k.com/62556229", "userReview": "[\u6253\u8d4f]\u6211\u6253\u8d4f\u4e861\u4e2a'\u5c0f\u5fc3\u5fc3'\uff01\uff01"}, {"userName": "17k\u4e66\u53cbhrn6vd6vv", "userReviewDate": "2018-06-05", "userURL": "http://user.17k.com/62529972", "userReview": "[\u6253\u8d4f]\u6211\u6253\u8d4f\u4e861\u4e2a'\u5c0f\u5fc3\u5fc3'\uff01\uff01"}, {"userName": "\u65b9\u7a0bdfj", "userReviewDate": "2018-06-04", "userURL": "http://user.17k.com/37478060", "userReview": "[\u6253\u8d4f]\u6211\u6253\u8d4f\u4e861\u5143\u7ea2\u5305\uff01\uff01"}, {"userName": "\u65b9\u7a0bdfj", "userReviewDate": "2018-06-03", "userURL": "http://user.17k.com/37478060", "userReview": "111<img src='http://img.17k.com/images/face/112han.gif' />"}], "description": "\u4e00\u4e2a\u666e\u901a\u5c11\u5e74\uff0c\u8d70\u5411\u4e16\u754c\u5dc5\u5cf0\u3002\u4e0d\u662f\u519b\u65c5\u9898\u6750\uff0c\u4e0d\u662f\u7384\u5e7b\u3002\u4e0d\u662f\u5f02\u4e16\u754c\u3002\u4f46\u4f1a\u8d8a\u6765\u8d8a\u7cbe\u5f69\u3002\u6211\u4f1a\u4e3a\u4f60\u8111\u6d1e\u5927\u5f00\u3002", "title": "\u4fe1\u4ef0\u4e4b\u52c7\u95ef\u5929\u6daf", "url": "http://www.17k.com/book/2799633.html", "average": -1.0, "cover": "http://img.17k.com/images/bookcover/default_cover2.jpg", "reviews": 442, "authors": [{"url": "http://www.17k.com/zuozhe/37478060", "name": "\u9a84\u50b2\u7684\u72d7\u5c3e\u5df4\u8349"}], "type": ["\u5f02\u672f\u8d85\u80fd"], "outlinks": ["http://www.17k.com/book/2794982.html", "http://www.17k.com/book/2801292.html", "http://www.17k.com/book/2816318.html", "http://www.17k.com/book/2797575.html", "http://www.17k.com/book/2802516.html", "http://www.17k.com/book/2812195.html", "http://www.17k.com/book/2820143.html", "http://www.17k.com/book/2807943.html", "http://www.17k.com/book/2813457.html", "http://www.17k.com/book/2798058.html", "http://www.17k.com/book/2815617.html", "http://www.17k.com/book/2805259.html", "http://www.17k.com/book/2760255.html", "http://www.17k.com/book/2686894.html", "http://www.17k.com/book/2797016.html", "http://www.17k.com/book/2767246.html", "http://www.17k.com/book/2764239.html", "http://www.17k.com/book/2754498.html", "http://www.17k.com/book/2754900.html", "http://www.17k.com/book/2625740.html", "http://www.17k.com/book/2213315.html", "http://www.17k.com/book/2402178.html", "http://www.17k.com/book/2691221.html", "http://www.17k.com/book/2210699.html", "http://www.17k.com/book/1797752.html", "http://www.17k.com/book/2575507.html", "http://www.17k.com/book/2705181.html", "http://www.17k.com/book/2702539.html", "http://www.17k.com/book/2474887.html", "http://www.17k.com/book/2674733.html", "http://www.17k.com/book/2822076.html", "http://www.17k.com/book/2809894.html", "http://www.17k.com/book/2822077.html", "http://www.17k.com/book/2811930.html", "http://www.17k.com/book/2815548.html", "http://www.17k.com/book/2819620.html", "http://www.17k.com/book/2809964.html", "http://www.17k.com/book/2808200.html", "http://www.17k.com/book/2820100.html", "http://www.17k.com/book/2822978.html", "http://www.17k.com/book/2804337.html", "http://www.17k.com/book/2798814.html", "http://www.17k.com/book/2785153.html", "http://www.17k.com/book/2731559.html", "http://www.17k.com/book/2722533.html", "http://www.17k.com/book/2458377.html", "http://www.17k.com/book/2743300.html", "http://www.17k.com/book/973809.html", "http://www.17k.com/book/2651367.html", "http://www.17k.com/book/2726194.html", "http://www.17k.com/book/2790214.html", "http://www.17k.com/book/493239.html", "http://www.17k.com/book/108821.html", "http://www.17k.com/book/1398783.html", "http://www.17k.com/book/83528.html", "http://www.17k.com/book/1859126.html", "http://www.17k.com/book/1741975.html", "http://www.17k.com/book/192453.html", "http://www.17k.com/book/2459058.html", "http://www.17k.com/book/1050747.html", "http://www.17k.com/book/2700315.html", "http://www.17k.com/book/2818940.html", "http://www.17k.com/book/2819519.html", "http://www.17k.com/book/2816390.html", "http://www.17k.com/book/2819588.html", "http://www.17k.com/book/2813768.html", "http://www.17k.com/book/2822406.html", "http://www.17k.com/book/2772164.html", "http://www.17k.com/book/2784023.html", "http://www.17k.com/book/2811877.html", "http://www.17k.com/book/2809119.html", "http://www.17k.com/book/2803700.html", "http://www.17k.com/book/2819561.html", "http://www.17k.com/book/2746506.html", "http://www.17k.com/book/2811836.html", "http://www.17k.com/book/2614810.html", "http://www.17k.com/book/1592435.html", "http://www.17k.com/book/1949748.html", "http://www.17k.com/book/2265802.html", "http://www.17k.com/book/2743240.html", "http://www.17k.com/book/2657437.html", "http://www.17k.com/book/2644502.html", "http://www.17k.com/book/2199900.html", "http://www.17k.com/book/2725436.html", "http://www.17k.com/book/2629978.html"]}