{"ratings": -1, "userreviews": [{"userName": "\u65e0\u60c5\u7684\u5c81\u6708\u6d41\u901d", "userReviewDate": "2018-05-29", "userURL": "http://user.17k.com/61276760", "userReview": "\u51b3\u5b9a\u5f03\u4e66\u3002\u3002\u3002\u3002"}, {"userName": "\u7389\u7687\u9601\u597d\u597d", "userReviewDate": "2018-05-27", "userURL": "http://user.17k.com/60965841", "userReview": "\u8fd9\u4e2a\u4f5c\u8005\uff0c\u4ee5\u524d\u603b\u8bf4\u672c\u4e66\u6ca1\u4eba\u6c14\uff0c\u6ca1\u8bfb\u8005\uff0c\u5199\u4e0d\u4e0b\u53bb\u3002\u6700\u8fd1\u660e\u660e\u8bfb\u8005\u660e\u663e\u589e\u52a0\uff0c\u4eba\u6c14\u4e5f\u663e\u8457\u63d0\u5347\uff0c\u7ed3\u679c\u4f5c\u8005\u53c8\u4e0d\u5199\u4e86\uff0c\u628a\u597d\u4e0d\u5bb9\u6613\u805a\u96c6\u7684\u4eba\u6c14\u53c8\u6563\u6389\u4e86\uff0c\u771f\u662f\u4f5c"}, {"userName": "17k\u4e66\u53cb6wi4na9hv", "userReviewDate": "2018-05-18", "userURL": "http://user.17k.com/61910944", "userReview": "[\u6253\u8d4f]\u6211\u6253\u8d4f\u4e862\u5143\u7ea2\u5305\uff01\uff01"}, {"userName": "\u627e\u5230\u5fc3\u7684\u65b9\u5411", "userReviewDate": "2018-05-16", "userURL": "http://user.17k.com/60323797", "userReview": "[\u6253\u8d4f]\u6211\u6253\u8d4f\u4e869\u5143\u7ea2\u5305\uff01\uff01"}, {"userName": "\u7389\u7687\u9601\u597d\u597d", "userReviewDate": "2018-05-15", "userURL": "http://user.17k.com/60965841", "userReview": "uuyyhh"}, {"userName": "\u65e0\u60c5\u7684\u5c81\u6708\u6d41\u901d", "userReviewDate": "2018-05-15", "userURL": "http://user.17k.com/61276760", "userReview": "\u4fee\u4ed9\u754c\u4ee5\u5b9e\u529b\u4e3a\u5c0a\uff0c\u5927\u5ead\u5e7f\u4f17\u4e4b\u4e0b\u600e\u4e48\u4e86\uff0c\u53cd\u6b63\u4e5f\u6ca1\u4eba\u6562\u8bf4\u4ec0\u4e48\uff0c\u96be\u9053\u53ea\u8bb8\u53cd\u6d3e\u5927\u5ead\u5e7f\u4f17\u4e4b\u4e0b\u5904\u5904\u903c\u4eba\uff0c\u4e0d\u51c6\u4e3b\u89d2\u4e0d\u9976\u4eba\u5417\uff1f\u5982\u679c\u4e3b\u89d2\u4e0d\u51fa\u73b0\uff0c\u90a3\u53cd\u6d3e\u4e0d\u4e5f\u662f\u5927\u5ead\u5e7f\u4f17\u4e4b\u4e0b\u5417\uff0c\u5e0c\u671b\u4f5c\u8005\u4e0d\u8981\u81ea\u5df1\u6253\u81ea\u5df1\u8138"}, {"userName": "\u65e0\u60c5\u7684\u5c81\u6708\u6d41\u901d", "userReviewDate": "2018-05-15", "userURL": "http://user.17k.com/61276760", "userReview": "\u4fee\u4ed9\u754c\u4ee5\u5b9e\u529b\u4e3a\u5c0a\uff0c\u5927\u5ead\u5e7f\u4f17\u4e4b\u4e0b\u600e\u4e48\u4e86\uff0c\u53cd\u6b63\u4e5f\u6ca1\u4eba\u6562\u8bf4\u4ec0\u4e48\uff0c\u96be\u9053\u53ea\u8bb8\u53cd\u6d3e\u5927\u5ead\u5e7f\u4f17\u4e4b\u4e0b\u5904\u5904\u903c\u4eba\uff0c\u4e0d\u51c6\u4e3b\u89d2\u4e0d\u9976\u4eba\u5417\uff1f\u5982\u679c\u4e3b\u89d2\u4e0d\u51fa\u73b0\uff0c\u90a3\u53cd\u6d3e\u4e0d\u4e5f\u662f\u5927\u5ead\u5e7f\u4f17\u4e4b\u4e0b\u5417\uff0c\u5e0c\u671b\u4f5c\u8005\u4e0d\u8981\u81ea\u5df1\u6253\u81ea\u5df1\u8138"}, {"userName": "17k\u4e66\u53cbno25srada", "userReviewDate": "2018-05-14", "userURL": "http://user.17k.com/61790099", "userReview": "[\u6253\u8d4f]\u6211\u6253\u8d4f\u4e8618\u5143\u7ea2\u5305\uff01\uff01"}, {"userName": "\u7389\u7687\u9601\u597d\u597d", "userReviewDate": "2018-05-13", "userURL": "http://user.17k.com/60965841", "userReview": "huhyyy"}, {"userName": "\u7389\u7687\u9601\u597d\u597d", "userReviewDate": "2018-05-12", "userURL": "http://user.17k.com/60965841", "userReview": "hyujuu"}, {"userName": "\u7389\u7687\u9601\u597d\u597d", "userReviewDate": "2018-05-11", "userURL": "http://user.17k.com/60965841", "userReview": "yyyyyh"}, {"userName": "\u7389\u7687\u9601\u597d\u597d", "userReviewDate": "2018-05-10", "userURL": "http://user.17k.com/60965841", "userReview": "\u600e\u4e48\u5feb\u5c31\u4e0d\u5e72\u4e86\uff0c\u73b0\u5728\u8bfb\u8005\u8d8a\u6765\u8d8a\u591a\uff0c\u7ed3\u679c\u4f60\u5374\u653e\u5f03\u4e86"}, {"userName": "\u4e0d\u88c5\u9970\u4f60\u7684\u68a6728824989", "userReviewDate": "2018-05-09", "userURL": "http://user.17k.com/45817355", "userReview": "\u4f5c\u8005\u4e0d\u5805\u6301\u8b80\u8005\u9019\u652f\u6301"}, {"userName": "\u65e0\u60c5\u7684\u5c81\u6708\u6d41\u901d", "userReviewDate": "2018-05-06", "userURL": "http://user.17k.com/61276760", "userReview": "\u6c42\u66f4\u65b0\u3002\u3002\u3002\u3002\u3002\u3002\u3002\u3002\u3002"}, {"userName": "\u65e0\u60c5\u7684\u5c81\u6708\u6d41\u901d", "userReviewDate": "2018-05-06", "userURL": "http://user.17k.com/61276760", "userReview": "[\u6253\u8d4f]\u6211\u6253\u8d4f\u4e861\u4e2a'\u5c0f\u5fc3\u5fc3'\uff01\uff01"}, {"userName": "\u627e\u5230\u5fc3\u7684\u65b9\u5411", "userReviewDate": "2018-05-05", "userURL": "http://user.17k.com/60323797", "userReview": "[\u6253\u8d4f]\u6211\u6253\u8d4f\u4e861\u4e2a'\u5c0f\u5fc3\u5fc3'\uff01\uff01"}, {"userName": "\u5723\u9690\u5e1d\u5143", "userReviewDate": "2018-05-01", "userURL": "http://user.17k.com/57760595", "userReview": "\u7b7e\u5230\u652f\u6301"}, {"userName": "\u671b\u660e\u5c0f\u4fa0", "userReviewDate": "2018-05-01", "userURL": "http://user.17k.com/58680368", "userReview": "\u5927\u5927\u5199\u7684\u4e0d\u9519\uff0c\u5e0c\u671b\u53ef\u4ee5\u56de\u8bbf\u4e00\u4e0b\u3002"}, {"userName": "\u7389\u7687\u9601\u597d\u597d", "userReviewDate": "2018-04-28", "userURL": "http://user.17k.com/60965841", "userReview": "\u73b0\u5728\u4e00\u7ae0\u67092\u5343\u591a\u7684\u70b9\u51fb\u554a"}, {"userName": "\u5251858960162", "userReviewDate": "2018-04-21", "userURL": "http://user.17k.com/61150992", "userReview": "\u4e00\u76f4\u90fd\u8bf4\u8d44\u6e90\u7a00\u7f3a\uff0c\u4f46\u662f\u52a8\u4e0d\u52a8\u5c31\u51e0\u5343\u7075\u77f3\uff0c\u8fd9\u4e0d\u662f\u8d64\u679c\u679c\u7684\u81ea\u5df1\u6253\u81ea\u5df1\u7684\u8138\uff1f\u8ba9\u4eba\u5bb6\u90a3\u4e9b\u4e3a\u4e86\u4e00\u4e2a\u6b63\u54c1\u7075\u77f3\u90fd\u8ba8\u4ef7\u8fd8\u4ef7\uff0c\u6216\u662f\u6740\u4eba\u593a\u5b9d\u4e86\u624d\u51e0\u4e2a\u7075\u77f3\u7684\u4eba\uff0c\u60c5\u4ee5\u4f55\u582a\u554a\uff01"}], "description": "\u8bf8\u5929\u4e07\u754c\u4e2d\uff0c\u9b54\u65cf\u7ec8\u79f0\u9738\uff1b\u3000\u3000\u4e0b\u5c4a\u5929\u4e91\u5dde\uff0c\u4e0a\u53e4\u906d\u8df5\u8e0f\u3002\u3000\u3000\u4eca\u867d\u9b54\u5df2\u53bb\uff0c\u7075\u6c14\u8d44\u6e90\u4e4f\uff0c\u3000\u3000\u4e00\u671d\u98ce\u4e91\u8d77\uff0c\u591a\u65b9\u6765\u4e89\u9738\u3002\u3000\u3000\u4e07\u5e74\u5927\u6218\u540e\uff0c\u4eba\u65cf\u59cb\u58ee\u53d1\uff0c\u3000\u3000\u51e1\u4eba\u4e00\u5c11\u5e74\uff0c\u4fee\u4ed9\u4f0f\u9b54\u8bdd\u3002\u3000\u3000=======================================\u3000\u3000\u559c\u6b22\u672c\u4e66\u7684\u670b\u53cb\uff0c\u8bf7\u52a1\u5fc5\u70b9\u51fb\u6536\u85cf\u4e00\u4e0b\uff0c\u8c22\u8c22\uff01\u53e6\u5916\u6b22\u8fce\u5927\u5bb6\u6295\u9c9c\u82b1\u652f\u6301\uff0c\u6c42\u8ba2\u9605\uff01\u6c42\u6253\u8d4f\uff01\u4f60\u7684\u652f\u6301\u662f\u6211\u6700\u5927\u7684\u5199\u4f5c\u52a8\u529b\uff0c\u591a\u8c22\uff01\uff01\uff01", "title": "\u4fee\u4ed9\u4f0f\u9b54\u8bb0", "url": "http://www.17k.com/book/1196110.html", "average": -1.0, "cover": "http://img.17k.com/images/bookcover/2016/5980/29/1196110-1459774299000.jpg", "reviews": 731819, "authors": [{"url": "http://www.17k.com/zuozhe/38794265", "name": "\u72ec\u5b64\u8bda"}], "type": ["\u53e4\u5178\u4ed9\u4fa0"], "outlinks": ["http://www.17k.com/book/2794982.html", "http://www.17k.com/book/2801292.html", "http://www.17k.com/book/2816318.html", "http://www.17k.com/book/2797575.html", "http://www.17k.com/book/2802516.html", "http://www.17k.com/book/2812195.html", "http://www.17k.com/book/2820143.html", "http://www.17k.com/book/2807943.html", "http://www.17k.com/book/2813457.html", "http://www.17k.com/book/2798058.html", "http://www.17k.com/book/2815617.html", "http://www.17k.com/book/2805259.html", "http://www.17k.com/book/2760255.html", "http://www.17k.com/book/2686894.html", "http://www.17k.com/book/2797016.html", "http://www.17k.com/book/2767246.html", "http://www.17k.com/book/2764239.html", "http://www.17k.com/book/2754498.html", "http://www.17k.com/book/2754900.html", "http://www.17k.com/book/2625740.html", "http://www.17k.com/book/2213315.html", "http://www.17k.com/book/2402178.html", "http://www.17k.com/book/2691221.html", "http://www.17k.com/book/2210699.html", "http://www.17k.com/book/1797752.html", "http://www.17k.com/book/2575507.html", "http://www.17k.com/book/2705181.html", "http://www.17k.com/book/2702539.html", "http://www.17k.com/book/2474887.html", "http://www.17k.com/book/2674733.html", "http://www.17k.com/book/2822076.html", "http://www.17k.com/book/2809894.html", "http://www.17k.com/book/2822077.html", "http://www.17k.com/book/2811930.html", "http://www.17k.com/book/2815548.html", "http://www.17k.com/book/2819620.html", "http://www.17k.com/book/2809964.html", "http://www.17k.com/book/2808200.html", "http://www.17k.com/book/2820100.html", "http://www.17k.com/book/2822978.html", "http://www.17k.com/book/2804337.html", "http://www.17k.com/book/2798814.html", "http://www.17k.com/book/2785153.html", "http://www.17k.com/book/2731559.html", "http://www.17k.com/book/2722533.html", "http://www.17k.com/book/2458377.html", "http://www.17k.com/book/2743300.html", "http://www.17k.com/book/973809.html", "http://www.17k.com/book/2651367.html", "http://www.17k.com/book/2726194.html", "http://www.17k.com/book/2790214.html", "http://www.17k.com/book/493239.html", "http://www.17k.com/book/108821.html", "http://www.17k.com/book/1398783.html", "http://www.17k.com/book/83528.html", "http://www.17k.com/book/1859126.html", "http://www.17k.com/book/1741975.html", "http://www.17k.com/book/192453.html", "http://www.17k.com/book/2459058.html", "http://www.17k.com/book/1050747.html", "http://www.17k.com/book/2700315.html", "http://www.17k.com/book/2818940.html", "http://www.17k.com/book/2819519.html", "http://www.17k.com/book/2816390.html", "http://www.17k.com/book/2819588.html", "http://www.17k.com/book/2813768.html", "http://www.17k.com/book/2822406.html", "http://www.17k.com/book/2772164.html", "http://www.17k.com/book/2784023.html", "http://www.17k.com/book/2811877.html", "http://www.17k.com/book/2809119.html", "http://www.17k.com/book/2803700.html", "http://www.17k.com/book/2819561.html", "http://www.17k.com/book/2746506.html", "http://www.17k.com/book/2811836.html", "http://www.17k.com/book/2614810.html", "http://www.17k.com/book/1592435.html", "http://www.17k.com/book/1949748.html", "http://www.17k.com/book/2265802.html", "http://www.17k.com/book/2743240.html", "http://www.17k.com/book/2657437.html", "http://www.17k.com/book/2644502.html", "http://www.17k.com/book/2199900.html", "http://www.17k.com/book/2725436.html", "http://www.17k.com/book/2629978.html"]}