{"ratings": -1, "userreviews": [], "description": "\u6ca7\u832b\u5927\u5730\uff0c\u81ea\u6570\u767e\u4e07\u5e74\u524d\u7684\u4e00\u573a\u5927\u707e\u5bb3\u540e\uff0c\u4fee\u771f\u5c31\u7a81\u7136\u8fdc\u79bb\u4e86\u8fd9\u7247\u5927\u5730\uff0c\u4eba\u7c7b\u4f53\u8d28\u4e5f\u6162\u6162\u53d8\u5f97\u5f31\u4e0d\u7981\u98ce\uff0c\u4e0d\u518d\u9002\u5408\u4fee\u70bc\uff1b\u66f4\u6ca1\u6709\u9002\u5408\u4eba\u7c7b\u4fee\u70bc\u7684\u6cd5\u95e8\uff0c\u4e00\u5207\u90fd\u53d8\u6b7b\u6c14\u6c89\u6c89\uff0c\u4eba\u7c7b\u4e0d\u7518\u88ab\u547d\u8fd0\u4e3b\u5bb0\uff0c\u7ec8\u4e8e\u5728\u51e0\u767e\u5e74\u524d\uff0c\u4eba\u7c7b\u53d1\u73b0\u4e86\u53ef\u4ee5\u4e0d\u518d\u4f9d\u8d56\u81ea\u8eab\u8089\u4f53\u54c1\u8d28\u7684\u4e00\u4e9b\u4e1c\u897f\u6765\u589e\u5f3a\u4eba\u7c7b\u7684\u5b9e\u529b\u7684\u624b\u6bb5\uff0c\u88ab\u4eba\u7c7b\u547d\u540d\u4e3a\u79d1\u5b66\u4e0e\u6280\u672f\u2026", "title": "\u4fee\u4ed9\u5217\u4f20\u4e4b\u6563\u4ed9\u59dc\u96f7\u751f\u4f20", "url": "http://www.17k.com/book/2836387.html", "average": -1.0, "cover": "http://img.17k.com/images/bookcover/default_cover1.jpg", "reviews": 19, "authors": [{"url": "http://www.17k.com/zuozhe/62607961", "name": "\u5b89\u9f99\u5c45\u58eb"}], "type": ["\u73b0\u4ee3\u4fee\u771f"], "outlinks": ["http://www.17k.com/book/2794982.html", "http://www.17k.com/book/2801292.html", "http://www.17k.com/book/2816318.html", "http://www.17k.com/book/2797575.html", "http://www.17k.com/book/2802516.html", "http://www.17k.com/book/2812195.html", "http://www.17k.com/book/2820143.html", "http://www.17k.com/book/2807943.html", "http://www.17k.com/book/2813457.html", "http://www.17k.com/book/2798058.html", "http://www.17k.com/book/2815617.html", "http://www.17k.com/book/2805259.html", "http://www.17k.com/book/2760255.html", "http://www.17k.com/book/2686894.html", "http://www.17k.com/book/2797016.html", "http://www.17k.com/book/2767246.html", "http://www.17k.com/book/2764239.html", "http://www.17k.com/book/2754498.html", "http://www.17k.com/book/2754900.html", "http://www.17k.com/book/2625740.html", "http://www.17k.com/book/2213315.html", "http://www.17k.com/book/2402178.html", "http://www.17k.com/book/2691221.html", "http://www.17k.com/book/2210699.html", "http://www.17k.com/book/1797752.html", "http://www.17k.com/book/2575507.html", "http://www.17k.com/book/2705181.html", "http://www.17k.com/book/2702539.html", "http://www.17k.com/book/2474887.html", "http://www.17k.com/book/2674733.html", "http://www.17k.com/book/2822076.html", "http://www.17k.com/book/2809894.html", "http://www.17k.com/book/2822077.html", "http://www.17k.com/book/2811930.html", "http://www.17k.com/book/2815548.html", "http://www.17k.com/book/2819620.html", "http://www.17k.com/book/2809964.html", "http://www.17k.com/book/2808200.html", "http://www.17k.com/book/2820100.html", "http://www.17k.com/book/2822978.html", "http://www.17k.com/book/2804337.html", "http://www.17k.com/book/2798814.html", "http://www.17k.com/book/2785153.html", "http://www.17k.com/book/2731559.html", "http://www.17k.com/book/2722533.html", "http://www.17k.com/book/2458377.html", "http://www.17k.com/book/2743300.html", "http://www.17k.com/book/973809.html", "http://www.17k.com/book/2651367.html", "http://www.17k.com/book/2726194.html", "http://www.17k.com/book/2790214.html", "http://www.17k.com/book/493239.html", "http://www.17k.com/book/108821.html", "http://www.17k.com/book/1398783.html", "http://www.17k.com/book/83528.html", "http://www.17k.com/book/1859126.html", "http://www.17k.com/book/1741975.html", "http://www.17k.com/book/192453.html", "http://www.17k.com/book/2459058.html", "http://www.17k.com/book/1050747.html", "http://www.17k.com/book/2700315.html", "http://www.17k.com/book/2818940.html", "http://www.17k.com/book/2819519.html", "http://www.17k.com/book/2816390.html", "http://www.17k.com/book/2819588.html", "http://www.17k.com/book/2813768.html", "http://www.17k.com/book/2822406.html", "http://www.17k.com/book/2772164.html", "http://www.17k.com/book/2784023.html", "http://www.17k.com/book/2811877.html", "http://www.17k.com/book/2809119.html", "http://www.17k.com/book/2803700.html", "http://www.17k.com/book/2819561.html", "http://www.17k.com/book/2746506.html", "http://www.17k.com/book/2811836.html", "http://www.17k.com/book/2614810.html", "http://www.17k.com/book/1592435.html", "http://www.17k.com/book/1949748.html", "http://www.17k.com/book/2265802.html", "http://www.17k.com/book/2743240.html", "http://www.17k.com/book/2657437.html", "http://www.17k.com/book/2644502.html", "http://www.17k.com/book/2199900.html", "http://www.17k.com/book/2725436.html", "http://www.17k.com/book/2629978.html"]}