{"ratings": -1, "userreviews": [{"userName": "\u5b64\u75de`\u3001", "userReviewDate": "2017-06-27", "userURL": "http://user.17k.com/55869692", "userReview": "\u9189\u72fc\u643a<a target='_blank' href='http://www.17k.com/book/2546877.html'>\u300a\u5929\u4e3b\u5bb0\u9a6d\u300b</a>\u6765\u8bbf\uff0c\u5e0c\u671b\u4f5c\u8005\u5927\u5927\u591a\u591a\u6307\u70b9\uff0c\u5927\u5bb6\u591a\u591a\u652f\u6301\u3002"}, {"userName": "\u6d3b\u7740\u8270\u96be", "userReviewDate": "2017-05-25", "userURL": "http://user.17k.com/54891764", "userReview": "<span style='color:black'><a target='_blank' href='http://www.17k.com/book/2488852.html'>\u300a\u9752\u5188\u68d2\u300b</a>\u62dc\u8bfb\u6765\uff0c\u6c42\u5206\u4eab</span>"}, {"userName": "17K\u4e66\u53cbOVQN6JYL", "userReviewDate": "2017-05-14", "userURL": "http://user.17k.com/55088840", "userReview": "\u4f5c\u8005\u591a\u957f\u65f6\u95f4\u66f4\u65b0\u4e00\u6b21\u554a"}, {"userName": "\u5929\u52fe\u63fd\u6708", "userReviewDate": "2016-12-04", "userURL": "http://user.17k.com/51040277", "userReview": "<a target='_blank' href='http://www.17k.com/book/2227086.html'>\u300a\u4e07\u53e4\u795e\u964d\u300b</a>\u7684\u6a58\u7ea2\u9897\u7c92\u6781\u597d\u51e1\u8001\u592b\u8fd8"}, {"userName": "\u4e00\u751f\u5bc4\u68a6", "userReviewDate": "2016-12-01", "userURL": "http://user.17k.com/46015657", "userReview": "\u725b\u903c"}], "description": "\u53f6\u8c26\uff0c\u4e00\u4e2a\u88ab\u5bb6\u65cf\u9057\u5f03\u7684\u50bb\u5b50\uff0c\u53d7\u5c3d\u540c\u5b66\u6b3a\u51cc\uff0c\u4e16\u95f4\u767d\u773c\u3002\u4e0d\u60f3\u4e00\u671d\u89c9\u9192\uff0c\u878d\u5408\u4e86\u524d\u4e16\u4e5d\u754c\u7b2c\u4e00\u4ed9\u4eba\u7684\u8bb0\u5fc6\uff0c\u4ece\u6b64\uff0c\u6536\u4ed9\u754c\u82b1\u4e3b\uff0c\u8e22\u4eba\u95f4\u4e8c\u4ee3\uff0c\u6276\u6447\u76f4\u4e0a\uff0c\u9f99\u817e\u4e5d\u5929\u3002\u4e14\u770b\u4e00\u4e2a\u50bb\u5b50\uff0c\u5982\u4f55\u73a9\u8f6c\u6821\u56ed\uff0c\u7eb5\u6a2a\u90fd\u5e02\uff0c\u4e3b\u5bb0\u6d6e\u6c89\uff01", "title": "\u4fee\u771f\u72c2\u5c11\u54aa\u5495\uff08\u5408\u4f5c\uff09", "url": "http://www.17k.com/book/2232564.html", "average": -1.0, "cover": "http://img.17k.com/images/bookcover/2016/11162/55/2232564-1480062759000.jpg", "reviews": 13006, "authors": [{"url": "http://www.17k.com/zuozhe/51141313", "name": "\u6743\u638c\u5929\u4e0b\uff08\u5408\u4f5c\uff09"}], "type": ["\u90fd\u5e02\u5f02\u80fd"], "outlinks": ["http://www.17k.com/book/2794982.html", "http://www.17k.com/book/2801292.html", "http://www.17k.com/book/2816318.html", "http://www.17k.com/book/2797575.html", "http://www.17k.com/book/2802516.html", "http://www.17k.com/book/2812195.html", "http://www.17k.com/book/2820143.html", "http://www.17k.com/book/2807943.html", "http://www.17k.com/book/2813457.html", "http://www.17k.com/book/2798058.html", "http://www.17k.com/book/2815617.html", "http://www.17k.com/book/2805259.html", "http://www.17k.com/book/2760255.html", "http://www.17k.com/book/2686894.html", "http://www.17k.com/book/2797016.html", "http://www.17k.com/book/2767246.html", "http://www.17k.com/book/2764239.html", "http://www.17k.com/book/2754498.html", "http://www.17k.com/book/2754900.html", "http://www.17k.com/book/2625740.html", "http://www.17k.com/book/2213315.html", "http://www.17k.com/book/2402178.html", "http://www.17k.com/book/2691221.html", "http://www.17k.com/book/2210699.html", "http://www.17k.com/book/1797752.html", "http://www.17k.com/book/2575507.html", "http://www.17k.com/book/2705181.html", "http://www.17k.com/book/2702539.html", "http://www.17k.com/book/2474887.html", "http://www.17k.com/book/2674733.html", "http://www.17k.com/book/2822076.html", "http://www.17k.com/book/2809894.html", "http://www.17k.com/book/2822077.html", "http://www.17k.com/book/2811930.html", "http://www.17k.com/book/2815548.html", "http://www.17k.com/book/2819620.html", "http://www.17k.com/book/2809964.html", "http://www.17k.com/book/2808200.html", "http://www.17k.com/book/2820100.html", "http://www.17k.com/book/2822978.html", "http://www.17k.com/book/2804337.html", "http://www.17k.com/book/2798814.html", "http://www.17k.com/book/2785153.html", "http://www.17k.com/book/2731559.html", "http://www.17k.com/book/2722533.html", "http://www.17k.com/book/2458377.html", "http://www.17k.com/book/2743300.html", "http://www.17k.com/book/973809.html", "http://www.17k.com/book/2651367.html", "http://www.17k.com/book/2726194.html", "http://www.17k.com/book/2790214.html", "http://www.17k.com/book/493239.html", "http://www.17k.com/book/108821.html", "http://www.17k.com/book/1398783.html", "http://www.17k.com/book/83528.html", "http://www.17k.com/book/1859126.html", "http://www.17k.com/book/1741975.html", "http://www.17k.com/book/192453.html", "http://www.17k.com/book/2459058.html", "http://www.17k.com/book/1050747.html", "http://www.17k.com/book/2700315.html", "http://www.17k.com/book/2818940.html", "http://www.17k.com/book/2819519.html", "http://www.17k.com/book/2816390.html", "http://www.17k.com/book/2819588.html", "http://www.17k.com/book/2813768.html", "http://www.17k.com/book/2822406.html", "http://www.17k.com/book/2772164.html", "http://www.17k.com/book/2784023.html", "http://www.17k.com/book/2811877.html", "http://www.17k.com/book/2809119.html", "http://www.17k.com/book/2803700.html", "http://www.17k.com/book/2819561.html", "http://www.17k.com/book/2746506.html", "http://www.17k.com/book/2811836.html", "http://www.17k.com/book/2614810.html", "http://www.17k.com/book/1592435.html", "http://www.17k.com/book/1949748.html", "http://www.17k.com/book/2265802.html", "http://www.17k.com/book/2743240.html", "http://www.17k.com/book/2657437.html", "http://www.17k.com/book/2644502.html", "http://www.17k.com/book/2199900.html", "http://www.17k.com/book/2725436.html", "http://www.17k.com/book/2629978.html"]}