{"ratings": -1, "userreviews": [], "description": "\u5434\u4e09\uff0c\u4e16\u79f0\u5434\u50bb\uff0c\u56e0\u8d44\u8d28\u70c2\u5230\u5bb6\u5374\u62d2\u7edd\u4e86\u4fee\u771f\u7b2c\u4e00\u4eba\u6536\u5f92\u800c\u5f97\u540d\u3002\u8eab\u4e16\u7528\u60e8\u5df2\u4e0d\u8db3\u4ee5\u5f62\u5bb9\uff0c\u60f3\u62a5\u4ec7\u5374\u53ea\u80fd\u9009\u62e9\u4e00\u6761\u5947\u8469\u8def\u7ebf\u3002\u5728\u4e00\u573a\u53ef\u6015\u7684\u4eba\u4e0e\u5996\u7684\u5927\u6218\u4e2d\uff0c\u4ed6\u53d7\u5230\u6ce2\u53ca\uff0c\u88ab\u4e00\u4f4d\u5931\u53bb\u8089\u8eab\u7684\u9ad8\u9636\u4fee\u58eb\u593a\u820d\uff0c\u6ca1\u60f3\u5230\u5374\u53cd\u88ab\u4ed6\u5b88\u4f4f\u795e\u9b42\uff0c\u8fd8\u987a\u4fbf\u6536\u83b7\u4e86\u90a3\u4f4d\u9ad8\u9636\u4fee\u58eb\u7684\u4e00\u6761\u72d7\u3002\u4ed6\u91cd\u71c3\u4fee\u771f\u4fe1\u5ff5\uff0c\u6700\u540e\u53d1\u73b0\uff0c\u4e0d\u8fc7\u955c\u82b1\u6c34\u6708\u4e00\u573a\u2026\u2026", "title": "\u4fee\u771f\u6ca5\u8840\u8bb0", "url": "http://www.17k.com/book/2833919.html", "average": -1.0, "cover": "http://img.17k.com/images/bookcover/default_cover1.jpg", "reviews": 49, "authors": [{"url": "http://www.17k.com/zuozhe/61997019", "name": "\u9ec4\u5cad\u4e09\u66f4"}], "type": ["\u5947\u5e7b\u4fee\u771f"], "outlinks": ["http://www.17k.com/book/2794982.html", "http://www.17k.com/book/2801292.html", "http://www.17k.com/book/2816318.html", "http://www.17k.com/book/2797575.html", "http://www.17k.com/book/2802516.html", "http://www.17k.com/book/2812195.html", "http://www.17k.com/book/2820143.html", "http://www.17k.com/book/2807943.html", "http://www.17k.com/book/2813457.html", "http://www.17k.com/book/2798058.html", "http://www.17k.com/book/2815617.html", "http://www.17k.com/book/2805259.html", "http://www.17k.com/book/2760255.html", "http://www.17k.com/book/2686894.html", "http://www.17k.com/book/2797016.html", "http://www.17k.com/book/2767246.html", "http://www.17k.com/book/2764239.html", "http://www.17k.com/book/2754498.html", "http://www.17k.com/book/2754900.html", "http://www.17k.com/book/2625740.html", "http://www.17k.com/book/2213315.html", "http://www.17k.com/book/2402178.html", "http://www.17k.com/book/2691221.html", "http://www.17k.com/book/2210699.html", "http://www.17k.com/book/1797752.html", "http://www.17k.com/book/2575507.html", "http://www.17k.com/book/2705181.html", "http://www.17k.com/book/2702539.html", "http://www.17k.com/book/2474887.html", "http://www.17k.com/book/2674733.html", "http://www.17k.com/book/2822076.html", "http://www.17k.com/book/2809894.html", "http://www.17k.com/book/2822077.html", "http://www.17k.com/book/2811930.html", "http://www.17k.com/book/2815548.html", "http://www.17k.com/book/2819620.html", "http://www.17k.com/book/2809964.html", "http://www.17k.com/book/2808200.html", "http://www.17k.com/book/2820100.html", "http://www.17k.com/book/2822978.html", "http://www.17k.com/book/2804337.html", "http://www.17k.com/book/2798814.html", "http://www.17k.com/book/2785153.html", "http://www.17k.com/book/2731559.html", "http://www.17k.com/book/2722533.html", "http://www.17k.com/book/2458377.html", "http://www.17k.com/book/2743300.html", "http://www.17k.com/book/973809.html", "http://www.17k.com/book/2651367.html", "http://www.17k.com/book/2726194.html", "http://www.17k.com/book/2790214.html", "http://www.17k.com/book/493239.html", "http://www.17k.com/book/108821.html", "http://www.17k.com/book/1398783.html", "http://www.17k.com/book/83528.html", "http://www.17k.com/book/1859126.html", "http://www.17k.com/book/1741975.html", "http://www.17k.com/book/192453.html", "http://www.17k.com/book/2459058.html", "http://www.17k.com/book/1050747.html", "http://www.17k.com/book/2700315.html", "http://www.17k.com/book/2818940.html", "http://www.17k.com/book/2819519.html", "http://www.17k.com/book/2816390.html", "http://www.17k.com/book/2819588.html", "http://www.17k.com/book/2813768.html", "http://www.17k.com/book/2822406.html", "http://www.17k.com/book/2772164.html", "http://www.17k.com/book/2784023.html", "http://www.17k.com/book/2811877.html", "http://www.17k.com/book/2809119.html", "http://www.17k.com/book/2803700.html", "http://www.17k.com/book/2819561.html", "http://www.17k.com/book/2746506.html", "http://www.17k.com/book/2811836.html", "http://www.17k.com/book/2614810.html", "http://www.17k.com/book/1592435.html", "http://www.17k.com/book/1949748.html", "http://www.17k.com/book/2265802.html", "http://www.17k.com/book/2743240.html", "http://www.17k.com/book/2657437.html", "http://www.17k.com/book/2644502.html", "http://www.17k.com/book/2199900.html", "http://www.17k.com/book/2725436.html", "http://www.17k.com/book/2629978.html"]}