{"ratings": -1, "userreviews": [{"userName": "\u8840\u916c", "userReviewDate": "2013-03-24", "userURL": "http://user.17k.com/2296", "userReview": "\u597d\u4e66\uff0c\u9001\u4e0a\u9c9c\u82b1\u7ed9\u4f60\u91c7\u871c"}, {"userName": "\u5584\u826f\u7684\u871c\u8702", "userReviewDate": "2013-03-24", "userURL": "http://user.17k.com/4718065", "userReview": "\u5efa\u4e2a\u300a\u7ea0\u9519\u697c\u300b\n\u871c\u8702\u6bcf\u7ae0\u5185\u5bb9\uff0c\u90fd\u4f1a\u68c0\u67e5\u81f3\u5c113\u904d\uff0c\u4e0d\u8fc7\u4ecd\u7136\u65e0\u6cd5\u907f\u514d\u9519\u5b57\u95ee\u9898\uff0c\u4e3a\u4e86\u8ba9\u5927\u5bb6\u770b\u7740\u8212\u5fc3\u7279\u5efa\u6b64\u697c\uff0c\u53d1\u73b0\u9519\u5b57\u75c5\u53e5\u7b49\u95ee\u9898\uff0c\u6b22\u8fce\u5927\u5bb6\u7559\u8a00\uff0c\u871c\u8702\u770b\u5230\uff0c\u4e00\u5b9a\u7b2c\u4e00\u65f6\u95f4\u4fee\u6539\uff0c\u8c22\u8c22\u5927\u5bb6\u652f\u6301\uff01<img src='http://img.17k.com/images/face/107xf.gif' />"}, {"userName": "\u26a0460646372", "userReviewDate": "2018-06-08", "userURL": "http://user.17k.com/55624499", "userReview": "\u8d8a\u5199\u8d8a\u504f\u79bb\u4e3b\u7ebf\u4e86\u5462\uff0c\u6ca1\u6709\u4e4b\u524d\u7684\u7cbe\u5f69"}, {"userName": "\u65b0\u7684\u5f00\u59cb146326634", "userReviewDate": "2018-06-08", "userURL": "http://user.17k.com/60199875", "userReview": "\u5389\u5bb3\u4e86\ue00e\uff0c\u534a\u5e74\u6ca1\u770b\uff0c\u5df2\u7ecf\u6b20\u4e86\u4e00\u5e74\u534a\u7684\u7ae0\u8282\u4e86\uff0c\u679c\u65ad\u5f03\u4e66\u2026\u7ee7\u7eed\u770b\u6015\u662f\u8fd9\u4e00\u8f88\u5b50\u4e5f\u770b\u4e0d\u5b8c\u7684\u4e86\u2026"}, {"userName": "17K\u4e66\u53cbPETBHCHN", "userReviewDate": "2018-06-08", "userURL": "http://user.17k.com/62636502", "userReview": "\u597d\u65e0\u8bed \u90fd\u770b\u51e0\u5e74\u4e86"}, {"userName": "17K\u4e66\u53cbPETBHCHN", "userReviewDate": "2018-06-08", "userURL": "http://user.17k.com/62636502", "userReview": "\u597d\u65e0\u8bed \u90fd\u770b\u51e0\u5e74\u4e86"}, {"userName": "17K\u4e66\u53cbPETBHCHN", "userReviewDate": "2018-06-08", "userURL": "http://user.17k.com/62636502", "userReview": "\u597d\u65e0\u8bed \u90fd\u770b\u51e0\u5e74\u4e86"}, {"userName": "17K\u4e66\u53cbPETBHCHN", "userReviewDate": "2018-06-08", "userURL": "http://user.17k.com/62636502", "userReview": "\u66f4\u65b0\u5feb\u70b9\u554a \u871c\u8702 \u8279\u6ce5\u9a6c"}, {"userName": "17K\u4e66\u53cbPETBHCHN", "userReviewDate": "2018-06-08", "userURL": "http://user.17k.com/62636502", "userReview": "\u66f4\u65b0\u5feb\u70b9\u554a \u871c\u8702 \u8279\u6ce5\u9a6c"}, {"userName": "17K\u4e66\u53cb9GI7YISY", "userReviewDate": "2018-06-08", "userURL": "http://user.17k.com/62202155", "userReview": "\u8fa3\u9e21\u5c0f\u8bf4 \u6ca1\u770b\u7684\u522b\u770b\u4e86"}, {"userName": "\u4e93\u82b7", "userReviewDate": "2018-06-08", "userURL": "http://user.17k.com/62628985", "userReview": "\u840c\u65b0\u643a\u5e26\u5c0f\u8bf4<a target='_blank' href='http://www.17k.com/book/2836672.html'>\u300a\u5955\u9716\u300b</a>\u6765\u8bbf\uff01\u5927\u5bb6\u6367\u6367\u573a\uff0c\u8c22\u8c22\u3002"}, {"userName": "17K\u4e66\u53cbU653TF66", "userReviewDate": "2018-06-08", "userURL": "http://user.17k.com/59052331", "userReview": "\u597d\u4e66\uff0c\u5c31\u662f\u66f4\u65b0\u592a\u6162\u4e86\u5427\u2639\ufe0f"}, {"userName": "\u54af\u5728\u5bb6\u91cc", "userReviewDate": "2018-06-08", "userURL": "http://user.17k.com/62634899", "userReview": "\u770b\u556a\u556a\u9ec4\u8272\u7535\u5f71\u52a0\u5fae\u4fe1k07334"}, {"userName": "\u8449\u5b50\u8ff7", "userReviewDate": "2018-06-08", "userURL": "http://user.17k.com/3494708", "userReview": "\u52a0\u6cb9\u52a0\u6cb9\u52a0\u6cb9\u52a0\u6cb9\u52a0\u6cb9\u52a0\u6cb9"}, {"userName": "li\u7136\u5e0c\uff01", "userReviewDate": "2018-06-08", "userURL": "http://user.17k.com/61865094", "userReview": "\u672c\u4e66\u771f\u7684\u5f88\u597d\u770b \u5927\u8d5e"}, {"userName": "li\u7136\u5e0c\uff01", "userReviewDate": "2018-06-08", "userURL": "http://user.17k.com/61865094", "userReview": "\u672c\u4e66\u771f\u7684\u5f88\u597d\u770b \u5927\u8d5e"}, {"userName": "li\u7136\u5e0c\uff01", "userReviewDate": "2018-06-08", "userURL": "http://user.17k.com/61865094", "userReview": "\u672c\u4e66\u771f\u7684\u5f88\u597d\u770b \u5927\u8d5e"}, {"userName": "17K\u4e66\u53cbk0acb91w", "userReviewDate": "2018-06-08", "userURL": "http://user.17k.com/62531094", "userReview": "\u4f1a\u6b7b\u5417\uff0c\uff0c"}, {"userName": "\u5ed6\u5c0f\u7403", "userReviewDate": "2018-06-08", "userURL": "http://user.17k.com/61950354", "userReview": "\u732e\u4e0a\u9c9c\u82b1\u7ed9\u871c\u8702\u91c7\u871c"}, {"userName": "Di Di Da", "userReviewDate": "2018-06-08", "userURL": "http://user.17k.com/55644572", "userReview": "\u5feb\u5feb\u5feb\u5feb\u70b9\u66f4\u65b0\uff01\u8c22\u8c22\u4f60\u5566"}], "description": "\u8bba\u6f5c\u529b\uff0c\u4e0d\u7b97\u5929\u624d\uff0c\u53ef\u7384\u529f\u6b66\u6280\uff0c\u7686\u53ef\u65e0\u5e08\u81ea\u901a\u3002\u3000\u3000\u8bba\u5b9e\u529b\uff0c\u4efb\u51ed\u4f60\u6709\u4e07\u5343\u81f3\u5b9d\uff0c\u4f46\u5b9a\u4e0d\u654c\u6211\u754c\u7075\u5927\u519b\u3002\u3000\u3000\u6211\u662f\u8c01\uff1f\u5929\u4e0b\u4f17\u751f\u89c6\u6211\u4e3a\u4fee\u7f57\uff0c\u5374\u4e0d\u77e5\uff0c\u6211\u4ee5\u4fee\u7f57\u6210\u6b66\u795e\u3002\u3000\u3000\u2026\u2026\u2026\u2026\u2026\u2026\u2026\u2026\u2026\u2026\u3000\u3000\u60f3\u770b\u4fee\u7f57\u6b66\u795e\u756a\u5916\uff0c\u8bf7\u5173\u6ce8\u871c\u8702\u5fae\u4fe1\u516c\u4f17\u53f7\uff1amifenghyh", "title": "\u4fee\u7f57\u6b66\u795e", "url": "http://www.17k.com/book/493239.html", "average": -1.0, "cover": "http://img.17k.com/images/bookcover/2013/2466/12/493239-1364709925000.jpg", "reviews": 4766765760, "authors": [{"url": "http://www.17k.com/zuozhe/4718065", "name": "\u5584\u826f\u7684\u871c\u8702"}], "type": ["\u4e1c\u65b9\u7384\u5e7b"], "outlinks": ["http://www.17k.com/book/2794982.html", "http://www.17k.com/book/2801292.html", "http://www.17k.com/book/2816318.html", "http://www.17k.com/book/2797575.html", "http://www.17k.com/book/2802516.html", "http://www.17k.com/book/2812195.html", "http://www.17k.com/book/2820143.html", "http://www.17k.com/book/2807943.html", "http://www.17k.com/book/2813457.html", "http://www.17k.com/book/2798058.html", "http://www.17k.com/book/2815617.html", "http://www.17k.com/book/2805259.html", "http://www.17k.com/book/2760255.html", "http://www.17k.com/book/2686894.html", "http://www.17k.com/book/2797016.html", "http://www.17k.com/book/2767246.html", "http://www.17k.com/book/2764239.html", "http://www.17k.com/book/2754498.html", "http://www.17k.com/book/2754900.html", "http://www.17k.com/book/2625740.html", "http://www.17k.com/book/2213315.html", "http://www.17k.com/book/2402178.html", "http://www.17k.com/book/2691221.html", "http://www.17k.com/book/2210699.html", "http://www.17k.com/book/1797752.html", "http://www.17k.com/book/2575507.html", "http://www.17k.com/book/2705181.html", "http://www.17k.com/book/2702539.html", "http://www.17k.com/book/2474887.html", "http://www.17k.com/book/2674733.html", "http://www.17k.com/book/2822076.html", "http://www.17k.com/book/2809894.html", "http://www.17k.com/book/2822077.html", "http://www.17k.com/book/2811930.html", "http://www.17k.com/book/2815548.html", "http://www.17k.com/book/2819620.html", "http://www.17k.com/book/2809964.html", "http://www.17k.com/book/2808200.html", "http://www.17k.com/book/2820100.html", "http://www.17k.com/book/2822978.html", "http://www.17k.com/book/2804337.html", "http://www.17k.com/book/2798814.html", "http://www.17k.com/book/2785153.html", "http://www.17k.com/book/2731559.html", "http://www.17k.com/book/2722533.html", "http://www.17k.com/book/2458377.html", "http://www.17k.com/book/2743300.html", "http://www.17k.com/book/973809.html", "http://www.17k.com/book/2651367.html", "http://www.17k.com/book/2726194.html", "http://www.17k.com/book/2790214.html", "http://www.17k.com/book/493239.html", "http://www.17k.com/book/108821.html", "http://www.17k.com/book/1398783.html", "http://www.17k.com/book/83528.html", "http://www.17k.com/book/1859126.html", "http://www.17k.com/book/1741975.html", "http://www.17k.com/book/192453.html", "http://www.17k.com/book/2459058.html", "http://www.17k.com/book/1050747.html", "http://www.17k.com/book/2700315.html", "http://www.17k.com/book/2818940.html", "http://www.17k.com/book/2819519.html", "http://www.17k.com/book/2816390.html", "http://www.17k.com/book/2819588.html", "http://www.17k.com/book/2813768.html", "http://www.17k.com/book/2822406.html", "http://www.17k.com/book/2772164.html", "http://www.17k.com/book/2784023.html", "http://www.17k.com/book/2811877.html", "http://www.17k.com/book/2809119.html", "http://www.17k.com/book/2803700.html", "http://www.17k.com/book/2819561.html", "http://www.17k.com/book/2746506.html", "http://www.17k.com/book/2811836.html", "http://www.17k.com/book/2614810.html", "http://www.17k.com/book/1592435.html", "http://www.17k.com/book/1949748.html", "http://www.17k.com/book/2265802.html", "http://www.17k.com/book/2743240.html", "http://www.17k.com/book/2657437.html", "http://www.17k.com/book/2644502.html", "http://www.17k.com/book/2199900.html", "http://www.17k.com/book/2725436.html", "http://www.17k.com/book/2629978.html"]}