{"ratings": -1, "userreviews": [{"userName": "\u5f71\u5b50158792", "userReviewDate": "2011-09-23", "userURL": "http://user.17k.com/19705", "userReview": "\u606d\u559c\uff0c\u70b9\u51fb\u8fc7\u767e\u4e07\uff01~"}, {"userName": "\u78a7\u4f18\u5170", "userReviewDate": "2011-09-15", "userURL": "http://user.17k.com/2025429", "userReview": "RT"}, {"userName": "\u5584\u826f\u7684\u871c\u8702", "userReviewDate": "2011-08-17", "userURL": "http://user.17k.com/4718065", "userReview": "\u6253\u5e7f\u544a\u8bf7\u5165\u5e7f\u544a\u697c\uff0c\u53d1\u5728\u5916\u9762\u4e00\u5f8b\u5220\u9664\uff0c\u4e0d\u662f\u6211\u4e0d\u8bb2\u7a76\uff0c\u53ea\u662f\u4f20\u5355\u6ee1\u8857\u6d12\uff0c\u7684\u786e\u6709\u4e9b\u4e0d\u597d\u770b\uff0c\u8fd9\u91cc\u662f\u4e13\u95e8\u63d0\u4f9b\u7ed9\u5404\u4f4d\u7684\uff0c\u8981\u6253\u5e7f\u544a\u5c31\u6765\u8fd9\u91cc\u5427\uff0c\u591a\u8c22\u5408\u4f5c\uff01"}, {"userName": "\u7ec7\u4f24", "userReviewDate": "2011-08-11", "userURL": "http://user.17k.com/1627591", "userReview": "\u5185\u5bb9\u723d\u5feb\uff0c\u66f4\u65b0\u7ed9\u529b\uff0c\u8fd9\u5a03\u662f\u4e2a\u597d\u82d7\u5b50\uff0c\u65e0\u8bba\u4f60\u4eec\u4fe1\u4e0d\u4fe1\uff0c\u53cd\u6b63\u6211\u662f\u4fe1\u4e86\u2026\u2026"}, {"userName": "\u96e8\u4e2d\u9759\u9ed8899902928", "userReviewDate": "2018-06-06", "userURL": "http://user.17k.com/61359744", "userReview": "\u85e4\u6d66\u60e0\u4f53\u9a8c\u4e0b"}, {"userName": "\u96e8\u4e2d\u9759\u9ed8899902928", "userReviewDate": "2018-06-06", "userURL": "http://user.17k.com/61359744", "userReview": "\u85e4\u6d66\u60e0\u4f53\u9a8c\u4e0b"}, {"userName": "\u4eba\u751f\u5982\u68a6069229878", "userReviewDate": "2018-06-03", "userURL": "http://user.17k.com/61157366", "userReview": "\u540e\u9762\u4e00\u7ae0\u5c31\u6709\u4e8c\u884c\u5b57\uff0c\u5047\u6587\u7ae0\u3002"}, {"userName": "\u5723\u9690\u5e1d\u5143", "userReviewDate": "2018-06-02", "userURL": "http://user.17k.com/57760595", "userReview": "\u7b7e\u5230\u652f\u6301\uff01"}, {"userName": "\u5723\u9690\u5e1d\u5143", "userReviewDate": "2018-05-26", "userURL": "http://user.17k.com/57760595", "userReview": "\u7b7e\u5230\u652f\u6301"}, {"userName": "\u96e8\u4e2d\u9759\u9ed8899902928", "userReviewDate": "2018-05-25", "userURL": "http://user.17k.com/61359744", "userReview": "\u5566\u54af\u5566\u54af\u4e0a\u4e16\u7eaa"}, {"userName": "17K\u4e66\u53cbPUT3XQAR", "userReviewDate": "2018-05-25", "userURL": "http://user.17k.com/61857884", "userReview": "[\u6253\u8d4f]\u6211\u6253\u8d4f\u4e862\u5143\u7ea2\u5305\uff01\uff01"}, {"userName": "\u96e8\u4e2d\u9759\u9ed8899902928", "userReviewDate": "2018-05-23", "userURL": "http://user.17k.com/61359744", "userReview": "\u79ef\u6781kill\u5c31\u54af\u5566"}, {"userName": "\u96e8\u4e2d\u9759\u9ed8899902928", "userReviewDate": "2018-05-21", "userURL": "http://user.17k.com/61359744", "userReview": "\u5934\u8bf4\u5feb\u5341\u4e5d\u4f30\u8ba1\u4f60\u5c31\u80e1"}, {"userName": "\u6a58\u5b50\u6c7d\u6c34294875569", "userReviewDate": "2018-05-20", "userURL": "http://user.17k.com/61371312", "userReview": "[\u6253\u8d4f]\u6211\u6253\u8d4f\u4e861\u5143\u7ea2\u5305\uff01\uff01"}, {"userName": "\u96e8\u4e2d\u9759\u9ed8899902928", "userReviewDate": "2018-05-20", "userURL": "http://user.17k.com/61359744", "userReview": "**\u53fd\u53fd\u53fd\u53fd\u9014\u864e"}, {"userName": "\u96e8\u4e2d\u9759\u9ed8899902928", "userReviewDate": "2018-05-20", "userURL": "http://user.17k.com/61359744", "userReview": "**\u53fd\u53fd\u53fd\u53fd\u9014\u864e"}, {"userName": "\u677e\u54e5456982258", "userReviewDate": "2018-05-20", "userURL": "http://user.17k.com/45277965", "userReview": "\u770b\u6765\uff0c\u7ea0\u9519\u662f\u6c38\u6052\u7684\u4e3b\u9898\u3002\u624d\u8bfb\u7b2c\u4e00\u7ae0\uff0c\u9519\u8bef\u5c31\u5f00\u59cb\u51fa\u73b0\u3002\u5c11\u5e74\u4e8c\u5b57\u4e2d\u95f4\u5e73\u767d\u65e0\u6545\u591a\u4e86\u4e00\u4e2a\u4ed6\u5b57\uff0c\u5c45\u7136\u81f3\u4eca\u89c6\u82e5\u4e0d\u89c1\uff1b\u7b2c\u4e8c\uff0c\u8eab\u4f53\u683d\u51fa\u53bb\u5199\u6210\u4e86\u8f7d\u5b57\uff0c\u4e5f\u832b\u7136\u4e0d\u77e5&middot;&middot;&middot;&middot;&middot;&middot;&middot;&middot;&middot;&middot;\u3002"}, {"userName": "17K\u4e66\u53cbLJPDN6YV", "userReviewDate": "2018-05-20", "userURL": "http://user.17k.com/61766073", "userReview": "[\u6253\u8d4f]\u6211\u6253\u8d4f\u4e861\u5143\u7ea2\u5305\uff01\uff01"}, {"userName": "\u5723\u9690\u5e1d\u5143", "userReviewDate": "2018-05-19", "userURL": "http://user.17k.com/57760595", "userReview": "\u7b7e\u5230\u652f\u6301"}, {"userName": "\u96e8\u4e2d\u9759\u9ed8899902928", "userReviewDate": "2018-05-19", "userURL": "http://user.17k.com/61359744", "userReview": "\u9e21\u6392\u79ef\u6781till"}], "description": "\u871c\u8702\u65b0\u4e66\u300a\u4fee\u7f57\u6b66\u795e\u300b\u5df2\u53d1\u8868\uff0c\u6073\u6c42\u652f\u6301\u3002\u3000\u3000\u94fe\u63a5\uff1ahttp://www.17k.com/book/493239.htm\u3000\u3000\u3013\u3013\u3013\u3013\u3013\u3013\u3013\u3013\u3013\u3013\u3013\u3013\u3013\u3013\u3013\u3013\u3013\u3013\u3013\u3013\u3013\u3013\u3000\u3000\u4ed6\u662f\u88ab\u5bb6\u65cf\u9057\u5f03\u7684\u5e9f\u67f4\uff0c\u5374\u56e0\u9ad8\u4eba\u76f8\u52a9\u83b7\u5f97\u91cd\u751f\u3000\u3000\u4ed6\u662f\u7edd\u4e16\u5929\u624d\u7684\u9057\u5b50\uff0c\u5374\u56e0\u7236\u4eb2\u4e00\u5ff5\uff0c\u5c06\u5176\u5929\u8d4b\u5370\u5c01\u3000\u3000\u5f53\u81ea\u4fe1\u91cd\u751f\u4e4b\u65f6\uff0c\u5929\u8d4b\u89e3\u5c01\u4e4b\u65e5\uff0c\u4ed6\u4fbf\u662f\u8fd9\u7247\u5927\u9646\u6700\u8000\u773c\u7684\u65b0\u661f\u3002\u3000\u3000\u4e14\u770b\u5211\u51b3\u5982\u4f55\u8de8\u8d8a\u9053\u9053\u96be\u5173\uff0c\u9006\u5929\u800c\u4e0a\uff0c\u6700\u7ec8\u8fbe\u5230\u90a3\u4f20\u8bf4\u4e2d\u7684\u6218\u795e\u4e4b\u5883\u3002", "title": "\u4fee\u7f57\u6218\u795e", "url": "http://www.17k.com/book/118949.html", "average": -1.0, "cover": "http://img.17k.com/images/bookcover/2012/594/2/118949.jpg", "reviews": 224040575, "authors": [{"url": "http://www.17k.com/zuozhe/4718065", "name": "\u5584\u826f\u7684\u871c\u8702"}], "type": ["\u4e1c\u65b9\u7384\u5e7b"], "outlinks": ["http://www.17k.com/book/2794982.html", "http://www.17k.com/book/2801292.html", "http://www.17k.com/book/2816318.html", "http://www.17k.com/book/2797575.html", "http://www.17k.com/book/2802516.html", "http://www.17k.com/book/2812195.html", "http://www.17k.com/book/2820143.html", "http://www.17k.com/book/2807943.html", "http://www.17k.com/book/2813457.html", "http://www.17k.com/book/2798058.html", "http://www.17k.com/book/2815617.html", "http://www.17k.com/book/2805259.html", "http://www.17k.com/book/2760255.html", "http://www.17k.com/book/2686894.html", "http://www.17k.com/book/2797016.html", "http://www.17k.com/book/2767246.html", "http://www.17k.com/book/2764239.html", "http://www.17k.com/book/2754498.html", "http://www.17k.com/book/2754900.html", "http://www.17k.com/book/2625740.html", "http://www.17k.com/book/2213315.html", "http://www.17k.com/book/2402178.html", "http://www.17k.com/book/2691221.html", "http://www.17k.com/book/2210699.html", "http://www.17k.com/book/1797752.html", "http://www.17k.com/book/2575507.html", "http://www.17k.com/book/2705181.html", "http://www.17k.com/book/2702539.html", "http://www.17k.com/book/2474887.html", "http://www.17k.com/book/2674733.html", "http://www.17k.com/book/2822076.html", "http://www.17k.com/book/2809894.html", "http://www.17k.com/book/2822077.html", "http://www.17k.com/book/2811930.html", "http://www.17k.com/book/2815548.html", "http://www.17k.com/book/2819620.html", "http://www.17k.com/book/2809964.html", "http://www.17k.com/book/2808200.html", "http://www.17k.com/book/2820100.html", "http://www.17k.com/book/2822978.html", "http://www.17k.com/book/2804337.html", "http://www.17k.com/book/2798814.html", "http://www.17k.com/book/2785153.html", "http://www.17k.com/book/2731559.html", "http://www.17k.com/book/2722533.html", "http://www.17k.com/book/2458377.html", "http://www.17k.com/book/2743300.html", "http://www.17k.com/book/973809.html", "http://www.17k.com/book/2651367.html", "http://www.17k.com/book/2726194.html", "http://www.17k.com/book/2790214.html", "http://www.17k.com/book/493239.html", "http://www.17k.com/book/108821.html", "http://www.17k.com/book/1398783.html", "http://www.17k.com/book/83528.html", "http://www.17k.com/book/1859126.html", "http://www.17k.com/book/1741975.html", "http://www.17k.com/book/192453.html", "http://www.17k.com/book/2459058.html", "http://www.17k.com/book/1050747.html", "http://www.17k.com/book/2700315.html", "http://www.17k.com/book/2818940.html", "http://www.17k.com/book/2819519.html", "http://www.17k.com/book/2816390.html", "http://www.17k.com/book/2819588.html", "http://www.17k.com/book/2813768.html", "http://www.17k.com/book/2822406.html", "http://www.17k.com/book/2772164.html", "http://www.17k.com/book/2784023.html", "http://www.17k.com/book/2811877.html", "http://www.17k.com/book/2809119.html", "http://www.17k.com/book/2803700.html", "http://www.17k.com/book/2819561.html", "http://www.17k.com/book/2746506.html", "http://www.17k.com/book/2811836.html", "http://www.17k.com/book/2614810.html", "http://www.17k.com/book/1592435.html", "http://www.17k.com/book/1949748.html", "http://www.17k.com/book/2265802.html", "http://www.17k.com/book/2743240.html", "http://www.17k.com/book/2657437.html", "http://www.17k.com/book/2644502.html", "http://www.17k.com/book/2199900.html", "http://www.17k.com/book/2725436.html", "http://www.17k.com/book/2629978.html"]}