{"ratings": -1, "userreviews": [{"userName": "\u77e5\u79cb\u61c2\u79cb\u8d4f\u79cb", "userReviewDate": "2018-06-07", "userURL": "http://user.17k.com/56115906", "userReview": "\u575a\u6301\u662f\u51fa\u5934\u4e4b\u6839\u6e90\u3002\u52a0\u6cb9\u54e6\u3001"}, {"userName": "\u5357\u5df7\u5317\u5f80\u4e36", "userReviewDate": "2018-06-07", "userURL": "http://user.17k.com/61045791", "userReview": "\u540c\u662f\u65b0\u4eba\uff0c\u4e00\u8d77\u52a0\u6cb9\uff01"}, {"userName": "\u6211\u6c38\u8fdc\u7231\u6021", "userReviewDate": "2018-06-07", "userURL": "http://user.17k.com/61816272", "userReview": "\u4e3a\u4ec0\u4e48\u65b0\u4eba\u6ca1\u6709\u51fa\u5934\u65e5\uff01"}, {"userName": "\u6211\u6c38\u8fdc\u7231\u6021", "userReviewDate": "2018-06-07", "userURL": "http://user.17k.com/61816272", "userReview": "\u4e3a\u4ec0\u4e48\u65b0\u4eba\u6ca1\u6709\u51fa\u5934\u65e5\uff01"}, {"userName": "\u6211\u6c38\u8fdc\u7231\u6021", "userReviewDate": "2018-06-07", "userURL": "http://user.17k.com/61816272", "userReview": "\u4e3a\u4ec0\u4e48\u65b0\u4eba\u6ca1\u6709\u51fa\u5934\u65e5\uff01"}], "description": "\u5728\u4e00\u4e2a\u73ed\u7ea7\u4e2d\uff0c\u91cc\u9762\u5168\u662f\u98de\u5929\u9041\u5730\u7684\u4fee\u771f\u8005\u3002\u625b\u9f0e\u4ec0\u4e48\u7684\u90fd\u5f31\u7206\u4e86\uff0c\u6211\u529b\u80fd\u625b\u5c71\uff01\u4ec0\u4e48\uff1f\u53e4\u6b66\u7b2c\u4e00\u9ad8\u624b\u8981\u6765\u6211\u4eec\u5b66\u6821\u6253\u64c2\u53f0\uff1f\u4fe1\u4e0d\u4fe1\u6211\u53eb\u9694\u58c1\u4e8c\u73ed\u7684\u8001\u738b\u63cd\u4f60\uff01\uff1f\u3000\u3000\u8001\u738b\uff1a\u6211\u6015\u6211\u4e00\u4e0d\u5c0f\u5fc3\u628a\u4ed6\u6253\u51fa\u7fd4\u3002", "title": "\u4fee\u771f\u6211\u4e8c\u73ed", "url": "http://www.17k.com/book/2835730.html", "average": -1.0, "cover": "http://img.17k.com/images/bookcover/default_cover1.jpg", "reviews": 28, "authors": [{"url": "http://www.17k.com/zuozhe/61816272", "name": "\u6211\u7231\u6021"}], "type": ["\u70ed\u8840\u9752\u6625"], "outlinks": ["http://www.17k.com/book/2794982.html", "http://www.17k.com/book/2801292.html", "http://www.17k.com/book/2816318.html", "http://www.17k.com/book/2797575.html", "http://www.17k.com/book/2802516.html", "http://www.17k.com/book/2812195.html", "http://www.17k.com/book/2820143.html", "http://www.17k.com/book/2807943.html", "http://www.17k.com/book/2813457.html", "http://www.17k.com/book/2798058.html", "http://www.17k.com/book/2815617.html", "http://www.17k.com/book/2805259.html", "http://www.17k.com/book/2760255.html", "http://www.17k.com/book/2686894.html", "http://www.17k.com/book/2797016.html", "http://www.17k.com/book/2767246.html", "http://www.17k.com/book/2764239.html", "http://www.17k.com/book/2754498.html", "http://www.17k.com/book/2754900.html", "http://www.17k.com/book/2625740.html", "http://www.17k.com/book/2213315.html", "http://www.17k.com/book/2402178.html", "http://www.17k.com/book/2691221.html", "http://www.17k.com/book/2210699.html", "http://www.17k.com/book/1797752.html", "http://www.17k.com/book/2575507.html", "http://www.17k.com/book/2705181.html", "http://www.17k.com/book/2702539.html", "http://www.17k.com/book/2474887.html", "http://www.17k.com/book/2674733.html", "http://www.17k.com/book/2822076.html", "http://www.17k.com/book/2809894.html", "http://www.17k.com/book/2822077.html", "http://www.17k.com/book/2811930.html", "http://www.17k.com/book/2815548.html", "http://www.17k.com/book/2819620.html", "http://www.17k.com/book/2809964.html", "http://www.17k.com/book/2808200.html", "http://www.17k.com/book/2820100.html", "http://www.17k.com/book/2822978.html", "http://www.17k.com/book/2804337.html", "http://www.17k.com/book/2798814.html", "http://www.17k.com/book/2785153.html", "http://www.17k.com/book/2731559.html", "http://www.17k.com/book/2722533.html", "http://www.17k.com/book/2458377.html", "http://www.17k.com/book/2743300.html", "http://www.17k.com/book/973809.html", "http://www.17k.com/book/2651367.html", "http://www.17k.com/book/2726194.html", "http://www.17k.com/book/2790214.html", "http://www.17k.com/book/493239.html", "http://www.17k.com/book/108821.html", "http://www.17k.com/book/1398783.html", "http://www.17k.com/book/83528.html", "http://www.17k.com/book/1859126.html", "http://www.17k.com/book/1741975.html", "http://www.17k.com/book/192453.html", "http://www.17k.com/book/2459058.html", "http://www.17k.com/book/1050747.html", "http://www.17k.com/book/2700315.html", "http://www.17k.com/book/2818940.html", "http://www.17k.com/book/2819519.html", "http://www.17k.com/book/2816390.html", "http://www.17k.com/book/2819588.html", "http://www.17k.com/book/2813768.html", "http://www.17k.com/book/2822406.html", "http://www.17k.com/book/2772164.html", "http://www.17k.com/book/2784023.html", "http://www.17k.com/book/2811877.html", "http://www.17k.com/book/2809119.html", "http://www.17k.com/book/2803700.html", "http://www.17k.com/book/2819561.html", "http://www.17k.com/book/2746506.html", "http://www.17k.com/book/2811836.html", "http://www.17k.com/book/2614810.html", "http://www.17k.com/book/1592435.html", "http://www.17k.com/book/1949748.html", "http://www.17k.com/book/2265802.html", "http://www.17k.com/book/2743240.html", "http://www.17k.com/book/2657437.html", "http://www.17k.com/book/2644502.html", "http://www.17k.com/book/2199900.html", "http://www.17k.com/book/2725436.html", "http://www.17k.com/book/2629978.html"]}