{"ratings": -1, "userreviews": [{"userName": "\u77e5\u9053\u4e860", "userReviewDate": "2012-07-08", "userURL": "http://user.17k.com/7261904", "userReview": "\u770b\u5230\u5927\u5927\u8fd8\u4e48\u6709\u5e7f\u544a\u697c\uff0c\u6211\u7ed9\u4f60\u76d6\u4e00\u4e2a\u3002\r\n"}, {"userName": "17k\u4e66\u53cb8trjpbsfv", "userReviewDate": "2018-06-01", "userURL": "http://user.17k.com/62076313", "userReview": "\u8ffd\u4e86n\u5e74 \u8fd9\u4e66\u6253\u7b97\u518d\u519910\u5e74\u5417\uff1f"}, {"userName": "\u5927\u6c5f\u9648\u8ff9", "userReviewDate": "2018-06-01", "userURL": "http://user.17k.com/59082119", "userReview": "\u6628\u5929\u665a\u4e0a\u5e26\u5b9d\u5b9d\u53bb\u5e7f\u573a\u4e0a\u73a9\u7403\uff08\u6eda\u8fc7\u6765\u6eda\u8fc7\u53bb\u73a9\u513f\u7684\u90a3\u79cd\u5c0f\u7403\uff09\uff0c\u7ed3\u679c\u5b9d\u5b9d\u7a81\u53d1\u795e\u529b\uff0c\u4e00\u4e0b\u7ed9\u6254\u8fdc\u4e86\u6211\u6ca1\u63a5\u4f4f\uff0c\u773c\u770b\u7740\u8981\u6389\u5230\u6392\u6c34\u6c9f\u91cc\u9762\u4e86\uff0c\u4e00\u4e2a\u4e8c\u54c8\u51b2\u8fc7\u6765\u4ee5\u8fc5\u96f7\u4e0d\u53ca\u63a9\u8033\u4e4b\u52bf\u53fc\u5728\u4e86\u5634\u91cc\u3002\u3002\u3002\u6211\u8dd1\u8fc7\u53bb\uff0c\u6014\u4e86\u7247\u523b\uff0c\u5c31\u8bf4\uff1a\u201c\u72d7\u72d7\uff0c\u628a\u7403\u8fd8\u7ed9\u6211\u5440\uff01\u201d\u5b83\u6b6a\u7740\u8111\u888b\u770b\u4e86\u6211\u4e00\u4f1a\u513f\uff0c\u5ffd\u7136\u542b\u7740\u7403\u9732\u51fa\u4e86\u5fae\u7b11\uff08\u6211\u7adf\u7136\u770b\u61c2\u4e86\uff09\uff0c\u8f6c\u8eab\u5c31\u8dd1\uff01\u6211\u53d1\u8a93\u5982\u679c\u5b83\u4f1a\u8bf4\u8bdd\u4e00\u5b9a\u8bf4\u7684\u662f\u201c\u6765\u8ffd\u6211\u5440\uff01\u201d\u4e8e\u662f\u3002\u3002\u3002\u4e8e\u662f\u6211\u5c31\u771f\u7684\u8ffd\u4e0a\u53bb\u4e86\uff0c\u4e00\u8fb9\u8ffd\u4e00\u8fb9\u558a\uff1a\u201c\u90a3\u8c01\uff0c\u90a3\u72d7\u3002\u3002\u522b\u8dd1\u4e86\uff0c\u4f60\u628a\u7403\u7ed9\u6211\uff01\u201d\u8bf7\u81ea\u884c\u8111\u8865\u4e00\u4e2a\u5973\u6c49\u5b50\u625b\u7740\u5b69\u5b50\u7a7f\u8fc7\u5e7f\u573a\u821e\u961f\u4f0d\u548c\u66b4\u8d70\u56e2\u961f\u4f0d\u8ffd\u9010\u4e00\u53ea\u6b22\u5feb\u7684\u4e8c\u54c8\u7684\u573a\u9762\u3002\u3002"}, {"userName": "\u552f\u4f9d", "userReviewDate": "2018-06-01", "userURL": "http://user.17k.com/9826978", "userReview": "\u8fd9\u4e66\u770b\u7684\u771f\u4ed6\u5973\u9a6c\u7684\u95f9\u5fc3"}, {"userName": "\u8650\u5996\u5200", "userReviewDate": "2018-05-27", "userURL": "http://user.17k.com/61774304", "userReview": "[\u6253\u8d4f]\u6211\u6253\u8d4f\u4e861\u5143\u7ea2\u5305\uff01\uff01"}, {"userName": "\u5927\u7c73\u6b65\u67aa", "userReviewDate": "2018-05-18", "userURL": "http://user.17k.com/52148580", "userReview": "\u8fd9\u4e2a\u771f\u96be\u53d7\u554a\uff01"}, {"userName": "\u2572xy\u9e7f\u5b9d\u4e44LY\u72f1\u738b\u5e9c\u2026", "userReviewDate": "2018-05-12", "userURL": "http://user.17k.com/56910008", "userReview": "\u5927\u5bb6\u4e0d\u7528\u7b49\u4e86\u4f5c\u8005\u8fc7\u5e74\u7684\u65f6\u5019\u8f66\u7978\u53bb\u4e16\u4e86\u5df2\u7ecf\u53d1\u5728\u7fa4\u91cc\u9762\u4e86\u79ef\u70b9\u53e3\u5fb7\u5427\u4e0d\u8981\u8fb1\u9a82\u6b7b\u8005"}, {"userName": "...\u3045\u5c71\u5906\u3002", "userReviewDate": "2018-05-09", "userURL": "http://user.17k.com/54711140", "userReview": "\u66f4\u65b0\u554a\uff1f\u600e\u4e48\u56de\u4e8b\uff1f"}, {"userName": "\u7ed1\u5b9a\u5580\u5693\u5693", "userReviewDate": "2018-04-27", "userURL": "http://user.17k.com/53674481", "userReview": "\u521a\u5f00\u59cb\u8fd8\u4e0d\u9519\uff0c\u540e\u671f\u5c31\u5475\u5475\u4e86\uff01\u8d8a\u770b\u8d8a\u6076\uff01\u8fd9\u5b57\u51d1\u7684\uff01\u6ca1\u8c01\u4e86\uff01"}, {"userName": "\u7ed1\u5b9a\u5580\u5693\u5693", "userReviewDate": "2018-04-26", "userURL": "http://user.17k.com/53674481", "userReview": "\u524d\u671f\u8fd8\u597d\uff0c\u540e\u671f\u6709\u6ca1\u6709\u51d1\u5b57\uff1f\u8001\u662f\u91cd\u590d\u63d0\u793a\u6280\u80fd\u548c\u88c5\u5907\u6709\u610f\u601d\u5417\uff1f"}, {"userName": "\u8046\u542c\u52a8\u4eba\u7684\u58f0\u97f3", "userReviewDate": "2018-04-22", "userURL": "http://user.17k.com/17329955", "userReview": "\u4f5c\u8005\u6b7b\u7403\u4e86\uff0c\u534a\u5e74\u5185\u66f4\u65b0"}, {"userName": "17K\u4e66\u53cb96aaoqy8", "userReviewDate": "2018-04-19", "userURL": "http://user.17k.com/60970950", "userReview": "\u8282\u594f\u5f88\u6162\u554a"}, {"userName": "17K\u4e66\u53cbAOVK9O0Z", "userReviewDate": "2018-04-09", "userURL": "http://user.17k.com/55610056", "userReview": "\u604d\u604d\u60da\u60da\u90fd\u597d\u597d\u7684"}, {"userName": "\u4e3a\u68a6\u60f3\u800c\u6f02\u6cca", "userReviewDate": "2018-04-01", "userURL": "http://user.17k.com/52051777", "userReview": "66666666"}, {"userName": "\u6211\u8981\u8d56\u4e0a\u4f60\u3002", "userReviewDate": "2018-03-30", "userURL": "http://user.17k.com/28551176", "userReview": "\u66f4\u65b0\u6709\u7684\u6162"}, {"userName": "17K\u4e66\u53cbAOVK9O0Z", "userReviewDate": "2018-03-30", "userURL": "http://user.17k.com/55610056", "userReview": "\u80e1\u59d1\u59d1\u9c7c\u9c7c\u9c7c\u805a\u805a&#55357;&#56352;"}, {"userName": "\u51e1\u666e\u5f52\u771f\u65b0", "userReviewDate": "2018-03-29", "userURL": "http://user.17k.com/51302267", "userReview": "\u52a0\u4e2a\u5b57\u5178\u91cc"}, {"userName": "-\u590f\u96ea~", "userReviewDate": "2018-03-28", "userURL": "http://user.17k.com/53754830", "userReview": "\u8d3c\u8001\u5927\u5feb\u70b9\u66f4\u65b0\u5427\uff01"}, {"userName": "17K\u4e66\u53cbAOVK9O0Z", "userReviewDate": "2018-03-24", "userURL": "http://user.17k.com/55610056", "userReview": "v\u4e00\u4e2a\u4e2aiu\u9ad8\u516c\u76ca\u5e7f\u544ai"}, {"userName": "\u4e0b\u96e8\u4e86\u5feb\u8dd1", "userReviewDate": "2018-03-23", "userURL": "http://user.17k.com/58562098", "userReview": "[\u6253\u8d4f]\u6211\u6253\u8d4f\u4e862\u5143\u7ea2\u5305\uff01\uff01"}], "description": "\u4ed6\u7a77\u56f0\u6f66\u5012\uff0c\u53e3\u888b\u91cc\u768410\u5757\u94b1\uff0c\u662f\u4ed6\u5168\u90e8\u7684\u5bb6\u4ea7\u3002\u3000\u3000\u4ed6\u81ea\u79f0\u662f\u6e38\u620f\u754c\u7684\u8d44\u6df1\u73a9\u5bb6\uff0c\u53ef\u8c01\u66fe\u60f3\uff0c\u4ed6\u552f\u4e00\u73a9\u8fc7\u7684\uff0c\u662f\u6dd8\u6c70\u4e86N\u5e74\u7684\u5355\u673a\u7248\u3002\u3000\u3000\u6709\u5e78\u6210\u4e3a\u7f16\u5916\u73a9\u5bb6\uff0c\u4f3c\u4e4e\u5df2\u7ecf\u662f\u4ed6\u6700\u5927\u80fd\u529b\u7684\u4f53\u73b0\u3002\u3000\u3000\u4ed6\u88ab\u79f0\u4e3a\u6700\u767d\u75f4\u7684\u73a9\u5bb6,\u60f3\u4e0d\u5230\u7684\u662f,\u5728\u641e\u7b11\u641e\u602a\u4e2d\u9010\u6e10\u6210\u957f\u8d77\u6765\u7684\u4ed6,\u7adf\u7136\u521b\u5efa\u4e86\u2018\u547d\u8fd0\u2019\u6e38\u620f\u4e2d\u6700\u5f3a\u5927\u7684\u6218\u961f\u3002\u3000\u3000\u4ed6\u5e76\u4e0d\u4ed7\u4e49\uff0c\u53ef\u4e3a\u4e86\u4e00\u53e5\u627f\u8bfa\uff0c\u4ed6\u53ef\u4ee5\u72c2\u5954\u4e09\u663c\u591c\u6781\u9650\u652f\u63f4\u3002\u3000\u3000\u4ed6\u957f\u7684\u5e76\u4e0d\u5e05\uff0c\u53ef\u7f8e\u5973\uff0c\u9753\u59b9\uff0c\u751a\u81f3\u662f\u57ce\u4e3b\u5fa1\u59d0\uff0c\u9f99\u65cf\u516c\u4e3b\uff0c\u5996\u754c\u5973\u738b\uff0c\u90fd\u5bf9\u4ed6\u559c\u7231\u6709\u52a0\u3002\u3000\u3000\u4ed6\u5f88\u5e73\u51e1\uff0c\u5374\u9010\u9e7f\u4e8e\u2018;\u547d\u8fd0\u2019\u5217\u5f3a\u4e4b\u4e2d,\u8d70\u4e0a\u4e00\u6761\u738b\u8005\u4e4b\u8def.\u6700\u7ec8\u6f14\u7ece\u4e86\u4e00\u573a\u53f2\u8bd7\u822c\u7684\u4e0d\u8d25\u795e\u8bdd!\u3000\u3000\u6218\u53cb\u90fd\u79f0\u4ed6\u8001\u5927\uff0c\u654c\u4eba\u90fd\u79f0\u4ed6\u9b54\u9b3c\u3002\u3000\u3000\u5144\u5f1f\u4eec\u60f3\u5230\u4ed6\uff0c\u4f1a\u70ed\u8840\u6cb8\u817e\uff0c\u6c79\u6d8c\u6f8e\u6e43\u3002\u3000\u3000\u59d0\u59b9\u4eec\u5ff5\u5230\u4ed6\uff0c\u4f1a\u5fc3\u91cc\u6696\u6696\u7684\uff0c\u4f1a\u6b23\u6170\u7684\u7b11\u3002\u3000\u3000\u4ed6\u2014\u2014\u6155\u5bb9\u5c0f\u5929\uff0c\u5c31\u662f\u8fd9\u4e48\u4e00\u4e2a\u666e\u666e\u901a\u901a\u7684\u4eba\uff01", "title": "\u4ffa\u662f\u4e00\u4e2a\u8d3c", "url": "http://www.17k.com/book/35933.html", "average": -1.0, "cover": "http://img.17k.com/images/bookcover/2015/179/0/35933-1430721411000.jpg", "reviews": 20521972, "authors": [{"url": "http://www.17k.com/zuozhe/1342417", "name": "\u5173\u5632"}], "type": ["\u6e38\u620f\u751f\u6daf"], "outlinks": ["http://www.17k.com/book/2794982.html", "http://www.17k.com/book/2801292.html", "http://www.17k.com/book/2816318.html", "http://www.17k.com/book/2797575.html", "http://www.17k.com/book/2802516.html", "http://www.17k.com/book/2812195.html", "http://www.17k.com/book/2820143.html", "http://www.17k.com/book/2807943.html", "http://www.17k.com/book/2813457.html", "http://www.17k.com/book/2798058.html", "http://www.17k.com/book/2815617.html", "http://www.17k.com/book/2805259.html", "http://www.17k.com/book/2760255.html", "http://www.17k.com/book/2686894.html", "http://www.17k.com/book/2797016.html", "http://www.17k.com/book/2767246.html", "http://www.17k.com/book/2764239.html", "http://www.17k.com/book/2754498.html", "http://www.17k.com/book/2754900.html", "http://www.17k.com/book/2625740.html", "http://www.17k.com/book/2213315.html", "http://www.17k.com/book/2402178.html", "http://www.17k.com/book/2691221.html", "http://www.17k.com/book/2210699.html", "http://www.17k.com/book/1797752.html", "http://www.17k.com/book/2575507.html", "http://www.17k.com/book/2705181.html", "http://www.17k.com/book/2702539.html", "http://www.17k.com/book/2474887.html", "http://www.17k.com/book/2674733.html", "http://www.17k.com/book/2822076.html", "http://www.17k.com/book/2809894.html", "http://www.17k.com/book/2822077.html", "http://www.17k.com/book/2811930.html", "http://www.17k.com/book/2815548.html", "http://www.17k.com/book/2819620.html", "http://www.17k.com/book/2809964.html", "http://www.17k.com/book/2808200.html", "http://www.17k.com/book/2820100.html", "http://www.17k.com/book/2822978.html", "http://www.17k.com/book/2804337.html", "http://www.17k.com/book/2798814.html", "http://www.17k.com/book/2785153.html", "http://www.17k.com/book/2731559.html", "http://www.17k.com/book/2722533.html", "http://www.17k.com/book/2458377.html", "http://www.17k.com/book/2743300.html", "http://www.17k.com/book/973809.html", "http://www.17k.com/book/2651367.html", "http://www.17k.com/book/2726194.html", "http://www.17k.com/book/2790214.html", "http://www.17k.com/book/493239.html", "http://www.17k.com/book/108821.html", "http://www.17k.com/book/1398783.html", "http://www.17k.com/book/83528.html", "http://www.17k.com/book/1859126.html", "http://www.17k.com/book/1741975.html", "http://www.17k.com/book/192453.html", "http://www.17k.com/book/2459058.html", "http://www.17k.com/book/1050747.html", "http://www.17k.com/book/2700315.html", "http://www.17k.com/book/2818940.html", "http://www.17k.com/book/2819519.html", "http://www.17k.com/book/2816390.html", "http://www.17k.com/book/2819588.html", "http://www.17k.com/book/2813768.html", "http://www.17k.com/book/2822406.html", "http://www.17k.com/book/2772164.html", "http://www.17k.com/book/2784023.html", "http://www.17k.com/book/2811877.html", "http://www.17k.com/book/2809119.html", "http://www.17k.com/book/2803700.html", "http://www.17k.com/book/2819561.html", "http://www.17k.com/book/2746506.html", "http://www.17k.com/book/2811836.html", "http://www.17k.com/book/2614810.html", "http://www.17k.com/book/1592435.html", "http://www.17k.com/book/1949748.html", "http://www.17k.com/book/2265802.html", "http://www.17k.com/book/2743240.html", "http://www.17k.com/book/2657437.html", "http://www.17k.com/book/2644502.html", "http://www.17k.com/book/2199900.html", "http://www.17k.com/book/2725436.html", "http://www.17k.com/book/2629978.html"]}