{"ratings": -1, "userreviews": [], "description": "\u76d8\u53e4\u7684\u5b59\u5973\u7fd8\u7fd8\u662f\u5f53\u4eca\u4e16\u754c\u4e0a\u5c11\u6709\u7684\u5947\u624d\uff0c\u5341\u4e09\u5c81\u4e0d\u7ecf\u8fc7\u4fee\u70bc\u5c31\u8f7b\u800c\u6613\u4e3e\u7684\u8d85\u8fc7\u5979\u7684\u8868\u59b9\u695a\u695a\uff0c\u5979\u7684\u5929\u8d4b\u51e0\u4e4e\u4e3a\u4e16\u4eba\u6240\u516c\u8ba4\uff0c\u4f46\u5176\u5b9e\uff0c\u5475\u5475.....\u3000\u3000\u79c1\u4e0b\u91cc\u76d8\u53e4\u662f\u4e2a\u88ab\u81ea\u5df1\u5b59\u5973\u6b3a\u8d1f\u7684\u7cdf\u8001\u5934\u5b50\uff0c\u4e8c\u90ce\u795e\u6210\u4e86\u76d8\u53e4\u7684\u5916\u7525\uff0c\u5ae6\u5a25\u7adf\u7136\u559c\u6b22\u732a\u516b\u6212\u7684\u5144\u5f1f\u5b59\u609f\u7a7a\uff0c\u7fd8\u7fd8\u89c1\u4e00\u4e2a\u6253\u4e00\u4e2a\u7684\u6027\u683c\u8ba9\u4ed6\u4eec\u54ed\u7b11\u4e0d\u5f97\uff0c\u6bcf\u5929\u8d77\u6765\u5934\u4e00\u4ef6\u4e8b\u60c5\u5c31\u662f\uff0c\u770b\u770b\u7fd8\u7fd8\u5728\u54ea\u513f\uff01\u5929\u5ead\u4e0d\u5f97\u5b89\u5b81\uff0c\u732a\u98de\u72d7\u8df3\uff0c\u5404\u8def\u795e\u4ed9\u6765\u52a9\u9635\uff0c\u87e0\u6843\u76db\u5bb4\u53d8\u6210\u4e86\u738b\u6bcd\u5a18\u5a18\u4e3a\u7fd8\u7fd8\u51c6\u5907\u7684\u60ca\u559c\u3002\u3000\u3000\u5f53\u7136\uff0c\u91cd\u5934\u620f\u5728\u8fd9\u91cc\u3002\u7fd8\u7fd8\u7684\u5b6a\u751f\u54e5\u54e5\u54ea\u5412\u62dc\u6258\u81ea\u5df1\u7684\u8868\u59b9\u7fd8\u7fd8\u5411\u5929\u5ead\u7b2c\u4e00\u9ad8\u624b\u51cc\u96e8\u95ee\u4e2a\u597d\uff0c\u5c31\u6b64\u5c55\u5f00\u4e00\u5927\u4e32\u7206\u7b11\u8ffd\u6c42\uff0c\u751c\u8a00\u871c\u8bed\u5982\u9152\u5fc3\u5de7\u514b\u529b\u6d53\u90c1\u8ff8\u6e85\u51fa\u7231\u7684\u706b\u82b1\uff0c\u5509\uff0c\u54ea\u5412\uff0c\u54ea\u5412\uff0c\u4f60\u7684\u7f9e\u803b\u54ea\u91cc\u53bb\u4e86\uff1f\u3000\u3000\uff08\u672c\u6545\u4e8b\u7eaf\u5c5e\u865a\u6784\uff0c\u4e0e\u771f\u5b9e\u5386\u53f2\u65e0\u5173\uff09", "title": "\u4ffa\u7684\u9ec4\u82b1\u95fa\u5973", "url": "http://www.17k.com/book/2486149.html", "average": -1.0, "cover": "http://img.17k.com/images/bookcover/default_cover3.jpg", "reviews": 1086, "authors": [{"url": "http://www.17k.com/zuozhe/53132441", "name": "\u5982\u679c\u65f6\u5149\u4e0d\u80fd\u8f9c\u8d1f"}], "type": ["\u73b0\u5b9e\u7206\u7b11"], "outlinks": ["http://www.17k.com/book/2794982.html", "http://www.17k.com/book/2801292.html", "http://www.17k.com/book/2816318.html", "http://www.17k.com/book/2797575.html", "http://www.17k.com/book/2802516.html", "http://www.17k.com/book/2812195.html", "http://www.17k.com/book/2820143.html", "http://www.17k.com/book/2807943.html", "http://www.17k.com/book/2813457.html", "http://www.17k.com/book/2798058.html", "http://www.17k.com/book/2815617.html", "http://www.17k.com/book/2805259.html", "http://www.17k.com/book/2760255.html", "http://www.17k.com/book/2686894.html", "http://www.17k.com/book/2797016.html", "http://www.17k.com/book/2767246.html", "http://www.17k.com/book/2764239.html", "http://www.17k.com/book/2754498.html", "http://www.17k.com/book/2754900.html", "http://www.17k.com/book/2625740.html", "http://www.17k.com/book/2213315.html", "http://www.17k.com/book/2402178.html", "http://www.17k.com/book/2691221.html", "http://www.17k.com/book/2210699.html", "http://www.17k.com/book/1797752.html", "http://www.17k.com/book/2575507.html", "http://www.17k.com/book/2705181.html", "http://www.17k.com/book/2702539.html", "http://www.17k.com/book/2474887.html", "http://www.17k.com/book/2674733.html", "http://www.17k.com/book/2822076.html", "http://www.17k.com/book/2809894.html", "http://www.17k.com/book/2822077.html", "http://www.17k.com/book/2811930.html", "http://www.17k.com/book/2815548.html", "http://www.17k.com/book/2819620.html", "http://www.17k.com/book/2809964.html", "http://www.17k.com/book/2808200.html", "http://www.17k.com/book/2820100.html", "http://www.17k.com/book/2822978.html", "http://www.17k.com/book/2804337.html", "http://www.17k.com/book/2798814.html", "http://www.17k.com/book/2785153.html", "http://www.17k.com/book/2731559.html", "http://www.17k.com/book/2722533.html", "http://www.17k.com/book/2458377.html", "http://www.17k.com/book/2743300.html", "http://www.17k.com/book/973809.html", "http://www.17k.com/book/2651367.html", "http://www.17k.com/book/2726194.html", "http://www.17k.com/book/2790214.html", "http://www.17k.com/book/493239.html", "http://www.17k.com/book/108821.html", "http://www.17k.com/book/1398783.html", "http://www.17k.com/book/83528.html", "http://www.17k.com/book/1859126.html", "http://www.17k.com/book/1741975.html", "http://www.17k.com/book/192453.html", "http://www.17k.com/book/2459058.html", "http://www.17k.com/book/1050747.html", "http://www.17k.com/book/2700315.html", "http://www.17k.com/book/2818940.html", "http://www.17k.com/book/2819519.html", "http://www.17k.com/book/2816390.html", "http://www.17k.com/book/2819588.html", "http://www.17k.com/book/2813768.html", "http://www.17k.com/book/2822406.html", "http://www.17k.com/book/2772164.html", "http://www.17k.com/book/2784023.html", "http://www.17k.com/book/2811877.html", "http://www.17k.com/book/2809119.html", "http://www.17k.com/book/2803700.html", "http://www.17k.com/book/2819561.html", "http://www.17k.com/book/2746506.html", "http://www.17k.com/book/2811836.html", "http://www.17k.com/book/2614810.html", "http://www.17k.com/book/1592435.html", "http://www.17k.com/book/1949748.html", "http://www.17k.com/book/2265802.html", "http://www.17k.com/book/2743240.html", "http://www.17k.com/book/2657437.html", "http://www.17k.com/book/2644502.html", "http://www.17k.com/book/2199900.html", "http://www.17k.com/book/2725436.html", "http://www.17k.com/book/2629978.html"]}