{"ratings": -1, "userreviews": [{"userName": "\u9020\u68a6\u8005363382696", "userReviewDate": "2018-06-04", "userURL": "http://user.17k.com/62503168", "userReview": "\u7ed9\u4f60\u6367\u573a\uff0cQQ\u770b\u5230\u76f8\u9047\u4fbf\u662f\u7f18"}, {"userName": "17k\u4e66\u53cbwy4zlz74a", "userReviewDate": "2018-06-03", "userURL": "http://user.17k.com/62485085", "userReview": "\u51a5\u5b50\u98ce\u6bbf\u4e0b\u5a01\u6b66~\u6367\u573a\u6367\u573a~"}, {"userName": "\u2572\u4e36\u4ea1\u5c38\u4fdd\u5b89\u5927\u961f\u957f\u309e\u4e16\u9f50", "userReviewDate": "2018-05-29", "userURL": "http://user.17k.com/62296747", "userReview": "\u5e08\u5f1f\uff0c\u52a0\u6cb9\uff0c\u5199\u7684\u4e0d\u9519"}, {"userName": "\u6f6e\u6e7f\u7684\u5fc3992039217", "userReviewDate": "2018-05-21", "userURL": "http://user.17k.com/61984499", "userReview": "[\u6253\u8d4f]\u6211\u6253\u8d4f\u4e868\u5143\u7ea2\u5305\uff01\uff01"}, {"userName": "\u751c\u5df7", "userReviewDate": "2018-05-16", "userURL": "http://user.17k.com/58104278", "userReview": "666\uff0c\u8fd9\u91cc\u8102\u7eef\u3002\u3002"}, {"userName": "\u2572\u4e36\u4ea1\u5c38\u8bd7\u754c \u8317\u66e6", "userReviewDate": "2018-05-15", "userURL": "http://user.17k.com/61795387", "userReview": "\u72ee\u864e\u864e\u6211\u6765\u5566\uff5e\u5815\u8317\u66e6"}, {"userName": "Meng.\u2661\u9165\u8f6f\u2740", "userReviewDate": "2018-05-15", "userURL": "http://user.17k.com/61821929", "userReview": "\u72ee\u864e\uff0c\u6211\u6765\u73a9\u4e86"}, {"userName": "\u2572\u4ea1\u5c38\u989c\u516e\u309e\u6bd2\u754c.\u5815\u6c50\u989c\u2026", "userReviewDate": "2018-05-15", "userURL": "http://user.17k.com/61821787", "userReview": "[\u6253\u8d4f]\u6211\u6253\u8d4f\u4e862\u5143\u7ea2\u5305\uff01\uff01"}, {"userName": "\u2572\u4ea1\u5c38\u989c\u516e\u309e\u6bd2\u754c.\u5815\u6c50\u989c\u2026", "userReviewDate": "2018-05-15", "userURL": "http://user.17k.com/61821787", "userReview": "\u5e08\u5085\uff0c\u6211\u6765\u6367\u573a\u4e86"}, {"userName": "17k\u4e66\u53cbk47qlk5km", "userReviewDate": "2018-05-15", "userURL": "http://user.17k.com/61799246", "userReview": "[\u6253\u8d4f]\u6211\u6253\u8d4f\u4e862\u5143\u7ea2\u5305\uff01\uff01"}, {"userName": "\u8001\u516c019985137", "userReviewDate": "2018-05-14", "userURL": "http://user.17k.com/61786088", "userReview": "\u5199\u7684\u597d\uff0c\u5927\u8d5e\u4f5c\u8005"}, {"userName": "17K\u4e66\u53cb4WYXA4HU", "userReviewDate": "2018-05-14", "userURL": "http://user.17k.com/61794682", "userReview": "\u52a0\u6cb9(\u0e07 \u2022\u0300_\u2022\u0301)\u0e07"}, {"userName": "Ws\u6a02\u754c\u9996\u5275", "userReviewDate": "2018-05-14", "userURL": "http://user.17k.com/61787177", "userReview": "\u5815\u5b89\u83b9"}, {"userName": "\u5348\u8475\u513f", "userReviewDate": "2018-05-13", "userURL": "http://user.17k.com/61734056", "userReview": "\u5348\u8475!!"}, {"userName": "\u8f69\u98dd", "userReviewDate": "2018-05-11", "userURL": "http://user.17k.com/61682678", "userReview": "\u516c\u5b59\u8f69"}, {"userName": "\u518d\u7f8e\u4e36\u4e5f\u53ea\u662f\u6619\u82b1\u4e00\u73b0488297199", "userReviewDate": "2018-05-11", "userURL": "http://user.17k.com/44161949", "userReview": "\u6797\u82e5"}, {"userName": "\u6d41\u5e74\u901d700292159", "userReviewDate": "2018-05-10", "userURL": "http://user.17k.com/58845576", "userReview": "\u738b\u96e8\u6674"}, {"userName": "\u83ab\u8f69648232255", "userReviewDate": "2018-05-10", "userURL": "http://user.17k.com/61638399", "userReview": "\u83ab\u8f69"}, {"userName": "\u6674.386456336", "userReviewDate": "2018-05-09", "userURL": "http://user.17k.com/61633183", "userReview": "\u7b71\u6674 \u5c0f\u8d31"}, {"userName": "ws\u6c5f\u8bda\u51c9\u68a6/\u5815\u4f9d", "userReviewDate": "2018-05-09", "userURL": "http://user.17k.com/61632856", "userReview": "\u9646\u70db\u6f3e\u3002\u82cf\u5a73\u513f"}], "description": "\u6768\u5955\u7136\u7684\u6bcd\u4eb2\u672c\u662f\u4eac\u5e02\u9ed1\u9053\u8001\u5927\u7684\u5973\u4eba\uff0c\u5f53\u53d1\u73b0\u81ea\u5df1\u6709\u8eab\u5b55\u8fc7\u540e\u6084\u6084\u7684\u79bb\u5f00\uff0c\u4f01\u56fe\u5e26\u7740\u672a\u51fa\u751f\u7684\u5b69\u5b50\u8fdc\u79bb\u6c5f\u6e56\u4e89\u6597\u5e73\u6de1\u7684\u8fc7\u5b8c\u4e00\u751f\uff0c\u5c82\u6599\u5b69\u5b50\u4e00\u51fa\u751f\u5c31\u662f\u8c03\u76ae\u86cb\uff0c\u60f9\u51fa\u4e00\u7cfb\u5217\u7684\u9ebb\u70e6\u4e8b\u2026\u2026", "title": "\u501f\u6211\u4e00\u7a0b\u53eb\u505a\u4f59\u751f", "url": "http://www.17k.com/book/2819805.html", "average": -1.0, "cover": "http://img.17k.com/images/bookcover/2018/14099/70/2819805-1525320961000.jpg", "reviews": 3491, "authors": [{"url": "http://www.17k.com/zuozhe/61314370", "name": "\u4e45\u957f\u82b8"}], "type": ["\u6821\u56ed\u98ce\u4e91"], "outlinks": ["http://www.17k.com/book/2794982.html", "http://www.17k.com/book/2801292.html", "http://www.17k.com/book/2816318.html", "http://www.17k.com/book/2797575.html", "http://www.17k.com/book/2802516.html", "http://www.17k.com/book/2812195.html", "http://www.17k.com/book/2820143.html", "http://www.17k.com/book/2807943.html", "http://www.17k.com/book/2813457.html", "http://www.17k.com/book/2798058.html", "http://www.17k.com/book/2815617.html", "http://www.17k.com/book/2805259.html", "http://www.17k.com/book/2760255.html", "http://www.17k.com/book/2686894.html", "http://www.17k.com/book/2797016.html", "http://www.17k.com/book/2767246.html", "http://www.17k.com/book/2764239.html", "http://www.17k.com/book/2754498.html", "http://www.17k.com/book/2754900.html", "http://www.17k.com/book/2625740.html", "http://www.17k.com/book/2213315.html", "http://www.17k.com/book/2402178.html", "http://www.17k.com/book/2691221.html", "http://www.17k.com/book/2210699.html", "http://www.17k.com/book/1797752.html", "http://www.17k.com/book/2575507.html", "http://www.17k.com/book/2705181.html", "http://www.17k.com/book/2702539.html", "http://www.17k.com/book/2474887.html", "http://www.17k.com/book/2674733.html", "http://www.17k.com/book/2822076.html", "http://www.17k.com/book/2809894.html", "http://www.17k.com/book/2822077.html", "http://www.17k.com/book/2811930.html", "http://www.17k.com/book/2815548.html", "http://www.17k.com/book/2819620.html", "http://www.17k.com/book/2809964.html", "http://www.17k.com/book/2808200.html", "http://www.17k.com/book/2820100.html", "http://www.17k.com/book/2822978.html", "http://www.17k.com/book/2804337.html", "http://www.17k.com/book/2798814.html", "http://www.17k.com/book/2785153.html", "http://www.17k.com/book/2731559.html", "http://www.17k.com/book/2722533.html", "http://www.17k.com/book/2458377.html", "http://www.17k.com/book/2743300.html", "http://www.17k.com/book/973809.html", "http://www.17k.com/book/2651367.html", "http://www.17k.com/book/2726194.html", "http://www.17k.com/book/2790214.html", "http://www.17k.com/book/493239.html", "http://www.17k.com/book/108821.html", "http://www.17k.com/book/1398783.html", "http://www.17k.com/book/83528.html", "http://www.17k.com/book/1859126.html", "http://www.17k.com/book/1741975.html", "http://www.17k.com/book/192453.html", "http://www.17k.com/book/2459058.html", "http://www.17k.com/book/1050747.html", "http://www.17k.com/book/2700315.html", "http://www.17k.com/book/2818940.html", "http://www.17k.com/book/2819519.html", "http://www.17k.com/book/2816390.html", "http://www.17k.com/book/2819588.html", "http://www.17k.com/book/2813768.html", "http://www.17k.com/book/2822406.html", "http://www.17k.com/book/2772164.html", "http://www.17k.com/book/2784023.html", "http://www.17k.com/book/2811877.html", "http://www.17k.com/book/2809119.html", "http://www.17k.com/book/2803700.html", "http://www.17k.com/book/2819561.html", "http://www.17k.com/book/2746506.html", "http://www.17k.com/book/2811836.html", "http://www.17k.com/book/2614810.html", "http://www.17k.com/book/1592435.html", "http://www.17k.com/book/1949748.html", "http://www.17k.com/book/2265802.html", "http://www.17k.com/book/2743240.html", "http://www.17k.com/book/2657437.html", "http://www.17k.com/book/2644502.html", "http://www.17k.com/book/2199900.html", "http://www.17k.com/book/2725436.html", "http://www.17k.com/book/2629978.html"]}