{"ratings": -1, "userreviews": [{"userName": "\u571f\u8c6a\u5c0f\u6df7\u6df7", "userReviewDate": "2015-01-24", "userURL": "http://user.17k.com/33284566", "userReview": "\u5e7f\u544a\u8bf7\u6253\u5728\u8fd9\u3002"}, {"userName": "\u9ec4\u74dc\u7684\u5bbf\u547d", "userReviewDate": "2018-02-14", "userURL": "http://user.17k.com/53195742", "userReview": "<a target='_blank' href='http://www.17k.com/book/2377865.html'>\u300a\u81f3\u9738\u82cd\u751f\u8bc0\u300b</a>\u6765\u8bbf\uff0c\u6c42\u652f\u6301\u6c42\u6269\u6563\uff0c\u87f9\u87f9\u3002"}, {"userName": "\u535a\u54e5\u8d85\u7ea7\u5e05", "userReviewDate": "2016-05-07", "userURL": "http://user.17k.com/46517687", "userReview": "VIP\u7fa4\u7279\u4f9b\u600e\u4e48\u770b\u554a"}, {"userName": "\u51b0\u51cc\u8000", "userReviewDate": "2016-03-04", "userURL": "http://user.17k.com/42962999", "userReview": "<a target='_blank' href='http://www.17k.com/book/1398910.html'>\u300a\u9752\u6da9\u7eaf\u604b\u300b</a>\u6765\u8bbf\u9001\u82b1\u652f\u6301"}, {"userName": "\u60f3\u5ff5158967574", "userReviewDate": "2016-02-25", "userURL": "http://user.17k.com/45305395", "userReview": "\u5927\u5927\u5199\u7684\u5f88\u597d\u554a\uff0c\u5df2\u6536\u85cf\uff0c\u91ce\u5b50\u65b0\u4e66<a target='_blank' href='http://www.17k.com/book/1704354.html'>\u300a\u7834\u843d\u5c0f\u6df7\u6df7\u7684\u4fee\u6b66\u4e4b\u65c5\u300b</a>\u6765\u62dc\u8bbf\u5566\uff0c\u52a0\u6cb9\u5466\uff01"}, {"userName": "\u4f55\u660e\u604b", "userReviewDate": "2016-02-21", "userURL": "http://user.17k.com/44688160", "userReview": "<a target='_blank' href='http://www.17k.com/book/1703979.html'>\u300a\u7edd\u4e0d\u8d1f\u4f60\u300b</a>\u65b0\u4e66\u6765\u8bbf\uff0c\u5e0c\u671b\u5404\u4f4d\u591a\u591a\u652f\u6301\uff0c\u8c22\u8c22\uff01"}, {"userName": "\u5929\u8352@\u672c\u80fd", "userReviewDate": "2015-11-07", "userURL": "http://user.17k.com/43658860", "userReview": "\u4e0d\u9519\u652f\u6301\uff01\uff01\uff01\uff01\uff01\uff01\uff01"}, {"userName": "138107****", "userReviewDate": "2015-04-02", "userURL": "http://user.17k.com/15116650", "userReview": "<a target='_blank' href='http://user.17k.com/33284566'>@\u571f\u8c6a\u5c0f\u6df7\u6df7</a> \u6708\u7968\u4e00\u5f20<img src='http://img.17k.com/images/face/102hh.gif' />"}, {"userName": "wycsw", "userReviewDate": "2015-03-23", "userURL": "http://user.17k.com/38629340", "userReview": "\u5145\u503c\u4e86\uff0c\u7ee7\u7eed\u770b\uff0c\u52a0\u6cb9\uff0c\u5144\u5f1f\uff01"}, {"userName": "138107****", "userReviewDate": "2015-03-02", "userURL": "http://user.17k.com/15116650", "userReview": "\u7ee7\u7eed\u6708\u7968\u652f\u6301\u3002\u52a0\u6cb9\uff01\uff01<a target='_blank' href='http://user.17k.com/33284566'>@\u571f\u8c6a\u5c0f\u6df7\u6df7</a>"}, {"userName": "gd364904596", "userReviewDate": "2015-02-27", "userURL": "http://user.17k.com/38379449", "userReview": "\u771f\u4e0d\u9519\u7684\u4e66\u3001\u770b\u4e86150\u7ae0\u4e86\uff0c\u51c6\u5907\u540e\u7eed\u8d2d\u4e70VIP\u7ee7\u7eed\u770b"}, {"userName": "i\u5fe7\u90c1i", "userReviewDate": "2015-02-23", "userURL": "http://user.17k.com/38340231", "userReview": "\u6211\u559c\u6b22"}, {"userName": "138107****", "userReviewDate": "2015-02-02", "userURL": "http://user.17k.com/15116650", "userReview": "\u9898\u6750\u662f\u6211\u559c\u6b22\u7684\uff0c\u6295\u5f20\u6708\u7968\u652f\u6301\u652f\u6301\uff01\uff01<a target='_blank' href='http://user.17k.com/33284566'>@\u571f\u8c6a\u5c0f\u6df7\u6df7</a> \u52a0\u6cb9\uff01\uff01"}, {"userName": "Mr\u9a97\u4eba\u5e03", "userReviewDate": "2015-01-30", "userURL": "http://user.17k.com/38050286", "userReview": "\u8fc7\u6765\u770b\u770b\uff0c\u62dc\u8bfb\u60a8\u7684\u4f73\u4f5c\uff0c\u4ee5\u671b\u81ea\u5df1\u5b66\u4e60\u63d0\u9ad8\u3002\u5982\u82e5\u5f97\u7a7a\uff0c\u8fd8\u8bf7\u5149\u987e\u6211\u7684\u4f5c\u54c1\uff0c\u795d\u5199\u6587\u6109\u5feb<a target='_blank' href='http://www.17k.com/book/1109422.html'>\u300a\u4e8c\u96f6\u4e8c\u96f6\u300b</a>"}, {"userName": "\u4e66\u53cb1780245304", "userReviewDate": "2015-01-19", "userURL": "http://user.17k.com/37170706", "userReview": "\u652f\u6301\u4e0b\u2026\u2026"}, {"userName": "Y\u5c0f\u4eba\u7269", "userReviewDate": "2015-01-12", "userURL": "http://user.17k.com/34121350", "userReview": "\u6bcf\u5929\u90fd\u8981\u770b\u4e66\uff0c\u5927\u795e\u80af\u5b9a\u4e0d\u77e5\u9053\u6211\u662f\u8c01\uff0c\u54c8\u54c8\u3002\u3002\u52a0\u6cb9\uff0c\u652f\u6301\u8001\u5927<a target='_blank' href='http://www.17k.com/book/774555.html'>\u300a\u5029\u5f71\u5723\u624b\u300b</a>"}, {"userName": "\u7a0b\u5bb6\u5c0f\u4e8c", "userReviewDate": "2015-01-05", "userURL": "http://user.17k.com/33348281", "userReview": "\u6492\u82b1\uff01"}, {"userName": "\u533f\u540d14112823345431", "userReviewDate": "2015-01-04", "userURL": "http://user.17k.com/37478758", "userReview": "\u52a0\u6cb9\uff01\uff01"}, {"userName": "Y\u5c0f\u4eba\u7269", "userReviewDate": "2015-01-03", "userURL": "http://user.17k.com/34121350", "userReview": "<span style='color:blue'>\u6bcf\u5929\u5fc5\u770b\uff01~\u5927\u795e\u52a0\u6cb9\uff01~</span>"}, {"userName": "\u8001\u8336\u574a", "userReviewDate": "2015-01-01", "userURL": "http://user.17k.com/37538375", "userReview": "\u571f\u8c6a\u5144\u771f\u662f\u5927\u795e\u554a\u3001\u6c42\u6307\u70b9\u3002\u3001"}], "description": "\u5029\u5f71\u5723\u624b\u59d0\u59b9\u7bc7\u300a\u6211\u7684\u623f\u5ba2\u662f\u5973\u4e3b\u64ad\u300b\u5df2\u7ecf\u5f00\u59cb\u4e0a\u4f20\uff0c\u5e0c\u671b\u5927\u5bb6\u591a\u591a\u652f\u6301\u3002\u3000\u3000\u5029\u5f71\u7fa4\u53f7\uff1a423140155\uff0c\u559c\u6b22\u5029\u5f71\u7684\u670b\u53cb\u8bf7\u5173\u6ce8\u6df7\u6df7\u7684\u5fae\u535a:\u571f\u8c6a\u5c0f\u6df7\u6df7\u3002\u3000\u3000\u5728\u8d34\u5427\u91cc\u53d1\u4e86\u5029\u5f71\u7684\u6700\u521d\u539f\u7a3f\uff0chttp://tieba.baidu.com/p/3862657967?fr=frs", "title": "\u5029\u5f71\u5723\u624b", "url": "http://www.17k.com/book/774555.html", "average": -1.0, "cover": "http://img.17k.com/images/bookcover/2015/3872/19/774555-1421316766000.jpg", "reviews": 1143324, "authors": [{"url": "http://www.17k.com/zuozhe/33284566", "name": "\u571f\u8c6a\u5c0f\u6df7\u6df7"}], "type": ["\u5a5a\u604b\u60c5\u611f"], "outlinks": ["http://www.17k.com/book/2794982.html", "http://www.17k.com/book/2801292.html", "http://www.17k.com/book/2816318.html", "http://www.17k.com/book/2797575.html", "http://www.17k.com/book/2802516.html", "http://www.17k.com/book/2812195.html", "http://www.17k.com/book/2820143.html", "http://www.17k.com/book/2807943.html", "http://www.17k.com/book/2813457.html", "http://www.17k.com/book/2798058.html", "http://www.17k.com/book/2815617.html", "http://www.17k.com/book/2805259.html", "http://www.17k.com/book/2760255.html", "http://www.17k.com/book/2686894.html", "http://www.17k.com/book/2797016.html", "http://www.17k.com/book/2767246.html", "http://www.17k.com/book/2764239.html", "http://www.17k.com/book/2754498.html", "http://www.17k.com/book/2754900.html", "http://www.17k.com/book/2625740.html", "http://www.17k.com/book/2213315.html", "http://www.17k.com/book/2402178.html", "http://www.17k.com/book/2691221.html", "http://www.17k.com/book/2210699.html", "http://www.17k.com/book/1797752.html", "http://www.17k.com/book/2575507.html", "http://www.17k.com/book/2705181.html", "http://www.17k.com/book/2702539.html", "http://www.17k.com/book/2474887.html", "http://www.17k.com/book/2674733.html", "http://www.17k.com/book/2822076.html", "http://www.17k.com/book/2809894.html", "http://www.17k.com/book/2822077.html", "http://www.17k.com/book/2811930.html", "http://www.17k.com/book/2815548.html", "http://www.17k.com/book/2819620.html", "http://www.17k.com/book/2809964.html", "http://www.17k.com/book/2808200.html", "http://www.17k.com/book/2820100.html", "http://www.17k.com/book/2822978.html", "http://www.17k.com/book/2804337.html", "http://www.17k.com/book/2798814.html", "http://www.17k.com/book/2785153.html", "http://www.17k.com/book/2731559.html", "http://www.17k.com/book/2722533.html", "http://www.17k.com/book/2458377.html", "http://www.17k.com/book/2743300.html", "http://www.17k.com/book/973809.html", "http://www.17k.com/book/2651367.html", "http://www.17k.com/book/2726194.html", "http://www.17k.com/book/2790214.html", "http://www.17k.com/book/493239.html", "http://www.17k.com/book/108821.html", "http://www.17k.com/book/1398783.html", "http://www.17k.com/book/83528.html", "http://www.17k.com/book/1859126.html", "http://www.17k.com/book/1741975.html", "http://www.17k.com/book/192453.html", "http://www.17k.com/book/2459058.html", "http://www.17k.com/book/1050747.html", "http://www.17k.com/book/2700315.html", "http://www.17k.com/book/2818940.html", "http://www.17k.com/book/2819519.html", "http://www.17k.com/book/2816390.html", "http://www.17k.com/book/2819588.html", "http://www.17k.com/book/2813768.html", "http://www.17k.com/book/2822406.html", "http://www.17k.com/book/2772164.html", "http://www.17k.com/book/2784023.html", "http://www.17k.com/book/2811877.html", "http://www.17k.com/book/2809119.html", "http://www.17k.com/book/2803700.html", "http://www.17k.com/book/2819561.html", "http://www.17k.com/book/2746506.html", "http://www.17k.com/book/2811836.html", "http://www.17k.com/book/2614810.html", "http://www.17k.com/book/1592435.html", "http://www.17k.com/book/1949748.html", "http://www.17k.com/book/2265802.html", "http://www.17k.com/book/2743240.html", "http://www.17k.com/book/2657437.html", "http://www.17k.com/book/2644502.html", "http://www.17k.com/book/2199900.html", "http://www.17k.com/book/2725436.html", "http://www.17k.com/book/2629978.html"]}