{"ratings": -1, "userreviews": [{"userName": "\u6f20\u70df\u503e", "userReviewDate": "2014-08-09", "userURL": "http://user.17k.com/16040249", "userReview": "<span style='color:red'><img src='http://img.17k.com/images/face/205gz.gif' /><img src='http://img.17k.com/images/face/205gz.gif' /><img src='http://img.17k.com/images/face/205gz.gif' />-----------------------\u5b8c\u672c\u4e4b\u65e5\u6c42\u5c01\u9762\u60e8\u4e0d\u5fcd\u7779-----------------------<img src='http://img.17k.com/images/face/205gz.gif' /><img src='http://img.17k.com/images/face/205gz.gif' /><img src='http://img.17k.com/images/face/205gz.gif' /></span>"}, {"userName": "\u6f20\u70df\u503e", "userReviewDate": "2013-09-11", "userURL": "http://user.17k.com/16040249", "userReview": "<span style='color:blue'><img src='http://img.17k.com/images/face/209xh.gif' /><img src='http://img.17k.com/images/face/209xh.gif' /><img src='http://img.17k.com/images/face/209xh.gif' />--------------------------\u5e7f\u544a\u697c-----------------------------\u3002\u5728\u5916\u8fb9\u53d1\u5e16\u4f1a\u88ab\u5220\u9664\u5662~\u4e3a\u4e86\u8bc4\u8bba\u7684\u6574\u6d01\uff0c\u7279\u6b64\u4eca\u65e5\u5f00\u59cb\uff0c\u53d1\u5728\u5916\u8fb9\u7684\u5e7f\u544a\u8d34\u4f1a\u88ab\u5220\u9664\u5662~~\u5728\u6b64\u697c\u5e7f\u544a\u8005\u503e\u503e\u90fd\u4f1a\u4e00\u4e00\u56de\u8bbf\u7684\u3002</span>"}, {"userName": "17K\u4e66\u53cbahux5pwm", "userReviewDate": "2018-03-26", "userURL": "http://user.17k.com/60572371", "userReview": "\u652f\u6301\u4f60&#55356;&#57144;&#55356;&#57144;&#55356;&#57144;"}, {"userName": "\u5c0f\u9614\u611b", "userReviewDate": "2017-10-22", "userURL": "http://user.17k.com/57372736", "userReview": "\u6c42\u652f\u6301"}, {"userName": "\u6c38\u6052\u7684\u5fae", "userReviewDate": "2016-12-17", "userURL": "http://user.17k.com/47604535", "userReview": "\u597d\u68d2~~"}, {"userName": "\u5343\u667a\u8d6b", "userReviewDate": "2015-02-02", "userURL": "http://user.17k.com/38103853", "userReview": "\u503e\u503e...\u6211\u53ef\u4ee5\u8fd9\u4e48\u79f0\u547c\u4f60\u5417\uff1f\u6211\u597d\u559c\u6b22\u4f60\u7684\u6587\uff0c\u52a0\u6cb9\uff0c\u6211\u4e5f\u8981\u52aa\u529b\u8d76\u4e0a"}, {"userName": "\u6e0a\u96ea", "userReviewDate": "2014-08-23", "userURL": "http://user.17k.com/35619963", "userReview": "<span style='color:blue'>\u503e\u503e\u597d\uff0c\u4f60\u8fd9\u662f\u5f7b\u5e95\u5b8c\u7ed3\u4e86\u5427\uff1f\u2026\u2026</span>"}, {"userName": "182762****", "userReviewDate": "2014-08-22", "userURL": "http://user.17k.com/17359248", "userReview": "o(\u2229_\u2229)o \u54c8\u54c8"}, {"userName": "\u6421\u63c9\u5706\u5706\u5476\u5476\u4f9d\u4f9d\u5494", "userReviewDate": "2014-08-20", "userURL": "http://user.17k.com/35738963", "userReview": "\u827e\u739b \u4f60\u90fd\u5b8c\u7ed3\u4e86 \u3002\u3002\u3002\u3002\u3002\u3002- -"}, {"userName": "\u82e5\u5c0f\u51fd", "userReviewDate": "2014-08-20", "userURL": "http://user.17k.com/15997350", "userReview": "\u6492\u82b1~~~"}, {"userName": "angel_wang88", "userReviewDate": "2014-08-18", "userURL": "http://user.17k.com/36189294", "userReview": "\u597d\u770b\uff0c\uff0c\u597d\u770b\uff0c\uff0c\uff0c\u6211\u5c31\u662f\u60f3\u77e5\u9053\u5973\u4eba\u7b2c\u51e0\u5f20\u5f00\u59cb\u56de\u590d\u5bb9\u8c8c"}, {"userName": "\u5a05\u8776\u5c14", "userReviewDate": "2014-08-18", "userURL": "http://user.17k.com/32519361", "userReview": "\u559c\u6b22\u8fd9\u6837\u7684\u60c5\u8282\uff0c\u8981\u5f00\u59cb\u6597\u5fc3\u673a\u4e86..."}, {"userName": "\u6e0a\u96ea", "userReviewDate": "2014-08-16", "userURL": "http://user.17k.com/35619963", "userReview": "<span style='color:blue'>\u503e\u503e\u5728\u5199\u5916\u756a\u5417\uff1f<img src='http://img.17k.com/images/face/119yw.gif' /></span>"}, {"userName": "\u5a05\u8776\u5c14", "userReviewDate": "2014-08-14", "userURL": "http://user.17k.com/32519361", "userReview": "\u6709\u4e00\u5904\u6709\u7591\u95ee\uff0c\u7b2c\u4e00\u7ae0\u8fd8\u6ca1\u7a7f\u8d8a\uff0c\u6709\u51e0\u5904\u600e\u4e48\u5c31\u6539\u4e86\u540d\u5b57\u5462\uff1f"}, {"userName": "\u5a05\u8776\u5c14", "userReviewDate": "2014-08-14", "userURL": "http://user.17k.com/32519361", "userReview": "\u5f88\u559c\u6b22\u817b\u5bb3\u7684\u5973\u4eba\uff0c\u770b\u7684\u5c14\u5c14\u662f\u5fc3\u60c5\u6f8e\u6e43\uff0c\u8fd9\u6837\u7684\u4eba\u6b7b\u5c31\u592a\u53ef\u60dc\u4e86\uff0c\u90a3\u4e2a\u5f1f\u5f1f\u771f\u662f\u7684\uff0c\u7ea0\u7ed3\u8fc7\u53bb\u7684\u4ec7\u6068\uff0c\u4e3a\u4ec0\u4e48\u4e0d\u73cd\u60dc\u5f53\u4e0b\u5462\uff1f"}, {"userName": "182762****", "userReviewDate": "2014-08-14", "userURL": "http://user.17k.com/17363704", "userReview": "<img src='http://img.17k.com/images/face/207jy.gif' />"}, {"userName": "\u5a05\u8776\u5c14", "userReviewDate": "2014-08-13", "userURL": "http://user.17k.com/32519361", "userReview": "\u521a\u770b\u4e86\u7b80\u4ecb\uff0c\u5f88\u817b\u5bb3\u7684\u5973\u4e3b\u8bbe\u5b9a\uff0c\u671f\u5f85\u5979\u7684\u540e\u7eed\u547d\u8fd0..."}, {"userName": "\u6e0a\u96ea", "userReviewDate": "2014-08-13", "userURL": "http://user.17k.com/35619963", "userReview": "<span style='color:blue'>\u503e\u503e\u53c2\u52a0\u8054\u8d5b\uff0c\u5230\u65f6\u5019\u5076\u6765\u652f\u6301~</span>"}, {"userName": "\u6e0a\u96ea", "userReviewDate": "2014-08-12", "userURL": "http://user.17k.com/35619963", "userReview": "<span style='color:blue'>\u4e3a\u867e\u7c73\u611f\u89c9\u5076\u6ef4\u7c89\u4e1d\u7b2c\u4e8c\u5f88\u4e0d\u4fdd\u561e\u2026\u2026</span>"}, {"userName": "\u539f\u82e5\u5982\u6b64", "userReviewDate": "2014-08-12", "userURL": "http://user.17k.com/16916739", "userReview": "<span style='color:black'><img src='http://img.17k.com/images/face/205gz.gif' />\u76d6\u4e0a\u4e00\u7ae0<img src='http://img.17k.com/images/face/205gz.gif' /></span>"}], "description": "\u5979\uff0c\u662f\u6765\u81ea\u73b0\u4ee3\u7684\u4e00\u540d\u4ee3\u53f7\u4e3a07\u7684\u9ad8\u7aef\u6740\u624b\uff0c\u5374\u7a7f\u8d8a\u5230\u5357\u56fd\u5a5a\u524d\u5931\u8d1e\u7684\u4e11\u989c\u516d\u738b\u5983\u8eab\u4e0a\u3002\u806a\u660e\u5982\u5979\uff0c\u4e00\u8eab\u5229\u843d\u51cc\u5389\u7684\u8eab\u624b\uff0c\u65e0\u4eba\u53ef\u6321\u3002\u9634\u8c0b\u7b97\u8ba1\uff0c\u5bf9\u5979\u6765\u8bf4\u4e0d\u5728\u8bdd\u4e0b\u3002\u884c\u519b\u6253\u4ed7\uff0c\u66f4\u662f\u6210\u5c31\u4e86\u5979\u5728\u519b\u8425\u4e2d\u7684\u58f0\u52bf\u3002\u5979\u4e8e\u4e07\u519b\u4e2d\u53d6\u654c\u9996\uff0c\u5982\u63a2\u56ca\u53d6\u7269\uff0c\u9020\u5c31\u4e86\u5979\u7684\u4e00\u4e16\u5a01\u540d\u3002\u3000\u3000\u4ed6\uff0c\u662f\u5357\u56fd\u516d\u738b\u7237\u71d5\u503e\u8fb0\u3002\u9a84\u50b2\u5982\u4ed6\uff0c\u5b64\u50b2\u51b7\u5cfb\uff0c\u6175\u61d2\u9634\u5bd2\uff0c\u5bf9\u4e00\u5207\u4e8b\u7269\u90fd\u6beb\u4e0d\u5728\u610f\uff0c\u5374\u5728\u5979\u5c61\u5c61\u9677\u5165\u56f0\u5883\u65f6\uff0c\u90fd\u5bf9\u5979\u4e0d\u79bb\u4e0d\u5f03\uff0c\u5728\u7edd\u671b\u4e2d\u7ed9\u5979\u5e0c\u671b\uff0c\u51e0\u6b21\u6551\u5979\u4e8e\u751f\u6b7b\uff0c\u5374\u4e5f\u65e0\u6028\u65e0\u6094\u3002\u3000\u3000\u4ed6\uff0c\u662f\u5317\u56fd\u7684\u4e16\u5b50\u5317\u964c\u749f\u3002\u6df1\u60c5\u5982\u4ed6\uff0c\u9738\u9053\u5f3a\u52bf\uff0c\u51b7\u51bd\u5f3a\u786c\uff0c\u5374\u5c61\u5c61\u5bf9\u5979\u9732\u51fa\u67d4\u60c5\u7684\u4e00\u9762\uff0c\u5728\u5979\u53d7\u5230\u80cc\u53db\u3001\u4f24\u5bb3\u7684\u65f6\u5019\uff0c\u4ed6\u603b\u662f\u5728\u4e00\u65c1\u4fdd\u62a4\u7740\u5979\u3002\u800c\u5728\u4ed6\u81ea\u5df1\u9762\u5bf9\u7740\u5de8\u5927\u7684\u632b\u6298\u538b\u529b\u65f6\uff0c\u4ed6\u5374\u628a\u5979\u63a8\u5411\u4e00\u65c1\uff0c\u72ec\u81ea\u627f\u53d7\u3002\u3000\u3000\u800c\u5979\u7ea0\u7f20\u4e8e\u4e24\u4e2a\u5bf9\u5979\u81f3\u60c5\u81f3\u7231\u7684\u7537\u4eba\u4e2d\u95f4\uff0c\u5c06\u4f55\u53bb\u4f55\u4ece\uff01\u3000\u3000\u4e71\u4e16\u4e89\u7aef\uff0c\u9634\u8c0b\u63a5\u8e35\u800c\u6765\uff0c\u6743\u529b\u4e89\u7aef\u7684\u60ca\u6d9b\u9a87\u6d6a\u4e4b\u4e0b\uff0c\u8c01\u624d\u662f\u771f\u6b63\u7684\u4e3b\u5bb0\uff01", "title": "\u503e\u4e16\u8c0b\u5983", "url": "http://www.17k.com/book/559076.html", "average": -1.0, "cover": "http://img.17k.com/images/bookcover/2014/2795/13/559076-1407768302000.jpg", "reviews": 850033, "authors": [{"url": "http://www.17k.com/zuozhe/16040249", "name": "\u6f20\u70df\u503e"}], "type": ["\u53e4\u4ee3\u91cd\u751f"], "outlinks": ["http://www.17k.com/book/2794982.html", "http://www.17k.com/book/2801292.html", "http://www.17k.com/book/2816318.html", "http://www.17k.com/book/2797575.html", "http://www.17k.com/book/2802516.html", "http://www.17k.com/book/2812195.html", "http://www.17k.com/book/2820143.html", "http://www.17k.com/book/2807943.html", "http://www.17k.com/book/2813457.html", "http://www.17k.com/book/2798058.html", "http://www.17k.com/book/2815617.html", "http://www.17k.com/book/2805259.html", "http://www.17k.com/book/2760255.html", "http://www.17k.com/book/2686894.html", "http://www.17k.com/book/2797016.html", "http://www.17k.com/book/2767246.html", "http://www.17k.com/book/2764239.html", "http://www.17k.com/book/2754498.html", "http://www.17k.com/book/2754900.html", "http://www.17k.com/book/2625740.html", "http://www.17k.com/book/2213315.html", "http://www.17k.com/book/2402178.html", "http://www.17k.com/book/2691221.html", "http://www.17k.com/book/2210699.html", "http://www.17k.com/book/1797752.html", "http://www.17k.com/book/2575507.html", "http://www.17k.com/book/2705181.html", "http://www.17k.com/book/2702539.html", "http://www.17k.com/book/2474887.html", "http://www.17k.com/book/2674733.html", "http://www.17k.com/book/2822076.html", "http://www.17k.com/book/2809894.html", "http://www.17k.com/book/2822077.html", "http://www.17k.com/book/2811930.html", "http://www.17k.com/book/2815548.html", "http://www.17k.com/book/2819620.html", "http://www.17k.com/book/2809964.html", "http://www.17k.com/book/2808200.html", "http://www.17k.com/book/2820100.html", "http://www.17k.com/book/2822978.html", "http://www.17k.com/book/2804337.html", "http://www.17k.com/book/2798814.html", "http://www.17k.com/book/2785153.html", "http://www.17k.com/book/2731559.html", "http://www.17k.com/book/2722533.html", "http://www.17k.com/book/2458377.html", "http://www.17k.com/book/2743300.html", "http://www.17k.com/book/973809.html", "http://www.17k.com/book/2651367.html", "http://www.17k.com/book/2726194.html", "http://www.17k.com/book/2790214.html", "http://www.17k.com/book/493239.html", "http://www.17k.com/book/108821.html", "http://www.17k.com/book/1398783.html", "http://www.17k.com/book/83528.html", "http://www.17k.com/book/1859126.html", "http://www.17k.com/book/1741975.html", "http://www.17k.com/book/192453.html", "http://www.17k.com/book/2459058.html", "http://www.17k.com/book/1050747.html", "http://www.17k.com/book/2700315.html", "http://www.17k.com/book/2818940.html", "http://www.17k.com/book/2819519.html", "http://www.17k.com/book/2816390.html", "http://www.17k.com/book/2819588.html", "http://www.17k.com/book/2813768.html", "http://www.17k.com/book/2822406.html", "http://www.17k.com/book/2772164.html", "http://www.17k.com/book/2784023.html", "http://www.17k.com/book/2811877.html", "http://www.17k.com/book/2809119.html", "http://www.17k.com/book/2803700.html", "http://www.17k.com/book/2819561.html", "http://www.17k.com/book/2746506.html", "http://www.17k.com/book/2811836.html", "http://www.17k.com/book/2614810.html", "http://www.17k.com/book/1592435.html", "http://www.17k.com/book/1949748.html", "http://www.17k.com/book/2265802.html", "http://www.17k.com/book/2743240.html", "http://www.17k.com/book/2657437.html", "http://www.17k.com/book/2644502.html", "http://www.17k.com/book/2199900.html", "http://www.17k.com/book/2725436.html", "http://www.17k.com/book/2629978.html"]}