{"ratings": -1, "userreviews": [{"userName": "\u4e0d\u8001\u5f90\u5a18", "userReviewDate": "2016-12-31", "userURL": "http://user.17k.com/44568746", "userReview": "\u65b0\u5e74\u4e4b\u9645\uff0c\u526a\u4e00\u7a97\u5c81\u6708\uff0c\u5bc4\u8bed\u660e\u5929\uff0c\u613f\u670b\u53cb\u4eec\u65b0\u5e74\u5409\u7965\uff0c\u5e73\u5b89\u559c\u4e50\uff0c\u5927\u5409\u5927\u5229\uff01<img src='http://img.17k.com/images/face/209xh.gif' /><img src='http://img.17k.com/images/face/209xh.gif' /><img src='http://img.17k.com/images/face/209xh.gif' />"}, {"userName": "\u4e0d\u8001\u5f90\u5a18", "userReviewDate": "2016-10-31", "userURL": "http://user.17k.com/44568746", "userReview": "&nbsp;\u539f\u672c\u6211\u662f\u4e2a<a target='_blank' href='http://www.17k.com/book/1743897.html'>\u300a\u751c\u871c\u5c0f\u65f6\u5de5\u300b</a>\uff0c\u5728<a target='_blank' href='http://www.17k.com/book/812064.html'>\u300a\u51e1\u5ddd\u4e4b\u65c5\u300b</a>\u4e2d\u8ba4\u8bc6\u4e86<a target='_blank' href='http://www.17k.com/book/1719295.html'>\u300a\u91cd\u751f\u4e4b\u4e2b\u9b1f\u7687\u5983\u300b</a>\u3001<a target='_blank' href='http://www.17k.com/book/1701390.html'>\u300a\u91cd\u751f\u4e4b\u5343\u91d1\u6012\u300b</a>\u548c<a target='_blank' href='http://www.17k.com/book/1574430.html'>\u300a\u91cd\u751f\u4fcf\u537f\u5b9d\u300b</a>\uff0c\u5728\u5979\u4eec\u7684\u966a\u540c\u4e0b<a target='_blank' href='http://www.17k.com/book/2055144.html'>\u300a\u91cd\u8fd4\u5343\u5e74\u300b</a>\uff0c\u53bb<a target='_blank' href='http://www.17k.com/book/1649946.html'>\u300a\u4e4c\u6c5f\u6218\u7eaa\u300b</a>\u770b<a target='_blank' href='http://www.17k.com/book/2158989.html'>\u300a\u6e38\u4fa0\u6b21\u4e16\u4ee3\u300b</a>\u7684<a target='_blank' href='http://www.17k.com/book/1736947.html'>\u300a\u795e\u6b66\u4ed9\u5175\u300b</a>\u5728<a target='_blank' href='http://www.17k.com/book/1025265.html'>\u300a\u5288\u5929\u65a9\u795e\u300b</a>\u4e2d<a target='_blank' href='http://www.17k.com/book/1596165.html'>\u300a\u566c\u9053\u64ce\u5929\u300b</a>\uff0c\u4ece\u800c\u753b\u51fa\u4e86\u4e00\u7247<a target='_blank' href='http://www.17k.com/book/1601394.html'>\u300a\u5983\u5e38\u9526\u7ee3\u300b</a>\u3002"}, {"userName": "\u70df\u53f6\u795e", "userReviewDate": "2018-05-17", "userURL": "http://user.17k.com/33771814", "userReview": "<span style='color:green'>\u6211\u633a\u6000\u5ff5\u90a3\u65f6\u5019\uff0c\u5982\u4eca\u7684\u6d6e\u8e81\u8ba9\u6211\u6709\u4e9b\u538c\u5026\uff0c\u4f60\u4eec\u90fd\u4e0d\u5728\u8fd9\u91cc\u4e86\uff0c\u641e\u5f97\u6211\u633a\u4e2a\u4eba\u4f24\u611f\u7684\uff0c\u65e0\u5948\uff0c\u611f\u6168\u3002\u59d0\uff0c\u60f3\u4f60\u4eec\u4e86\u3002</span>"}, {"userName": "\u70df\u53f6\u795e", "userReviewDate": "2018-04-13", "userURL": "http://user.17k.com/33771814", "userReview": "<span style='color:green'>\u59d0\uff0c\u4ec0\u4e48\u65f6\u5019\u56de\u6765\uff1f\u60f3\u4f60\u4e86\u3002</span>"}, {"userName": "\u674e\u5efa997400149", "userReviewDate": "2018-01-02", "userURL": "http://user.17k.com/59070794", "userReview": "[\u6253\u8d4f]\u6211\u6253\u8d4f\u4e862\u5143\u7ea2\u5305\uff01\uff01"}, {"userName": "\u674e\u5efa997400149", "userReviewDate": "2018-01-02", "userURL": "http://user.17k.com/59070794", "userReview": "\u4e0d\u8fc7\u4eba\u7269\u5f62\u8c61\u5851\u9020\u8fd8\u4e0d\u591f\u9c9c\u660e\uff0c\u5f88\u96be\u770b\u51fa\u4eba\u7269\u7684\u6027\u683c\u7279\u70b9"}, {"userName": "\u674e\u5efa997400149", "userReviewDate": "2018-01-02", "userURL": "http://user.17k.com/59070794", "userReview": "\u5199\u4e86\u8fd9\u4e48\u591a\u7ae0\u5f88\u4e0d\u9519\uff0c\u6682\u65f6\u6ca1\u53d1\u73b0\u4ec0\u4e48\u4e0d\u8db3\u4e4b\u5904"}, {"userName": "\u674e\u5efa997400149", "userReviewDate": "2017-12-25", "userURL": "http://user.17k.com/59070794", "userReview": "[\u6253\u8d4f]\u6211\u6253\u8d4f\u4e868\u5143\u7ea2\u5305\uff01\uff01"}, {"userName": "\u6697\u591c\u6d41\u661f\u98de", "userReviewDate": "2017-12-14", "userURL": "http://user.17k.com/46865324", "userReview": "\u5927\u5927\u4e2d\u5e74\u5348\u597d\uff0c\u65b0\u4eba\u6765\u652f\u6301\uff0c\u9082\u9005\u5973\u795e\u540e\u4ed6\u2026\u2026"}, {"userName": "\u6881\u8def\u513f", "userReviewDate": "2017-11-01", "userURL": "http://user.17k.com/56434538", "userReview": "\u5927\u5927\u6587\u7b14\u771f\u597d\uff0c\u52a0\u6cb9\uff01<a target='_blank' href='http://www.17k.com/book/2710735.html'>\u300a\u4e54\u6728\u9634\u9634\u533b\u8005\u8def\u300b</a>\u6b22\u8fce\u5927\u5bb6\u5165\u5751\u3002"}, {"userName": "\u963f\u66ae\u5b8c\u4facmumu", "userReviewDate": "2017-10-02", "userURL": "http://user.17k.com/57093862", "userReview": "<a target='_blank' href='http://www.17k.com/book/2645447.html'>\u300a\u51b7\u66ae\u4e03\u6708\u300b</a>\u6765\u8bbf\uff0c\u5199\u7684\u771f\u597d\uff01\u5e0c\u671b\u5927\u5bb6\u559c\u6b22\uff0c\u652f\u6301\uff0c\u6536\u85cf\uff01"}, {"userName": "\u865e\u6960\u6960", "userReviewDate": "2017-08-14", "userURL": "http://user.17k.com/55387945", "userReview": "\u5927\u5927\u665a\u5b89\uff0c\u52a0\u6cb9\u3002\u5386\u53f2\u7c7b\u7684\u5c0f\u8bf4\u554a\uff0c\u6960\u6960\u7edd\u5bf9\u62b1\u8d70\u56de\u5bb6\u770b\u554a"}, {"userName": "\u5c18\u7985010536419", "userReviewDate": "2017-08-02", "userURL": "http://user.17k.com/44918080", "userReview": "[\u6253\u8d4f]\u6211\u6253\u8d4f\u4e862\u5143\u7ea2\u5305\uff01\uff01"}, {"userName": "\u5c18\u7985010536419", "userReviewDate": "2017-07-14", "userURL": "http://user.17k.com/44918080", "userReview": "\u7b97\u6210\u6b63\u679c\u4e86\uff0c\u4f46\u613f\u6ca1\u6709\u610f\u5916\u3002"}, {"userName": "\u5c18\u7985010536419", "userReviewDate": "2017-07-05", "userURL": "http://user.17k.com/44918080", "userReview": "\u5386\u53f2\u6027\u7684HE\u4f53\uff0c\u8001\u5c48\u6b7b\u4e5f\u503c\u4e86\u3002"}, {"userName": "\u5c18\u7985010536419", "userReviewDate": "2017-07-03", "userURL": "http://user.17k.com/44918080", "userReview": "\u62b1\u5f97\u7f8e\u4eba\u9003\uff0c\u518d\u96be\u4e5f\u5fc3\u6b22\u3002\u795d\u798f\u8001\u5c48\uff01"}, {"userName": "\u5c18\u7985010536419", "userReviewDate": "2017-06-30", "userURL": "http://user.17k.com/44918080", "userReview": "\u4e8c\u4eba\u7ec8\u6210\u6b63\u679c\uff01\u6740\u4e0e\u4e0d\u6740\uff0c\u8be5\u6740\u4e0e\u4e0d\u8be5\u6740\uff0c\u5747\u6709\u5206\u5bf8\uff0c\u8fd9\u6b63\u662f\u8001\u5c48\u3002"}, {"userName": "\u5c18\u7985010536419", "userReviewDate": "2017-06-25", "userURL": "http://user.17k.com/44918080", "userReview": "<span style='color:black'>\u6700\u540e\u4e00\u5200\uff0c\u624d\u662f\u6700\u8981\u547d\u7684\u554a\u3002\u5b54\u5b81 \u6b7b\u4e5f\u8fd8\u7b97\u660e\u767d\u3002</span>"}, {"userName": "\u5c18\u7985010536419", "userReviewDate": "2017-06-25", "userURL": "http://user.17k.com/44918080", "userReview": "\u59ec\u5fc3\u7476\u5bf9\u5c48\u5deb\u8981\u6740\u5b54\u5b81 \u53cd\u5e94\uff0c\u5199\u5f97\u5165\u5fae\uff0c\u628a\u63e1\u5f97\u597d\u3002"}, {"userName": "\u96fe\u98de\u6a31", "userReviewDate": "2017-04-27", "userURL": "http://user.17k.com/50151765", "userReview": "<a target='_blank' href='http://www.17k.com/book/2186530.html'>\u300a\u96fe\u6563\u4e24\u76f8\u7275\u300b</a>\u5c0f\u6a31\u5b50\u6765\u62dc\u8bbf\u5927\u5927\uff0c\u606d\u559c\u5b8c\u7ed3\uff0c\u52a0\u6cb9\u52a0\u6cb9"}], "description": "\u8fd9\u4e2a\u5973\u4eba\u5728\u6211\u56fd\u5386\u53f2\u4e0a\u771f\u5b9e\u5b58\u5728\u8fc7\u3000\u3000\u5979\u539f\u672c\u662f\u6625\u79cb\u8bf8\u4faf\u56fd\u90d1\u56fd\u7684\u516c\u4e3b\u3000\u3000\u5374\u4e09\u6b21\u4ee3\u738b\u540e\uff0c\u4e03\u6b21\u6210\u592b\u4eba\uff0c\u4e5d\u6b21\u4e3a\u5be1\u5987\u3000\u3000\u5386\u53f2\u7ed9\u5979\u7684\u7684\u5b9a\u8bba\u662f\u503e\u56fd\u8361.\u5987\u3000\u3000\u56e0\u4e3a\u5979\uff0c\u5a9a\u541b\u738b\u60d1\u81e3\u5b50\u3000\u3000\u56e0\u4e3a\u5979\uff0c\u53d1\u751f\u4e86\u4e09\u573a\u5927\u6218\u3000\u3000\u7136\u800c\uff0c\u5374\u6709\u4e00\u4e2a\u7537\u4eba\u3000\u3000\u4e00\u4e2a\u6211\u56fd\u5386\u53f2\u4e0a\u7edd\u65e0\u4ec5\u6709\u7684\u7537\u4eba\u3000\u3000\u4e3a\u4e86\u5979\uff0c\u4e0d\u60dc\u6bc1\u5bb6\u706d\u65cf\u3000\u3000\u4e3a\u4e86\u5979\uff0c\u62e8\u52a8\u5929\u4e0b\u98ce\u4e91\u3000\u3000\u672c\u4e66\u5e26\u4f60\u8d70\u8fdb\u8fd9\u6bb5\u98ce\u4e91\u6fc0\u8361\u7684\u5386\u53f2\u3000\u3000\u770b\u4e00\u6bb5\u60ca\u4e16\u9a87\u4fd7\u7684\u60c5\u7231\u7f20\u7ef5", "title": "\u503e\u56fd\u4e4b\u4e71", "url": "http://www.17k.com/book/1600891.html", "average": -1.0, "cover": "http://img.17k.com/images/bookcover/2016/8004/40/1600891-1470644787000.jpg", "reviews": 311070, "authors": [{"url": "http://www.17k.com/zuozhe/44568746", "name": "\u4e0d\u8001\u5f90\u5a18"}], "type": ["\u67b6\u7a7a\u5386\u53f2"], "outlinks": ["http://www.17k.com/book/2794982.html", "http://www.17k.com/book/2801292.html", "http://www.17k.com/book/2816318.html", "http://www.17k.com/book/2797575.html", "http://www.17k.com/book/2802516.html", "http://www.17k.com/book/2812195.html", "http://www.17k.com/book/2820143.html", "http://www.17k.com/book/2807943.html", "http://www.17k.com/book/2813457.html", "http://www.17k.com/book/2798058.html", "http://www.17k.com/book/2815617.html", "http://www.17k.com/book/2805259.html", "http://www.17k.com/book/2760255.html", "http://www.17k.com/book/2686894.html", "http://www.17k.com/book/2797016.html", "http://www.17k.com/book/2767246.html", "http://www.17k.com/book/2764239.html", "http://www.17k.com/book/2754498.html", "http://www.17k.com/book/2754900.html", "http://www.17k.com/book/2625740.html", "http://www.17k.com/book/2213315.html", "http://www.17k.com/book/2402178.html", "http://www.17k.com/book/2691221.html", "http://www.17k.com/book/2210699.html", "http://www.17k.com/book/1797752.html", "http://www.17k.com/book/2575507.html", "http://www.17k.com/book/2705181.html", "http://www.17k.com/book/2702539.html", "http://www.17k.com/book/2474887.html", "http://www.17k.com/book/2674733.html", "http://www.17k.com/book/2822076.html", "http://www.17k.com/book/2809894.html", "http://www.17k.com/book/2822077.html", "http://www.17k.com/book/2811930.html", "http://www.17k.com/book/2815548.html", "http://www.17k.com/book/2819620.html", "http://www.17k.com/book/2809964.html", "http://www.17k.com/book/2808200.html", "http://www.17k.com/book/2820100.html", "http://www.17k.com/book/2822978.html", "http://www.17k.com/book/2804337.html", "http://www.17k.com/book/2798814.html", "http://www.17k.com/book/2785153.html", "http://www.17k.com/book/2731559.html", "http://www.17k.com/book/2722533.html", "http://www.17k.com/book/2458377.html", "http://www.17k.com/book/2743300.html", "http://www.17k.com/book/973809.html", "http://www.17k.com/book/2651367.html", "http://www.17k.com/book/2726194.html", "http://www.17k.com/book/2790214.html", "http://www.17k.com/book/493239.html", "http://www.17k.com/book/108821.html", "http://www.17k.com/book/1398783.html", "http://www.17k.com/book/83528.html", "http://www.17k.com/book/1859126.html", "http://www.17k.com/book/1741975.html", "http://www.17k.com/book/192453.html", "http://www.17k.com/book/2459058.html", "http://www.17k.com/book/1050747.html", "http://www.17k.com/book/2700315.html", "http://www.17k.com/book/2818940.html", "http://www.17k.com/book/2819519.html", "http://www.17k.com/book/2816390.html", "http://www.17k.com/book/2819588.html", "http://www.17k.com/book/2813768.html", "http://www.17k.com/book/2822406.html", "http://www.17k.com/book/2772164.html", "http://www.17k.com/book/2784023.html", "http://www.17k.com/book/2811877.html", "http://www.17k.com/book/2809119.html", "http://www.17k.com/book/2803700.html", "http://www.17k.com/book/2819561.html", "http://www.17k.com/book/2746506.html", "http://www.17k.com/book/2811836.html", "http://www.17k.com/book/2614810.html", "http://www.17k.com/book/1592435.html", "http://www.17k.com/book/1949748.html", "http://www.17k.com/book/2265802.html", "http://www.17k.com/book/2743240.html", "http://www.17k.com/book/2657437.html", "http://www.17k.com/book/2644502.html", "http://www.17k.com/book/2199900.html", "http://www.17k.com/book/2725436.html", "http://www.17k.com/book/2629978.html"]}