{"ratings": -1, "userreviews": [{"userName": "\u6d41\u795e\u6b66\u8f66", "userReviewDate": "2018-05-30", "userURL": "http://user.17k.com/16214176", "userReview": "\u611f\u8c22\u5927\u5bb6\u4e00\u5982\u65e2\u5f80\u7684\u652f\u6301\uff0c\u5199\u4e66\u4e0d\u6613\uff0c\u6240\u4ee5\u5b8c\u672c\u540e\u8fd9\u51e0\u5929\u8981\u6478\u9c7c\u6478\u7206\uff0c\u6478\u9c7c\u7684\u65e5\u5b50\u867d\u7136\u4e0d\u4f1a\u66f4\u65b0\u4f46\u8fd8\u662f\u4f1a\u7ee7\u7eed\u56de\u590d\u7559\u8a00\uff0c\u6478\u4e2a\u51e0\u5929\u800c\u5df2\uff0c\u6478\u591f\u4e86\u81ea\u7136\u4f1a\u4ee5\u65b0\u7684\u5f62\u6001\u51fa\u73b0\u7684\uff0c\u8c22\u8c22\uff0c\u6478\u4e86\u3002"}, {"userName": "\u53f6\u843d\u679d\u5934", "userReviewDate": "2017-03-01", "userURL": "http://user.17k.com/17056547", "userReview": "<a target='_blank' href='http://www.17k.com/book/2264009.html'>\u300a\u7f51\u6e38\u4e4b\u4e5d\u8f6c\u8f6e\u56de\u300b</a>\u7ec8\u4e8e\u4e0a\u67b6\uff0c\u6c42\u8ba2\u9605\uff0c\u6c42\u6295\u7968\uff0c\u5404\u79cd\u8dea\u6c42\uff0cO(\u2229_\u2229)O\u54c8\uff01"}, {"userName": "\u80fd\u51fa\u6ca1\u6ce8\u610f", "userReviewDate": "2016-01-25", "userURL": "http://user.17k.com/38335788", "userReview": "<span style='color:red'>\u7f6e\u9876\uff0c\u767e\u4e07\u5b57\u4ee5\u4e0a\uff0cUR\u7ea7 <a target='_blank' href='http://www.17k.com/book/631937.html'>\u300a\u547d\u4e4b\u9014\u300b</a><a target='_blank' href='http://www.17k.com/book/590918.html'>\u300a\u5149\u7075\u884c\u4f20\u300b</a><a target='_blank' href='http://www.17k.com/book/1025265.html'>\u300a\u5288\u5929\u65a9\u795e\u300b</a><a target='_blank' href='http://www.17k.com/book/781823.html'>\u300a\u5384\u96f7\u4f20\u300b</a><a target='_blank' href='http://www.17k.com/book/1085700.html'>\u300a\u516d\u754c\u795e\u541b\u300b</a><a target='_blank' href='http://www.17k.com/book/816244.html'>\u300a\u5a5a\u5ba0\u6eba\u7231\u300b</a><a target='_blank' href='http://www.17k.com/book/1078743.html'>\u300a\u50bb\u738b\u7684\u4ee3\u5ac1\u840c\u59bb\u300b</a></span>"}, {"userName": "\u6d41\u795e\u6b66\u8f66", "userReviewDate": "2016-01-04", "userURL": "http://user.17k.com/16214176", "userReview": "\u6b22\u8fce\u5404\u8def\u8001\u7237\u524d\u6765\u652f\u6301\uff0c\u4e0d\u53ef\u6765\u800c\u4e0d\u5f80\uff0c\u4f46\u51e1\u7559\u4e0b\u652f\u6301\u4e0e\u7559\u8a00\u7684\u670b\u53cb\uff0c\u201c\u80fd\u51fa\u6ca1\u6ce8\u610f\u201d\u5fc5\u56de\u4e00\u4e00\u56de\u793c\u3002"}, {"userName": "\u53f6\u843d\u679d\u5934", "userReviewDate": "2018-06-08", "userURL": "http://user.17k.com/17056547", "userReview": "\u03b5=(&acute;\u03bf\uff40*)))\u5509\uff0c\u751f\u6d3b\u5728\u519c\u6751\uff0c\u6709\u8bf8\u591a\u4e0d\u4fbf.."}, {"userName": "\u80fd\u51fa\u6ca1\u6ce8\u610f", "userReviewDate": "2018-06-08", "userURL": "http://user.17k.com/38335788", "userReview": "\u770b\u6765\u5468\u672b\u53c8\u8981\u5fd9\u4e86"}, {"userName": "\u4f46\u613f\u65e0\u6127", "userReviewDate": "2018-06-08", "userURL": "http://user.17k.com/32845976", "userReview": "\u5468\u672b\u2026\u2026"}, {"userName": "17K\u4e66\u53cb9nwou895", "userReviewDate": "2018-06-08", "userURL": "http://user.17k.com/62413576", "userReview": "\u5f88\u68d2\u68d2\u4f60\u7238\u7238"}, {"userName": "\u53f6\u843d\u679d\u5934", "userReviewDate": "2018-06-07", "userURL": "http://user.17k.com/17056547", "userReview": "\u54c8\u54c8\uff0c\u7ec8\u4e8e\u597d\u4e8600"}, {"userName": "\u6c83\u571f456", "userReviewDate": "2018-06-07", "userURL": "http://user.17k.com/33847397", "userReview": "\u590f\u5929\u662f\u6700\u6d3b\u6cfc\u7684\u65f6\u5019\uff0c\u4e0b\u6cb3\u6478\u9c7c\uff0c\u638f\u8702\u871c\u3002"}, {"userName": "\u516c\u5b59\u7b71\u4f9d", "userReviewDate": "2018-06-07", "userURL": "http://user.17k.com/50423221", "userReview": "\u52a0\u6cb9\u51fa\u65b0\u4e66\uff01"}, {"userName": "\u51c9\u68a6\u5c0f\u897f", "userReviewDate": "2018-06-07", "userURL": "http://user.17k.com/60302244", "userReview": "\u51e0\u5929\u6ca1\u8e66\u8df6\u5566\uff0c\u6765\u770b\u770b\uff0c\u60f3\u5ff5\u3002"}, {"userName": "\u80fd\u51fa\u6ca1\u6ce8\u610f", "userReviewDate": "2018-06-07", "userURL": "http://user.17k.com/38335788", "userReview": "\u53cd\u6b63\u8003\u8bd5\u4e5f\u4e0d\u662f\u6211\u5976\u4e00\u4e0b\u5c31\u80fd\u8003\u597d\u7684\uff0c\u968f\u7f18\u5427"}, {"userName": "\u4f46\u613f\u65e0\u6127", "userReviewDate": "2018-06-07", "userURL": "http://user.17k.com/32845976", "userReview": "\u5565\u4e5f\u4e0d\u60f3\u5e72"}, {"userName": "\u6c83\u571f456", "userReviewDate": "2018-06-06", "userURL": "http://user.17k.com/33847397", "userReview": "\u662f\u554a\uff0c\u8fd8\u662f\u5355\u7eaf\u70b9\u597d\uff01"}, {"userName": "\u516c\u5b59\u7b71\u4f9d", "userReviewDate": "2018-06-06", "userURL": "http://user.17k.com/50423221", "userReview": "\u665a\u4e0a\u597d\uff01\u7ee7\u7eed\u52aa\u529b \u522b\u72af\u61d2\uff01"}, {"userName": "\u80fd\u51fa\u6ca1\u6ce8\u610f", "userReviewDate": "2018-06-06", "userURL": "http://user.17k.com/38335788", "userReview": "\u5929\u6c14\u771f\u7684\u4e0d\u9519\uff0c\u53ef\u60dc\u8fd8\u8981\u505a\u4e8b\uff0c\u4e0d\u80fd\u6478\u9c7c"}, {"userName": "\u53f6\u843d\u679d\u5934", "userReviewDate": "2018-06-06", "userURL": "http://user.17k.com/17056547", "userReview": "\u6536\u5272\u673a\u5c06\u7f51\u7ebf\u7ed9\u5f04\u65ad\u4e86\uff0c\u03b5=(&acute;\u03bf\uff40*)))\u5509"}, {"userName": "\u4f46\u613f\u65e0\u6127", "userReviewDate": "2018-06-06", "userURL": "http://user.17k.com/32845976", "userReview": "\u7ea6\u4e00\u4e2a\u3002"}, {"userName": "\u661f\u6d77\u5f26\u6708", "userReviewDate": "2018-06-05", "userURL": "http://user.17k.com/58311798", "userReview": "\u665a\u4e0a\u597d\u2026\u2026\u597d\u4e45\u4e0d\u89c1"}], "description": "\u6211\u7684\u540d\u5b57\u53eb\u67f4\u70c8\u706b\uff0c\u6700\u8ba8\u538c\u7684\u6210\u8bed\u662f\u5e72\u67f4\u70c8\u706b\u3002\u3000\u3000\u4eca\u5929\u6211\u624d\u77e5\u9053\u6211\u4e0d\u662f\u4ec0\u4e48\u666e\u901a\u7684\u7537\u5b50\u9ad8\u4e2d\u751f\uff0c\u56e0\u4e3a\u6211\u6628\u5929\u5df2\u7ecf\u9ad8\u4e2d\u6bd5\u4e1a\u4e86\uff0c\u987a\u5e26\u4e00\u63d0\uff0c\u6211\u4e5f\u7a81\u7136\u88ab\u94a6\u5b9a\u4e3a\u82cd\u7a79\u8054\u76df\u7684\u552f\u4e00\u7ee7\u627f\u4eba\uff0c\u9738\u9053\u603b\u88c1\u7684\u751f\u6d3b\u547c\u4e4b\u6b32\u6765\u3002\u3000\u3000\u95ee\u9898\u662f\u8001\u7956\u5b97\u6709\u4e00\u6761\u89c4\u77e9\uff0c\u4ece\u53e4\u5230\u4eca\u82cd\u7a79\u8054\u76df\u7684\u603b\u5e05\u5fc5\u987b\u662f\u4e2a\u4fee\u771f\u8005\uff0c\u5b9e\u5728\u505a\u4e0d\u5230\u7684\u8bdd\uff0c\u81f3\u5c11\u4e5f\u8981\u662f\u4e2a\u9b54\u6cd5\u5c11\u5973\u3002\u3000\u3000\u7136\u800c\u8fd9\u4e2a\u4e16\u754c\u6839\u672c\u5c31\u6ca1\u6709\u4fee\u771f\u8fd9\u79cd\u8bbe\u5b9a\uff0c\u6240\u8c13\u7684\u89c4\u77e9\u6839\u672c\u5c31\u662f\u7956\u5b97\u4e2d\u4e8c\u75c5\u53d1\u4e00\u62cd\u8111\u888b\u60f3\u51fa\u6765\u7684\uff0c\u7ed3\u679c\u6bcf\u4e00\u4ee3\u7684\u7ee7\u627f\u4eba\u90fd\u6ca1\u6cd5\u638c\u63e1\u82cd\u7a79\u8054\u76df\u7684\u5927\u6743\u3002\u3000\u3000\u66f4\u8981\u547d\u7684\u662f\u5927\u5b66\u52a0\u5165\u7684\u4fee\u771f\u793e\u7531\u4e8e\u6210\u5458\u4e0d\u8db3\u6b63\u5904\u4e8e\u89e3\u6563\u8fb9\u7f18\u3002\u3000\u3000\u90a3\u4e48\u2026\u2026\u3000\u3000\u542c\u8bf4\u73b0\u5728\u505a\u5076\u50cf\u80fd\u62ef\u6551\u4e00\u5207\uff0c\u5c31\u5148\u4ece\u907f\u514d\u793e\u56e2\u89e3\u6563\u5f00\u59cb\u5427\u3002", "title": "\u505a\u5076\u50cf\u548c\u4fee\u771f\u54ea\u4e2a\u96be", "url": "http://www.17k.com/book/1601780.html", "average": -1.0, "cover": "http://img.17k.com/images/bookcover/2016/8008/40/1601780-1452095911000.jpg", "reviews": 24263876, "authors": [{"url": "http://www.17k.com/zuozhe/16214176", "name": "\u6d41\u795e\u6b66\u8f66"}], "type": ["\u840c\u7cfb\u5c0f\u8bf4"], "outlinks": ["http://www.17k.com/book/2794982.html", "http://www.17k.com/book/2801292.html", "http://www.17k.com/book/2816318.html", "http://www.17k.com/book/2797575.html", "http://www.17k.com/book/2802516.html", "http://www.17k.com/book/2812195.html", "http://www.17k.com/book/2820143.html", "http://www.17k.com/book/2807943.html", "http://www.17k.com/book/2813457.html", "http://www.17k.com/book/2798058.html", "http://www.17k.com/book/2815617.html", "http://www.17k.com/book/2805259.html", "http://www.17k.com/book/2760255.html", "http://www.17k.com/book/2686894.html", "http://www.17k.com/book/2797016.html", "http://www.17k.com/book/2767246.html", "http://www.17k.com/book/2764239.html", "http://www.17k.com/book/2754498.html", "http://www.17k.com/book/2754900.html", "http://www.17k.com/book/2625740.html", "http://www.17k.com/book/2213315.html", "http://www.17k.com/book/2402178.html", "http://www.17k.com/book/2691221.html", "http://www.17k.com/book/2210699.html", "http://www.17k.com/book/1797752.html", "http://www.17k.com/book/2575507.html", "http://www.17k.com/book/2705181.html", "http://www.17k.com/book/2702539.html", "http://www.17k.com/book/2474887.html", "http://www.17k.com/book/2674733.html", "http://www.17k.com/book/2822076.html", "http://www.17k.com/book/2809894.html", "http://www.17k.com/book/2822077.html", "http://www.17k.com/book/2811930.html", "http://www.17k.com/book/2815548.html", "http://www.17k.com/book/2819620.html", "http://www.17k.com/book/2809964.html", "http://www.17k.com/book/2808200.html", "http://www.17k.com/book/2820100.html", "http://www.17k.com/book/2822978.html", "http://www.17k.com/book/2804337.html", "http://www.17k.com/book/2798814.html", "http://www.17k.com/book/2785153.html", "http://www.17k.com/book/2731559.html", "http://www.17k.com/book/2722533.html", "http://www.17k.com/book/2458377.html", "http://www.17k.com/book/2743300.html", "http://www.17k.com/book/973809.html", "http://www.17k.com/book/2651367.html", "http://www.17k.com/book/2726194.html", "http://www.17k.com/book/2790214.html", "http://www.17k.com/book/493239.html", "http://www.17k.com/book/108821.html", "http://www.17k.com/book/1398783.html", "http://www.17k.com/book/83528.html", "http://www.17k.com/book/1859126.html", "http://www.17k.com/book/1741975.html", "http://www.17k.com/book/192453.html", "http://www.17k.com/book/2459058.html", "http://www.17k.com/book/1050747.html", "http://www.17k.com/book/2700315.html", "http://www.17k.com/book/2818940.html", "http://www.17k.com/book/2819519.html", "http://www.17k.com/book/2816390.html", "http://www.17k.com/book/2819588.html", "http://www.17k.com/book/2813768.html", "http://www.17k.com/book/2822406.html", "http://www.17k.com/book/2772164.html", "http://www.17k.com/book/2784023.html", "http://www.17k.com/book/2811877.html", "http://www.17k.com/book/2809119.html", "http://www.17k.com/book/2803700.html", "http://www.17k.com/book/2819561.html", "http://www.17k.com/book/2746506.html", "http://www.17k.com/book/2811836.html", "http://www.17k.com/book/2614810.html", "http://www.17k.com/book/1592435.html", "http://www.17k.com/book/1949748.html", "http://www.17k.com/book/2265802.html", "http://www.17k.com/book/2743240.html", "http://www.17k.com/book/2657437.html", "http://www.17k.com/book/2644502.html", "http://www.17k.com/book/2199900.html", "http://www.17k.com/book/2725436.html", "http://www.17k.com/book/2629978.html"]}