{"ratings": -1, "userreviews": [{"userName": "\u73af\u73af\u4e00\u8885\u695a\u5bab\u8170", "userReviewDate": "2018-06-06", "userURL": "http://user.17k.com/59811233", "userReview": "\u4eca\u5929\u9001\u6765\u6700\u8fd1\u6bd4\u8f83\u706b\u7684\u4e00\u53e5\u8bdd:\u201c\u6211\u5e0c\u671b\u6709\u4e2a\u5982\u4f60\u4e00\u822c\u7684\u4eba\uff0c\u5982\u5c71\u95f4\u6e05\u723d\u7684\u98ce\uff0c\u5982\u53e4\u57ce\u6e29\u6696\u7684\u5149\u3002\u4ece\u6e05\u6668\u5230\u591c\u665a\uff0c\u7531\u5c71\u91ce\u5230\u4e66\u623f\u3002\u53ea\u8981\u6700\u540e\u662f\u4f60\uff0c\u5c31\u597d\u201d"}, {"userName": "\u73af\u73af\u4e00\u8885\u695a\u5bab\u8170", "userReviewDate": "2018-06-03", "userURL": "http://user.17k.com/59811233", "userReview": "\u82b1\u82b1\u652f\u6301\uff01"}, {"userName": "\u73af\u73af\u4e00\u8885\u695a\u5bab\u8170", "userReviewDate": "2018-06-02", "userURL": "http://user.17k.com/59811233", "userReview": "\u4eca\u5929\u6765\u732e\u4e0a\u6211\u5f88\u559c\u6b22\u7684\u4e00\u53e5\u8bdd:\u4f60\u6240\u7231\u7684\u90a3\u4e2a\u4eba\u4e5f\u4e0d\u8fc7\u662f\u4e2a\u5e73\u51e1\u4eba\uff0c\u662f\u4f60\u7684\u4e13\u89c6\uff0c\u8ba9\u4ed6\u9540\u4e0a\u91d1\u8eab\uff01"}, {"userName": "\u73af\u73af\u4e00\u8885\u695a\u5bab\u8170", "userReviewDate": "2018-05-31", "userURL": "http://user.17k.com/59811233", "userReview": "\u54c8\u54c8\uff0c\u679c\u65ad\u6536\u85cf\uff0c\u4e00\u4e2a\u7fa4\u91cc\u9762\u7684\uff01"}, {"userName": "17k\u4e66\u53cba5q18dgh3", "userReviewDate": "2018-05-20", "userURL": "http://user.17k.com/61991871", "userReview": "[\u6253\u8d4f]\u6211\u6253\u8d4f\u4e8618\u5143\u7ea2\u5305\uff01\uff01"}, {"userName": "17k\u4e66\u53cba5q18dgh3", "userReviewDate": "2018-05-20", "userURL": "http://user.17k.com/61991871", "userReview": "[\u6253\u8d4f]\u6211\u6253\u8d4f\u4e8618\u5143\u7ea2\u5305\uff01\uff01"}, {"userName": "\u8482\u8299\u5c3c\u7426", "userReviewDate": "2018-04-26", "userURL": "http://user.17k.com/59111368", "userReview": "\u5929\u54ea\uff0c\u624d\u53d1\u73b0\u5927\u5927\u4e00\u5757\u513f\u66f4\u4e24\u672c\u4e66\uff0c\u592a\u5f3a\u4e86\uff0c\u8d5e\uff01"}, {"userName": "wangwenjun1012", "userReviewDate": "2018-04-22", "userURL": "http://user.17k.com/61176709", "userReview": "[\u6253\u8d4f]\u6211\u6253\u8d4f\u4e8618\u5143\u7ea2\u5305\uff01\uff01"}, {"userName": "\u58a8\u6d53\u6620\u9edb\u7709", "userReviewDate": "2018-04-18", "userURL": "http://user.17k.com/56345656", "userReview": "\u52a0\u6cb9\u52a0\u6cb9\uff01"}, {"userName": "\u58a8\u6d53\u6620\u9edb\u7709", "userReviewDate": "2018-04-18", "userURL": "http://user.17k.com/56345656", "userReview": "\u52a0\u6cb9\u52a0\u6cb9\uff01"}, {"userName": "\u6708\u843d\u68a6\u8ffd\u5fc6", "userReviewDate": "2018-04-07", "userURL": "http://user.17k.com/57478135", "userReview": "\u521d\u8bbf\u652f\u6301\uff0c\u7801\u5b57\u6109\u5feb"}, {"userName": "\u7a7a\u8c37\u7559\u60c5", "userReviewDate": "2018-04-01", "userURL": "http://user.17k.com/45016341", "userReview": "\u8868\u793a\u652f\u6301\uff0c\u7ee7\u7eed\u575a\u6301"}, {"userName": "\u65af\u6587\u732b\u965b\u4e0b", "userReviewDate": "2018-03-29", "userURL": "http://user.17k.com/37764708", "userReview": "\u52a0\u6cb9\uff0c\u652f\u6301\u4e00\u4e0b\uff0c"}], "description": "\u4ed6\u7684\u540c\u684c\uff0c\u5979\u4e0e\u4ed6\u65e0\u8bdd\u4e0d\u8c08\uff0c\u4ed6\u53c2\u4e0e\u4e86\u5979\u4eba\u751f\u7684\u8bb8\u591a\u6289\u62e9\uff0c\u4ed6\u4eec\u76f8\u4e92\u6276\u6301\uff0c\u7528\u5979\u7684\u8bdd\u8bf4\uff0c\u4ed6\u662f\u5979\u6700\u4eb2\u7684\u201c\u7537\u95fa\u871c\u201d\u3002\u3000\u3000\u4ed6\u7684\u540e\u684c\uff0c\u662f\u4ed6\u5fc3\u4e2d\u6700\u7f8e\u7684\u5973\u5b69\u3002\u56e0\u4e3a\u5979\uff0c\u4ed6\u7684\u547d\u8fd0\u53d1\u751f\u4e86\u7ffb\u5929\u8986\u5730\u7684\u53d8\u5316\u3002\u4ed6\u767d\u624b\u8d77\u5bb6\uff0c\u6210\u5c31\u4eca\u65e5\u7684\u4e8b\u4e1a\u84dd\u56fe\uff0c\u53ea\u4e3a\u4e86\u80fd\u591f\u4e0e\u5979\u6bd4\u80a9\u3002\u3000\u3000\u4ed6\u7684\u60ca\u559c\uff0c\u4e00\u4e2a\u7279\u522b\u7684\u5973\u5b69\uff0c\u5979\u6d3b\u6cfc\uff0c\u654f\u611f\uff0c\u6d6a\u6f2b\uff0c\u7231\u5e7b\u60f3\uff0c\u53c8\u6709\u4e00\u70b9\u6124\u9752\u3002\u7a81\u7136\u7684\u95ef\u5165\u4e86\u4ed6\u7684\u751f\u6d3b\uff0c\u6270\u4e71\u4e86\u4ed6\u7684\u4eba\u751f\u3002\u3000\u3000\u5c81\u6708\u6d41\u8f6c\u81f3\u6b64\u7ecf\u5e74\uff0c\u4ed6\u5386\u7ecf\u98ce\u96e8\uff0c\u547d\u9014\u591a\u821b\uff0c\u4ece\u6700\u5e73\u51e1\u7684\u4eba\u6210\u4e3a\u4eba\u4eba\u8273\u7fa1\u7684\u5546\u4e1a\u5947\u624d\u3002\u8fd9\u5176\u4e2d\u7ecf\u5386\u7684\u8e42\u8e8f\uff0c\u8df5\u8e0f\u8ba9\u4ed6\u53d8\u5f97\u5f3a\u5927\uff0c\u52c7\u6562\u3002\u5c31\u50cf\u90a3\u84b2\u516c\u82f1\u4e00\u822c\uff0c\u4efb\u98ce\u96e8\u6467\u6b8b\uff0c\u4ecd\u6709\u7740\u6700\u65fa\u76db\u7684\u751f\u547d\u529b\u3002\u3000\u3000\u66fe\u7ecf\u6ca7\u6d77\uff0c\u4ed6\u6240\u8ffd\u5bfb\u7684\u4e0d\u8fc7\u5c31\u662f\u4e00\u4efd\u6734\u7d20\u7eaf\u7f8e\u7684\u7231\u60c5......", "title": "\u505c\u7559\u4e0d\u4e86\u7684\u7231", "url": "http://www.17k.com/book/2782842.html", "average": -1.0, "cover": "http://img.17k.com/images/bookcover/2018/13914/69/2782842-1522561114000.jpg", "reviews": 1248, "authors": [{"url": "http://www.17k.com/zuozhe/33726921", "name": "\u8283\u5ce8"}], "type": ["\u90fd\u5e02\u60c5\u7f18"], "outlinks": ["http://www.17k.com/book/2794982.html", "http://www.17k.com/book/2801292.html", "http://www.17k.com/book/2816318.html", "http://www.17k.com/book/2797575.html", "http://www.17k.com/book/2802516.html", "http://www.17k.com/book/2812195.html", "http://www.17k.com/book/2820143.html", "http://www.17k.com/book/2807943.html", "http://www.17k.com/book/2813457.html", "http://www.17k.com/book/2798058.html", "http://www.17k.com/book/2815617.html", "http://www.17k.com/book/2805259.html", "http://www.17k.com/book/2760255.html", "http://www.17k.com/book/2686894.html", "http://www.17k.com/book/2797016.html", "http://www.17k.com/book/2767246.html", "http://www.17k.com/book/2764239.html", "http://www.17k.com/book/2754498.html", "http://www.17k.com/book/2754900.html", "http://www.17k.com/book/2625740.html", "http://www.17k.com/book/2213315.html", "http://www.17k.com/book/2402178.html", "http://www.17k.com/book/2691221.html", "http://www.17k.com/book/2210699.html", "http://www.17k.com/book/1797752.html", "http://www.17k.com/book/2575507.html", "http://www.17k.com/book/2705181.html", "http://www.17k.com/book/2702539.html", "http://www.17k.com/book/2474887.html", "http://www.17k.com/book/2674733.html", "http://www.17k.com/book/2822076.html", "http://www.17k.com/book/2809894.html", "http://www.17k.com/book/2822077.html", "http://www.17k.com/book/2811930.html", "http://www.17k.com/book/2815548.html", "http://www.17k.com/book/2819620.html", "http://www.17k.com/book/2809964.html", "http://www.17k.com/book/2808200.html", "http://www.17k.com/book/2820100.html", "http://www.17k.com/book/2822978.html", "http://www.17k.com/book/2804337.html", "http://www.17k.com/book/2798814.html", "http://www.17k.com/book/2785153.html", "http://www.17k.com/book/2731559.html", "http://www.17k.com/book/2722533.html", "http://www.17k.com/book/2458377.html", "http://www.17k.com/book/2743300.html", "http://www.17k.com/book/973809.html", "http://www.17k.com/book/2651367.html", "http://www.17k.com/book/2726194.html", "http://www.17k.com/book/2790214.html", "http://www.17k.com/book/493239.html", "http://www.17k.com/book/108821.html", "http://www.17k.com/book/1398783.html", "http://www.17k.com/book/83528.html", "http://www.17k.com/book/1859126.html", "http://www.17k.com/book/1741975.html", "http://www.17k.com/book/192453.html", "http://www.17k.com/book/2459058.html", "http://www.17k.com/book/1050747.html", "http://www.17k.com/book/2700315.html", "http://www.17k.com/book/2818940.html", "http://www.17k.com/book/2819519.html", "http://www.17k.com/book/2816390.html", "http://www.17k.com/book/2819588.html", "http://www.17k.com/book/2813768.html", "http://www.17k.com/book/2822406.html", "http://www.17k.com/book/2772164.html", "http://www.17k.com/book/2784023.html", "http://www.17k.com/book/2811877.html", "http://www.17k.com/book/2809119.html", "http://www.17k.com/book/2803700.html", "http://www.17k.com/book/2819561.html", "http://www.17k.com/book/2746506.html", "http://www.17k.com/book/2811836.html", "http://www.17k.com/book/2614810.html", "http://www.17k.com/book/1592435.html", "http://www.17k.com/book/1949748.html", "http://www.17k.com/book/2265802.html", "http://www.17k.com/book/2743240.html", "http://www.17k.com/book/2657437.html", "http://www.17k.com/book/2644502.html", "http://www.17k.com/book/2199900.html", "http://www.17k.com/book/2725436.html", "http://www.17k.com/book/2629978.html"]}