{"ratings": -1, "userreviews": [{"userName": "17K\u4e66\u53cbf4ic0zgr", "userReviewDate": "2018-05-30", "userURL": "http://user.17k.com/62015938", "userReview": "\u5feb\u70b9\u66f4\u554a\uff0c\u597d\u60f3\u770b\u4e0b\u9762\u7684\u5185\u5bb9"}, {"userName": "\u661f\u8fb0900929614", "userReviewDate": "2018-05-27", "userURL": "http://user.17k.com/61174206", "userReview": "\u600e\u4e48\u8fd8\u4e0d\u66f4\u65b0\u554a\uff01\u5feb\u70b9\u66f4\u65b0\u554a"}, {"userName": "\u3123\u901d\u53bb\u2570\u2606\u3077_\u901d\u53bb.....\ufe56", "userReviewDate": "2018-05-27", "userURL": "http://user.17k.com/53108576", "userReview": "<a target='_blank' href='http://www.17k.com/book/2812764.html'>\u300a\u4e5d\u5c3e\u732b\u4ed9\u300b</a>\u5230\u8bbf\uff0c\u652f\u6301"}, {"userName": "\u5361\u5e03\u5947\u8bfa\u5f88\u751c", "userReviewDate": "2018-05-26", "userURL": "http://user.17k.com/59629478", "userReview": "<a target='_blank' href='http://www.17k.com/book/2766244.html'>\u300a\u6e90\u54e5\u7684\u667a\u969c\u5973\u7968\u300b</a>\u6765\u8bbf\uff0c\u613f\u541b\u5173\u7167\u3002"}, {"userName": "\u679c\u7c92\u54e5", "userReviewDate": "2018-05-26", "userURL": "http://user.17k.com/43789847", "userReview": "\u5192\u4e2a\u6ce1"}, {"userName": "\u5b66\u4f1a\u653e\u5f03546586296", "userReviewDate": "2018-05-24", "userURL": "http://user.17k.com/59414653", "userReview": "\u5185\u5bb9\u5f88\u5438\u5f15\u4eba\uff0c\u5f88\u559c\u6b22\u770b\u5466\uff01"}, {"userName": "\u773c\u79d1\u5b66", "userReviewDate": "2018-05-24", "userURL": "http://user.17k.com/60350391", "userReview": "\u82b1\u82b1\u732e\u4e0a\uff0c\u5411\u5927\u795e\u5b66\u4e60~"}, {"userName": "17K\u4e66\u53cb1AW34BKT", "userReviewDate": "2018-05-22", "userURL": "http://user.17k.com/61819673", "userReview": "\u643a\u4e66<a target='_blank' href='http://www.17k.com/book/2824124.html'>\u300a\u6d53\u6d53\u79cb\u610f\u4e5f\u8bb8\u7231\u300b</a>\uff0c\u62dc\u8bfb\u5927\u4f5c\uff01"}, {"userName": "Allen575953725", "userReviewDate": "2018-05-20", "userURL": "http://user.17k.com/61963861", "userReview": "\u52a0\u6cb9\u54e6\uff01\u6211\u90fd\u770b\u523012\u70b9\u4e86"}, {"userName": "\u6708\u843d\u68a6\u8ffd\u5fc6", "userReviewDate": "2018-05-18", "userURL": "http://user.17k.com/57478135", "userReview": "\u8bf7\u6536\u4e0b\u8ffd\u5fc6\u4e00\u8bb0\u819d\u76d6"}, {"userName": "17K\u4e66\u53cbdl3c3mzg", "userReviewDate": "2018-05-18", "userURL": "http://user.17k.com/61876998", "userReview": "[\u6253\u8d4f]\u6211\u6253\u8d4f\u4e861\u5143\u7ea2\u5305\uff01\uff01"}, {"userName": "\u6653\u6eaa739080071", "userReviewDate": "2018-05-17", "userURL": "http://user.17k.com/61865157", "userReview": "[\u6253\u8d4f]\u6211\u6253\u8d4f\u4e862\u5143\u7ea2\u5305\uff01\uff01"}, {"userName": "\u6653\u6eaa739080071", "userReviewDate": "2018-05-17", "userURL": "http://user.17k.com/61865157", "userReview": "[\u6253\u8d4f]\u6211\u6253\u8d4f\u4e862\u5143\u7ea2\u5305\uff01\uff01"}, {"userName": "\u4e00\u7c73\u4e03\u4e94\u7684\u5a03\u5a03", "userReviewDate": "2018-05-17", "userURL": "http://user.17k.com/60628198", "userReview": "[\u6253\u8d4f]\u6211\u6253\u8d4f\u4e862\u5143\u7ea2\u5305\uff01\uff01"}, {"userName": "17k\u4e66\u53cbopkaabwah", "userReviewDate": "2018-05-16", "userURL": "http://user.17k.com/61843819", "userReview": "[\u6253\u8d4f]\u6211\u6253\u8d4f\u4e862\u5143\u7ea2\u5305\uff01\uff01"}, {"userName": "\u4e00\u5f80\u65e0\u524da", "userReviewDate": "2018-05-12", "userURL": "http://user.17k.com/58189036", "userReview": "\u6295\u82b1\u82b1\u4e86\u5462~~~~~~"}, {"userName": "\u4e00\u5f80\u65e0\u524da", "userReviewDate": "2018-05-12", "userURL": "http://user.17k.com/58189036", "userReview": "<a target='_blank' href='http://www.17k.com/book/2709450.html'>\u300a\u76f8\u601d\u96be\u8d1f\u300b</a>\u6765\u4e86\u6765\u4e86\uff0c\u4e3a\u5927\u5927\u6253\u5361"}, {"userName": "\u4e00\u5f80\u65e0\u524da", "userReviewDate": "2018-05-12", "userURL": "http://user.17k.com/58189036", "userReview": "<span style='color:black'>\u5927\u5927\uff0c\u6709\u6ca1\u6709\u770b\u5230\u5c0f\u58a8\u58a8</span>"}, {"userName": "17K\u4e66\u53cbt4m2xff7", "userReviewDate": "2018-05-12", "userURL": "http://user.17k.com/61550924", "userReview": "\u5f88\u597d\u770b\uff0c\u5750\u7b49\u66f4\u65b0"}, {"userName": "\u6211\u754f\u65f6\u5149\u4e0d\u4e45i481806013", "userReviewDate": "2018-05-05", "userURL": "http://user.17k.com/61508519", "userReview": "\u5565\u65f6\u5019\u624d\u66f4\u65b0\u554a"}], "description": "\u201c\u5c0f\u53d4\uff0c\u4f60\u600e\u4e48\u5728\u8fd9\u2026\u2026\u201d\u82cf\u7fce\u770b\u7740\u4ece\u8fdc\u5904\u8d70\u6765\u7684\u7537\u4eba\uff0c\u5fc3\u865a\u4e0d\u5df2\u3002\u201c\u55ef\uff1f\u4f60\u53eb\u6211\u4ec0\u4e48\uff0c\u770b\u6765\u8fd8\u4e0d\u77e5\u9053\u81ea\u5df1\u9519\u4e86\uff1f\u201d\u9646\u57ce\u89c9\u5f97\u81ea\u5df1\u518d\u4e0d\u6b63\u592b\u7eb2\u4e0d\u884c\u4e86\uff0c\u7adf\u7136\u80cc\u7740\u81ea\u5df1\u53bb\u89c1\u90a3\u6e23\u7537\u9646\u8c26\u9e92\uff0c\u4e0d\u77e5\u9053\u81ea\u5df1\u662f\u8c01\u7684\u8001\u5a46\u5417\uff1f\u201c\u57ce\uff0c\u6211\u9519\u4e86\u2026\u2026\u201d\u82cf\u7fce\u8fde\u58f0\u6c42\u9976\uff0c\u5e0c\u671b\u4ece\u5bbd\u5904\u7406\uff0c\u5374\u6ca1\u60f3\u88ab\u8650\u5f97\u66f4\u60e8\u4e86\u3002\u7b2c\u4e8c\u5929\u82cf\u7fce\u4e00\u62ac\u773c\u5c31\u770b\u5230\u4e86\u592b\u7eb299\u6761\uff0c\u201c\u5929\u554a\uff0c\u8001\u516c\u592a\u7231\u5403\u918b\u600e\u4e48\u529e\uff0c\u5728\u7ebf\u7b49\uff0c\u771f\u6025\uff01\u201d", "title": "\u5077\u5fc3\u5a07\u59bb\u522b\u60f3\u9003", "url": "http://www.17k.com/book/2801353.html", "average": -1.0, "cover": "http://img.17k.com/images/bookcover/2018/14006/70/2801353-1523174636000.jpg", "reviews": 91645, "authors": [{"url": "http://www.17k.com/zuozhe/60628198", "name": "\u4e00\u7c73\u4e03\u4e94\u7684\u5a03\u5a03"}], "type": ["\u5a5a\u604b\u7231\u60c5"], "outlinks": ["http://www.17k.com/book/2794982.html", "http://www.17k.com/book/2801292.html", "http://www.17k.com/book/2816318.html", "http://www.17k.com/book/2797575.html", "http://www.17k.com/book/2802516.html", "http://www.17k.com/book/2812195.html", "http://www.17k.com/book/2820143.html", "http://www.17k.com/book/2807943.html", "http://www.17k.com/book/2813457.html", "http://www.17k.com/book/2798058.html", "http://www.17k.com/book/2815617.html", "http://www.17k.com/book/2805259.html", "http://www.17k.com/book/2760255.html", "http://www.17k.com/book/2686894.html", "http://www.17k.com/book/2797016.html", "http://www.17k.com/book/2767246.html", "http://www.17k.com/book/2764239.html", "http://www.17k.com/book/2754498.html", "http://www.17k.com/book/2754900.html", "http://www.17k.com/book/2625740.html", "http://www.17k.com/book/2213315.html", "http://www.17k.com/book/2402178.html", "http://www.17k.com/book/2691221.html", "http://www.17k.com/book/2210699.html", "http://www.17k.com/book/1797752.html", "http://www.17k.com/book/2575507.html", "http://www.17k.com/book/2705181.html", "http://www.17k.com/book/2702539.html", "http://www.17k.com/book/2474887.html", "http://www.17k.com/book/2674733.html", "http://www.17k.com/book/2822076.html", "http://www.17k.com/book/2809894.html", "http://www.17k.com/book/2822077.html", "http://www.17k.com/book/2811930.html", "http://www.17k.com/book/2815548.html", "http://www.17k.com/book/2819620.html", "http://www.17k.com/book/2809964.html", "http://www.17k.com/book/2808200.html", "http://www.17k.com/book/2820100.html", "http://www.17k.com/book/2822978.html", "http://www.17k.com/book/2804337.html", "http://www.17k.com/book/2798814.html", "http://www.17k.com/book/2785153.html", "http://www.17k.com/book/2731559.html", "http://www.17k.com/book/2722533.html", "http://www.17k.com/book/2458377.html", "http://www.17k.com/book/2743300.html", "http://www.17k.com/book/973809.html", "http://www.17k.com/book/2651367.html", "http://www.17k.com/book/2726194.html", "http://www.17k.com/book/2790214.html", "http://www.17k.com/book/493239.html", "http://www.17k.com/book/108821.html", "http://www.17k.com/book/1398783.html", "http://www.17k.com/book/83528.html", "http://www.17k.com/book/1859126.html", "http://www.17k.com/book/1741975.html", "http://www.17k.com/book/192453.html", "http://www.17k.com/book/2459058.html", "http://www.17k.com/book/1050747.html", "http://www.17k.com/book/2700315.html", "http://www.17k.com/book/2818940.html", "http://www.17k.com/book/2819519.html", "http://www.17k.com/book/2816390.html", "http://www.17k.com/book/2819588.html", "http://www.17k.com/book/2813768.html", "http://www.17k.com/book/2822406.html", "http://www.17k.com/book/2772164.html", "http://www.17k.com/book/2784023.html", "http://www.17k.com/book/2811877.html", "http://www.17k.com/book/2809119.html", "http://www.17k.com/book/2803700.html", "http://www.17k.com/book/2819561.html", "http://www.17k.com/book/2746506.html", "http://www.17k.com/book/2811836.html", "http://www.17k.com/book/2614810.html", "http://www.17k.com/book/1592435.html", "http://www.17k.com/book/1949748.html", "http://www.17k.com/book/2265802.html", "http://www.17k.com/book/2743240.html", "http://www.17k.com/book/2657437.html", "http://www.17k.com/book/2644502.html", "http://www.17k.com/book/2199900.html", "http://www.17k.com/book/2725436.html", "http://www.17k.com/book/2629978.html"]}