{"ratings": -1, "userreviews": [{"userName": "17K\u4e66\u53cbMPS46YAJ", "userReviewDate": "2018-06-06", "userURL": "http://user.17k.com/57429830", "userReview": "\u8fd9\u66f4\u65b0\u901f\u5ea6\u582a\u6bd4\u738b\u516b\u722c"}, {"userName": "jlf\u6458\u661f", "userReviewDate": "2018-04-12", "userURL": "http://user.17k.com/6871411", "userReview": "^_^^_^^_^^_^^_^^_^"}, {"userName": "jlf\u6458\u661f", "userReviewDate": "2018-04-02", "userURL": "http://user.17k.com/6871411", "userReview": "^_^^_^^_^^_^^_^^_^^_^"}, {"userName": "A\u725b\u9b54\u738b", "userReviewDate": "2018-02-17", "userURL": "http://user.17k.com/56738425", "userReview": "2018\u63a8\u8350\u4e00\u672c\u597d\u770b\u7684\u4e66<a target='_blank' href='http://www.17k.com/book/2551937.html'>\u300a\u8d85\u65b0\u4eba\u300b</a>\uff0c\u60ca\u9669\u523a\u6fc0\uff0c\u6d6a\u6f2b\u6ee1\u5c4b\uff0c\u70ed\u8840\u683c\u6597\uff0c\u751f\u6b7b\u7231\u604b\uff0c\u6696\u6627\u4e0d\u65ad\uff0c\u5929\u5929\u66f4\u65b0\uff0c\u8bf7\u591a\u5173\u7167\uff0c\u6765\u4e2a\u6536\u85cf\u554a!\uff0c\u70b9\u51fb\u4e66\u540d\u5c31\u53ef\u4ee5\u770b\u5230\u4e66\u4e86\u3002"}, {"userName": "\u9ec4\u74dc\u7684\u5bbf\u547d", "userReviewDate": "2018-02-09", "userURL": "http://user.17k.com/53195742", "userReview": "<a target='_blank' href='http://www.17k.com/book/2377865.html'>\u300a\u81f3\u9738\u82cd\u751f\u8bc0\u300b</a>\u6765\u8bbf\uff0c\u6c42\u652f\u6301\u6c42\u6269\u6563\uff0c\u87f9\u87f9\u3002"}, {"userName": "A\u725b\u9b54\u738b", "userReviewDate": "2018-02-06", "userURL": "http://user.17k.com/56738425", "userReview": "\u63a8\u8350\u4e00\u672c\u597d\u770b\u7684\u4e66<a target='_blank' href='http://www.17k.com/book/2551937.html'>\u300a\u8d85\u65b0\u4eba\u300b</a>\uff0c\u60ca\u9669\u523a\u6fc0\uff0c\u6d6a\u6f2b\u6ee1\u5c4b\uff0c\u6696\u6627\u6e29\u60c5\uff0c\u4f20\u6388\u60c5\u7231\u771f\u8c1b\uff0c\u5929\u5929\u66f4\u65b0\uff0c\u8bf7\u591a\u591a\u5173\u7167\uff0c\u6765\u4e2a\u6536\u85cf\u5427!\u70b9\u51fb\u4e66\u540d\u5c31\u53ef\u4ee5\u770b\u5230\u4e66\u4e86\u3002"}, {"userName": "A\u725b\u9b54\u738b", "userReviewDate": "2018-02-06", "userURL": "http://user.17k.com/56738425", "userReview": "\u63a8\u8350\u4e00\u672c\u597d\u770b\u7684\u4e66<a target='_blank' href='http://www.17k.com/book/2551937.html'>\u300a\u8d85\u65b0\u4eba\u300b</a>\uff0c\u60ca\u9669\u523a\u6fc0\uff0c\u6d6a\u6f2b\u6ee1\u5c4b\uff0c\u6696\u6627\u6e29\u60c5\uff0c\u4f20\u6388\u60c5\u7231\u771f\u8c1b\uff0c\u5929\u5929\u66f4\u65b0\uff0c\u8bf7\u591a\u591a\u5173\u7167\uff0c\u6765\u4e2a\u6536\u85cf\u5427!\u70b9\u51fb\u4e66\u540d\u5c31\u53ef\u4ee5\u770b\u5230\u4e66\u4e86\u3002"}, {"userName": "\u6697\u591c\u6d41\u661f\u98de", "userReviewDate": "2018-02-01", "userURL": "http://user.17k.com/46865324", "userReview": "<a target='_blank' href='http://www.17k.com/book/2717155.html'>\u300a\u9082\u9005\u5973\u795e\u7231\u4e0a\u6211\u300b</a>\u6765\u8bbf\u5b66\u4e60\uff0c\u5e0c\u671b\u6709\u4eba\u80fd\u770b\u770b\uff0c\u8c22\u8c22\u3002"}, {"userName": "17K\u4e66\u53cbeeahh4ij", "userReviewDate": "2018-01-31", "userURL": "http://user.17k.com/59688139", "userReview": "[\u6253\u8d4f]\u6211\u6253\u8d4f\u4e865\u5143\u7ea2\u5305\uff01\uff01"}, {"userName": "A\u725b\u9b54\u738b", "userReviewDate": "2018-01-19", "userURL": "http://user.17k.com/56738425", "userReview": "\u63a8\u8350\u4e00\u672c\u60ca\u9669\u523a\u6fc0\u597d\u770b\u7684\u4e66<a target='_blank' href='http://www.17k.com/book/2728167.html'>\u300a\u6211\u548c\u5996\u517d\u6709\u4e2a\u7ea6\u4f1a\u300b</a>\uff0c\u8bf7\u591a\u591a\u652f\u6301\uff0c\u6765\u4e2a\u6536\u85cf\u5427! \u70b9\u51fb\u4e66\u540d\u5c31\u53ef\u4ee5\u770b\u5230\u4e66\u5566\u3002"}, {"userName": "kool\u6377", "userReviewDate": "2018-01-18", "userURL": "http://user.17k.com/56730892", "userReview": "\u63a8\u8350\u4e00\u672c\u597d\u770b\u7684\u4e66<a target='_blank' href='http://www.17k.com/book/2551937.html'>\u300a\u8d85\u65b0\u4eba\u300b</a>\uff0c\u8bf7\u591a\u591a\u652f\u6301\uff0c\u6765\u4e2a\u6536\u85cf\u5427\uff01"}, {"userName": "\u58a8\u51b6\u5b50", "userReviewDate": "2018-01-17", "userURL": "http://user.17k.com/59423714", "userReview": "\u643a<a target='_blank' href='http://www.17k.com/book/2757279.html'>\u300a\u5e1d\u5c0a\u795e\u9053\u300b</a>\u524d\u6765\u7b7e\u5230\uff01\u5927\u5bb6\u4e92\u52a8\u4e00\u4e0b\u54e6\uff01"}, {"userName": "kool\u6377", "userReviewDate": "2018-01-16", "userURL": "http://user.17k.com/56730892", "userReview": "\u63a8\u8350\u4e00\u672c\u597d\u770b\u7684\u4e66<a target='_blank' href='http://www.17k.com/book/2551937.html'>\u300a\u8d85\u65b0\u4eba\u300b</a>\uff0c\u8bf7\u591a\u591a\u652f\u6301\uff0c\u6765\u4e2a\u6536\u85cf\u5427\uff01"}, {"userName": "\u8f71\u8f98\u8f6c", "userReviewDate": "2018-01-16", "userURL": "http://user.17k.com/58304942", "userReview": "\u626f\u7684\u8fd8\u53ef\u4ee5\u5427"}, {"userName": "\u97e3\u7b9b\u9011\u8d01", "userReviewDate": "2017-12-29", "userURL": "http://user.17k.com/59105996", "userReview": "\u5411\u5927\u5927\u5b66\u4e60\uff0c\u90fd\u5e02\u7206\u7b11\u65e0\u5398\u5934\u559c\u5267<a target='_blank' href='http://www.17k.com/book/2747068.html'>\u300a\u975e\u51e1\u4f7f\u547d\u300b</a>\u62dc\u4e0a\uff01\u7279\u522b\u63d0\u9192\uff1a\u770b\u4e66\u7684\u8fc7\u7a0b\u4e2d\uff0c\u7b11\u5c94\u6c14\u5c5e\u5e38\u6001\uff01"}, {"userName": "\u975e\u8bed\u9010\u9b42", "userReviewDate": "2017-12-23", "userURL": "http://user.17k.com/38440356", "userReview": "<a target='_blank' href='http://www.17k.com/book/2742863.html'>\u300a\u65b0\u6155\u5bb9\u590d\u300b</a>\u65b0\u4eba\u4e00\u679a\uff0c\u4e00\u76f4\u60f3\u5199\u4e00\u90e8\u91d1\u5eb8\u7efc\u6b66\u4fa0\uff0c\u671b\u5927\u5927\u80fd\u6307\u5bfc\u4e00\u4e8c\uff0c\u611f\u6fc0\u4e0d\u5c3d"}, {"userName": "\u98de\u96ea\u4e71\u6e05\u98ce", "userReviewDate": "2017-12-22", "userURL": "http://user.17k.com/45159154", "userReview": "<a target='_blank' href='http://www.17k.com/book/2677053.html'>\u300a\u9b54\u5984\u300b</a>\u6765\u8bbf\uff0c\u5348\u597d\uff0c\u548c\u5c1a"}, {"userName": "\u6587\u6b66\u4e0d\u51e1", "userReviewDate": "2017-12-16", "userURL": "http://user.17k.com/57258208", "userReview": "\u4e00\u4f4d\u6ca1\u6709\u4efb\u4f55\u7075\u6839\u7684\u666e\u901a\u4fee\u58eb\uff0c\u5728\u4e07\u822c\u65e0\u5948\u4ee5\u53ca\u673a\u7f18\u5de7\u5408\u4e0b\uff0c\u8e0f\u4e0a\u4fee\u9b54\u4e4b\u8def\uff0c\u5386\u7ecf\u65e0\u6570\u78e8\u96be\uff0c\u751f\u6b7b\u8003\u9a8c\uff0c\u6700\u7ec8\u4fee\u70bc\u6210\u5a01\u9707\u9b54\u4ed9\u754c\uff0c\u638c\u63a7\u5929\u5730\u547d\u6570\u7684\u81f3\u5c0a\u5f3a\u8005\u3002<a target='_blank' href='http://www.17k.com/book/2650786.html'>\u300a\u6597\u7834\u9b54\u4ed9\u754c\u300b</a>\u5e26\u4f60\u8fdb\u5165\u4e00\u4e2a\u5168\u65b0\u7684\u9b54\u4ed9\u4e16\u754c\uff0c\u9b54\u4ed9\u5f3a\u8005\u5982\u4e91\uff0c\u9b54\u4ed9\u6cd5\u5b9d\u6570\u4e0d\u80dc\u6570\u3002"}, {"userName": "\u4ed6\u4eec\u53eb\u6211\u4e5d\u53d4", "userReviewDate": "2017-12-10", "userURL": "http://user.17k.com/55419563", "userReview": "\u6211\u53eb\u6797\u4e5d\u82f1\uff0c\u9547\u4e0a\u7684\u4eba\u5356\u6211\u9762\u5b50\uff0c\u624d\u53eb\u6211\u4e00\u58f0\u4e5d\u53d4\uff0c\u5176\u5b9e\u6211\u53ea\u4e0d\u8fc7\u662f\u4e00\u4e2a\u666e\u666e\u901a\u901a\u7684\u9053\u58eb\u7f62\u4e86\u3002 \u6211\u8fd9\u4e00\u751f\uff0c\u89c1\u8fc7\u592a\u591a\u7684\u6b7b\u4eba\uff0c\u548c\u6076\u9b3c\u90aa\u795e\u6253\u8fc7\u592a\u591a\u7684\u4ea4\u9053\uff0c\u7ec8\u4e8e\uff0c\u6211\u4e5f\u8eba\u8fdb\u4e86\u68fa\u6750\u3002 \u6211\u6b7b\u4e86\u540e\uff0c\u79cb\u751f\u548c\u6587\u624d\u4e5f\u8f6c\u4e86\u884c\uff0c\u5750\u8d77\u4e86\u751f\u610f\uff0c\u65e5\u5b50\u8fc7\u5f97\u5f88\u5b89\u9038\u3002 \u56de\u5f80\u6211\u8dcc\u5b95\u8d77\u4f0f\u7684\u4eba\u751f\uff0c\u6709\u592a\u591a\u7684\u4eba\u548c\u4e8b\u503c\u5f97\u6211\u53bb\u6000\u5ff5\uff0c\u4f46\u8fd9\u4ec5\u4ec5\u662f\u4e2a\u5f00\u59cb\u2026\u2026 \u6740\u5996\uff0c\u706d\u9b3c\uff0c\u6597\u50f5\u5c38\uff01\u4e00\u5207\u5c3d\u5728<a target='_blank' href='http://www.17k.com/book/2663878.html'>\u300a\u4ed6\u4eec\u53eb\u6211\u4e5d\u53d4\u300b</a>\u3002 \u9996\u5377boss\uff1a\u4e0d\u5316\u9aa8\u3002\u6bcf\u65e50\u70b9\u66f4\u65b0\u3002"}], "description": "\u5f53\u4e3b\u89d2\u9192\u6765\u53d1\u73b0\u81ea\u5df1\u53d8\u6210\u4e86\u5b8b\u9752\u4e66\uff0c\u8fb9\u4e0a\u8eba\u7740\u5468\u82b7\u82e5\uff0c\u5916\u9762\u7adf\u662f\u91d1\u5eb8\u5341\u56db\u672c\u5c0f\u8bf4\u7684\u5927\u4e71\u4e16\uff01\u4e0d\u6210\u4e3a\u7b2c\u4e00\u9ad8\u624b\uff0c\u81ea\u5df1\u600e\u4e48\u80fd\u6bd4\u97e6\u5c0f\u5b9d\u6d3b\u5f97\u66f4\u5e78\u798f\uff01\u5fae\u4fe1\u516c\u4f17\u53f7\uff1a\u516d\u5982\u548c\u5c1a", "title": "\u5077\u9999\u9ad8\u624b", "url": "http://www.17k.com/book/2697336.html", "average": -1.0, "cover": "http://img.17k.com/images/bookcover/partner/73/36/2697336/2697336.jpg", "reviews": 178450, "authors": [{"url": "http://www.17k.com/zuozhe/56805591", "name": "\u516d\u5982\u548c\u5c1a"}], "type": ["\u53e4\u5178\u4ed9\u4fa0"], "outlinks": ["http://www.17k.com/book/2794982.html", "http://www.17k.com/book/2801292.html", "http://www.17k.com/book/2816318.html", "http://www.17k.com/book/2797575.html", "http://www.17k.com/book/2802516.html", "http://www.17k.com/book/2812195.html", "http://www.17k.com/book/2820143.html", "http://www.17k.com/book/2807943.html", "http://www.17k.com/book/2813457.html", "http://www.17k.com/book/2798058.html", "http://www.17k.com/book/2815617.html", "http://www.17k.com/book/2805259.html", "http://www.17k.com/book/2760255.html", "http://www.17k.com/book/2686894.html", "http://www.17k.com/book/2797016.html", "http://www.17k.com/book/2767246.html", "http://www.17k.com/book/2764239.html", "http://www.17k.com/book/2754498.html", "http://www.17k.com/book/2754900.html", "http://www.17k.com/book/2625740.html", "http://www.17k.com/book/2213315.html", "http://www.17k.com/book/2402178.html", "http://www.17k.com/book/2691221.html", "http://www.17k.com/book/2210699.html", "http://www.17k.com/book/1797752.html", "http://www.17k.com/book/2575507.html", "http://www.17k.com/book/2705181.html", "http://www.17k.com/book/2702539.html", "http://www.17k.com/book/2474887.html", "http://www.17k.com/book/2674733.html", "http://www.17k.com/book/2822076.html", "http://www.17k.com/book/2809894.html", "http://www.17k.com/book/2822077.html", "http://www.17k.com/book/2811930.html", "http://www.17k.com/book/2815548.html", "http://www.17k.com/book/2819620.html", "http://www.17k.com/book/2809964.html", "http://www.17k.com/book/2808200.html", "http://www.17k.com/book/2820100.html", "http://www.17k.com/book/2822978.html", "http://www.17k.com/book/2804337.html", "http://www.17k.com/book/2798814.html", "http://www.17k.com/book/2785153.html", "http://www.17k.com/book/2731559.html", "http://www.17k.com/book/2722533.html", "http://www.17k.com/book/2458377.html", "http://www.17k.com/book/2743300.html", "http://www.17k.com/book/973809.html", "http://www.17k.com/book/2651367.html", "http://www.17k.com/book/2726194.html", "http://www.17k.com/book/2790214.html", "http://www.17k.com/book/493239.html", "http://www.17k.com/book/108821.html", "http://www.17k.com/book/1398783.html", "http://www.17k.com/book/83528.html", "http://www.17k.com/book/1859126.html", "http://www.17k.com/book/1741975.html", "http://www.17k.com/book/192453.html", "http://www.17k.com/book/2459058.html", "http://www.17k.com/book/1050747.html", "http://www.17k.com/book/2700315.html", "http://www.17k.com/book/2818940.html", "http://www.17k.com/book/2819519.html", "http://www.17k.com/book/2816390.html", "http://www.17k.com/book/2819588.html", "http://www.17k.com/book/2813768.html", "http://www.17k.com/book/2822406.html", "http://www.17k.com/book/2772164.html", "http://www.17k.com/book/2784023.html", "http://www.17k.com/book/2811877.html", "http://www.17k.com/book/2809119.html", "http://www.17k.com/book/2803700.html", "http://www.17k.com/book/2819561.html", "http://www.17k.com/book/2746506.html", "http://www.17k.com/book/2811836.html", "http://www.17k.com/book/2614810.html", "http://www.17k.com/book/1592435.html", "http://www.17k.com/book/1949748.html", "http://www.17k.com/book/2265802.html", "http://www.17k.com/book/2743240.html", "http://www.17k.com/book/2657437.html", "http://www.17k.com/book/2644502.html", "http://www.17k.com/book/2199900.html", "http://www.17k.com/book/2725436.html", "http://www.17k.com/book/2629978.html"]}