{"ratings": -1, "userreviews": [{"userName": "\u968f\u98ce604349493", "userReviewDate": "2018-05-16", "userURL": "http://user.17k.com/61841236", "userReview": "\u6709\u6ca1\u6709\u8bfb\u8005\u4ea4\u6d41\u7fa4"}, {"userName": "\u6c99\u8377\u56db\u5bf9", "userReviewDate": "2018-05-10", "userURL": "http://user.17k.com/59586129", "userReview": "\u52a0\u6cb9\uff0c\u5411\u5927\u5927\u5b66\u4e60\uff01\uff01"}, {"userName": "\u8001\u53f8\u673a \uff07", "userReviewDate": "2018-05-04", "userURL": "http://user.17k.com/57895289", "userReview": "\u5389\u5bb3\u4e86\u6211\u7684\u54e5\uff01"}, {"userName": "\u65af\u6587\u732b\u965b\u4e0b", "userReviewDate": "2018-05-03", "userURL": "http://user.17k.com/37764708", "userReview": "\u52a0\u6cb9\uff0c\u4e3a\u5927\u5927\u7684\u6bc5\u529b\u70b9\u8d5e\uff01\u652f\u6301\u4e0b\uff01"}, {"userName": "\u5723\u9690\u5e1d\u5143", "userReviewDate": "2018-04-30", "userURL": "http://user.17k.com/57760595", "userReview": "\u7b7e\u5230\u652f\u6301"}, {"userName": "\u73af\u73af\u4e00\u8885\u695a\u5bab\u8170", "userReviewDate": "2018-04-19", "userURL": "http://user.17k.com/59811233", "userReview": "\u6bd4\u5229\u6bd4\u5229\u8f70\uff0c\u4e2d\u5348\u597d\uff01"}, {"userName": "\u309e\u5e74\u8f2a\u3057", "userReviewDate": "2018-04-19", "userURL": "http://user.17k.com/46444607", "userReview": "<a target='_blank' href='http://www.17k.com/book/2812241.html'>\u300a\u552f\u6b66\u4ed9\u4fee\u300b</a>\u5927\u4f5c\u5df2\u7ecf\u6536\u85cf\uff0c\u4e92\u76f8\u52a0\u6cb9\uff01"}, {"userName": "\u4e8c\u72d7\u5b50528106570", "userReviewDate": "2018-04-08", "userURL": "http://user.17k.com/60390422", "userReview": "\u5c0f\u5f1f\u643a<a target='_blank' href='http://www.17k.com/book/2796093.html'>\u300a\u6267\u5f8b\u8005\u300b</a>\u6765\u8bbf\uff0c\u5df2\u6536\u85cf\uff0c\u5e0c\u671b\u5927\u5927\u8d8a\u5199\u8d8a\u597d~"}, {"userName": "\u7a7a\u8c37\u7559\u60c5", "userReviewDate": "2018-03-28", "userURL": "http://user.17k.com/45016341", "userReview": "\u665a\u4e0a\u597d\uff0c\u7a7a\u8c37\u6765\u8bbf\u652f\u6301\uff0c\u5199\u5f97\u4e0d\u9519"}, {"userName": "\u94bb\u6728\u53d6\u6c34", "userReviewDate": "2018-03-28", "userURL": "http://user.17k.com/42481780", "userReview": "\u6709\u4e8b\u4e00\u767e\u591a\u4e07\u5b57\u7684\uff0c\u725b\u903c\uff0c\u94bb\u6728\u6765\u8bbf"}, {"userName": "\u4e91\u5c71\u63fd\u6708\u4eba", "userReviewDate": "2018-03-28", "userURL": "http://user.17k.com/38267891", "userReview": "\u652f\u6301\u5927\u4f5c\uff01\u8fd9\u4e48\u591a\u5b57\u771f\u662f\u5389\u5bb3\u4e86"}, {"userName": "\u539f\u521d\u5e7b\u60f3\u4f4e\u9e23\u66f2", "userReviewDate": "2018-03-28", "userURL": "http://user.17k.com/53679359", "userReview": "\u6765\u652f\u6301\u5927\u5927\u2299\u25bd\u2299"}, {"userName": "\u6c99\u8377\u56db\u5bf9", "userReviewDate": "2018-03-28", "userURL": "http://user.17k.com/59586129", "userReview": "<a target='_blank' href='http://www.17k.com/book/2769449.html'>\u300a\u5e7b\u754c\u4ed9\u9014\u300b</a>\u524d\u6765\u56de\u8bbf\uff0c\u76f8\u4e92\u5b66\u4e60\uff0c\u4e00\u8d77\u52a0\u6cb9\uff01"}, {"userName": "\u4e91\u5c71\u63fd\u6708\u4eba", "userReviewDate": "2018-03-25", "userURL": "http://user.17k.com/38267891", "userReview": "\u62dc\u8bbf\u5927\u4f5c\u54af\uff01\u52a0\u6cb9\u5927\u5927"}, {"userName": "\u539f\u521d\u5e7b\u60f3\u4f4e\u9e23\u66f2", "userReviewDate": "2018-03-14", "userURL": "http://user.17k.com/53679359", "userReview": "\u652f\u6301\u4f73\u4f5c"}, {"userName": "\u5076\u7136\u4e8c\u6218", "userReviewDate": "2018-03-08", "userURL": "http://user.17k.com/47785496", "userReview": "\u66f4\u65b0\u901f\u5ea6\u597d\u5feb\u554a\uff0c\u52a0\u6cb9"}, {"userName": "\u94bb\u6728\u53d6\u6c34", "userReviewDate": "2018-03-07", "userURL": "http://user.17k.com/42481780", "userReview": "<a target='_blank' href='http://www.17k.com/book/2776518.html'>\u300a\u6765\u6253\u6211\u5440\u300b</a>\u6765\u8bbf\u3002\u819c\u62dc\u5927\u795e"}, {"userName": "\u5c0f\u9a6c029276990", "userReviewDate": "2018-03-07", "userURL": "http://user.17k.com/46277872", "userReview": "\u4e3a\u4ec0\u4e48\u4e00\u4e2a\u8ba2\u9605\u90fd\u6ca1\u6709\uff1f"}, {"userName": "\u8bb8\u4f60\u4e00\u4e16\u6e05\u6b22\u68a6", "userReviewDate": "2018-03-07", "userURL": "http://user.17k.com/57322701", "userReview": "<a target='_blank' href='http://www.17k.com/book/2653379.html'>\u300a\u8bf7\u53eb\u6211\u4ed9\u5fcd\u5927\u4eba\u300b</a>\u6d41\u5e74\u597d\u4e45\u6ca1\u73b0\u8eab\u4e86\uff0c\u6015\u5927\u5927\u5fd8\u4e86\u6211\uff0c\u7279\u5730\u524d\u6765\u5927\u5927\u7684\u5b9d\u5730\uff0c\u51d1\u51d1\u70ed\u95f9\uff0c\u5237\u5237\u5b58\u5728\u611f\uff01"}, {"userName": "\u805a\u7130\u6210", "userReviewDate": "2018-03-07", "userURL": "http://user.17k.com/59541256", "userReview": "<a target='_blank' href='http://www.17k.com/book/2762293.html'>\u300a\u5929\u9769\u300b</a>\u524d\u6765\u819c\u62dc\u4e00\u4e0b\uff01"}], "description": "\u4ed9\u9053\u76df\u5df2\u7ecf\u662f\u5f3a\u5f29\u4e4b\u672b\uff0c\u552f\u4e00\u8fd8\u80fd\u6218\u6597\u7684\u5c31\u662f\u4e00\u53f7\u3002\u5996\u65cf\u7684\u5927\u519b\u5982\u6f6e\u6c34\u822c\u6d8c\u4e86\u8fc7\u6765\uff0c\u4ed9\u9053\u76df\u5df2\u7ecf\u6ca1\u6709\u4e86\u9000\u8def\u3002\u201c\u4e00\u53f7\uff0c\u4e00\u5b9a\u8981\u575a\u6301\u4f4f\u554a\uff01\u201d\u8eab\u540e\u4f20\u6765\u4e86\u7edd\u671b\u7684\u547c\u558a\uff0c\u4e00\u53f7\u7684\u773c\u4e2d\u7a81\u7136\u591a\u4e86\u4e00\u4e1d\u5149\u5f69\uff0c\u8f6c\u8fc7\u5934\u770b\u5411\u4e86\u4ed9\u9053\u76df\u4e00\u4f17\u671f\u5f85\u7684\u76ee\u5149\u3002\u8bb0\u5fc6\u5982\u4e00\u9053\u6d2a\u6d41\uff0c\u72e0\u72e0\u5730\u51b2\u5f00\u4e86\u4e00\u53f7\u8111\u6d77\u91cc\u2026\u2026", "title": "\u5080\u5121\u4e00\u53f7", "url": "http://www.17k.com/book/2644255.html", "average": -1.0, "cover": "http://img.17k.com/images/bookcover/2017/13221/66/2644255-1503888788000.jpg", "reviews": 21508, "authors": [{"url": "http://www.17k.com/zuozhe/57150071", "name": "\u6bd4\u5229\u6bd4\u5229\u8f70"}], "type": ["\u73b0\u4ee3\u4fee\u771f"], "outlinks": ["http://www.17k.com/book/2794982.html", "http://www.17k.com/book/2801292.html", "http://www.17k.com/book/2816318.html", "http://www.17k.com/book/2797575.html", "http://www.17k.com/book/2802516.html", "http://www.17k.com/book/2812195.html", "http://www.17k.com/book/2820143.html", "http://www.17k.com/book/2807943.html", "http://www.17k.com/book/2813457.html", "http://www.17k.com/book/2798058.html", "http://www.17k.com/book/2815617.html", "http://www.17k.com/book/2805259.html", "http://www.17k.com/book/2760255.html", "http://www.17k.com/book/2686894.html", "http://www.17k.com/book/2797016.html", "http://www.17k.com/book/2767246.html", "http://www.17k.com/book/2764239.html", "http://www.17k.com/book/2754498.html", "http://www.17k.com/book/2754900.html", "http://www.17k.com/book/2625740.html", "http://www.17k.com/book/2213315.html", "http://www.17k.com/book/2402178.html", "http://www.17k.com/book/2691221.html", "http://www.17k.com/book/2210699.html", "http://www.17k.com/book/1797752.html", "http://www.17k.com/book/2575507.html", "http://www.17k.com/book/2705181.html", "http://www.17k.com/book/2702539.html", "http://www.17k.com/book/2474887.html", "http://www.17k.com/book/2674733.html", "http://www.17k.com/book/2822076.html", "http://www.17k.com/book/2809894.html", "http://www.17k.com/book/2822077.html", "http://www.17k.com/book/2811930.html", "http://www.17k.com/book/2815548.html", "http://www.17k.com/book/2819620.html", "http://www.17k.com/book/2809964.html", "http://www.17k.com/book/2808200.html", "http://www.17k.com/book/2820100.html", "http://www.17k.com/book/2822978.html", "http://www.17k.com/book/2804337.html", "http://www.17k.com/book/2798814.html", "http://www.17k.com/book/2785153.html", "http://www.17k.com/book/2731559.html", "http://www.17k.com/book/2722533.html", "http://www.17k.com/book/2458377.html", "http://www.17k.com/book/2743300.html", "http://www.17k.com/book/973809.html", "http://www.17k.com/book/2651367.html", "http://www.17k.com/book/2726194.html", "http://www.17k.com/book/2790214.html", "http://www.17k.com/book/493239.html", "http://www.17k.com/book/108821.html", "http://www.17k.com/book/1398783.html", "http://www.17k.com/book/83528.html", "http://www.17k.com/book/1859126.html", "http://www.17k.com/book/1741975.html", "http://www.17k.com/book/192453.html", "http://www.17k.com/book/2459058.html", "http://www.17k.com/book/1050747.html", "http://www.17k.com/book/2700315.html", "http://www.17k.com/book/2818940.html", "http://www.17k.com/book/2819519.html", "http://www.17k.com/book/2816390.html", "http://www.17k.com/book/2819588.html", "http://www.17k.com/book/2813768.html", "http://www.17k.com/book/2822406.html", "http://www.17k.com/book/2772164.html", "http://www.17k.com/book/2784023.html", "http://www.17k.com/book/2811877.html", "http://www.17k.com/book/2809119.html", "http://www.17k.com/book/2803700.html", "http://www.17k.com/book/2819561.html", "http://www.17k.com/book/2746506.html", "http://www.17k.com/book/2811836.html", "http://www.17k.com/book/2614810.html", "http://www.17k.com/book/1592435.html", "http://www.17k.com/book/1949748.html", "http://www.17k.com/book/2265802.html", "http://www.17k.com/book/2743240.html", "http://www.17k.com/book/2657437.html", "http://www.17k.com/book/2644502.html", "http://www.17k.com/book/2199900.html", "http://www.17k.com/book/2725436.html", "http://www.17k.com/book/2629978.html"]}