{"ratings": -1, "userreviews": [{"userName": "\u4f5c\u8005\u5bc2\u5c0f\u8d3c", "userReviewDate": "2012-10-03", "userURL": "http://user.17k.com/3750136", "userReview": "\u3010\u65b0\u5e7f\u544a\u697c\u3011"}, {"userName": "\u4e0a\u5e1d\u6b7b\u4e86\u57cb\u54ea\u91cc", "userReviewDate": "2018-06-08", "userURL": "http://user.17k.com/10606207", "userReview": "\u7b7e\u5230\uff0c\u4ee5\u793a\u652f\u6301\uff01"}, {"userName": "\u5723\u9690\u5e1d\u5143", "userReviewDate": "2018-06-07", "userURL": "http://user.17k.com/57760595", "userReview": "\u7b7e\u5230\u652f\u6301\uff01"}, {"userName": "17K\u4e66\u53cb29o2eemj", "userReviewDate": "2018-06-07", "userURL": "http://user.17k.com/61708121", "userReview": "666666666"}, {"userName": "\u533f\u540d14061319471214", "userReviewDate": "2018-06-07", "userURL": "http://user.17k.com/35369465", "userReview": "[\u6253\u8d4f]\u6211\u6253\u8d4f\u4e861\u4e2a'\u5c0f\u5fc3\u5fc3'\uff01\uff01"}, {"userName": "\u89c1\u9f99\u5728\u7530506764081", "userReviewDate": "2018-06-06", "userURL": "http://user.17k.com/58983414", "userReview": "123456"}, {"userName": "17K\u4e66\u53cb29o2eemj", "userReviewDate": "2018-06-05", "userURL": "http://user.17k.com/61708121", "userReview": "66666666"}, {"userName": "0\u7af9\u6797\u542c\u98ce0", "userReviewDate": "2018-06-03", "userURL": "http://user.17k.com/60062436", "userReview": "\u795e\u4f5c\uff01\u6536\u85cf\uff01"}, {"userName": "\u5723\u9690\u5e1d\u5143", "userReviewDate": "2018-06-02", "userURL": "http://user.17k.com/57760595", "userReview": "\u7b7e\u5230\u652f\u6301\uff01"}, {"userName": "\u670b\u4f73\u7f18", "userReviewDate": "2018-06-02", "userURL": "http://user.17k.com/56675671", "userReview": "\u4e0d\u9519\uff0c\u8f9b\u82e6\u4e86"}, {"userName": "\u2121\u72ec\u5bb6&#55357;&#56334;ji\u5fc6", "userReviewDate": "2018-06-01", "userURL": "http://user.17k.com/62297822", "userReview": "666\u516d\u516d\u516d"}, {"userName": "17K\u4e66\u53cb29o2eemj", "userReviewDate": "2018-06-01", "userURL": "http://user.17k.com/61708121", "userReview": "666666"}, {"userName": "17K\u4e66\u53cb29o2eemj", "userReviewDate": "2018-06-01", "userURL": "http://user.17k.com/61708121", "userReview": "666666"}, {"userName": "17K\u4e66\u53cb29o2eemj", "userReviewDate": "2018-05-31", "userURL": "http://user.17k.com/61708121", "userReview": "66666666"}, {"userName": "\u670b\u4f73\u7f18", "userReviewDate": "2018-05-31", "userURL": "http://user.17k.com/56675671", "userReview": "\u4e0d\u9519\uff0c\u7ee7\u7eed\u52aa\u529b"}, {"userName": "\u670b\u4f73\u7f18", "userReviewDate": "2018-05-29", "userURL": "http://user.17k.com/56675671", "userReview": "\u4e0d\u9519\uff0c\u52aa\u529b~"}, {"userName": "\u670b\u4f73\u7f18", "userReviewDate": "2018-05-28", "userURL": "http://user.17k.com/56675671", "userReview": "\u4e0d\u9519\uff0c\u52aa\u529b~"}, {"userName": "\u670b\u4f73\u7f18", "userReviewDate": "2018-05-27", "userURL": "http://user.17k.com/56675671", "userReview": "\u4e0d\u9519\uff0c\u52aa\u529b~"}, {"userName": "17K\u4e66\u53cbksb8amnp", "userReviewDate": "2018-05-26", "userURL": "http://user.17k.com/60420737", "userReview": "\u4e0d\u9519\uff0c\u8fd8\u53ef\u4ee5\uff0c\u52aa\u529b&#55357;&#56490;"}, {"userName": "\u5723\u9690\u5e1d\u5143", "userReviewDate": "2018-05-26", "userURL": "http://user.17k.com/57760595", "userReview": "\u7b7e\u5230\u652f\u6301"}], "description": "\u5c11\u5e74\u6c88\u7fd4\u5f97\u5230\u65e0\u4e0a\u4f20\u627f\uff0c\u83b7\u5f97\u9006\u5929\u795e\u8109\uff0c\u5b66\u5f97\u7edd\u4e16\u795e\u529f\uff0c\u638c\u63e1\u8d85\u7edd\u4e39\u672f\uff0c\u8fd9\u4f7f\u4ed6\u5728\u6b66\u9053\u4e4b\u8def\u6625\u98ce\u5f97\u610f\u2026\u2026\u997f\u7684\u65f6\u70bc\u70b9\u4e39\u836f\u5f53\u96f6\u98df\u5403\uff0c\u65e0\u804a\u65f6\u800d\u800d\u90a3\u4e9b\u6765\u6c42\u4e39\u7684\u6b66\u9053\u9ad8\u4eba\u2026\u2026\u60f3\u89c2\u770b\u66f4\u591a\u7684\u7cbe\u5f69\u5185\u5bb9\uff0c\u8bf7\u6536\u85cf\u5173\u6ce8\u300a\u50b2\u4e16\u4e39\u795e\u300b\uff01\u3000\u3000\u3010\u5df2\u7ecf\u5b8c\u6210\u8fc7\u4e00\u672c300\u4e07\u5b57\u7684\u4e66\u300a\u901a\u5929\u6b66\u7687\u300b\u3011\u3000\u3000\u3010\u65b0\u4e66\u6bcf\u5929\u4fdd\u5e95\u4e09\u66f4\uff0c\u5404\u79cd\u6c42\u2026\u2026\u3011\u3000\u3000\u3010\u4e66\u53cb\u7fa4\uff1a572384158\uff0c\u5fae\u4fe1\u516c\u4f17\u53f7jixiaozei88\uff0c\u6b22\u8fce\u5404\u4f4d\u8fdb\u6765\u804a\u5929\u6253\u5c41\u3011", "title": "\u50b2\u4e16\u4e39\u795e", "url": "http://www.17k.com/book/327976.html", "average": -1.0, "cover": "http://img.17k.com/images/bookcover/2012/1639/8/327976.jpg", "reviews": 506382976, "authors": [{"url": "http://www.17k.com/zuozhe/3750136", "name": "\u5bc2\u5c0f\u8d3c"}], "type": ["\u4e1c\u65b9\u7384\u5e7b"], "outlinks": ["http://www.17k.com/book/2794982.html", "http://www.17k.com/book/2801292.html", "http://www.17k.com/book/2816318.html", "http://www.17k.com/book/2797575.html", "http://www.17k.com/book/2802516.html", "http://www.17k.com/book/2812195.html", "http://www.17k.com/book/2820143.html", "http://www.17k.com/book/2807943.html", "http://www.17k.com/book/2813457.html", "http://www.17k.com/book/2798058.html", "http://www.17k.com/book/2815617.html", "http://www.17k.com/book/2805259.html", "http://www.17k.com/book/2760255.html", "http://www.17k.com/book/2686894.html", "http://www.17k.com/book/2797016.html", "http://www.17k.com/book/2767246.html", "http://www.17k.com/book/2764239.html", "http://www.17k.com/book/2754498.html", "http://www.17k.com/book/2754900.html", "http://www.17k.com/book/2625740.html", "http://www.17k.com/book/2213315.html", "http://www.17k.com/book/2402178.html", "http://www.17k.com/book/2691221.html", "http://www.17k.com/book/2210699.html", "http://www.17k.com/book/1797752.html", "http://www.17k.com/book/2575507.html", "http://www.17k.com/book/2705181.html", "http://www.17k.com/book/2702539.html", "http://www.17k.com/book/2474887.html", "http://www.17k.com/book/2674733.html", "http://www.17k.com/book/2822076.html", "http://www.17k.com/book/2809894.html", "http://www.17k.com/book/2822077.html", "http://www.17k.com/book/2811930.html", "http://www.17k.com/book/2815548.html", "http://www.17k.com/book/2819620.html", "http://www.17k.com/book/2809964.html", "http://www.17k.com/book/2808200.html", "http://www.17k.com/book/2820100.html", "http://www.17k.com/book/2822978.html", "http://www.17k.com/book/2804337.html", "http://www.17k.com/book/2798814.html", "http://www.17k.com/book/2785153.html", "http://www.17k.com/book/2731559.html", "http://www.17k.com/book/2722533.html", "http://www.17k.com/book/2458377.html", "http://www.17k.com/book/2743300.html", "http://www.17k.com/book/973809.html", "http://www.17k.com/book/2651367.html", "http://www.17k.com/book/2726194.html", "http://www.17k.com/book/2790214.html", "http://www.17k.com/book/493239.html", "http://www.17k.com/book/108821.html", "http://www.17k.com/book/1398783.html", "http://www.17k.com/book/83528.html", "http://www.17k.com/book/1859126.html", "http://www.17k.com/book/1741975.html", "http://www.17k.com/book/192453.html", "http://www.17k.com/book/2459058.html", "http://www.17k.com/book/1050747.html", "http://www.17k.com/book/2700315.html", "http://www.17k.com/book/2818940.html", "http://www.17k.com/book/2819519.html", "http://www.17k.com/book/2816390.html", "http://www.17k.com/book/2819588.html", "http://www.17k.com/book/2813768.html", "http://www.17k.com/book/2822406.html", "http://www.17k.com/book/2772164.html", "http://www.17k.com/book/2784023.html", "http://www.17k.com/book/2811877.html", "http://www.17k.com/book/2809119.html", "http://www.17k.com/book/2803700.html", "http://www.17k.com/book/2819561.html", "http://www.17k.com/book/2746506.html", "http://www.17k.com/book/2811836.html", "http://www.17k.com/book/2614810.html", "http://www.17k.com/book/1592435.html", "http://www.17k.com/book/1949748.html", "http://www.17k.com/book/2265802.html", "http://www.17k.com/book/2743240.html", "http://www.17k.com/book/2657437.html", "http://www.17k.com/book/2644502.html", "http://www.17k.com/book/2199900.html", "http://www.17k.com/book/2725436.html", "http://www.17k.com/book/2629978.html"]}