{"ratings": -1, "userreviews": [{"userName": "123154517881", "userReviewDate": "2018-06-03", "userURL": "http://user.17k.com/49537825", "userReview": "\u9898\u6750\u65b0\u9896\u4e0d\u8d70\u8001\u5957\u8def\uff0c\u5148\u6536\u85cf\uff0c\u517b\u80a5\u518d\u6740"}, {"userName": "\u62c9\u94fe\u6ca1\u62c9\u5f00", "userReviewDate": "2018-06-03", "userURL": "http://user.17k.com/33098078", "userReview": "\u600e\u4e48\u8bf4\u5462\uff0c\u8fd8\u53ef\u4ee5\u5427\uff0c\u5b57\u592a\u5c11\u4e86\u770b\u4e0d\u51fa\u4ec0\u4e48\u540d\u5802"}, {"userName": "\u8bed\u80a5", "userReviewDate": "2018-06-03", "userURL": "http://user.17k.com/49261466", "userReview": "\u597d\u4e66\u5df2\u6536\u85cf\u5feb\u70b9\u66f4\u65b0"}, {"userName": "\u62c9\u94fe\u6ca1\u62c9\u5f00", "userReviewDate": "2018-06-01", "userURL": "http://user.17k.com/33098078", "userReview": "[\u6253\u8d4f]\u6211\u6253\u8d4f\u4e861\u5143\u7ea2\u5305\uff01\uff01"}], "description": "\u6df7\u6c8c\u521d\u5f00\uff0c\u4e07\u65cf\u6797\u7acb\u3000\u3000\u9b54\u65cf\uff0c\u5996\u65cf\uff0c\u7cbe\u7075\u65cf\uff0c\u9b42\u65cf\uff0c\u88d4\u65cf\uff0c\u4eba\u65cf.....\u3000\u3000\u524d\u8005\u90fd\u5929\u8d4b\u5f02\u7980\uff0c\u4eba\u65cf\u662f\u6700\u5f31\u5c0f\u7684\u4ece\u800c\u6210\u4e86\u8fd9\u4e9b\u5f3a\u5927\u79cd\u65cf\u7684\u53e3\u7cae\u3000\u3000\u6545\u4e8b\u4ece\u4e00\u7247\u5760\u843d\u9886\u57df\u7684\u4eba\u65cf\u5c11\u5e74\u5f00\u59cb....", "title": "\u50b2\u4e16\u8f6e\u56de\u9053", "url": "http://www.17k.com/book/2829940.html", "average": -1.0, "cover": "http://img.17k.com/images/bookcover/default_cover1.jpg", "reviews": 19707, "authors": [{"url": "http://www.17k.com/zuozhe/17381030", "name": "\u66fe\u9521\u950b"}], "type": ["\u4e1c\u65b9\u7384\u5e7b"], "outlinks": ["http://www.17k.com/book/2794982.html", "http://www.17k.com/book/2801292.html", "http://www.17k.com/book/2816318.html", "http://www.17k.com/book/2797575.html", "http://www.17k.com/book/2802516.html", "http://www.17k.com/book/2812195.html", "http://www.17k.com/book/2820143.html", "http://www.17k.com/book/2807943.html", "http://www.17k.com/book/2813457.html", "http://www.17k.com/book/2798058.html", "http://www.17k.com/book/2815617.html", "http://www.17k.com/book/2805259.html", "http://www.17k.com/book/2760255.html", "http://www.17k.com/book/2686894.html", "http://www.17k.com/book/2797016.html", "http://www.17k.com/book/2767246.html", "http://www.17k.com/book/2764239.html", "http://www.17k.com/book/2754498.html", "http://www.17k.com/book/2754900.html", "http://www.17k.com/book/2625740.html", "http://www.17k.com/book/2213315.html", "http://www.17k.com/book/2402178.html", "http://www.17k.com/book/2691221.html", "http://www.17k.com/book/2210699.html", "http://www.17k.com/book/1797752.html", "http://www.17k.com/book/2575507.html", "http://www.17k.com/book/2705181.html", "http://www.17k.com/book/2702539.html", "http://www.17k.com/book/2474887.html", "http://www.17k.com/book/2674733.html", "http://www.17k.com/book/2822076.html", "http://www.17k.com/book/2809894.html", "http://www.17k.com/book/2822077.html", "http://www.17k.com/book/2811930.html", "http://www.17k.com/book/2815548.html", "http://www.17k.com/book/2819620.html", "http://www.17k.com/book/2809964.html", "http://www.17k.com/book/2808200.html", "http://www.17k.com/book/2820100.html", "http://www.17k.com/book/2822978.html", "http://www.17k.com/book/2804337.html", "http://www.17k.com/book/2798814.html", "http://www.17k.com/book/2785153.html", "http://www.17k.com/book/2731559.html", "http://www.17k.com/book/2722533.html", "http://www.17k.com/book/2458377.html", "http://www.17k.com/book/2743300.html", "http://www.17k.com/book/973809.html", "http://www.17k.com/book/2651367.html", "http://www.17k.com/book/2726194.html", "http://www.17k.com/book/2790214.html", "http://www.17k.com/book/493239.html", "http://www.17k.com/book/108821.html", "http://www.17k.com/book/1398783.html", "http://www.17k.com/book/83528.html", "http://www.17k.com/book/1859126.html", "http://www.17k.com/book/1741975.html", "http://www.17k.com/book/192453.html", "http://www.17k.com/book/2459058.html", "http://www.17k.com/book/1050747.html", "http://www.17k.com/book/2700315.html", "http://www.17k.com/book/2818940.html", "http://www.17k.com/book/2819519.html", "http://www.17k.com/book/2816390.html", "http://www.17k.com/book/2819588.html", "http://www.17k.com/book/2813768.html", "http://www.17k.com/book/2822406.html", "http://www.17k.com/book/2772164.html", "http://www.17k.com/book/2784023.html", "http://www.17k.com/book/2811877.html", "http://www.17k.com/book/2809119.html", "http://www.17k.com/book/2803700.html", "http://www.17k.com/book/2819561.html", "http://www.17k.com/book/2746506.html", "http://www.17k.com/book/2811836.html", "http://www.17k.com/book/2614810.html", "http://www.17k.com/book/1592435.html", "http://www.17k.com/book/1949748.html", "http://www.17k.com/book/2265802.html", "http://www.17k.com/book/2743240.html", "http://www.17k.com/book/2657437.html", "http://www.17k.com/book/2644502.html", "http://www.17k.com/book/2199900.html", "http://www.17k.com/book/2725436.html", "http://www.17k.com/book/2629978.html"]}