{"ratings": -1, "userreviews": [{"userName": "\u6211\u624d\u662f\u8fb0\u5357", "userReviewDate": "2018-05-29", "userURL": "http://user.17k.com/29102792", "userReview": "\u53cc\u91cd\u8eab\u4efd\u53c8\u662f\u53d8\u8138\uff0c\u90a3\u4f60\u5230\u5e95\u662f\u90a3\u4e2a\u3002\u8fd9\u79cd\u53d8\u8138\u53d8\u5f62\u7c7b\u7684\uff0c\u4f60\u90fd\u5df2\u7ecf\u53d8\u4e86\u8138\u4e86\uff0c\u90a3\u4f60\u53d8\u767d\u51e4\u8fd8\u6709\u5565\u610f\u4e49\u2026\u2026"}, {"userName": "\u5dc5\u72c2533734806", "userReviewDate": "2018-04-30", "userURL": "http://user.17k.com/59281801", "userReview": "\u8fd9\u672c\u5c0f\u8bf4\u9002\u5408\u505a\u5267\u672c\u800c\u4e0d\u9002\u5408\u5f53\u505a\u5c0f\u8bf4\u6765\u770b"}, {"userName": "\u9ec4\u74dc\u7684\u5bbf\u547d", "userReviewDate": "2018-02-14", "userURL": "http://user.17k.com/53195742", "userReview": "<a target='_blank' href='http://www.17k.com/book/2377865.html'>\u300a\u81f3\u9738\u82cd\u751f\u8bc0\u300b</a>\u6765\u8bbf\uff0c\u6c42\u652f\u6301\u6c42\u6269\u6563\uff0c\u87f9\u87f9\u3002"}, {"userName": "\u840c\u517d\u4e36\u4e18\u6bd4", "userReviewDate": "2017-12-07", "userURL": "http://user.17k.com/42343737", "userReview": "<a target='_blank' href='http://www.17k.com/book/2735330.html'>\u300a\u4e00\u53ea\u6c6a\u7684\u65e0\u9650\u4e4b\u65c5\u300b</a>\u8fc7\u6765\u62dc\u8bbf\u4e00\u4e0b\u5927\u5927"}, {"userName": "A \u8d37\u6b3e\u627e\u6211", "userReviewDate": "2017-06-02", "userURL": "http://user.17k.com/55426565", "userReview": "\u5355\u770b\u76ee\u5f55\u5c31\u77e5\u9053\u65f6\u95f4\u7ebf\u6df7\u4e71\u2026"}, {"userName": "\u6a31\u68a6\u67d4\u96ea\u4e48", "userReviewDate": "2016-08-22", "userURL": "http://user.17k.com/49051255", "userReview": "\u52a0\u6cb9\uff01\u643a<a target='_blank' href='http://www.17k.com/book/2080335.html'>\u300a\u82b1\u5343\u9aa8\u91cd\u751f\u5f52\u6765\u300b</a><a target='_blank' href='http://www.17k.com/book/2080179.html'>\u300a\u7687\u5ba4\u4e09\u516c\u4e3b\u521d\u957f\u6210\u300b</a><a target='_blank' href='http://www.17k.com/book/2088782.html'>\u300a\u7cbe\u7075\u68a6\u53f6\u7f57\u4e3d\u4e4b\u6a31\u7075\u96ea\u68a6\u300b</a>\u62dc\u8bbf\uff0c\u53bb\u770b\u770b\u6211\u7684\u4e66\u5427\uff01\u6bd5\u7adf\u65b0\u4eba\u4e0d\u5bb9\u6613\uff0c\u70b9\u51fb\u91cf\u592a\u5c11\uff0c\u6c42\u6536\u85cf\uff0c\u652f\u6301\u4f5c\u8005\u5927\u5927\uff01"}, {"userName": "\u662f\u6a58\u5b50\u5440", "userReviewDate": "2016-07-28", "userURL": "http://user.17k.com/47992693", "userReview": "<a target='_blank' href='http://www.17k.com/book/1974578.html'>\u300a\u5341\u91cc\u98ce\u534e\u957f\u76f8\u601d\u300b</a>\u6765\u8bbf\uff0c\u5927\u5927\u52a0\u6cb9\uff0c\u6492\u82b1\u652f\u6301(\u0e51\u2022\u0e31\u0e47\u03c9\u2022\u0e47\u0e31\u0e51)"}, {"userName": "\u5feb\u4e50\u5b66\u5f92", "userReviewDate": "2016-06-25", "userURL": "http://user.17k.com/47540705", "userReview": "<a target='_blank' href='http://www.17k.com/book/1932544.html'>\u300a\u9f99\u4e4b\u707e\u300b</a>\u6765\u8bbf\uff0c\u6b22\u8fce\u5927\u5bb6\u9605\u8bfb\uff0c\u8c22\u8c22\u5927\u5927\u652f\u6301\uff0c\u559c\u6b22\u7684\u8bdd\u7ed9\u6211\u4e00\u7968\u6709\u6ca1\u6709\u95ee\u9898\uff0c\u4e48\u4e48\u54d2"}, {"userName": "\u7389\u7687\u5c0f\u5e1d", "userReviewDate": "2016-03-20", "userURL": "http://user.17k.com/45570536", "userReview": "<a target='_blank' href='http://www.17k.com/book/1742991.html'>\u300a\u5723\u541b\u6218\u795e\u300b</a>\u62dc\u8bbf\u5927\u795e"}, {"userName": "\u03b5\u03bb\u03c4\u03c4\u03b9\u03c3\u03b1", "userReviewDate": "2016-01-30", "userURL": "http://user.17k.com/44977339", "userReview": "\u4f60\u6709\u4ec0\u4e48\u8138\u6536\u94b1\u770b"}, {"userName": "\u5982\u610f\u68cd", "userReviewDate": "2016-01-29", "userURL": "http://user.17k.com/43355349", "userReview": "<a target='_blank' href='http://www.17k.com/book/1455135.html'>\u300a\u827e\u7279\u7eb3\u5c14\u4f20\u8bf4\u300b</a>\u5230\u4e5f"}, {"userName": "\u5fa1\u574219998", "userReviewDate": "2016-01-10", "userURL": "http://user.17k.com/17106043", "userReview": "\u5728\u4e0b\u662f<a target='_blank' href='http://user.17k.com/44485727'>@\u54c0\u4f24\u7684\u9c8d\u9c7c</a> \u7684<a target='_blank' href='http://www.17k.com/book/1592435.html'>\u300a\u6551\u4e16\u4e3b\u90fd\u662f\u7f8e\u5c11\u5973\u300b</a>\u7684\u5fe0\u5b9e\u5e2e\u4f17\uff0c\u5df2\u4e3a\u5e2e\u4e3b\u60a8\u5728<a target='_blank' href='http://user.17k.com/32273538'>@\u6613\u6c34\u6765\u5ba2</a> \u7684<a target='_blank' href='http://www.17k.com/book/857280.html'>\u300a\u50b2\u5251\u79e6\u65f6\u300b</a>\u9996\u6218\u593a\u4e0b\u4e00\u4e2a\u63a8\u8350\u4f4d\uff0c\u8bf7\u5e2e\u4e3b\u5173\u6ce8\u5f1f\u5b50\u7684\u540e\u7eed\u8868\u73b0\uff01"}, {"userName": "\u8d85\u7ea7\u826f\u54e5", "userReviewDate": "2016-01-06", "userURL": "http://user.17k.com/37439334", "userReview": "\u643a\u4f5c\u54c1<a target='_blank' href='http://www.17k.com/book/1556388.html'>\u300a\u4fee\u9053\u8005\u300b</a>\u62dc\u8bbf\u5927\u795e\uff0c<a target='_blank' href='http://www.17k.com/book/1556388.html'>\u300a\u4fee\u9053\u8005\u300b</a>\u8bb2\u8ff0\u7684\u662f\u4e00\u7fa4\u4fee\u9053\u8005\u4e3a\u4e86\u5b88\u62a4\u4eba\u7c7b\u7528\u70ed\u8840\u548c\u751f\u547d\u6218\u6597\u5728\u6218\u573a\u7684\u6700\u524d\u6cbf\uff0c\u6ca1\u6709\u79cd\u9a6c\uff0c\u5f88\u4e0d\u9519\u7684\u4e00\u672c\u4e66"}, {"userName": "\u6613\u6c34\u6765\u5ba2", "userReviewDate": "2015-11-26", "userURL": "http://user.17k.com/32273538", "userReview": "\u672c\u4e66\u5df2\u5b8c\u7ed3\uff0c\u5c5e\u4e8e\u53bb\u5e74\u4e0a\u67b6\u6587\u3002"}, {"userName": "TiMe- \u5fc3\u4e0a\u75d5 \u534a\u9189\u534a\u68a6", "userReviewDate": "2015-11-08", "userURL": "http://user.17k.com/43649297", "userReview": "\u597d\uff0c\u5f88\u597d\uff0c\u975e\u5e38\u597d\u3002 Very goog"}, {"userName": "\u4f59\u4e38\u5927\u5927", "userReviewDate": "2015-10-19", "userURL": "http://user.17k.com/41513845", "userReview": "<span style='color:red'>\u4f5c\u8005\u5927\u5927\uff0c\u540c\u4eba\u6587\u4e0d\u662f\u4e0d\u80fd\u4e0a\u67b6\u5417\uff1f\u4e3a\u4ec0\u4e48\u4f60\u7684\u53ef\u4ee5\u554a\uff1f<a target='_blank' href='http://user.17k.com/32273538'>@\u6613\u6c34\u6765\u5ba2</a></span>"}, {"userName": "\u4f60\u82e5\u4e0d\u79bb\u6b64\u751f\u4e0d\u5f03", "userReviewDate": "2015-09-27", "userURL": "http://user.17k.com/42930964", "userReview": "\u5411\u4f5c\u8005\u81f4\u656c\uff01\u795e\u4f5c\uff01"}, {"userName": "\u543e\u4e0e\u795e\u4f5b\u6709\u7f18", "userReviewDate": "2015-06-04", "userURL": "http://user.17k.com/41350147", "userReview": "\u5411\u4f5c\u8005\u81f4\u656c\uff01\u795e\u4f5c\uff01\u63a8\u8350\u4e00\u672c\u65b0\u4e66<a target='_blank' href='http://www.17k.com/book/1249004.html'>\u300a\u711a\u8840\u300b</a>\uff01\u70ed\u8840\u6fc0\u70c8\u7684\u53ae\u6740\u573a\u9762\uff01\u809d\u80a0\u5bf8\u65ad\u7684\u7231\u6068\u7ea0\u7f20\uff01\u6367\u8179\u5927\u7b11\u7684\u9017\u6bd4\u7ec4\u5408\uff01\u4f60\u4e00\u5b9a\u8981\u770b\uff01\u6c42\u63a8\u8350\uff01\u6c42\u6536\u85cf\uff01\u6c42\u52a0\u5165\u4e66\u67b6\uff01\u6c42\u9c9c\u82b1\uff01\u6c42\uff01\u6c42\uff01\u6c42\uff01"}, {"userName": "\u534a\u70df\u8ff7\u79bb", "userReviewDate": "2015-06-01", "userURL": "http://user.17k.com/40754638", "userReview": "<a target='_blank' href='http://www.17k.com/book/1249814.html'>\u300a\u767d\u955c\u66f2\u300b</a>\u6765\u8bbf\uff0c\u52a0\u6cb9\uff01\u5df2\u6536\u85cf\uff0c\u671b\u56de\u8bbf"}, {"userName": "\u6613\u5532", "userReviewDate": "2015-05-27", "userURL": "http://user.17k.com/17247892", "userReview": "\u4e24\u6735\u9c9c\u82b1\u652f\u6301\u4e0b\uff0c<a target='_blank' href='http://www.17k.com/book/1244615.html'>\u300a\u767d\u83b2\u82b1\u300b</a>\u6765\u8bbf"}], "description": "\u5341\u91cc\u98de\u96ea\u98d8\uff0c\u4e00\u68a6\u56de\u71d5\u8d75\u3002\u521d\u95fb\u4f73\u4eba\u7389\u53f0\u821e\uff0c\u6c5f\u6e56\u96be\u89c5\u4fa0\u9053\u3002\u60c5\u975e\u5c3d\uff0c\u6613\u6c34\u6dfc\u3002\u7f1a\u5251\u4e09\u5c3a\uff0c\u53ea\u4e3a\u4e0e\u537f\u5929\u5730\u900d\u9065\u3002\u547d\u7684\u8f6e\u56de\uff0c\u8ba9\u767d\u4e91\u6765\u5230\u4e86\u79e6\u65f6\u660e\u6708\u7684\u5927\u79e6\u4e16\u754c\u3002\u800c\u8fd9\u4e2a\u65f6\u4ee3\u7684\u8f89\u714c\uff0c\u5374\u662f\u4ed6\u4e00\u751f\u90fd\u96be\u4ee5\u987f\u609f\u7684\u547d\u6570\u3002\u3000\u3000\u5f53\u9a7b\u8db3\u8fd9\u4e2a\u4e16\u754c\u7684\u90a3\u523b\uff0c\u4ed6\u5c31\u660e\u767d\u4e86\u4e00\u53e5\u8bdd\uff1a\u4eba\u751f\uff0c\u672c\u5c31\u662f\u4e2a\u6c5f\u6e56\u3002\u5982\u679c\u80fd\u5728\u5dc5\u5cf0\u987f\u609f\uff0c\u6211\u4e0d\u5728\u4e4e\u811a\u4e0b\uff0c\u94fa\u57ab\u4e86\u591a\u5c11\u67af\u9aa8\u2026\u2026", "title": "\u50b2\u5251\u79e6\u65f6", "url": "http://www.17k.com/book/857280.html", "average": -1.0, "cover": "http://img.17k.com/images/bookcover/2015/4286/21/857280-1428116431000.jpg", "reviews": 461285, "authors": [{"url": "http://www.17k.com/zuozhe/32273538", "name": "\u7fbd\u5203"}], "type": ["\u52a8\u6f2b\u540c\u4eba"], "outlinks": ["http://www.17k.com/book/2794982.html", "http://www.17k.com/book/2801292.html", "http://www.17k.com/book/2816318.html", "http://www.17k.com/book/2797575.html", "http://www.17k.com/book/2802516.html", "http://www.17k.com/book/2812195.html", "http://www.17k.com/book/2820143.html", "http://www.17k.com/book/2807943.html", "http://www.17k.com/book/2813457.html", "http://www.17k.com/book/2798058.html", "http://www.17k.com/book/2815617.html", "http://www.17k.com/book/2805259.html", "http://www.17k.com/book/2760255.html", "http://www.17k.com/book/2686894.html", "http://www.17k.com/book/2797016.html", "http://www.17k.com/book/2767246.html", "http://www.17k.com/book/2764239.html", "http://www.17k.com/book/2754498.html", "http://www.17k.com/book/2754900.html", "http://www.17k.com/book/2625740.html", "http://www.17k.com/book/2213315.html", "http://www.17k.com/book/2402178.html", "http://www.17k.com/book/2691221.html", "http://www.17k.com/book/2210699.html", "http://www.17k.com/book/1797752.html", "http://www.17k.com/book/2575507.html", "http://www.17k.com/book/2705181.html", "http://www.17k.com/book/2702539.html", "http://www.17k.com/book/2474887.html", "http://www.17k.com/book/2674733.html", "http://www.17k.com/book/2822076.html", "http://www.17k.com/book/2809894.html", "http://www.17k.com/book/2822077.html", "http://www.17k.com/book/2811930.html", "http://www.17k.com/book/2815548.html", "http://www.17k.com/book/2819620.html", "http://www.17k.com/book/2809964.html", "http://www.17k.com/book/2808200.html", "http://www.17k.com/book/2820100.html", "http://www.17k.com/book/2822978.html", "http://www.17k.com/book/2804337.html", "http://www.17k.com/book/2798814.html", "http://www.17k.com/book/2785153.html", "http://www.17k.com/book/2731559.html", "http://www.17k.com/book/2722533.html", "http://www.17k.com/book/2458377.html", "http://www.17k.com/book/2743300.html", "http://www.17k.com/book/973809.html", "http://www.17k.com/book/2651367.html", "http://www.17k.com/book/2726194.html", "http://www.17k.com/book/2790214.html", "http://www.17k.com/book/493239.html", "http://www.17k.com/book/108821.html", "http://www.17k.com/book/1398783.html", "http://www.17k.com/book/83528.html", "http://www.17k.com/book/1859126.html", "http://www.17k.com/book/1741975.html", "http://www.17k.com/book/192453.html", "http://www.17k.com/book/2459058.html", "http://www.17k.com/book/1050747.html", "http://www.17k.com/book/2700315.html", "http://www.17k.com/book/2818940.html", "http://www.17k.com/book/2819519.html", "http://www.17k.com/book/2816390.html", "http://www.17k.com/book/2819588.html", "http://www.17k.com/book/2813768.html", "http://www.17k.com/book/2822406.html", "http://www.17k.com/book/2772164.html", "http://www.17k.com/book/2784023.html", "http://www.17k.com/book/2811877.html", "http://www.17k.com/book/2809119.html", "http://www.17k.com/book/2803700.html", "http://www.17k.com/book/2819561.html", "http://www.17k.com/book/2746506.html", "http://www.17k.com/book/2811836.html", "http://www.17k.com/book/2614810.html", "http://www.17k.com/book/1592435.html", "http://www.17k.com/book/1949748.html", "http://www.17k.com/book/2265802.html", "http://www.17k.com/book/2743240.html", "http://www.17k.com/book/2657437.html", "http://www.17k.com/book/2644502.html", "http://www.17k.com/book/2199900.html", "http://www.17k.com/book/2725436.html", "http://www.17k.com/book/2629978.html"]}