{"ratings": -1, "userreviews": [{"userName": "\u5929\u5fc3\u5927\u9b54\u795e", "userReviewDate": "2016-01-12", "userURL": "http://user.17k.com/16475198", "userReview": "\u963f\u897f\u5427\uff01\u6700\u8fd1\u770b\u592a\u5b50\u5983\u5347\u804c\u8bb0\u770b\u7684\u8d70\u706b\u5165\u9b54\uff0c\u7136\u540e\u5c31\u5728\u7f51\u4e0a\u641c\u4e00\u4e9b\u7075\u9b42\u4e92\u6362\u7684\u5c0f\u8bf4\u6765\u770b\uff0c\u8fd8\u771f\u7684\u641c\u5230\u4e86\u4e00\u4e9b\uff1a\u4e4b\u524d\u7684\u90a3\u4e9b\u8b6c\u5982\u516c\u4e3b\u8d35\u59d3\uff0c\u8fd8\u6709\u522b\u90a3\u4e48\u9a84\u50b2\uff0c\u4e0d\u7ba1\u54ea\u4e00\u90e8\u90fd\u5199\u5f97\u5f88\u597d\uff01\u7136\u540e\u8fd9\u4e00\u672c\u7adf\u7136\u770b\u7684\u4e5f\u662f\u6d25\u6d25\u6709\u5473\uff0c\u5c0f\u841d\u8389\u53d8\u6210\u82f1\u52c7\u795e\u6b66\u7684\u65b0\u4e00\u4ee3\u519b\u795e\uff0c\u5802\u5802\u620e\u738b\u53d8\u6210\u4e86\u5c0f\u841d\u8389\uff0c\u679c\u7136\u5199\u7684\u8fd9\u4e2a\u738b\u7237\u5f88\u5e26\u52b2,\u8fd9\u90fd\u662f\u56e0\u7f18\u5de7\u5408\u3002\u5f00\u5934\u53f6\u51dd\u7684\u79fb\u9b42\u5927\u6cd5\u6270\u6211\u77ac\u95f4\u5c31\u60f3\u5230\u4e86\u661f\u7237\u7684\u5927\u8bdd\u897f\u6e38\uff0c\u80fd\u4e0d\u80fd\u4e0d\u8981\u8fd9\u4e48\u641e\uff0c\u5f88\u6709\u60f3\u6cd5\u6709\u6728\u6709\uff1f\u4f46\u662f\u7684\u786e\u5f88\u6709\u4e2a\u6027\uff0c\u5927\u8d5e\u4e00\u4e2a\uff01\u5410\u69fd\u4e00\u4e0b\u9152\u5c0f\u8363\u7684\u66f4\u65b0\uff0c\u6587\u7b14\u5462\u662f\u6ca1\u7684\u8bf4\uff0c\u8bfb\u7740\u987a\u7545\u5e7d\u9ed8\uff0c\u6545\u4e8b\u4eba\u7269\u8d85\u7ea7\u9971\u6ee1\uff0c\u5c31\u662f\u8fd8\u6ca1\u6709\u592a\u5927\u7684\u5c55\u5f00\uff0c\u4f30\u8ba1\u8ddf\u5b57\u6570\u6709\u5173\uff0c\u5e0c\u671b\u8981\u52a0\u5feb\u5566\uff01\u8fd9\u672c\u4e66\u4f1a\u4e00\u76f4\u8ffd\u554a\u8ffd\uff0c\u5148\u517b\u80a5\uff0c\u671f\u5f85\u5c0f\u9152\u65e5\u66f4\u4e07\u5b57<img src='http://img.17k.com/images/face/101gx.gif' /><img src='http://img.17k.com/images/face/101gx.gif' /><img src='http://img.17k.com/images/face/101gx.gif' /><img src='http://img.17k.com/images/face/101gx.gif' />"}, {"userName": "\u964c\u989c272418650", "userReviewDate": "2018-01-19", "userURL": "http://user.17k.com/59439829", "userReview": "\u559c\u6b22"}, {"userName": "\u6735\u67e0\u6aac", "userReviewDate": "2018-01-16", "userURL": "http://user.17k.com/59058109", "userReview": "\u5f88\u597d\u770b\uff0c\u5927\u5927\u52a0\u6cb9"}, {"userName": "\u9ec4\u91d1\u5206\u5272\u4f1ai", "userReviewDate": "2016-10-10", "userURL": "http://user.17k.com/50367902", "userReview": "\u5f88\u6b22\u8131\uff0c\u6c88\u67ab\u620e\u738b\u88ab\u73a9\u574f\u4e86\uff0c\u5475\u5475"}, {"userName": "5\u77ee\u70b9", "userReviewDate": "2016-10-10", "userURL": "http://user.17k.com/50361974", "userReview": "\u7279\u522b\u7684\u597d\u770b\uff0c\u70b9\u8d5e\uff01\u770b\u4e86\u4e09\u5f20\uff0c\u63cf\u5199\u7684\u5341\u5206\u5f15\u4eba\u5165\u80dc\uff0c\u4eca\u665a\u6162\u6162\u770b\u4e86\uff01"}, {"userName": "988\u80a1\u4efd\u7684\u76f8\u5173", "userReviewDate": "2016-10-03", "userURL": "http://user.17k.com/48861213", "userReview": "\u597d\u770b \uff01"}, {"userName": "\u7eee\u4e3d\u98ce\u5149\u6696\u6696\u54d2", "userReviewDate": "2016-10-01", "userURL": "http://user.17k.com/43769649", "userReview": "\u53f6\u51dd\u7ee7\u7eed\u6d6a\uff0c\u54c8\u54c8\u54c8\uff01"}, {"userName": "\u7b2c\u4e94\u83b9\u83b9", "userReviewDate": "2016-10-01", "userURL": "http://user.17k.com/35597759", "userReview": "\u82b1\u5230\u5fc3\u610f\u5230\u3002"}, {"userName": "\u4e39\u7ea2\u7b2c\u4e94", "userReviewDate": "2016-10-01", "userURL": "http://user.17k.com/16229391", "userReview": "\u6492\u82b1~"}, {"userName": "\u6f47\u6f47\u6e58\u6c34", "userReviewDate": "2016-08-29", "userURL": "http://user.17k.com/49270084", "userReview": "\u5927\u5927\uff0c\u8fd8\u662f\u6211\uff0c\u52a0\u6cb9\u54df~~\u518d\u6765\u6253\u4e2a\u5e7f\u544a<a target='_blank' href='http://www.17k.com/book/2097687.html'>\u300a\u6267\u537f\u4e4b\u624b\u76f8\u7ea6\u767d\u5934\u300b</a>\u4e0d\u8981\u5acc\u6211\u70e6\u54df&middot;~"}, {"userName": "\u65b9\u5c0f\u61a8", "userReviewDate": "2016-08-25", "userURL": "http://user.17k.com/44656902", "userReview": "\u5e26\u7740\u6211\u5bb6<a target='_blank' href='http://www.17k.com/book/1931991.html'>\u300a\u50b2\u5a07\u738b\u7237\u9152\u6765\u8ffd\u300b</a>\u6765\u6367\u573a\u5566\uff0c\u987a\u4fbf\u5360\u4e2a\u5ea7\uff0c\u65b0\u624b\u6c42\u7167\u987e&#55357;&#56856;"}, {"userName": "\u9ec4\u57d4\u516d", "userReviewDate": "2016-07-20", "userURL": "http://user.17k.com/16196245", "userReview": "\u5c11\u4e86\u4e00\u4e9b\u610f\u5883\u4f3c\u4e4e\uff01"}, {"userName": "\u5a05\u8776\u5c14", "userReviewDate": "2016-07-20", "userURL": "http://user.17k.com/32519361", "userReview": "\u4e39\u7ea2\uff0c\u65e9\u5b89\u52a0\u5348\u5b89\uff0c\u5168\u8ba2\u7684\u8bb0\u5f55\u65f6\u4e00\u5b9a\u8981\u4fdd\u6301\u7684....."}, {"userName": "\u82b8\u513fYR", "userReviewDate": "2016-07-19", "userURL": "http://user.17k.com/40654637", "userReview": "\u8bdd\u8bf4\u8fd9\u6587\u5e94\u8be5\u4e0d\u9519\u7684\uff0c\u52a0\u6cb9\u5b9d\u8d1d\uff01"}, {"userName": "\u5a05\u8776\u5c14", "userReviewDate": "2016-07-18", "userURL": "http://user.17k.com/32519361", "userReview": "\u4e0a\u6b21\u6765\u7f51\u4e0d\u597d\uff0c\u6ca1\u8ba2\u4e0a\uff0c\u4eca\u5929\u6765\u8865....."}, {"userName": "\u4f5c\u8005\u9171\u6cb9\u87d1\u8782", "userReviewDate": "2016-07-14", "userURL": "http://user.17k.com/39032778", "userReview": "\u4e09\u6735\u82b1\u652f\u6301\uff0c\u5e0c\u671b\u81ea\u5df1\u7684\u4f5c\u54c1\u6709\u671d\u4e00\u65e5\u80fd\u6709\u66f4\u591a\u7684\u4eba\u770b\uff01"}, {"userName": "\u8361\u98ce\u7b5d", "userReviewDate": "2016-07-10", "userURL": "http://user.17k.com/15908272", "userReview": "\u7adf\u7136\u5fd8\u4e86\u8fd8\u6709\u8fd9\u4e48\u4e00\u4e2a\u53f7\uff0c\u8fd8\u6709\u4e66\u67b6\u4e0a\u7684\u4e66\uff01"}, {"userName": "\u5218\u802a", "userReviewDate": "2016-07-08", "userURL": "http://user.17k.com/45927465", "userReview": "\u672c\u4eba\u643a<a target='_blank' href='http://www.17k.com/book/1813866.html'>\u300a\u75af\u766b\u4fa0\u300b</a>\u6765\u62dc\u8bbf\uff0c\u8bf7\u591a\u591a\u6367\u573a\u3002"}, {"userName": "\u5a05\u8776\u5c14", "userReviewDate": "2016-07-08", "userURL": "http://user.17k.com/32519361", "userReview": "\u7b7e\u7ea6\u7ed3\u675f\u4e86\uff0c\u6240\u4ee5\u8d76\u7d27\u56de\u6765\u8ba2\u9605\u6587\u6587......"}, {"userName": "\u4e2d\u4e8c\u75c5\u60a3\u8005\uc870\uc9c0\uc6b0", "userReviewDate": "2016-07-06", "userURL": "http://user.17k.com/47752961", "userReview": "<a target='_blank' href='http://www.17k.com/book/1954708.html'>\u300a\u6821\u82b1\u592a\u7f8e\u5e05\u54e5\u8bf7\u81ea\u91cd\u300b</a>\u6b22\u8fce\u5404\u4f4d\u6307\u5bfc\uff0c\u70b9\u6211\u5934\u50cf\u5c31\u53ef\u4ee5\u770b\u4e86\u54e6\uff01"}], "description": "*******\u4e2a\u6027\u5316\u5f81\u6587**********\u3000\u3000\u4e09\u738b\u7237\u6c88\u67ab\u5949\u65e8\u94f2\u9664\u9b54\u6559\uff0c\u773c\u770b\u5927\u529f\u544a\u6210\u3000\u3000\u4e07\u4e07\u6ca1\u60f3\u5230\uff0c\u9b54\u6559\u6559\u4e3b\u53f6\u51dd\u4f1a\u5996\u6cd5\u3000\u3000\u4e00\u62db\u79fb\u9b42\u5927\u6cd5\uff0c\u4ed6\u4e0e\u9b54\u6559\u6559\u4e3b\u4e92\u6362\u4e86\u7075\u9b42\u3001\u3001\u3001\u3000\u3000\u7eb3\u5c3c\uff01\u9b54\u6559\u6559\u4e3b\u7adf\u662f\u4e00\u4e2a\u841d\u8389\uff0c\u597d\u5751\u7239\u554a\uff01", "title": "\u50b2\u5a07\u738b\u7237\u840c\u840c\u54d2", "url": "http://www.17k.com/book/1469351.html", "average": -1.0, "cover": "http://img.17k.com/images/bookcover/2015/7346/36/1469351-1448545211000.jpg", "reviews": 44893, "authors": [{"url": "http://www.17k.com/zuozhe/43022402", "name": "\u9152\u5c0f\u8363"}], "type": ["\u7075\u9b42\u8f6c\u6362"], "outlinks": ["http://www.17k.com/book/2794982.html", "http://www.17k.com/book/2801292.html", "http://www.17k.com/book/2816318.html", "http://www.17k.com/book/2797575.html", "http://www.17k.com/book/2802516.html", "http://www.17k.com/book/2812195.html", "http://www.17k.com/book/2820143.html", "http://www.17k.com/book/2807943.html", "http://www.17k.com/book/2813457.html", "http://www.17k.com/book/2798058.html", "http://www.17k.com/book/2815617.html", "http://www.17k.com/book/2805259.html", "http://www.17k.com/book/2760255.html", "http://www.17k.com/book/2686894.html", "http://www.17k.com/book/2797016.html", "http://www.17k.com/book/2767246.html", "http://www.17k.com/book/2764239.html", "http://www.17k.com/book/2754498.html", "http://www.17k.com/book/2754900.html", "http://www.17k.com/book/2625740.html", "http://www.17k.com/book/2213315.html", "http://www.17k.com/book/2402178.html", "http://www.17k.com/book/2691221.html", "http://www.17k.com/book/2210699.html", "http://www.17k.com/book/1797752.html", "http://www.17k.com/book/2575507.html", "http://www.17k.com/book/2705181.html", "http://www.17k.com/book/2702539.html", "http://www.17k.com/book/2474887.html", "http://www.17k.com/book/2674733.html", "http://www.17k.com/book/2822076.html", "http://www.17k.com/book/2809894.html", "http://www.17k.com/book/2822077.html", "http://www.17k.com/book/2811930.html", "http://www.17k.com/book/2815548.html", "http://www.17k.com/book/2819620.html", "http://www.17k.com/book/2809964.html", "http://www.17k.com/book/2808200.html", "http://www.17k.com/book/2820100.html", "http://www.17k.com/book/2822978.html", "http://www.17k.com/book/2804337.html", "http://www.17k.com/book/2798814.html", "http://www.17k.com/book/2785153.html", "http://www.17k.com/book/2731559.html", "http://www.17k.com/book/2722533.html", "http://www.17k.com/book/2458377.html", "http://www.17k.com/book/2743300.html", "http://www.17k.com/book/973809.html", "http://www.17k.com/book/2651367.html", "http://www.17k.com/book/2726194.html", "http://www.17k.com/book/2790214.html", "http://www.17k.com/book/493239.html", "http://www.17k.com/book/108821.html", "http://www.17k.com/book/1398783.html", "http://www.17k.com/book/83528.html", "http://www.17k.com/book/1859126.html", "http://www.17k.com/book/1741975.html", "http://www.17k.com/book/192453.html", "http://www.17k.com/book/2459058.html", "http://www.17k.com/book/1050747.html", "http://www.17k.com/book/2700315.html", "http://www.17k.com/book/2818940.html", "http://www.17k.com/book/2819519.html", "http://www.17k.com/book/2816390.html", "http://www.17k.com/book/2819588.html", "http://www.17k.com/book/2813768.html", "http://www.17k.com/book/2822406.html", "http://www.17k.com/book/2772164.html", "http://www.17k.com/book/2784023.html", "http://www.17k.com/book/2811877.html", "http://www.17k.com/book/2809119.html", "http://www.17k.com/book/2803700.html", "http://www.17k.com/book/2819561.html", "http://www.17k.com/book/2746506.html", "http://www.17k.com/book/2811836.html", "http://www.17k.com/book/2614810.html", "http://www.17k.com/book/1592435.html", "http://www.17k.com/book/1949748.html", "http://www.17k.com/book/2265802.html", "http://www.17k.com/book/2743240.html", "http://www.17k.com/book/2657437.html", "http://www.17k.com/book/2644502.html", "http://www.17k.com/book/2199900.html", "http://www.17k.com/book/2725436.html", "http://www.17k.com/book/2629978.html"]}