{"ratings": -1, "userreviews": [{"userName": "\u68a6\u7121\u56de", "userReviewDate": "2017-11-30", "userURL": "http://user.17k.com/33470395", "userReview": "<a target='_blank' href='http://www.17k.com/book/2714919.html'>\u300a\u50b2\u7b11\u5f52\u5143\u300b</a>\u8bfb\u8005\u7fa4\uff1a600845820 \u5e0c\u671b\u5404\u4f4d\u5982\u679c\u559c\u6b22\u8fd9\u672c\u4e66\u7684\u8bdd\uff0c\u53ef\u4ee5\u8fdb\u7fa4\u4e00\u8d77\u63a2\u8ba8<img src='http://img.17k.com/images/face/104hei.gif' />"}, {"userName": "\u6708\u4e5f121", "userReviewDate": "2018-03-21", "userURL": "http://user.17k.com/60488086", "userReview": "\u524d\u6765\u62dc\u8bbf"}, {"userName": "\u72ec\u5b64\u6597wg", "userReviewDate": "2018-03-16", "userURL": "http://user.17k.com/14041930", "userReview": "\u72ec\u5b64\u6597\u643a<a target='_blank' href='http://www.17k.com/book/446214.html'>\u300a\u68a6\u4e09\u56fd\u4e4b\u68a6\u4e2d\u60c5\u7f18\u300b</a>\u524d\u6765\u62dc\u8bfb\u5b66\u4e60\uff0c\u5927\u4f5c\u5df2\u6536\u85cf"}, {"userName": "\u66fe\u7ecf\u3001\u671f\u5f85\u7684\u4e16\u754c", "userReviewDate": "2018-01-19", "userURL": "http://user.17k.com/58630388", "userReview": "<span style='color:black'>\u6700\u597d\u6765\u4e2a\u4e00\u59295~6\u66f4\uff0c\u8fd9\u6837\u624d\u8fc7\u763e~~</span>"}, {"userName": "\u66fe\u7ecf\u3001\u671f\u5f85\u7684\u4e16\u754c", "userReviewDate": "2018-01-19", "userURL": "http://user.17k.com/58630388", "userReview": "\u652f\u6301\u963f\u59e8\uff0c\u4e0d\u8fc7\u66f4\u65b0\u901f\u5ea6\u592a\u6162\u4e86\u4e00\u4e9b\u3002\u6c42\u901f\u5ea6~~~"}, {"userName": "\u76f8\u7231\u4e0d\u5982\u76f8\u8bb8", "userReviewDate": "2018-01-19", "userURL": "http://user.17k.com/33581927", "userReview": "<img src='http://img.17k.com/images/face/103ai.gif' />\u52a0\u6cb9\uff0c\u5c0f\u8bf4\u5f88\u7ed9\u529b\u3002"}, {"userName": "\u6211\u78d5\u9999\u74dc\u5b50", "userReviewDate": "2017-12-31", "userURL": "http://user.17k.com/58493772", "userReview": "\u5927\u795e\u7684\u4e66\u597d\u7ea2\u706b\uff0c<a target='_blank' href='http://www.17k.com/book/2723747.html'>\u300a\u5927\u81ea\u5728\u5929\u300b</a>\u7fa1\u6155\uff0c\u606d\u8d3a\uff01\u5df2\u6536\u85cf\uff01"}, {"userName": "\u865a\u4f2a\uff0c\u574f\u4eba", "userReviewDate": "2017-12-31", "userURL": "http://user.17k.com/58572458", "userReview": "\u4f5c\u8005\u5927\u5927\uff0c\u5199\u7684\u975e\u5e38\u597d\uff0c\u6587\u7b14\u4e0d\u9519\uff0c\u643a<a target='_blank' href='http://www.17k.com/book/2738594.html'>\u300a\u5723\u5929\u7eaa\u300b</a>\u6765\u89c2\u6469\u4e00\u4e0b\u3002"}, {"userName": "Fuck199959367", "userReviewDate": "2017-12-31", "userURL": "http://user.17k.com/59009687", "userReview": "\u5929\u6daf\u5b64\u5955\u643a<a target='_blank' href='http://www.17k.com/book/2743735.html'>\u300a\u795e\u7075\u5955\u300b</a>\u6765\u8bbf\uff0c\u8bf7\u5927\u5bb6\u591a\u591a\u652f\u6301\uff0c"}, {"userName": "\u8086\u610f\u5e2d\u57ce", "userReviewDate": "2017-12-29", "userURL": "http://user.17k.com/56401147", "userReview": "<a target='_blank' href='http://www.17k.com/book/2582919.html'>\u300a\u4e07\u5f81\u300b</a>\u524d\u6765\u5b66\u4e60\uff0c\u5927\u5927\u5f88\u5389\u5bb3\u554a"}, {"userName": "\u9189\u5982\u5bd2\u6b87", "userReviewDate": "2017-12-28", "userURL": "http://user.17k.com/58053238", "userReview": "<span style='color:black'><a target='_blank' href='http://www.17k.com/book/2702622.html'>\u300a\u795e\u846c\u4e16\u754c\u300b</a>\u524d\u6765\u62dc\u8bbf\u5927\u5927\uff0c\u554a\u54c8\u54c8</span>"}, {"userName": "\u516d\u73ed\u638c\u95e8", "userReviewDate": "2017-12-28", "userURL": "http://user.17k.com/13274236", "userReview": "<a target='_blank' href='http://www.17k.com/book/2742466.html'>\u300a\u5929\u5730\u6218\u7eaa\u300b</a>\u524d\u6765\u62dc\u8bbf\uff01\u65b0\u4f5c\u5f00\u59cb\uff0c\u6c42\u70b9\u4eba\u6c14\uff0c\u6c42\u6307\u70b9\uff01"}, {"userName": "\u5ca9\u6cca", "userReviewDate": "2017-12-25", "userURL": "http://user.17k.com/52703967", "userReview": "<a target='_blank' href='http://www.17k.com/book/2388836.html'>\u300a\u7fa3\u4ed9\u9b54\u5f71\u300b</a><a target='_blank' href='http://www.17k.com/book/2347646.html'>\u300a\u7f8e\u4e3d\u65e0\u754c\u300b</a>\u6765\u62dc\u8bbf\u5927\u5927\uff0c\u795d\u613f\u5927\u5927\u7684\u597d\u6587\u5927\u706b\uff0c\u65e9\u65e5\u6210\u795e\u3002\u6709\u7a7a\u53bb\u901b\u901b"}, {"userName": "\u829d\u5170\u7389\u6811113776312", "userReviewDate": "2017-12-25", "userURL": "http://user.17k.com/54691896", "userReview": "\u4e66\u8352\u7684\u670b\u53cb\uff0c\u6211\u7ed9\u5927\u5bb6\u63a8\u8350\u4e00\u672c\u4e66<a target='_blank' href='http://www.17k.com/book/2724537.html'>\u300a\u82cd\u7a79\u8427\u5e1d\u300b</a>"}, {"userName": "\u6625\u79cb\u5144", "userReviewDate": "2017-12-22", "userURL": "http://user.17k.com/58519982", "userReview": "\u6625\u79cb\u5144\u643a<a target='_blank' href='http://www.17k.com/book/2731490.html'>\u300a\u5fa1\u6b66\u5f11\u5929\u300b</a>\u524d\u6765\u652f\u6301\u5927\u5927\uff01\uff01\u52a0\u6cb9\u54e6\uff01\uff01\u671b\u5927\u5927\u66f4\u4e0a\u4e00\u5c42\u697c\uff01\uff01"}, {"userName": "\u89d2\u843d\u5904\u7684\u72fc", "userReviewDate": "2017-12-21", "userURL": "http://user.17k.com/58137971", "userReview": "\u770b\u7740\u7535\u8111\u5c31\u662f\u4e0d\u60f3\u7801\u5b57\u600e\u4e48\u529e\u554a\uff0c<a target='_blank' href='http://www.17k.com/book/2710936.html'>\u300a\u5b85\u7537\u7cfb\u7edf\u300b</a>"}, {"userName": "\u6458\u661f\u4ead", "userReviewDate": "2017-12-19", "userURL": "http://user.17k.com/58453765", "userReview": "<span style='color:black'>\u5341\u4e07\u70b9\u51fb<a target='_blank' href='http://www.17k.com/book/2722513.html'>\u300a\u65e0\u5e38\u6e21\u5384\u300b</a>\u6765\u8bbf\uff0c\u6b22\u8fce\u56de\u8bbf\uff0c\u6536\u85cf\u3002</span>"}, {"userName": "xmqhome", "userReviewDate": "2017-12-17", "userURL": "http://user.17k.com/1121751", "userReview": "<a target='_blank' href='http://www.17k.com/book/799926.html'>\u300a\u4ed9\u7f18\u65e0\u9650\u300b</a>\u6765\u8bbf\uff0c\u62dc\u8bfb\u5927\u4f5c\uff0c\u5199\u5f97\u5f88\u7cbe\u5f69\uff0c\u9001\u82b1\u652f\u6301\uff0c\u7ee7\u7eed\u52aa\u529b\uff0c\u672a\u6765\u7684\u5927\u795e\u4ff1\u4e50\u90e8\u4e2d\uff0c\u5fc5\u6709\u9601\u4e0b\u7684\u4e00\u5e2d\u4e4b\u5730\uff01"}, {"userName": "\u66fe\u7ecf\u3001\u671f\u5f85\u7684\u4e16\u754c", "userReviewDate": "2017-12-17", "userURL": "http://user.17k.com/58630388", "userReview": "\u52a0\u6cb9\uff0c\u9001\u4e2a\u9c9c\u82b1\u8868\u793a\u8868\u793a\u3002\u3002\u3002"}, {"userName": "\u76f8\u7231\u4e0d\u5982\u76f8\u8bb8", "userReviewDate": "2017-12-17", "userURL": "http://user.17k.com/33581927", "userReview": "<img src='http://img.17k.com/images/face/103ai.gif' />\u9ebb\u70e6\u66f4\u65b0\u5feb\u4e00\u70b9\u5427\uff01\u4eb2\uff01"}], "description": "\u67af\u5c71\u7ed5\u767d\u9aa8\uff0c\u5feb\u610f\u51b3\u6069\u4ec7\u3002\u7eb5\u89c2\u4ec1\u4e49\u6de1\uff0c\u552f\u6709\u5229\u5f53\u524d\u3002\u3000\u3000\u60c5\u4e49\u5fc3\u95f4\u60ac\uff0c\u65e0\u5948\u4e0d\u7531\u5fc3\u3002\u7eb5\u6a2a\u5c71\u6cb3\u9053\uff0c\u552f\u4f9d\u624b\u4e2d\u5203\u3002\u3000\u3000\u82cd\u4e91\u6d77\uff0c\u96ea\u5ff5\u5cf0\uff0c\u609f\u9053\u6daf\uff0c\u4e00\u5ff5\u95f4\uff0c\u609f\u9053\u8005\uff0c\u63a5\u82cd\u7a79\uff0c\u50b2\u4e16\u95f4\uff0c\u65e0\u9053\u8005\uff0c\u901a\u5e7d\u51a5\uff0c\u960e\u7f57\u6bbf\u3002\u3000\u3000\u4e00\u4ee3\u9ad8\u624b\u68a6\u79bb\u6b4c\uff0c\u56e0\u4e3a\u5bb6\u65cf\u6240\u4f20\u627f\u6b66\u5b66\u300a\u4e5d\u8f6c\u60ca\u7384\u8bc0\u300b\u5168\u65cf\u906d\u53d7\u5c60\u6740\uff0c\u552f\u4ed6\u4e00\u4eba\u8131\u79bb\u3002\u5728\u7ecf\u5386\u4e86\u5341\u4f59\u5e74\u7684\u4fee\u70bc\u540e\uff0c\u5c06\u4ec7\u4eba\u5168\u90e8\u5c60\u6740\u4e00\u7a7a\u3002\u4f46\u5374\u518d\u6b21\u906d\u53d7\u5230\u4e86\u6c5f\u6e56\u4e2d\u4eba\u7684\u8ffd\u6740\uff0c\u60f3\u8981\u62a2\u593a\u4ed6\u7684\u79d8\u7c4d\uff0c\u6700\u540e\u4e0e\u631a\u7231\u4e4b\u4eba\u53cc\u53cc\u9668\u843d\u4e8e\u4e91\u6d77\u4e4b\u4e2d.....\u3000\u3000\u300a\u50b2\u7b11\u5f52\u5143\u300b\u8bfb\u8005\u7fa4\uff1a600845820\u3000\u3000\u6b22\u8fce\u5927\u5bb6\u7684\u52a0\u5165\uff01\uff01\uff01", "title": "\u50b2\u7b11\u5f52\u5143", "url": "http://www.17k.com/book/2714919.html", "average": -1.0, "cover": "http://img.17k.com/images/bookcover/2017/13574/67/2714919-1511762418000.jpg", "reviews": 80286, "authors": [{"url": "http://www.17k.com/zuozhe/33470395", "name": "\u963f\u59e8\u662f\u4e2a\u7537\u751f"}], "type": ["\u4e1c\u65b9\u7384\u5e7b"], "outlinks": ["http://www.17k.com/book/2794982.html", "http://www.17k.com/book/2801292.html", "http://www.17k.com/book/2816318.html", "http://www.17k.com/book/2797575.html", "http://www.17k.com/book/2802516.html", "http://www.17k.com/book/2812195.html", "http://www.17k.com/book/2820143.html", "http://www.17k.com/book/2807943.html", "http://www.17k.com/book/2813457.html", "http://www.17k.com/book/2798058.html", "http://www.17k.com/book/2815617.html", "http://www.17k.com/book/2805259.html", "http://www.17k.com/book/2760255.html", "http://www.17k.com/book/2686894.html", "http://www.17k.com/book/2797016.html", "http://www.17k.com/book/2767246.html", "http://www.17k.com/book/2764239.html", "http://www.17k.com/book/2754498.html", "http://www.17k.com/book/2754900.html", "http://www.17k.com/book/2625740.html", "http://www.17k.com/book/2213315.html", "http://www.17k.com/book/2402178.html", "http://www.17k.com/book/2691221.html", "http://www.17k.com/book/2210699.html", "http://www.17k.com/book/1797752.html", "http://www.17k.com/book/2575507.html", "http://www.17k.com/book/2705181.html", "http://www.17k.com/book/2702539.html", "http://www.17k.com/book/2474887.html", "http://www.17k.com/book/2674733.html", "http://www.17k.com/book/2822076.html", "http://www.17k.com/book/2809894.html", "http://www.17k.com/book/2822077.html", "http://www.17k.com/book/2811930.html", "http://www.17k.com/book/2815548.html", "http://www.17k.com/book/2819620.html", "http://www.17k.com/book/2809964.html", "http://www.17k.com/book/2808200.html", "http://www.17k.com/book/2820100.html", "http://www.17k.com/book/2822978.html", "http://www.17k.com/book/2804337.html", "http://www.17k.com/book/2798814.html", "http://www.17k.com/book/2785153.html", "http://www.17k.com/book/2731559.html", "http://www.17k.com/book/2722533.html", "http://www.17k.com/book/2458377.html", "http://www.17k.com/book/2743300.html", "http://www.17k.com/book/973809.html", "http://www.17k.com/book/2651367.html", "http://www.17k.com/book/2726194.html", "http://www.17k.com/book/2790214.html", "http://www.17k.com/book/493239.html", "http://www.17k.com/book/108821.html", "http://www.17k.com/book/1398783.html", "http://www.17k.com/book/83528.html", "http://www.17k.com/book/1859126.html", "http://www.17k.com/book/1741975.html", "http://www.17k.com/book/192453.html", "http://www.17k.com/book/2459058.html", "http://www.17k.com/book/1050747.html", "http://www.17k.com/book/2700315.html", "http://www.17k.com/book/2818940.html", "http://www.17k.com/book/2819519.html", "http://www.17k.com/book/2816390.html", "http://www.17k.com/book/2819588.html", "http://www.17k.com/book/2813768.html", "http://www.17k.com/book/2822406.html", "http://www.17k.com/book/2772164.html", "http://www.17k.com/book/2784023.html", "http://www.17k.com/book/2811877.html", "http://www.17k.com/book/2809119.html", "http://www.17k.com/book/2803700.html", "http://www.17k.com/book/2819561.html", "http://www.17k.com/book/2746506.html", "http://www.17k.com/book/2811836.html", "http://www.17k.com/book/2614810.html", "http://www.17k.com/book/1592435.html", "http://www.17k.com/book/1949748.html", "http://www.17k.com/book/2265802.html", "http://www.17k.com/book/2743240.html", "http://www.17k.com/book/2657437.html", "http://www.17k.com/book/2644502.html", "http://www.17k.com/book/2199900.html", "http://www.17k.com/book/2725436.html", "http://www.17k.com/book/2629978.html"]}