{"ratings": -1, "userreviews": [{"userName": "17k\u4e66\u53cb8z71y5tb4", "userReviewDate": "2018-06-04", "userURL": "http://user.17k.com/62506437", "userReview": "[\u6253\u8d4f]\u6211\u6253\u8d4f\u4e861\u4e2a'\u5c0f\u5fc3\u5fc3'\uff01\uff01"}, {"userName": "\u4f59\u5bd2\u521d\u590f", "userReviewDate": "2016-04-22", "userURL": "http://user.17k.com/44781959", "userReview": "<a target='_blank' href='http://www.17k.com/book/1810821.html'>\u300a\u7ed3\u76df\u738b\u8005\u300b</a>\u6765\u8bbf\uff0c\u6c42\u56de\u8bbf\uff0c\u6c42\u6536\u85cf\uff0c\u53e6\u795d\u5927\u5927\u4eba\u6c14\u9ad8\u5347"}, {"userName": "\u674e\u7f8e\u742a120989046", "userReviewDate": "2016-03-29", "userURL": "http://user.17k.com/44353969", "userReview": "\u597d\u770b"}, {"userName": "\u5be1\u8a00\u5c11\u8bed\u7684\u6bd2\u86df\u9f99", "userReviewDate": "2016-03-24", "userURL": "http://user.17k.com/38581183", "userReview": "<a target='_blank' href='http://www.17k.com/book/1629640.html'>\u300a\u9ed1\u6697\u97f3\u7b26\u300b</a>\u524d\u6765\u62dc\u8bbf\u5927\u5927\uff0c\u6587\u7ae0\u5f88\u6709\u7279\u70b9\uff0c\u52a0\u6cb9\u3002"}, {"userName": "\u674e\u7f8e\u742a\u662f\u6211", "userReviewDate": "2016-03-19", "userURL": "http://user.17k.com/45637207", "userReview": "<span style='color:red'>\u6709\u4eba\u559c\u6b22<a target='_blank' href='http://www.17k.com/book/1755438.html'>\u300a\u50bb\u5b50\u5ae1\u5973\u300b</a>\u5417\uff1f<img src='http://img.17k.com/images/face/111by.gif' /></span>"}, {"userName": "\u51bb\u96ea\u758f\u96e8", "userReviewDate": "2016-03-16", "userURL": "http://user.17k.com/43750714", "userReview": "\u9001\u6735\u73ab\u7470\u8868\u5fc3\u610f<a target='_blank' href='http://www.17k.com/book/1615561.html'>\u300a\u5317\u56fd\u5deb\u5973\u300b</a><a target='_blank' href='http://www.17k.com/book/1605652.html'>\u300a\u5c0f\u7075\u4ed9\u9009\u592b\u8bb0\u300b</a><a target='_blank' href='http://user.17k.com/45637207'>@\u9646\u742a\u4e9a</a>"}], "description": "\u987e\u503e\u57ce\uff0c21\u4e16\u7eaa\u7684\u519b\u533b\u3002\u3000\u3000\u4e00\u573a\u83ab\u540d\u5176\u5999\u7684\u7a7f\u8d8a\u8ba9\u5979\u7a7f\u8d8a\u5230\u4e1e\u76f8\u5e9c\u7684\u50bb\u5b50\u5ae1\u5973\u8eab\u4e0a\u3002\u3000\u3000\u5979\u5229\u7528\u81ea\u5df1\u5999\u624b\u56de\u6625\u7684\u533b\u672f\uff0c\u6210\u4e3a\u4e00\u4ee3\u795e\u533b\uff01\u3000\u3000\u2026\u2026", "title": "\u50bb\u5b50\u5ae1\u5973", "url": "http://www.17k.com/book/1755438.html", "average": -1.0, "cover": "http://img.17k.com/images/bookcover/2016/8777/43/1755438-1459652996000.jpg", "reviews": 5177, "authors": [{"url": "http://www.17k.com/zuozhe/45637207", "name": "\u674e\u7f8e\u742a\u662f\u6211"}], "type": ["\u7a7f\u8d8a\u65f6\u7a7a"], "outlinks": ["http://www.17k.com/book/2794982.html", "http://www.17k.com/book/2801292.html", "http://www.17k.com/book/2816318.html", "http://www.17k.com/book/2797575.html", "http://www.17k.com/book/2802516.html", "http://www.17k.com/book/2812195.html", "http://www.17k.com/book/2820143.html", "http://www.17k.com/book/2807943.html", "http://www.17k.com/book/2813457.html", "http://www.17k.com/book/2798058.html", "http://www.17k.com/book/2815617.html", "http://www.17k.com/book/2805259.html", "http://www.17k.com/book/2760255.html", "http://www.17k.com/book/2686894.html", "http://www.17k.com/book/2797016.html", "http://www.17k.com/book/2767246.html", "http://www.17k.com/book/2764239.html", "http://www.17k.com/book/2754498.html", "http://www.17k.com/book/2754900.html", "http://www.17k.com/book/2625740.html", "http://www.17k.com/book/2213315.html", "http://www.17k.com/book/2402178.html", "http://www.17k.com/book/2691221.html", "http://www.17k.com/book/2210699.html", "http://www.17k.com/book/1797752.html", "http://www.17k.com/book/2575507.html", "http://www.17k.com/book/2705181.html", "http://www.17k.com/book/2702539.html", "http://www.17k.com/book/2474887.html", "http://www.17k.com/book/2674733.html", "http://www.17k.com/book/2822076.html", "http://www.17k.com/book/2809894.html", "http://www.17k.com/book/2822077.html", "http://www.17k.com/book/2811930.html", "http://www.17k.com/book/2815548.html", "http://www.17k.com/book/2819620.html", "http://www.17k.com/book/2809964.html", "http://www.17k.com/book/2808200.html", "http://www.17k.com/book/2820100.html", "http://www.17k.com/book/2822978.html", "http://www.17k.com/book/2804337.html", "http://www.17k.com/book/2798814.html", "http://www.17k.com/book/2785153.html", "http://www.17k.com/book/2731559.html", "http://www.17k.com/book/2722533.html", "http://www.17k.com/book/2458377.html", "http://www.17k.com/book/2743300.html", "http://www.17k.com/book/973809.html", "http://www.17k.com/book/2651367.html", "http://www.17k.com/book/2726194.html", "http://www.17k.com/book/2790214.html", "http://www.17k.com/book/493239.html", "http://www.17k.com/book/108821.html", "http://www.17k.com/book/1398783.html", "http://www.17k.com/book/83528.html", "http://www.17k.com/book/1859126.html", "http://www.17k.com/book/1741975.html", "http://www.17k.com/book/192453.html", "http://www.17k.com/book/2459058.html", "http://www.17k.com/book/1050747.html", "http://www.17k.com/book/2700315.html", "http://www.17k.com/book/2818940.html", "http://www.17k.com/book/2819519.html", "http://www.17k.com/book/2816390.html", "http://www.17k.com/book/2819588.html", "http://www.17k.com/book/2813768.html", "http://www.17k.com/book/2822406.html", "http://www.17k.com/book/2772164.html", "http://www.17k.com/book/2784023.html", "http://www.17k.com/book/2811877.html", "http://www.17k.com/book/2809119.html", "http://www.17k.com/book/2803700.html", "http://www.17k.com/book/2819561.html", "http://www.17k.com/book/2746506.html", "http://www.17k.com/book/2811836.html", "http://www.17k.com/book/2614810.html", "http://www.17k.com/book/1592435.html", "http://www.17k.com/book/1949748.html", "http://www.17k.com/book/2265802.html", "http://www.17k.com/book/2743240.html", "http://www.17k.com/book/2657437.html", "http://www.17k.com/book/2644502.html", "http://www.17k.com/book/2199900.html", "http://www.17k.com/book/2725436.html", "http://www.17k.com/book/2629978.html"]}