{"ratings": -1, "userreviews": [{"userName": "\u6ce1\u9762\u4e0e\u70df", "userReviewDate": "2018-06-08", "userURL": "http://user.17k.com/62588075", "userReview": "\u52a0\u6cb9\uff01\u5e0c\u671b\u80fd\u6301\u7eed\u66f4\u65b0"}], "description": "\u6728\u8bb7\u5446\u6ede\u7684\u5c11\u5e74\u5f20\u4e91\u7adf\u7136\u5f97\u5230\u4e86\u795e\u79d8\u6821\u82b1\u7684\u9752\u7750\uff1f\u539f\u672c\u6beb\u65e0\u74dc\u845b\u7684\u4e24\u4eba\u5411\u6211\u4eec\u8bb2\u8ff0\u4e86\u4e00\u6bb5\u7ea0\u7f20\u4e86\u5341\u51e0\u5e74\u7684\u7231\u6068\u60c5\u4ec7\uff0c\u5f20\u4e91\u53c8\u662f\u5982\u4f55\u5b8c\u6210\u4e86\u4eba\u751f\u9006\u88ad\uff0c\u521b\u9020\u4e86\u5c5e\u4e8e\u81ea\u5df1\u7684\u672a\u6765\uff1f\u656c\u8bf7\u6536\u770b\u672c\u6587\uff0c\u4e00\u6bb5\u666e\u901a\u800c\u4e0d\u5e73\u51e1\u7684\u6545\u4e8b\uff01\u6bcf\u4e2a\u4eba\u7684\u9752\u6625\u91cc\u90fd\u4f4f\u7740\u4e00\u4e2a\u4eba\uff0c\u4ed6\u6216\u8bb8\u662f\u4e2a\u5e05\u6c14\u9633\u5149\u7684\u7bee\u7403\u5c11\u5e74\uff0c\u5979\u53c8\u6216\u8bb8\u662f\u4e2a\u4e00\u88ad\u767d\u88d9\u7684\u53ef\u7231\u59d1\u5a18\uff0c\u751a\u81f3\u4f60\u65e9\u90fd\u5fd8\u4e86\u4ed6\u7684\u6a21\u6837\uff0c\u53ea\u8bb0\u5f97\u6709\u5173\u4ed6\u7684\u4e00\u4ef6\u4e8b\uff0c\u4e00\u6837\u4e1c\u897f\uff0c\u6216\u662f\u4e00\u79cd\u5473\u9053\u3002\u8fd9\u4efd\u57cb\u85cf\u5728\u5fc3\u5e95\u7684\u60c5\u611f\uff0c\u5728\u65e0\u6570\u4e2a\u5b64\u5bc2\u7684\u591c\u665a\u5c06\u4f60\u5524\u9192\uff0c\u5b83\u6559\u4f1a\u4e86\u4f60\u5f88\u591a\uff0c\u5b83\u8ba9\u4f60\u6210\u957f\uff0c\u8ba9\u4f60\u8ff7\u832b\uff0c\u4e5f\u8ba9\u4f60\u75db\u5f7b\u5fc3\u6249\u3002", "title": "\u50bb\u74dc\u5f20\u4e91", "url": "http://www.17k.com/book/2836010.html", "average": -1.0, "cover": "http://img.17k.com/images/bookcover/default_cover1.jpg", "reviews": 12, "authors": [{"url": "http://www.17k.com/zuozhe/62588075", "name": "\u6ce1\u9762\u4e0e\u70df"}], "type": ["\u552f\u7f8e\u7eaf\u7231"], "outlinks": ["http://www.17k.com/book/2794982.html", "http://www.17k.com/book/2801292.html", "http://www.17k.com/book/2816318.html", "http://www.17k.com/book/2797575.html", "http://www.17k.com/book/2802516.html", "http://www.17k.com/book/2812195.html", "http://www.17k.com/book/2820143.html", "http://www.17k.com/book/2807943.html", "http://www.17k.com/book/2813457.html", "http://www.17k.com/book/2798058.html", "http://www.17k.com/book/2815617.html", "http://www.17k.com/book/2805259.html", "http://www.17k.com/book/2760255.html", "http://www.17k.com/book/2686894.html", "http://www.17k.com/book/2797016.html", "http://www.17k.com/book/2767246.html", "http://www.17k.com/book/2764239.html", "http://www.17k.com/book/2754498.html", "http://www.17k.com/book/2754900.html", "http://www.17k.com/book/2625740.html", "http://www.17k.com/book/2213315.html", "http://www.17k.com/book/2402178.html", "http://www.17k.com/book/2691221.html", "http://www.17k.com/book/2210699.html", "http://www.17k.com/book/1797752.html", "http://www.17k.com/book/2575507.html", "http://www.17k.com/book/2705181.html", "http://www.17k.com/book/2702539.html", "http://www.17k.com/book/2474887.html", "http://www.17k.com/book/2674733.html", "http://www.17k.com/book/2822076.html", "http://www.17k.com/book/2809894.html", "http://www.17k.com/book/2822077.html", "http://www.17k.com/book/2811930.html", "http://www.17k.com/book/2815548.html", "http://www.17k.com/book/2819620.html", "http://www.17k.com/book/2809964.html", "http://www.17k.com/book/2808200.html", "http://www.17k.com/book/2820100.html", "http://www.17k.com/book/2822978.html", "http://www.17k.com/book/2804337.html", "http://www.17k.com/book/2798814.html", "http://www.17k.com/book/2785153.html", "http://www.17k.com/book/2731559.html", "http://www.17k.com/book/2722533.html", "http://www.17k.com/book/2458377.html", "http://www.17k.com/book/2743300.html", "http://www.17k.com/book/973809.html", "http://www.17k.com/book/2651367.html", "http://www.17k.com/book/2726194.html", "http://www.17k.com/book/2790214.html", "http://www.17k.com/book/493239.html", "http://www.17k.com/book/108821.html", "http://www.17k.com/book/1398783.html", "http://www.17k.com/book/83528.html", "http://www.17k.com/book/1859126.html", "http://www.17k.com/book/1741975.html", "http://www.17k.com/book/192453.html", "http://www.17k.com/book/2459058.html", "http://www.17k.com/book/1050747.html", "http://www.17k.com/book/2700315.html", "http://www.17k.com/book/2818940.html", "http://www.17k.com/book/2819519.html", "http://www.17k.com/book/2816390.html", "http://www.17k.com/book/2819588.html", "http://www.17k.com/book/2813768.html", "http://www.17k.com/book/2822406.html", "http://www.17k.com/book/2772164.html", "http://www.17k.com/book/2784023.html", "http://www.17k.com/book/2811877.html", "http://www.17k.com/book/2809119.html", "http://www.17k.com/book/2803700.html", "http://www.17k.com/book/2819561.html", "http://www.17k.com/book/2746506.html", "http://www.17k.com/book/2811836.html", "http://www.17k.com/book/2614810.html", "http://www.17k.com/book/1592435.html", "http://www.17k.com/book/1949748.html", "http://www.17k.com/book/2265802.html", "http://www.17k.com/book/2743240.html", "http://www.17k.com/book/2657437.html", "http://www.17k.com/book/2644502.html", "http://www.17k.com/book/2199900.html", "http://www.17k.com/book/2725436.html", "http://www.17k.com/book/2629978.html"]}