{"ratings": -1, "userreviews": [{"userName": "\u6c47\u6c47751404074", "userReviewDate": "2018-05-20", "userURL": "http://user.17k.com/56574011", "userReview": "\u4e0d\u9519\u7684\u6545\u4e8b"}, {"userName": "17K\u4e66\u53cbQELKP9GP", "userReviewDate": "2018-05-17", "userURL": "http://user.17k.com/61866665", "userReview": "[\u6253\u8d4f]\u6211\u6253\u8d4f\u4e861\u5143\u7ea2\u5305\uff01\uff01"}, {"userName": "\u748c", "userReviewDate": "2018-05-13", "userURL": "http://user.17k.com/59852026", "userReview": "\u5509~\u770b\u4e0d\u6210\u4e86\uff0c\u5c0f\u5077\u4e8c\u548c\u5c0f\u5077\u4e09\u4e4b\u95f4\u4e0d\u77e5\u9053\u662f\u624b\u673a\u7684\u95ee\u9898\u8fd8\u662f\u5c0f\u8bf4\u7684\u95ee\u9898\u5267\u60c5\u6709\u4e00\u6bb5\u6ca1\u6709\uff0c\u6240\u4ee5\u5b8c\u5168\u4e0d\u77e5\u9053\u524d\u56e0\u540e\u679c\uff0c\u770b\u4e0d\u4e0b\u53bb\u4e86(\u54ed)"}, {"userName": "17K\u4e66\u53cb13JUHZT2", "userReviewDate": "2018-05-04", "userURL": "http://user.17k.com/59473502", "userReview": "\u4e94\u738b\u7237\u505a\u4e86\u7687\u5e1d\u5c31\u53eb\u4e09\u738b\u7237\u5f1f\u5f1f\u5566\uff01\u4e0d\u660e\u767d"}, {"userName": "&nbsp;\u57f7\u7b46\u8a34\u60c5\u6ba4", "userReviewDate": "2018-04-30", "userURL": "http://user.17k.com/61374799", "userReview": "\u6709\u70b9\u602a\uff0c\u5b57\u6570\u592a\u5c11\uff0c\u8fdb\u5c55\u592a\u5feb"}, {"userName": "\u6c47\u6c47751404074", "userReviewDate": "2018-04-06", "userURL": "http://user.17k.com/56574011", "userReview": "\u597d\u770b\u7684\u6545\u4e8b"}, {"userName": "17K\u4e66\u53cbLLHOBH7B", "userReviewDate": "2018-04-02", "userURL": "http://user.17k.com/60639028", "userReview": "\u6709\u4e9b\u5730\u65b9\u5185\u5bb9\u597d\u5947\u5feb\uff0c\u6709\u4e9b\u4eba\u7269\u4e5f\u662f\u4e56\u4e56\u7684\uff0c\u5199\u5f97\u4e0d\u597d\uff0c\u4e0d\u770b\u4e86\uff01"}, {"userName": "\u964cC\u53ef", "userReviewDate": "2018-04-01", "userURL": "http://user.17k.com/59873375", "userReview": "\u4e0d\u591f\u957f\u8fd9\u624d\u51e0\u4e2a\u5c0f\u65f6\u5462\u5c31\u770b\u5b8c\u4e86"}, {"userName": "\u50b2\u5a07\u9b3c459405462", "userReviewDate": "2018-03-15", "userURL": "http://user.17k.com/60120749", "userReview": "\u65b0\u4eba\u633d\u541b\u9752\u4e1d\u643a\u65b0\u4e66<a target='_blank' href='http://www.17k.com/book/2783347.html'>\u300a\u4e5d\u5dde\u6ce3\u51e4\u5f52\u300b</a>\u6765\u8d3a\u4e86[\u73ab\u7470]\u8bf7\u5927\u5bb6\u591a\u591a\u6307\u6559[\u574f\u7b11]"}, {"userName": "urnotzjh", "userReviewDate": "2018-03-01", "userURL": "http://user.17k.com/60202655", "userReview": "\u6211\u89c9\u5f97\u5199\u5730\u4e0d\u597d\u554a\uff0c\u6709\u7684\u5c31\u89c9\u5f97\u5f88\u5947\u602a\u3002\u3002\u3002"}, {"userName": "\u82cf\u9038\u7efe_Susir", "userReviewDate": "2018-02-28", "userURL": "http://user.17k.com/44529141", "userReview": "\u52a0\u6cb9\u54e6 \u5f88\u68d2\u54e6"}, {"userName": "\u6c47\u6c47751404074", "userReviewDate": "2018-02-11", "userURL": "http://user.17k.com/56574011", "userReview": "\u597d\u770b\u7684\u6545\u4e8b"}, {"userName": "\u70ed\u6d77\u6c90\u9633", "userReviewDate": "2018-01-25", "userURL": "http://user.17k.com/58610453", "userReview": "<a target='_blank' href='http://www.17k.com/book/2729786.html'>\u300a\u6211\u8fd9\u4e9b\u5e74\u7684\u4fee\u4ed9\u6545\u4e8b\u300b</a>\u6765\u8bbf\u652f\u6301\uff0c\u7ed9\u5927\u5927\u589e\u52a0\u70b9\u4eba\u6c14\uff0c\u5927\u5927\u52a0\u6cb9\u3002\u5404\u4f4d\u4e66\u53cb\u53ef\u4ee5\u770b\u4e0b\u6211\u7684\u4f5c\u54c1\uff0c\u65b0\u4eba\u6c42\u652f\u6301\u3002"}, {"userName": "\u82e6\u6da9\u5496\u5561309126205", "userReviewDate": "2017-12-26", "userURL": "http://user.17k.com/59078995", "userReview": "\u4f5c\u8005\u5927\u5927\u4f60\u6709**\u5417"}, {"userName": "\u5b66\u59d0\u5927\u4eba", "userReviewDate": "2017-12-24", "userURL": "http://user.17k.com/59007429", "userReview": "\u5927\u795e \u8bf7\u591a\u6307\u6559.<a target='_blank' href='http://www.17k.com/book/2744574.html'>\u300a\u4e00\u4e16\u72ec\u5ba0\u53ea\u64a9\u4e00\u4eba\u300b</a>\u6765\u8bbf \u652f\u6301\u5927\u5927"}, {"userName": "\u70e6\u607c\u6742\u8d27\u5e97", "userReviewDate": "2017-12-21", "userURL": "http://user.17k.com/58970114", "userReview": "\u5f88\u559c\u6b22\uff0c\u6e29\u99a8\u7b80\u6d01\uff0c\u6211\u5f88\u559c\u6b22QWQ\u5927\u5927\u52a0\u6cb9\uff3e\uff10\uff3e~"}, {"userName": "\u516d\u6708\u79cb\u67ab", "userReviewDate": "2017-12-05", "userURL": "http://user.17k.com/51730066", "userReview": "<a target='_blank' href='http://www.17k.com/book/2726182.html'>\u300a\u5f71\u540e\u5f52\u6765\u6211\u8fd8\u662f\u4e2a\u5b9d\u5b9d\u300b</a>\u5927\u5927\u52a0\u6cb9\uff0c\u5199\u7684\u597d\u597d\u54d2"}, {"userName": "\u6979\u7483\u58a8\u7af9", "userReviewDate": "2017-12-03", "userURL": "http://user.17k.com/50756249", "userReview": "\u5927\u5927\u52a0\u6cb9\uff08\u2267\u2207\u2266\uff09\uff0c\u643a<a target='_blank' href='http://www.17k.com/book/2726734.html'>\u300a\u7ea8\u7ed4\u5047\u516c\u5b50\u5a18\u5b50\u522b\u8dd1\u300b</a>\u524d\u6765\u52a9\u9635\uff01"}, {"userName": "\u4e00\u62b9\u82cd\u51c9\u3001\u7b11\u53f9\u5c18\u4e16\u82cd", "userReviewDate": "2017-11-28", "userURL": "http://user.17k.com/58619859", "userReview": "\u5927\u5927\u52a0\u6cb9^o^\uff01\u643a<a target='_blank' href='http://www.17k.com/book/2730172.html'>\u300a\u751f\u547d\u82b1\u5f00\u300b</a>\u524d\u6765\u652f\u6301\uff01\u4eb2\u4eb2\u5feb\u6765\u770b\u54e6\uff01"}, {"userName": "\u554a\u79bb\u54e5\u54e5\u5f88\u9177\u5f88\u9177\u5416\u2026", "userReviewDate": "2017-11-26", "userURL": "http://user.17k.com/58552398", "userReview": "&#55356;&#57145;&#55356;&#57145;&#55356;&#57145;&#55356;&#57145;&#55356;&#57145;"}], "description": "\u5979\u662f\u9f99\u7ec4\u7cbe\u82f1\u7279\u5de5\uff0c\u5374\u6b7b\u4e8e\u604b\u4eba\u4e4b\u624b\uff0c\u4e00\u671d\u7a7f\u8d8a\uff0c\u9b42\u9644\u76f8\u5e9c\u61e6\u5f31\u516d\u5c0f\u59d0\u3000\u3000\u4ed6\u662f\u5317\u590f\u56fd\u65e0\u4eba\u4e0d\u77e5\u7684\u50bb\u738b\u7237\uff0c\u4e5f\u662f\u5317\u590f\u56fd\u7687\u4e0a\u6700\u5ba0\u7231\u7684\u513f\u5b50\uff0c\u7136\u800c\u8fd9\u5ba0\u7231\u80cc\u540e\u51e0\u5206\u771f\u51e0\u5206\u5047\u3000\u3000\u5979\u662f\u88ab\u8feb\u5ac1\u7ed9\u50bb\u738b\u7237\u7684\u76f8\u5e9c\u516d\u5c0f\u59d0\u3000\u3000\u4ed6\u4eec\u4e4b\u95f4\u53c8\u4f1a\u6709\u600e\u6837\u7684\u4f55\u53bb\u4f55\u4ece\u3000\u3000\u2026\u2026\u2026\u2026\u2026\u2026\u2026\u2026\u3000\u3000\u5171\u996e\u676f\u9152\uff0c\u7b11\u770b\u6c5f\u5c71", "title": "\u50bb\u74dc\u738b\u7237\u7279\u5de5\u5983", "url": "http://www.17k.com/book/178763.html", "average": -1.0, "cover": "http://img.17k.com/images/bookcover/2012/893/4/178763.jpg", "reviews": 27107204, "authors": [{"url": "http://www.17k.com/zuozhe/6354697", "name": "\u8584\u9526\u96ea\u9701"}], "type": ["\u7a7f\u8d8a\u65f6\u7a7a"], "outlinks": ["http://www.17k.com/book/2794982.html", "http://www.17k.com/book/2801292.html", "http://www.17k.com/book/2816318.html", "http://www.17k.com/book/2797575.html", "http://www.17k.com/book/2802516.html", "http://www.17k.com/book/2812195.html", "http://www.17k.com/book/2820143.html", "http://www.17k.com/book/2807943.html", "http://www.17k.com/book/2813457.html", "http://www.17k.com/book/2798058.html", "http://www.17k.com/book/2815617.html", "http://www.17k.com/book/2805259.html", "http://www.17k.com/book/2760255.html", "http://www.17k.com/book/2686894.html", "http://www.17k.com/book/2797016.html", "http://www.17k.com/book/2767246.html", "http://www.17k.com/book/2764239.html", "http://www.17k.com/book/2754498.html", "http://www.17k.com/book/2754900.html", "http://www.17k.com/book/2625740.html", "http://www.17k.com/book/2213315.html", "http://www.17k.com/book/2402178.html", "http://www.17k.com/book/2691221.html", "http://www.17k.com/book/2210699.html", "http://www.17k.com/book/1797752.html", "http://www.17k.com/book/2575507.html", "http://www.17k.com/book/2705181.html", "http://www.17k.com/book/2702539.html", "http://www.17k.com/book/2474887.html", "http://www.17k.com/book/2674733.html", "http://www.17k.com/book/2822076.html", "http://www.17k.com/book/2809894.html", "http://www.17k.com/book/2822077.html", "http://www.17k.com/book/2811930.html", "http://www.17k.com/book/2815548.html", "http://www.17k.com/book/2819620.html", "http://www.17k.com/book/2809964.html", "http://www.17k.com/book/2808200.html", "http://www.17k.com/book/2820100.html", "http://www.17k.com/book/2822978.html", "http://www.17k.com/book/2804337.html", "http://www.17k.com/book/2798814.html", "http://www.17k.com/book/2785153.html", "http://www.17k.com/book/2731559.html", "http://www.17k.com/book/2722533.html", "http://www.17k.com/book/2458377.html", "http://www.17k.com/book/2743300.html", "http://www.17k.com/book/973809.html", "http://www.17k.com/book/2651367.html", "http://www.17k.com/book/2726194.html", "http://www.17k.com/book/2790214.html", "http://www.17k.com/book/493239.html", "http://www.17k.com/book/108821.html", "http://www.17k.com/book/1398783.html", "http://www.17k.com/book/83528.html", "http://www.17k.com/book/1859126.html", "http://www.17k.com/book/1741975.html", "http://www.17k.com/book/192453.html", "http://www.17k.com/book/2459058.html", "http://www.17k.com/book/1050747.html", "http://www.17k.com/book/2700315.html", "http://www.17k.com/book/2818940.html", "http://www.17k.com/book/2819519.html", "http://www.17k.com/book/2816390.html", "http://www.17k.com/book/2819588.html", "http://www.17k.com/book/2813768.html", "http://www.17k.com/book/2822406.html", "http://www.17k.com/book/2772164.html", "http://www.17k.com/book/2784023.html", "http://www.17k.com/book/2811877.html", "http://www.17k.com/book/2809119.html", "http://www.17k.com/book/2803700.html", "http://www.17k.com/book/2819561.html", "http://www.17k.com/book/2746506.html", "http://www.17k.com/book/2811836.html", "http://www.17k.com/book/2614810.html", "http://www.17k.com/book/1592435.html", "http://www.17k.com/book/1949748.html", "http://www.17k.com/book/2265802.html", "http://www.17k.com/book/2743240.html", "http://www.17k.com/book/2657437.html", "http://www.17k.com/book/2644502.html", "http://www.17k.com/book/2199900.html", "http://www.17k.com/book/2725436.html", "http://www.17k.com/book/2629978.html"]}