{"ratings": -1, "userreviews": [{"userName": "\u5e38\u5f00\u5fc3y", "userReviewDate": "2015-04-27", "userURL": "http://user.17k.com/36607049", "userReview": "<span style='color:red'>17K\u7684\u4f5c\u8005@\u4e94\u5b50\u8427<a target='_blank' href='http://www.17k.com/book/1025135.html'>\u300a\u795e\u7ea7\u8fd1\u8eab\u4fdd\u9556\u300b</a> http://www.17k.com/book/1025135.html\u786e\u5b9e\u503c\u5f97\u94a6\u4f69\uff0c\u7528\u81ea\u5df1\u7684\u75c5\u4f53\u5199\u5c0f\u8bf4\u8fd8\u6491\u8d77\u4e00\u4e2a\u5bb6\uff0c\u7167\u987e\u60a3\u764c\u7684\u6bcd\u4eb2\uff0c\u5927\u5bb6\u529b\u6240\u80fd\u53ca\u7684\u5e2e\u4e00\u4e0b\u4ed6\u5427\uff0c\u54ea\u6015\u4e00\u6735\u9c9c\u82b1\u5c31\u662f\u4e00\u7247\u5e0c\u671b\u4e0e\u5149\u660e\uff0c\u6696\u4ed6\u7684\u5fc3\uff01</span>"}, {"userName": "\u5e38\u5f00\u5fc3y", "userReviewDate": "2015-02-11", "userURL": "http://user.17k.com/36607049", "userReview": "<span style='color:red'>\u8f69\u8f69\u5728\u6b64\u5efa\u4e00\u4e2a\u5e7f\u544a\u697c\uff0c\u6253\u5e7f\u544a\u7684\u670b\u53cb\u4eec\uff0c\u5feb\u6765\u5427~~<img src='http://img.17k.com/images/face/100wx.gif' /></span>"}, {"userName": "17K\u4e66\u53cbBAJZ5PXG", "userReviewDate": "2018-05-21", "userURL": "http://user.17k.com/61667880", "userReview": "\u5973\u4e3b\u53ef\u7231\uff0c\u806a\u660e\u3002"}, {"userName": "Meow244199126", "userReviewDate": "2018-05-18", "userURL": "http://user.17k.com/61784327", "userReview": "\u8fd8\u662f\u559c\u6b22\u770b\u5b8c\u7f8e\u4e00\u70b9\u513f\u7684\u7ed3\u5c40\uff0c\u8fd9\u4e2a\u770b\u7684\u4eba\u5fc3\u91cc\u597d\u96be\u53d7\uff0c\u4e0d\u559c\u6b22\u8fd9\u6837\u7684\u7537\u4e3b\u4e86&#55357;&#56877;"}, {"userName": "\u533f\u540d14062320550106", "userReviewDate": "2018-05-01", "userURL": "http://user.17k.com/35524958", "userReview": "[\u6253\u8d4f]\u6211\u6253\u8d4f\u4e862\u5143\u7ea2\u5305\uff01\uff01"}, {"userName": "\u3002\u3002\u3002\u3002\u3002276214544", "userReviewDate": "2018-04-29", "userURL": "http://user.17k.com/61254953", "userReview": "\u8fd9\u672c\u4e66\u8fd8\u633a\u597d\u770b\u7684"}, {"userName": "\u6c47\u6c47751404074", "userReviewDate": "2018-04-21", "userURL": "http://user.17k.com/56574011", "userReview": "\u4e0d\u9519\u7684\u6545\u4e8b"}, {"userName": "\u6c47\u6c47751404074", "userReviewDate": "2018-03-28", "userURL": "http://user.17k.com/56574011", "userReview": "\u597d\u770b\u7684\u6545\u4e8b"}, {"userName": "17K\u4e66\u53cbne2o89yk", "userReviewDate": "2018-03-26", "userURL": "http://user.17k.com/60607243", "userReview": "\u8fd9\u4e66\u4e5f\u662f\u7edd\u4e86"}, {"userName": "\u56fd\u82f1941601651", "userReviewDate": "2018-03-25", "userURL": "http://user.17k.com/55061761", "userReview": "[\u6253\u8d4f]\u6211\u6253\u8d4f\u4e865\u5143\u7ea2\u5305\uff01\uff01"}, {"userName": "\u50b2\u5a07\u9b3c459405462", "userReviewDate": "2018-03-15", "userURL": "http://user.17k.com/60120749", "userReview": "\u65b0\u4eba\u633d\u541b\u9752\u4e1d\u643a\u65b0\u4e66<a target='_blank' href='http://www.17k.com/book/2783347.html'>\u300a\u4e5d\u5dde\u6ce3\u51e4\u5f52\u300b</a>\u6765\u8d3a\u4e86[\u73ab\u7470]\u8bf7\u5927\u5bb6\u591a\u591a\u6307\u6559[\u574f\u7b11]"}, {"userName": "\u7a7a\u8c37\u7559\u60c5", "userReviewDate": "2018-03-14", "userURL": "http://user.17k.com/45016341", "userReview": "\u4e00\u672c\u597d\u770b\u7684\u4e66<a target='_blank' href='http://www.17k.com/book/2790998.html'>\u300a\u9738\u9053\u4e13\u5c5e\u300b</a>\u6821\u56ed\u603b\u88c1\u957f\u817f\u738b\u5b50\u3001\u9752\u6885\u7af9\u9a6c\u6587<a target='_blank' href='http://www.17k.com/book/2790998.html'>\u300a\u9738\u9053\u4e13\u5c5e\u300b</a>\u524d\u6765\u652f\u6301\uff0c\u559c\u6b22\u7684\u53ef\u4ee5\u6536\u85cf\u8fd8\u6709\u6295\u7968\uff0c\u8c22\u8c22\u3002\u7b80\u4ecb\uff1a\u65bd\u96e8\u7af9\u76ee\u5149\u5446\u6ede\u5730\u770b\u7740\u957f\u817f\u5e05\u54e5\u5149\u7740\u7684\u4e0a\u534a\u8eab\u597d\u534a\u664c\uff0c\u56de\u8fc7\u795e\u6765\u540e\u4f38\u624b\u64e6\u4e86\u64e6\u5634\u89d2\u6839\u672c\u4e0d\u5b58\u5728\u7684\u53e3\u6c34\uff0c\u5979\u662f\u5e94\u8be5\u8d81\u673a\u628a\u5bf9\u65b9\u7684\u4e0a\u8863\u90fd\u8131\u5149\u5462\uff0c\u8fd8\u662f\u5c31\u8fd9\u4e48\u5e2e\u5bf9\u65b9\u64e6\u4e00\u4e0b\u4e0a\u8eab\u7ee7\u7eed\u7a7f\u56de\u53bb\uff1f"}, {"userName": "\u5218\u666e\u91d1", "userReviewDate": "2018-03-14", "userURL": "http://user.17k.com/59522351", "userReview": "[\u6253\u8d4f]\u6211\u6253\u8d4f\u4e862\u5143\u7ea2\u5305\uff01\uff01"}, {"userName": "17K\u4e66\u53cbU15WUVC6", "userReviewDate": "2018-02-24", "userURL": "http://user.17k.com/59173841", "userReview": "\u4e66\u597d\u66f4\u65b0\u592a\u6162\uff01\uff01\uff01\uff01"}, {"userName": "17K\u4e66\u53cbU15WUVC6", "userReviewDate": "2018-02-23", "userURL": "http://user.17k.com/59173841", "userReview": "\u4e66\u597d\uff01\u66f4\u65b0\u592a\u6162\uff01\uff01\uff01\uff01\uff01\uff01"}, {"userName": "17K\u4e66\u53cbU15WUVC6", "userReviewDate": "2018-02-21", "userURL": "http://user.17k.com/59173841", "userReview": "\u4e66\u633a\u597d\u770b\uff01\uff01\uff01\u66f4\u65b0\u592a\u6162\uff01\uff01\uff01\uff01"}, {"userName": "\u6d69\u6d01240351850", "userReviewDate": "2018-02-19", "userURL": "http://user.17k.com/60030766", "userReview": "\u52a0\u6cb9\uff0c\u52a0\u6cb9\uff0c\u52a0\u6cb9"}, {"userName": "\u6d69\u6d01240351850", "userReviewDate": "2018-02-18", "userURL": "http://user.17k.com/60030766", "userReview": "\u597d\u4e66\uff0c\u613f\u5927\u5927\u5feb\u66f4"}, {"userName": "A\u725b\u9b54\u738b", "userReviewDate": "2018-02-17", "userURL": "http://user.17k.com/56738425", "userReview": "2018\u63a8\u8350\u4e00\u672c\u597d\u770b\u7684\u4e66<a target='_blank' href='http://www.17k.com/book/2551937.html'>\u300a\u8d85\u65b0\u4eba\u300b</a>\uff0c\u60ca\u9669\u523a\u6fc0\uff0c\u6d6a\u6f2b\u6ee1\u5c4b\uff0c\u70ed\u8840\u683c\u6597\uff0c\u751f\u6b7b\u7231\u604b\uff0c\u6696\u6627\u4e0d\u65ad\uff0c\u5929\u5929\u66f4\u65b0\uff0c\u8bf7\u591a\u5173\u7167\uff0c\u6765\u4e2a\u6536\u85cf\u554a!\uff0c\u70b9\u51fb\u4e66\u540d\u5c31\u53ef\u4ee5\u770b\u5230\u4e66\u4e86\u3002"}, {"userName": "\u66fe\u8ff7", "userReviewDate": "2018-02-16", "userURL": "http://user.17k.com/59873304", "userReview": "\u50bb\u50bb\u7684\u5e78\u798f\u2229_\u2229\u2229_\u2229\uff01\uff01"}], "description": "\u4e00\u671d\u7a7f\u8d8a\uff0c\u5979\u88ab\u4eba\u9001\u4e0a\u82b1\u8f7f\uff0c\u6210\u4e86\u4ed6\u2014\u2014\u4e00\u4e2a\u50bb\u738b\u7684\u4ee3\u5ac1\u738b\u5983\u3002\u3000\u3000\u5979\u8bf4\uff0c\u5ac1\u9e21\u968f\u9e21\u5ac1\u72d7\u968f\u72d7\uff0c\u5ac1\u4e2a\u68d2\u69cc\u6211\u625b\u7740\u8d70\uff01\u3000\u3000\u5979\u8bf4\uff0c\u4ed6\u662f\u6211\u7537\u4eba\uff0c\u4f46\u4ed6\u601d\u60f3\u5355\u7eaf\uff0c\u5fc3\u5730\u5584\u826f\uff0c\u4ed6\u62a4\u4e0d\u4e86\u6211\uff0c\u90a3\u6211\u5c31\u6765\u62a4\u4ed6\uff0c\u4e0d\u8bba\u4ed6\u662f\u50bb\u662f\u75f4\uff0c\u6211\u90fd\u4f1a\u4e0d\u79bb\u4e0d\u5f03\uff0c\u53ea\u8981\u6709\u6211\u5728\uff0c\u6211\u5c31\u4e0d\u5141\u8bb8\u522b\u4eba\u6b3a\u8d1f\u4e86\u4ed6\uff01\u3000\u3000\u5979\u8fd8\u8bf4\uff0c\u4eba\u4e0d\u72af\u6211\u6211\u4e0d\u72af\u4eba\uff0c\u4eba\u82e5\u72af\u6211\uff0c\u6211\u5fc5\u8fd8\u4e4b\uff0c\u72af\u6211\u592b\u8005\uff0c\u6211\u5fc5\u8bdb\u4e4b\uff01\u3000\u3000\u5a18\u5b50\uff0c\u4f60\u7684\u5634\u5df4\u597d\u751c\uff0c\u6211\u8fd8\u8981\u5403\uff01\u8bf4\u8fd9\u8bdd\u7684\u75f4\u50bb\u4e4b\u4eba\uff0c\u9664\u4e86\u662f\u5979\u7684\u50bb\u76f8\u516c\u5916\uff0c\u8fd8\u662f\u6c5f\u6e56\u4eba\u95fb\u98ce\u4e27\u80c6\u7684\u6740\u624b\u7ec4\u7ec7\u5934\u76ee\uff0c\u540d\u4e0b\u4ea7\u4e1a\u4e0d\u8ba1\u5176\u6570\uff0c\u4ee4\u4e09\u56fd\u671b\u800c\u751f\u754f\u3002\u3000\u3000\u5f53\u4e00\u5207\u6b3a\u9a97\u63ed\u5f00\u7684\u65f6\u5019\uff0c\u662f\u53bb\uff1f\u662f\u7559\uff1f\u5979\u8be5\u5982\u4f55\u6289\u62e9\uff1f\u3000\u3000\u5979\u4e0e\u4ed6\u4e4b\u95f4\u53c8\u4f1a\u6709\u64e6\u51fa\u600e\u6837\u7684\u7231\u60c5\u706b\u82b1\u6765\u2026\u2026\u3000\u3000\u7fca\u738b\u4e00\u65cf518608878\u6572\u95e8\u7816\uff1a\u590f\u96ea\u3002\u6b22\u8fce\u5927\u5bb6\u5173\u6ce8\uff01", "title": "\u50bb\u738b\u7684\u4ee3\u5ac1\u840c\u59bb", "url": "http://www.17k.com/book/1078743.html", "average": -1.0, "cover": "http://img.17k.com/images/bookcover/2016/5393/26/1078743-1454421259000.jpg", "reviews": 4521321, "authors": [{"url": "http://www.17k.com/zuozhe/36607049", "name": "\u4e1c\u8fb0\u8f69"}], "type": ["\u7a7f\u8d8a\u65f6\u7a7a"], "outlinks": ["http://www.17k.com/book/2794982.html", "http://www.17k.com/book/2801292.html", "http://www.17k.com/book/2816318.html", "http://www.17k.com/book/2797575.html", "http://www.17k.com/book/2802516.html", "http://www.17k.com/book/2812195.html", "http://www.17k.com/book/2820143.html", "http://www.17k.com/book/2807943.html", "http://www.17k.com/book/2813457.html", "http://www.17k.com/book/2798058.html", "http://www.17k.com/book/2815617.html", "http://www.17k.com/book/2805259.html", "http://www.17k.com/book/2760255.html", "http://www.17k.com/book/2686894.html", "http://www.17k.com/book/2797016.html", "http://www.17k.com/book/2767246.html", "http://www.17k.com/book/2764239.html", "http://www.17k.com/book/2754498.html", "http://www.17k.com/book/2754900.html", "http://www.17k.com/book/2625740.html", "http://www.17k.com/book/2213315.html", "http://www.17k.com/book/2402178.html", "http://www.17k.com/book/2691221.html", "http://www.17k.com/book/2210699.html", "http://www.17k.com/book/1797752.html", "http://www.17k.com/book/2575507.html", "http://www.17k.com/book/2705181.html", "http://www.17k.com/book/2702539.html", "http://www.17k.com/book/2474887.html", "http://www.17k.com/book/2674733.html", "http://www.17k.com/book/2822076.html", "http://www.17k.com/book/2809894.html", "http://www.17k.com/book/2822077.html", "http://www.17k.com/book/2811930.html", "http://www.17k.com/book/2815548.html", "http://www.17k.com/book/2819620.html", "http://www.17k.com/book/2809964.html", "http://www.17k.com/book/2808200.html", "http://www.17k.com/book/2820100.html", "http://www.17k.com/book/2822978.html", "http://www.17k.com/book/2804337.html", "http://www.17k.com/book/2798814.html", "http://www.17k.com/book/2785153.html", "http://www.17k.com/book/2731559.html", "http://www.17k.com/book/2722533.html", "http://www.17k.com/book/2458377.html", "http://www.17k.com/book/2743300.html", "http://www.17k.com/book/973809.html", "http://www.17k.com/book/2651367.html", "http://www.17k.com/book/2726194.html", "http://www.17k.com/book/2790214.html", "http://www.17k.com/book/493239.html", "http://www.17k.com/book/108821.html", "http://www.17k.com/book/1398783.html", "http://www.17k.com/book/83528.html", "http://www.17k.com/book/1859126.html", "http://www.17k.com/book/1741975.html", "http://www.17k.com/book/192453.html", "http://www.17k.com/book/2459058.html", "http://www.17k.com/book/1050747.html", "http://www.17k.com/book/2700315.html", "http://www.17k.com/book/2818940.html", "http://www.17k.com/book/2819519.html", "http://www.17k.com/book/2816390.html", "http://www.17k.com/book/2819588.html", "http://www.17k.com/book/2813768.html", "http://www.17k.com/book/2822406.html", "http://www.17k.com/book/2772164.html", "http://www.17k.com/book/2784023.html", "http://www.17k.com/book/2811877.html", "http://www.17k.com/book/2809119.html", "http://www.17k.com/book/2803700.html", "http://www.17k.com/book/2819561.html", "http://www.17k.com/book/2746506.html", "http://www.17k.com/book/2811836.html", "http://www.17k.com/book/2614810.html", "http://www.17k.com/book/1592435.html", "http://www.17k.com/book/1949748.html", "http://www.17k.com/book/2265802.html", "http://www.17k.com/book/2743240.html", "http://www.17k.com/book/2657437.html", "http://www.17k.com/book/2644502.html", "http://www.17k.com/book/2199900.html", "http://www.17k.com/book/2725436.html", "http://www.17k.com/book/2629978.html"]}