{"ratings": -1, "userreviews": [], "description": "\u51cc\u67ab\uff0c\u5143\u6b66\u5927\u9646\u7684\u6b66\u7834\u865a\u7a7a\u5f3a\u8005\uff0c\u56e0\u4e3a\u8eab\u6000\u300a\u6df7\u6c8c\u51b3\u300b\u88ab\u6b63\u9b54\u4e24\u9053\u56f4\u653b\uff0c\u5728\u6b7b\u4ea1\u7684\u77ac\u95f4\u5374\u610f\u5916\u7a7f\u8d8a\u91cd\u751f\u5230\u4e00\u540d\u5bcc\u4e8c\u4ee3\u8eab\u4e0a\uff0c\u4ece\u6b64\uff0c\u9ed1\u767d\u4e24\u9053\u95fb\u98ce\u4e27\u80c6\uff0c\u7f8e\u5973\u6821\u82b1\u3001\u51b7\u6f20\u8b66\u82b1\u2026\u6295\u6000\u9001\u62b1\uff0c\u53ef\u4ee5\u8bf4\u7684\u4e0a\u9192\u638c\u5929\u4e0b\u6743\uff0c\u9189\u5367\u7f8e\u4eba\u819dps:\u4e66\u540d\u6539\u9519\u4e86\uff0c\u62b1\u6b49", "title": "\u5143\u529b\u91cd\u751f", "url": "http://www.17k.com/book/1935131.html", "average": -1.0, "cover": "http://img.17k.com/images/bookcover/default_cover1.jpg", "reviews": 950, "authors": [{"url": "http://www.17k.com/zuozhe/46863275", "name": "\u67ab\u53f6\u8f7b"}], "type": ["\u90fd\u5e02\u91cd\u751f"], "outlinks": ["http://www.17k.com/book/2794982.html", "http://www.17k.com/book/2801292.html", "http://www.17k.com/book/2816318.html", "http://www.17k.com/book/2797575.html", "http://www.17k.com/book/2802516.html", "http://www.17k.com/book/2812195.html", "http://www.17k.com/book/2820143.html", "http://www.17k.com/book/2807943.html", "http://www.17k.com/book/2813457.html", "http://www.17k.com/book/2798058.html", "http://www.17k.com/book/2815617.html", "http://www.17k.com/book/2805259.html", "http://www.17k.com/book/2760255.html", "http://www.17k.com/book/2686894.html", "http://www.17k.com/book/2797016.html", "http://www.17k.com/book/2767246.html", "http://www.17k.com/book/2764239.html", "http://www.17k.com/book/2754498.html", "http://www.17k.com/book/2754900.html", "http://www.17k.com/book/2625740.html", "http://www.17k.com/book/2213315.html", "http://www.17k.com/book/2402178.html", "http://www.17k.com/book/2691221.html", "http://www.17k.com/book/2210699.html", "http://www.17k.com/book/1797752.html", "http://www.17k.com/book/2575507.html", "http://www.17k.com/book/2705181.html", "http://www.17k.com/book/2702539.html", "http://www.17k.com/book/2474887.html", "http://www.17k.com/book/2674733.html", "http://www.17k.com/book/2822076.html", "http://www.17k.com/book/2809894.html", "http://www.17k.com/book/2822077.html", "http://www.17k.com/book/2811930.html", "http://www.17k.com/book/2815548.html", "http://www.17k.com/book/2819620.html", "http://www.17k.com/book/2809964.html", "http://www.17k.com/book/2808200.html", "http://www.17k.com/book/2820100.html", "http://www.17k.com/book/2822978.html", "http://www.17k.com/book/2804337.html", "http://www.17k.com/book/2798814.html", "http://www.17k.com/book/2785153.html", "http://www.17k.com/book/2731559.html", "http://www.17k.com/book/2722533.html", "http://www.17k.com/book/2458377.html", "http://www.17k.com/book/2743300.html", "http://www.17k.com/book/973809.html", "http://www.17k.com/book/2651367.html", "http://www.17k.com/book/2726194.html", "http://www.17k.com/book/2790214.html", "http://www.17k.com/book/493239.html", "http://www.17k.com/book/108821.html", "http://www.17k.com/book/1398783.html", "http://www.17k.com/book/83528.html", "http://www.17k.com/book/1859126.html", "http://www.17k.com/book/1741975.html", "http://www.17k.com/book/192453.html", "http://www.17k.com/book/2459058.html", "http://www.17k.com/book/1050747.html", "http://www.17k.com/book/2700315.html", "http://www.17k.com/book/2818940.html", "http://www.17k.com/book/2819519.html", "http://www.17k.com/book/2816390.html", "http://www.17k.com/book/2819588.html", "http://www.17k.com/book/2813768.html", "http://www.17k.com/book/2822406.html", "http://www.17k.com/book/2772164.html", "http://www.17k.com/book/2784023.html", "http://www.17k.com/book/2811877.html", "http://www.17k.com/book/2809119.html", "http://www.17k.com/book/2803700.html", "http://www.17k.com/book/2819561.html", "http://www.17k.com/book/2746506.html", "http://www.17k.com/book/2811836.html", "http://www.17k.com/book/2614810.html", "http://www.17k.com/book/1592435.html", "http://www.17k.com/book/1949748.html", "http://www.17k.com/book/2265802.html", "http://www.17k.com/book/2743240.html", "http://www.17k.com/book/2657437.html", "http://www.17k.com/book/2644502.html", "http://www.17k.com/book/2199900.html", "http://www.17k.com/book/2725436.html", "http://www.17k.com/book/2629978.html"]}