{"ratings": -1, "userreviews": [{"userName": "\u548c\u793c\u71d5\u6770", "userReviewDate": "2009-06-02", "userURL": "http://user.17k.com/1872110", "userReview": "\u5199\u5f97\u4e0d\u9519\uff01\u300a\u4e3a\u4f60\u64e6\u6cea\u300b\u9876\u4e86\uff01\u671f\u5f85\u56de\u8bbf\uff0c\u76f8\u4e92\u652f\u6301\uff01\uff01\uff01"}, {"userName": "sarahpeng", "userReviewDate": "2009-05-08", "userURL": "http://user.17k.com/1848085", "userReview": "\u540c\u4e3a\u65b0\u4eba\u5168\u529b\u7528\u6ee1\u5206\u5168\u529b\u652f\u6301"}, {"userName": "\u4ea6\u6c34\u9053\u4eba", "userReviewDate": "2009-04-28", "userURL": "http://user.17k.com/1836926", "userReview": "\u4ea6\u6c34\u9053\u4eba\u643a\u300a\u9752\u5315\u300b\u524d\u6765\u62dc\u8bbf\uff0c\u65b0\u4eba\u4e92\u5e2e\u4e92\u52a9\u561b\uff0c\u5927\u5bb6\u4e00\u8d77\u52aa\u529b\u54e6\uff01\u6536\u85cf\u8d77\uff01\u6b22\u8fce\u56de\u8bbf\u54e6\uff01"}], "description": "\u5979\u53ea\u662f\u4e00\u682a\u5c0f\u5143\u795e\uff0c\u5728\u5929\u5730\u5b55\u80b2\u771f\u8eab\u7684\u65f6\u5019\u987a\u5e26\u5f62\u6210\u4e86\u5b83\u3002\u78b0\u5de7\u5728\u8fd9\u7075\u9b42\u8f6c\u6362\u7684\u65f6\u523b\u6765\u5230\u8fd9\u4e2a\u4e16\u754c\uff01\u3000\u3000\u4e00\u5f00\u59cb\u53ea\u662f\u4e00\u5f20\u767d\u7eb8\u7684\u5979\u51ed\u501f\u6709\u7740\u60ca\u4eba\u7684\u8bb0\u5fc6\u529b\u4e0e\u6d1e\u5bdf\u529b\u878d\u5165\u4e86\u8fd9\u4e2a\u793e\u4f1a\uff01\u3000\u3000\u5979\u7684\u76ee\u6807\u5f88\u7b80\u5355\u53ea\u662f\u8981\u4eab\u53d7\u8fd9\u4e2a\u5077\u6765\u7684\u4eba\u751f\u3000\u3000\u6ca1\u60f3\u5979\u7684\u80fd\u529b\u5374\u8ba9\u5979\u6210\u4e86\u8b66\u65b9\u7684\u79d8\u5bc6\u795e\u63a2\uff0c\u6210\u4e86\u516c\u53f8\u4efb\u7528\u7684\u4eba\u624d\uff01\u3000\u3000\u5b59\u6052\u52b2\u662f\u5e74\u8f7b\u70ed\u8840\u7684\u8b66\u63a2\uff0c\u4e00\u5fc3\u9664\u66b4\u5b89\u826f\uff0c\u5bf9\u4e8e\u5c5e\u4e8e\u602a\u624d\u7684\u5979\u6781\u4e3a\u4e0d\u6ee1\u2026\u2026\u3000\u3000\u90b5\u6607\u662f\u7487\u59ae\u7684\u9876\u5934\u4e0a\u53f8\uff0c\u5728\u53d1\u73b0\u5979\u55dc\u7761\u5916\u8868\u4e0b\u7684\u771f\u5b9e\u624d\u534e\u540e\u5c31\u5f00\u59cb\u5974\u5f79\u5979\u2026\u2026\u3000\u3000\u800c\u5979\uff0c\u7487\u59ae\uff01\u53ea\u662f\u4e00\u682a\u7231\u7761\u7684\u5c0f\u5143\u795e\u800c\u5df2\u3000\u3000\u4ed6\u4eec\u548c\u5979\u53c8\u4f1a\u53d1\u751f\u600e\u6837\u7684\u6545\u4e8b\u3000\u3000\u6574\u4e2a\u6545\u4e8b\u662f\u8fde\u7eed\u7684^^\u62ab\u7740\u7a7f\u8d8a\u5916\u8863\u7684\u7eaf\u73b0\u4ee3\u6587", "title": "\u5143\u795e\u7761\u7761", "url": "http://www.17k.com/book/48041.html", "average": -1.0, "cover": "http://img.17k.com/images/bookcover/default_cover.jpg", "reviews": 18026, "authors": [{"url": "http://www.17k.com/zuozhe/1839283", "name": "\u68a6\u732b"}], "type": ["\u5a5a\u604b\u60c5\u611f"], "outlinks": ["http://www.17k.com/book/2794982.html", "http://www.17k.com/book/2801292.html", "http://www.17k.com/book/2816318.html", "http://www.17k.com/book/2797575.html", "http://www.17k.com/book/2802516.html", "http://www.17k.com/book/2812195.html", "http://www.17k.com/book/2820143.html", "http://www.17k.com/book/2807943.html", "http://www.17k.com/book/2813457.html", "http://www.17k.com/book/2798058.html", "http://www.17k.com/book/2815617.html", "http://www.17k.com/book/2805259.html", "http://www.17k.com/book/2760255.html", "http://www.17k.com/book/2686894.html", "http://www.17k.com/book/2797016.html", "http://www.17k.com/book/2767246.html", "http://www.17k.com/book/2764239.html", "http://www.17k.com/book/2754498.html", "http://www.17k.com/book/2754900.html", "http://www.17k.com/book/2625740.html", "http://www.17k.com/book/2213315.html", "http://www.17k.com/book/2402178.html", "http://www.17k.com/book/2691221.html", "http://www.17k.com/book/2210699.html", "http://www.17k.com/book/1797752.html", "http://www.17k.com/book/2575507.html", "http://www.17k.com/book/2705181.html", "http://www.17k.com/book/2702539.html", "http://www.17k.com/book/2474887.html", "http://www.17k.com/book/2674733.html", "http://www.17k.com/book/2822076.html", "http://www.17k.com/book/2809894.html", "http://www.17k.com/book/2822077.html", "http://www.17k.com/book/2811930.html", "http://www.17k.com/book/2815548.html", "http://www.17k.com/book/2819620.html", "http://www.17k.com/book/2809964.html", "http://www.17k.com/book/2808200.html", "http://www.17k.com/book/2820100.html", "http://www.17k.com/book/2822978.html", "http://www.17k.com/book/2804337.html", "http://www.17k.com/book/2798814.html", "http://www.17k.com/book/2785153.html", "http://www.17k.com/book/2731559.html", "http://www.17k.com/book/2722533.html", "http://www.17k.com/book/2458377.html", "http://www.17k.com/book/2743300.html", "http://www.17k.com/book/973809.html", "http://www.17k.com/book/2651367.html", "http://www.17k.com/book/2726194.html", "http://www.17k.com/book/2790214.html", "http://www.17k.com/book/493239.html", "http://www.17k.com/book/108821.html", "http://www.17k.com/book/1398783.html", "http://www.17k.com/book/83528.html", "http://www.17k.com/book/1859126.html", "http://www.17k.com/book/1741975.html", "http://www.17k.com/book/192453.html", "http://www.17k.com/book/2459058.html", "http://www.17k.com/book/1050747.html", "http://www.17k.com/book/2700315.html", "http://www.17k.com/book/2818940.html", "http://www.17k.com/book/2819519.html", "http://www.17k.com/book/2816390.html", "http://www.17k.com/book/2819588.html", "http://www.17k.com/book/2813768.html", "http://www.17k.com/book/2822406.html", "http://www.17k.com/book/2772164.html", "http://www.17k.com/book/2784023.html", "http://www.17k.com/book/2811877.html", "http://www.17k.com/book/2809119.html", "http://www.17k.com/book/2803700.html", "http://www.17k.com/book/2819561.html", "http://www.17k.com/book/2746506.html", "http://www.17k.com/book/2811836.html", "http://www.17k.com/book/2614810.html", "http://www.17k.com/book/1592435.html", "http://www.17k.com/book/1949748.html", "http://www.17k.com/book/2265802.html", "http://www.17k.com/book/2743240.html", "http://www.17k.com/book/2657437.html", "http://www.17k.com/book/2644502.html", "http://www.17k.com/book/2199900.html", "http://www.17k.com/book/2725436.html", "http://www.17k.com/book/2629978.html"]}