{"ratings": -1, "userreviews": [{"userName": "\u6708\u843d\u68a6\u8ffd\u5fc6", "userReviewDate": "2018-06-02", "userURL": "http://user.17k.com/57478135", "userReview": "\u6797\u5915\u665a\u597d\uff0c\u5468\u672b\u6109\u5feb"}, {"userName": "\u6708\u843d\u68a6\u8ffd\u5fc6", "userReviewDate": "2018-05-27", "userURL": "http://user.17k.com/57478135", "userReview": "\u5199\u4e66\u4e0d\u6613\uff0c\u8ffd\u5fc6\u524d\u6765\u52a9\u9635\uff0c\u5f3a\u52bf\u652f\u6301\u3002\u559c\u6b22\u5c01\u9762o(\u2267v\u2266)o"}, {"userName": "\u4efb\u68ee447523624", "userReviewDate": "2018-05-25", "userURL": "http://user.17k.com/60483484", "userReview": "\u52a0\u6cb9(\u0e07 \u2022\u0300_\u2022\u0301)\u0e07"}, {"userName": "17K\u4e66\u53cbnys8r7qr", "userReviewDate": "2018-05-24", "userURL": "http://user.17k.com/61412363", "userReview": "\u52a0\u6cb9(\u0e07 \u2022\u0300_\u2022\u0301)\u0e07"}, {"userName": "\u6843\u82b1\u6df1\u6f6d\u6c34", "userReviewDate": "2018-05-10", "userURL": "http://user.17k.com/57040565", "userReview": "\u6587\u633a\u597d\u770b\u7684\uff0c\u7537\u4e3b\u9738\u9053\u5440\uff0c\u5973\u4e3b\u53e4\u7075\u7cbe\u602a\u7684\uff0c\u597d\u770b\u3002"}], "description": "\u5979\u7684\u56fd\u5bb6\u88ab\u8205\u8205\u7be1\u593a\uff0c\u7236\u6bcd\u53cc\u4ea1\uff0c\u54e5\u54e5\u4e0b\u843d\u4e0d\u660e\uff0c\u9003\u4ea1\u9014\u4e2d\u5931\u5fc6\uff0c\u6ca6\u4e3a\u4e5e\u4e10\uff0c\u88ab\u4e1e\u76f8\u4e00\u5bb6\u6240\u6551\uff0c\u4e3a\u4e86\u62a5\u6069\uff0c\u66ff\u59d0\u5ac1\u5165\u5c06\u519b\u5e9c\u3002\u5927\u95f9\u65b0\u5a5a\u591c\uff0c\u201c\u5973\u4eba\uff0c\u6211\u5bf9\u4f60\u6ca1\u5174\u8da3\uff0c\u8fc7\u4e9b\u5e74\u6211\u4f1a\u7ed9\u4f60\u4f11\u4e66\u4e00\u5c01\uff0c\u4f60\u53ef\u4ee5\u79bb\u5f00\u3002\u201d\u3000\u3000\u4e24\u4eba\u65e5\u4e45\u751f\u60c5\u540e\uff0c\u8bb0\u5fc6\u6062\u590d\uff0c\u201c\u76f8\u516c\uff0c\u6211\u7684\u4f11\u4e66\u5462\u3002\u201d\u3000\u3000\u201c\u4f11\u4e66\u6ca1\u6709\uff0c\u5356\u8eab\u5951\u4e00\u5f20\u3002\u201d\u3000\u3000\u201c\u597d\uff0c\u8981\u60f3\u548c\u6211\u5728\u4e00\u8d77\uff0c\u5e2e\u6211\u590d\u56fd\u3002\u201d\u3000\u3000\u201c\u4f60\u8981\u8fd9\u5929\u4e0b\u90fd\u53ef\u4ee5\u3002\u201d\u3000\u3000\u201c\u2026\u2026\u201d\u67d0\u5973\u6c57\u989c", "title": "\u5148\u5a5a\u540e\u7231\u5c06\u519b\u5927\u4eba\u60f9\u4e0d\u8d77", "url": "http://www.17k.com/book/2812732.html", "average": -1.0, "cover": "http://img.17k.com/images/bookcover/2018/14063/70/2812732-1527076006000.jpg", "reviews": 3246, "authors": [{"url": "http://www.17k.com/zuozhe/61112058", "name": "\u6797\u5915\u5929\u4e0b"}], "type": ["\u67b6\u7a7a\u5386\u53f2"], "outlinks": ["http://www.17k.com/book/2794982.html", "http://www.17k.com/book/2801292.html", "http://www.17k.com/book/2816318.html", "http://www.17k.com/book/2797575.html", "http://www.17k.com/book/2802516.html", "http://www.17k.com/book/2812195.html", "http://www.17k.com/book/2820143.html", "http://www.17k.com/book/2807943.html", "http://www.17k.com/book/2813457.html", "http://www.17k.com/book/2798058.html", "http://www.17k.com/book/2815617.html", "http://www.17k.com/book/2805259.html", "http://www.17k.com/book/2760255.html", "http://www.17k.com/book/2686894.html", "http://www.17k.com/book/2797016.html", "http://www.17k.com/book/2767246.html", "http://www.17k.com/book/2764239.html", "http://www.17k.com/book/2754498.html", "http://www.17k.com/book/2754900.html", "http://www.17k.com/book/2625740.html", "http://www.17k.com/book/2213315.html", "http://www.17k.com/book/2402178.html", "http://www.17k.com/book/2691221.html", "http://www.17k.com/book/2210699.html", "http://www.17k.com/book/1797752.html", "http://www.17k.com/book/2575507.html", "http://www.17k.com/book/2705181.html", "http://www.17k.com/book/2702539.html", "http://www.17k.com/book/2474887.html", "http://www.17k.com/book/2674733.html", "http://www.17k.com/book/2822076.html", "http://www.17k.com/book/2809894.html", "http://www.17k.com/book/2822077.html", "http://www.17k.com/book/2811930.html", "http://www.17k.com/book/2815548.html", "http://www.17k.com/book/2819620.html", "http://www.17k.com/book/2809964.html", "http://www.17k.com/book/2808200.html", "http://www.17k.com/book/2820100.html", "http://www.17k.com/book/2822978.html", "http://www.17k.com/book/2804337.html", "http://www.17k.com/book/2798814.html", "http://www.17k.com/book/2785153.html", "http://www.17k.com/book/2731559.html", "http://www.17k.com/book/2722533.html", "http://www.17k.com/book/2458377.html", "http://www.17k.com/book/2743300.html", "http://www.17k.com/book/973809.html", "http://www.17k.com/book/2651367.html", "http://www.17k.com/book/2726194.html", "http://www.17k.com/book/2790214.html", "http://www.17k.com/book/493239.html", "http://www.17k.com/book/108821.html", "http://www.17k.com/book/1398783.html", "http://www.17k.com/book/83528.html", "http://www.17k.com/book/1859126.html", "http://www.17k.com/book/1741975.html", "http://www.17k.com/book/192453.html", "http://www.17k.com/book/2459058.html", "http://www.17k.com/book/1050747.html", "http://www.17k.com/book/2700315.html", "http://www.17k.com/book/2818940.html", "http://www.17k.com/book/2819519.html", "http://www.17k.com/book/2816390.html", "http://www.17k.com/book/2819588.html", "http://www.17k.com/book/2813768.html", "http://www.17k.com/book/2822406.html", "http://www.17k.com/book/2772164.html", "http://www.17k.com/book/2784023.html", "http://www.17k.com/book/2811877.html", "http://www.17k.com/book/2809119.html", "http://www.17k.com/book/2803700.html", "http://www.17k.com/book/2819561.html", "http://www.17k.com/book/2746506.html", "http://www.17k.com/book/2811836.html", "http://www.17k.com/book/2614810.html", "http://www.17k.com/book/1592435.html", "http://www.17k.com/book/1949748.html", "http://www.17k.com/book/2265802.html", "http://www.17k.com/book/2743240.html", "http://www.17k.com/book/2657437.html", "http://www.17k.com/book/2644502.html", "http://www.17k.com/book/2199900.html", "http://www.17k.com/book/2725436.html", "http://www.17k.com/book/2629978.html"]}