{"ratings": -1, "userreviews": [{"userName": "\u6842\u8fbe\u7269\u6d41\u5e7f\u897f\u4e13\u7ebf \u674e\u8273\u2026", "userReviewDate": "2018-05-07", "userURL": "http://user.17k.com/56459845", "userReview": "[\u6253\u8d4f]\u6211\u6253\u8d4f\u4e862\u5143\u7ea2\u5305\uff01\uff01"}, {"userName": "\u6842\u8fbe\u7269\u6d41\u5e7f\u897f\u4e13\u7ebf \u674e\u8273\u2026", "userReviewDate": "2018-05-06", "userURL": "http://user.17k.com/56459845", "userReview": "[\u6253\u8d4f]\u6211\u6253\u8d4f\u4e862\u5143\u7ea2\u5305\uff01\uff01"}, {"userName": "\u6842\u8fbe\u7269\u6d41\u5e7f\u897f\u4e13\u7ebf \u674e\u8273\u2026", "userReviewDate": "2018-05-06", "userURL": "http://user.17k.com/56459845", "userReview": "[\u6253\u8d4f]\u6211\u6253\u8d4f\u4e868\u5143\u7ea2\u5305\uff01\uff01"}, {"userName": "dornoo", "userReviewDate": "2018-04-30", "userURL": "http://user.17k.com/61377433", "userReview": "\u5185\u5bb9\u8fd8\u4e0d\u9519"}, {"userName": "\u6842\u8fbe\u7269\u6d41\u5e7f\u897f\u4e13\u7ebf \u674e\u8273\u2026", "userReviewDate": "2018-04-28", "userURL": "http://user.17k.com/56459845", "userReview": "[\u6253\u8d4f]\u6211\u6253\u8d4f\u4e862\u5143\u7ea2\u5305\uff01\uff01"}, {"userName": "\u5927\u53d4\u4e0d\u6015\u8fa3", "userReviewDate": "2018-04-24", "userURL": "http://user.17k.com/59518022", "userReview": "\u4e0d\u9519\u8fd8\u884c\u5427"}, {"userName": "\u829d\u541f", "userReviewDate": "2018-04-17", "userURL": "http://user.17k.com/291833", "userReview": "[\u6253\u8d4f]\u6211\u6253\u8d4f\u4e861\u5143\u7ea2\u5305\uff01\uff01"}, {"userName": "\u829d\u541f", "userReviewDate": "2018-04-17", "userURL": "http://user.17k.com/291833", "userReview": "\u597d\u4e66\uff0c\u52a0\u6cb9\u3002\u6c42\u5173\u6ce8<a target='_blank' href='http://www.17k.com/book/2764682.html'>\u300a\u661f\u5149\u64a9\u4eba\u592a\u7231\u4f60\u300b</a>"}, {"userName": "\u6c90\u8431\u513f\u3042 little baby", "userReviewDate": "2018-04-06", "userURL": "http://user.17k.com/55044420", "userReview": "\u4e00\u5171\u591a\u5c11\u7ae0"}, {"userName": "17K\u4e66\u53cbWIP94AEG", "userReviewDate": "2018-04-04", "userURL": "http://user.17k.com/58129450", "userReview": "\u63a8\u8350\u8d44\u672c\u597d\u4e66"}, {"userName": "17K\u4e66\u53cbA3WB6XIW", "userReviewDate": "2018-03-22", "userURL": "http://user.17k.com/60433760", "userReview": "[\u6253\u8d4f]\u6211\u6253\u8d4f\u4e861\u5143\u7ea2\u5305\uff01\uff01"}, {"userName": "\u50b2\u5a07\u9b3c459405462", "userReviewDate": "2018-03-17", "userURL": "http://user.17k.com/60120749", "userReview": "\u65b0\u4eba\u633d\u541b\u9752\u4e1d\u643a\u65b0\u4e66<a target='_blank' href='http://www.17k.com/book/2783347.html'>\u300a\u4e5d\u5dde\u6ce3\u51e4\u5f52\u300b</a>\u6765\u8d3a\u4e86[\u73ab\u7470]\u8bf7\u5927\u5bb6\u591a\u591a\u6307\u6559[\u574f\u7b11]"}, {"userName": "\u6de1\u7b11\u770b\u4eba\u751f", "userReviewDate": "2018-03-11", "userURL": "http://user.17k.com/45473276", "userReview": "<a target='_blank' href='http://www.17k.com/book/1728734.html'>\u300a\u8d5a\u94b1\u8bb0\u300b</a>\u795d\u5927\u5927\u4f5c\u54c1\u5982\u96e8\u540e\u6625\u7b0b\uff0c\u8c31\u5199\uff08\u91d1\uff09\u5f69\u4eba\u751f\u3002"}, {"userName": "\u50b2\u5a07\u9b3c459405462", "userReviewDate": "2018-03-05", "userURL": "http://user.17k.com/60120749", "userReview": "\u65b0\u4eba\u633d\u541b\u9752\u4e1d\u643a\u65b0\u4e66<a target='_blank' href='http://www.17k.com/book/2783347.html'>\u300a\u4e5d\u5dde\u6ce3\u51e4\u5f52\u300b</a>\u6765\u8d3a\u4e86[\u73ab\u7470]\u8bf7\u5927\u5bb6\u591a\u591a\u6307\u6559[\u574f\u7b11]"}, {"userName": "A\u725b\u9b54\u738b", "userReviewDate": "2018-03-04", "userURL": "http://user.17k.com/56738425", "userReview": "\u597d\u4e66\u9700\u8981\u63a8\u5e7f\uff0c\u6b63\u80fd\u91cf!2018\u63a8\u8350\u4e00\u672c\u597d\u770b\u7684\u4e66<a target='_blank' href='http://www.17k.com/book/2551937.html'>\u300a\u8d85\u65b0\u4eba\u300b</a>\uff0c\u60ca\u9669\u523a\u6fc0\uff0c\u6d6a\u6f2b\u6ee1\u5c4b\uff0c\u70ed\u8840\u683c\u6597\uff0c\u751f\u6b7b\u7231\u604b\uff0c\u6696\u6627\u4e0d\u65ad\uff0c\u5929\u5929\u66f4\u65b0\uff0c\u8bf7\u591a\u5173\u7167\uff0c\u6765\u4e2a\u6536\u85cf\u554a!\uff0c\u70b9\u51fb\u4e66\u540d\u5c31\u53ef\u4ee5\u770b\u5230\u4e66\u4e86\u3002"}, {"userName": "\u88f4\u5143\u5bb8", "userReviewDate": "2018-03-03", "userURL": "http://user.17k.com/59945580", "userReview": "\u54c7\u745f\u597d\u68d2 \u70b9\u4e2a\u8d5e"}, {"userName": "A\u725b\u9b54\u738b", "userReviewDate": "2018-03-02", "userURL": "http://user.17k.com/56738425", "userReview": "\u597d\u4e66\u9700\u8981\u63a8\u5e7f\uff0c\u6b63\u80fd\u91cf!2018\u63a8\u8350\u4e00\u672c\u597d\u770b\u7684\u4e66<a target='_blank' href='http://www.17k.com/book/2551937.html'>\u300a\u8d85\u65b0\u4eba\u300b</a>\uff0c\u60ca\u9669\u523a\u6fc0\uff0c\u6d6a\u6f2b\u6ee1\u5c4b\uff0c\u70ed\u8840\u683c\u6597\uff0c\u751f\u6b7b\u7231\u604b\uff0c\u6696\u6627\u4e0d\u65ad\uff0c\u5929\u5929\u66f4\u65b0\uff0c\u8bf7\u591a\u5173\u7167\uff0c\u6765\u4e2a\u6536\u85cf\u554a!\uff0c\u70b9\u51fb\u4e66\u540d\u5c31\u53ef\u4ee5\u770b\u5230\u4e66\u4e86\u3002"}, {"userName": "\u4e03\u4e03\u5c45\u58eb", "userReviewDate": "2018-03-01", "userURL": "http://user.17k.com/49673469", "userReview": "\u6c42\u5173\u6ce8\u4e03\u4e03\u5c45\u58eb\u7684<a target='_blank' href='http://www.17k.com/book/2130853.html'>\u300a\u7231\u5df2\u6210\u6df1\u300b</a>\uff0c\u5927\u5927\u52a0\u6cb9"}, {"userName": "\u6de1\u7b11\u770b\u4eba\u751f", "userReviewDate": "2018-03-01", "userURL": "http://user.17k.com/45473276", "userReview": "<a target='_blank' href='http://www.17k.com/book/1728734.html'>\u300a\u8d5a\u94b1\u8bb0\u300b</a>\u795d\u5927\u5927\u4f5c\u54c1\u52c7\u6500\u66f4\u9ad8\u5c71\u5cf0\u3002"}, {"userName": "kool\u6377", "userReviewDate": "2018-03-01", "userURL": "http://user.17k.com/56730892", "userReview": "2018\u63a8\u8350\u4e00\u672c\u597d\u770b\u7684\u4e66<a target='_blank' href='http://www.17k.com/book/2728167.html'>\u300a\u6211\u548c\u5996\u517d\u6709\u4e2a\u7ea6\u4f1a\u300b</a>,\u5929\u5929\u66f4\u65b0\uff0c\u8bf7\u591a\u5173\u7167\uff0c\u6765\u4e2a\u6536\u85cf\u554a!\uff0c\u70b9\u51fb\u4e66\u540d\u5c31\u53ef\u4ee5\u770b\u5230\u4e66\u4e86\u3002"}], "description": "\u7a0b\u5c0f\u73a5\u88ab\u6240\u8c13\u7684\u597d\u59d0\u59b9\u7b97\u8ba1\uff0c\u5c06\u5979\u9001\u4e0a\u4e86\u6797\u9038\u741b\u7684\u5e8a\uff01\u3000\u3000\u4e00\u5915\u4e4b\u95f4\uff0c\u6bcd\u4eb2\u610f\u5916\u8eab\u4ea1\uff0c\u7236\u4eb2\u55dc\u8d4c\u6210\u6027\uff0c\u7537\u53cb\u5f03\u4e4b\u4e0d\u987e\uff01\u3000\u3000\u5979\u6e29\u6696\u7684\u751f\u6d3b\u5c31\u6b64\u9677\u5165\u65e0\u5c3d\u6df1\u6e0a\uff0c\u8fde\u6323\u624e\u7684\u529b\u6c14\u90fd\u6ca1\u6709\u3002\u3000\u3000\u53ef\u8fd9\u65f6\u5019\u88ab\u5979\u907f\u4e4b\u4e0d\u53ca\u7684\u6797\u9038\u741b\u5374\u5f3a\u52bf\u5c06\u5979\u7eb3\u5165\u7fbd\u7ffc\u4e4b\u4e0b\u3002\u3000\u3000\u6797\u9038\u741b\u5bf9\u5979\u8bf4\uff1a\u201c\u6211\u53ef\u4ee5\u5e2e\u4f60\u89e3\u51b3\u4e00\u5207\u56f0\u96be\uff0c\u524d\u63d0\u662f\u4f60\u8981\u548c\u6211\u7ed3\u5a5a\u3002\u201d\u3000\u3000\u7a0b\u5c0f\u73a5\u54ed\u9053\uff1a\u201c\u6797\u5148\u751f\uff0c\u6211\u8fd8\u6709\u9009\u62e9\u7684\u4f59\u5730\u5417\uff1f\u201d\u3000\u3000\u6797\u9038\u741b\u5374\u7b11\u7740\uff1a\u201c\u4f60\u53ef\u4ee5\u9009\u62e9\u7b11\u7740\u63a5\u53d7\u6216\u8005\u54ed\u7740\u63a5\u53d7\u3002\u201d", "title": "\u5148\u5a5a\u540e\u7231\uff1a\u95ea\u5a5a\u8001\u516c100\u5206", "url": "http://www.17k.com/book/2751479.html", "average": -1.0, "cover": "http://img.17k.com/images/bookcover/2018/13757/68/2751479-1516330227000.jpg", "reviews": 201959, "authors": [{"url": "http://www.17k.com/zuozhe/59195346", "name": "\u82cf\u5708\u5708"}], "type": ["\u603b\u88c1\u8c6a\u95e8"], "outlinks": ["http://www.17k.com/book/2794982.html", "http://www.17k.com/book/2801292.html", "http://www.17k.com/book/2816318.html", "http://www.17k.com/book/2797575.html", "http://www.17k.com/book/2802516.html", "http://www.17k.com/book/2812195.html", "http://www.17k.com/book/2820143.html", "http://www.17k.com/book/2807943.html", "http://www.17k.com/book/2813457.html", "http://www.17k.com/book/2798058.html", "http://www.17k.com/book/2815617.html", "http://www.17k.com/book/2805259.html", "http://www.17k.com/book/2760255.html", "http://www.17k.com/book/2686894.html", "http://www.17k.com/book/2797016.html", "http://www.17k.com/book/2767246.html", "http://www.17k.com/book/2764239.html", "http://www.17k.com/book/2754498.html", "http://www.17k.com/book/2754900.html", "http://www.17k.com/book/2625740.html", "http://www.17k.com/book/2213315.html", "http://www.17k.com/book/2402178.html", "http://www.17k.com/book/2691221.html", "http://www.17k.com/book/2210699.html", "http://www.17k.com/book/1797752.html", "http://www.17k.com/book/2575507.html", "http://www.17k.com/book/2705181.html", "http://www.17k.com/book/2702539.html", "http://www.17k.com/book/2474887.html", "http://www.17k.com/book/2674733.html", "http://www.17k.com/book/2822076.html", "http://www.17k.com/book/2809894.html", "http://www.17k.com/book/2822077.html", "http://www.17k.com/book/2811930.html", "http://www.17k.com/book/2815548.html", "http://www.17k.com/book/2819620.html", "http://www.17k.com/book/2809964.html", "http://www.17k.com/book/2808200.html", "http://www.17k.com/book/2820100.html", "http://www.17k.com/book/2822978.html", "http://www.17k.com/book/2804337.html", "http://www.17k.com/book/2798814.html", "http://www.17k.com/book/2785153.html", "http://www.17k.com/book/2731559.html", "http://www.17k.com/book/2722533.html", "http://www.17k.com/book/2458377.html", "http://www.17k.com/book/2743300.html", "http://www.17k.com/book/973809.html", "http://www.17k.com/book/2651367.html", "http://www.17k.com/book/2726194.html", "http://www.17k.com/book/2790214.html", "http://www.17k.com/book/493239.html", "http://www.17k.com/book/108821.html", "http://www.17k.com/book/1398783.html", "http://www.17k.com/book/83528.html", "http://www.17k.com/book/1859126.html", "http://www.17k.com/book/1741975.html", "http://www.17k.com/book/192453.html", "http://www.17k.com/book/2459058.html", "http://www.17k.com/book/1050747.html", "http://www.17k.com/book/2700315.html", "http://www.17k.com/book/2818940.html", "http://www.17k.com/book/2819519.html", "http://www.17k.com/book/2816390.html", "http://www.17k.com/book/2819588.html", "http://www.17k.com/book/2813768.html", "http://www.17k.com/book/2822406.html", "http://www.17k.com/book/2772164.html", "http://www.17k.com/book/2784023.html", "http://www.17k.com/book/2811877.html", "http://www.17k.com/book/2809119.html", "http://www.17k.com/book/2803700.html", "http://www.17k.com/book/2819561.html", "http://www.17k.com/book/2746506.html", "http://www.17k.com/book/2811836.html", "http://www.17k.com/book/2614810.html", "http://www.17k.com/book/1592435.html", "http://www.17k.com/book/1949748.html", "http://www.17k.com/book/2265802.html", "http://www.17k.com/book/2743240.html", "http://www.17k.com/book/2657437.html", "http://www.17k.com/book/2644502.html", "http://www.17k.com/book/2199900.html", "http://www.17k.com/book/2725436.html", "http://www.17k.com/book/2629978.html"]}