{"ratings": -1, "userreviews": [{"userName": "apple\u5c0f\u82f9\u679c", "userReviewDate": "2018-04-30", "userURL": "http://user.17k.com/60886618", "userReview": "<a target='_blank' href='http://www.17k.com/book/2816769.html'>\u300a\u7a7f\u8d8a\u4e4b\u5ba0\u4f60\u4e00\u751f\u300b</a>\u6765\u8bbf"}, {"userName": "\u897f\u7c73\u9732muki", "userReviewDate": "2018-02-22", "userURL": "http://user.17k.com/60073806", "userReview": "\u5927\u5927\u665a\u597d\uff0c\u534a\u6821\u56ed\u534a\u5546\u6218\u91cd\u751f\u590d\u4ec7\u5c0f\u8bf4<a target='_blank' href='http://www.17k.com/book/2781561.html'>\u300a\u8346\u68d8\u5f7c\u65b9\u662f\u5f52\u9014\u300b</a>\u6765\u8bbf\u5b66\u4e60\uff5e\u8fd8\u671b\u5404\u4f4d\u591a\u591a\u652f\u6301^o^"}, {"userName": "\u9ec4\u74dc\u7684\u5bbf\u547d", "userReviewDate": "2018-02-13", "userURL": "http://user.17k.com/53195742", "userReview": "<a target='_blank' href='http://www.17k.com/book/2377865.html'>\u300a\u81f3\u9738\u82cd\u751f\u8bc0\u300b</a>\u6765\u8bbf\uff0c\u6c42\u652f\u6301\u6c42\u6269\u6563\uff0c\u87f9\u87f9\u3002"}, {"userName": "\u5b89\u4e66\u7720", "userReviewDate": "2018-02-02", "userURL": "http://user.17k.com/59550168", "userReview": "<a target='_blank' href='http://www.17k.com/book/2769587.html'>\u300a\u5728\u65f6\u5149\u7684\u6e21\u53e3\u7b49\u4f60\u300b</a>\uff5e\u65b0\u9896\uff5e"}, {"userName": "A\u725b\u9b54\u738b", "userReviewDate": "2018-01-17", "userURL": "http://user.17k.com/56738425", "userReview": "\u63a8\u8350\u4e00\u672c\u60ca\u9669\u523a\u6fc0\u597d\u770b\u7684\u4e66<a target='_blank' href='http://www.17k.com/book/2728167.html'>\u300a\u6211\u548c\u5996\u517d\u6709\u4e2a\u7ea6\u4f1a\u300b</a>\uff0c\u8bf7\u591a\u591a\u652f\u6301\uff0c\u6765\u4e2a\u6536\u85cf\u5427!"}, {"userName": "\u52ff\u604b\u6c5f\u6885", "userReviewDate": "2017-12-17", "userURL": "http://user.17k.com/58863497", "userReview": "\u54c7"}], "description": "\u82cf\u70df\u600e\u4e48\u4e5f\u60f3\u4e0d\u5230\u4ea4\u5f80\u4e86\u56db\u5e74\u7684\u7537\u670b\u53cb\u4f1a\u4e3a\u4e86\u524d\u9014\u800c\u9009\u62e9\u53e6\u4e00\u4e2a\u4e16\u5bb6\u5973\uff0c\u65e2\u7136\u8fd9\u6837\uff0c\u90a3\u5979\u9009\u62e9\u653e\u624b\u3002\u53ef\u662f\u5bf9\u65b9\u5374\u4e0d\u4f9d\u4e0d\u9976\uff0c\u51e0\u6b21\u51fa\u73b0\u5728\u5979\u9762\u524d\u79c0\u6069\u7231\uff01\u5979\u5fcd\u8ba9\uff0c\u5bf9\u65b9\u5374\u8d8a\u53d1\u56a3\u5f20\u3002\u3000\u3000\u82cf\u70df\uff1a\u201c\u6211\u5df2\u7ecf\u6709\u7537\u670b\u53cb\u4e86\u3002\u201d\u3000\u3000\u8c01\u77e5\u5979\u5728\u9a6c\u8def\u4e0a\u968f\u4fbf\u627e\u7684\u7537\u4eba\u7adf\u7136\u8fd9\u4e48\u4f18\u8d28\uff0c\u800c\u4e14\u8fd8\u5168\u529b\u914d\u5408\u5979\u3002\u5979\u611f\u52a8\u7684\u60f3\u4ee5\u8eab\u76f8\u8bb8\uff0c\u7ed3\u679c\u4eba\u5bb6\u8bf4\uff0c\u4ed6\u9700\u8981\u4e00\u4e2a\u80fd\u6d17\u8863\u505a\u5230\u62d6\u5730\u7684\u4eba\u3002\u3000\u3000\u82cf\u70df\u50bb\u516e\u516e\u7684\u88ab\u5e26\u56de\u5bb6\uff0c\u53d1\u73b0\u81ea\u5df1\u7684\u8001\u516c\u662f\u4e00\u4e2a\u7ecf\u5e38\u51fa\u4efb\u52a1\u7684\u519b\u4eba\uff0c\u800c\u4e14\u5979\u4ec0\u4e48\u90fd\u4e0d\u7528\u505a\uff0c\u53ea\u8981\u88ab\u5ba0\u7231\u5c31\u884c\u4e86\uff01\u3000\u3000\u5a46\u5a46\uff1a\u201c\u5b9d\u8d1d\u513f\u5ab3\u5987\uff0c\u8fd9\u662f\u5a46\u5a46\u7096\u4e86\u51e0\u5c0f\u65f6\u7684\u6c64\uff0c\u5feb\u559d\u3002\u201d\u3000\u3000\u516c\u516c\uff1a\u201c\u4f60\u90a3\u4e9b\u5ba2\u6237\u8981\u6562\u6b3a\u8d1f\u4f60\uff0c\u4f60\u5c31\u544a\u8bc9\u6211\uff0c\u6211\u8ba9\u4ed6\u4eec\u6d88\u5931\uff01\u201d\u3000\u3000\u8001\u516c\uff1a\u201c\u6211\u8001\u5a46\u662f\u6211\u7684\uff0c\u4f60\u4eec\u8c01\u4e5f\u522b\u60f3\u9738\u5360\uff01\u201d\u3000\u3000\u2026\u2026\u2026\u2026\u2026\u2026\u3000\u3000\u5a5a\u524d\uff1a\u3000\u3000\u82cf\u70df\uff1a\u201c\u4f60\u4e3a\u4ec0\u4e48\u5e2e\u6211\u3002\u201d\u3000\u3000\u6c88\u7950\uff1a\u201c\u6211\u662f\u519b\u4eba\uff0c\u4e3a\u4eba\u6c11\u670d\u52a1\u662f\u5e94\u8be5\u7684\u3002\u201d\u3000\u3000\u5a5a\u540e\uff1a\u3000\u3000\u82cf\u70df\uff1a\u201c\u4f60\u6700\u559c\u6b22\u5403\u4ec0\u4e48\u3002\u201d\u3000\u3000\u6c88\u7950\uff1a\u201c\u5403\u4f60\u3002\u201d\u3000\u3000\u3010\u6b22\u8fce\u8df3\u5751~\u3011", "title": "\u5148\u5a5a\u540e\u7231\uff1a\u6743\u5c11\u7684\u8ff7\u7cca\u5c0f\u8001\u5a46", "url": "http://www.17k.com/book/2740058.html", "average": -1.0, "cover": "http://img.17k.com/images/bookcover/partner/0/58/2740058/2740058.jpg", "reviews": 65825, "authors": [{"url": "http://www.17k.com/zuozhe/56805906", "name": "\u597d\u5403\u7684\u83dc\u5305"}], "type": ["\u73b0\u4ee3\u91cd\u751f"], "outlinks": ["http://www.17k.com/book/2794982.html", "http://www.17k.com/book/2801292.html", "http://www.17k.com/book/2816318.html", "http://www.17k.com/book/2797575.html", "http://www.17k.com/book/2802516.html", "http://www.17k.com/book/2812195.html", "http://www.17k.com/book/2820143.html", "http://www.17k.com/book/2807943.html", "http://www.17k.com/book/2813457.html", "http://www.17k.com/book/2798058.html", "http://www.17k.com/book/2815617.html", "http://www.17k.com/book/2805259.html", "http://www.17k.com/book/2760255.html", "http://www.17k.com/book/2686894.html", "http://www.17k.com/book/2797016.html", "http://www.17k.com/book/2767246.html", "http://www.17k.com/book/2764239.html", "http://www.17k.com/book/2754498.html", "http://www.17k.com/book/2754900.html", "http://www.17k.com/book/2625740.html", "http://www.17k.com/book/2213315.html", "http://www.17k.com/book/2402178.html", "http://www.17k.com/book/2691221.html", "http://www.17k.com/book/2210699.html", "http://www.17k.com/book/1797752.html", "http://www.17k.com/book/2575507.html", "http://www.17k.com/book/2705181.html", "http://www.17k.com/book/2702539.html", "http://www.17k.com/book/2474887.html", "http://www.17k.com/book/2674733.html", "http://www.17k.com/book/2822076.html", "http://www.17k.com/book/2809894.html", "http://www.17k.com/book/2822077.html", "http://www.17k.com/book/2811930.html", "http://www.17k.com/book/2815548.html", "http://www.17k.com/book/2819620.html", "http://www.17k.com/book/2809964.html", "http://www.17k.com/book/2808200.html", "http://www.17k.com/book/2820100.html", "http://www.17k.com/book/2822978.html", "http://www.17k.com/book/2804337.html", "http://www.17k.com/book/2798814.html", "http://www.17k.com/book/2785153.html", "http://www.17k.com/book/2731559.html", "http://www.17k.com/book/2722533.html", "http://www.17k.com/book/2458377.html", "http://www.17k.com/book/2743300.html", "http://www.17k.com/book/973809.html", "http://www.17k.com/book/2651367.html", "http://www.17k.com/book/2726194.html", "http://www.17k.com/book/2790214.html", "http://www.17k.com/book/493239.html", "http://www.17k.com/book/108821.html", "http://www.17k.com/book/1398783.html", "http://www.17k.com/book/83528.html", "http://www.17k.com/book/1859126.html", "http://www.17k.com/book/1741975.html", "http://www.17k.com/book/192453.html", "http://www.17k.com/book/2459058.html", "http://www.17k.com/book/1050747.html", "http://www.17k.com/book/2700315.html", "http://www.17k.com/book/2818940.html", "http://www.17k.com/book/2819519.html", "http://www.17k.com/book/2816390.html", "http://www.17k.com/book/2819588.html", "http://www.17k.com/book/2813768.html", "http://www.17k.com/book/2822406.html", "http://www.17k.com/book/2772164.html", "http://www.17k.com/book/2784023.html", "http://www.17k.com/book/2811877.html", "http://www.17k.com/book/2809119.html", "http://www.17k.com/book/2803700.html", "http://www.17k.com/book/2819561.html", "http://www.17k.com/book/2746506.html", "http://www.17k.com/book/2811836.html", "http://www.17k.com/book/2614810.html", "http://www.17k.com/book/1592435.html", "http://www.17k.com/book/1949748.html", "http://www.17k.com/book/2265802.html", "http://www.17k.com/book/2743240.html", "http://www.17k.com/book/2657437.html", "http://www.17k.com/book/2644502.html", "http://www.17k.com/book/2199900.html", "http://www.17k.com/book/2725436.html", "http://www.17k.com/book/2629978.html"]}