{"ratings": -1, "userreviews": [], "description": "\u5149\u5f71\u5927\u6218\u540e\uff0c\u5e1d\u7687\u4fa0\u4e5f\u5c06\u6700\u540e\u4e00\u53ea\u5f02\u80fd\u517d\u5c01\u5370\u5e76\u7c89\u788e\u4e86\u4e94\u5927\u62a4\u6cd5\u7684\u9634\u8c0b\uff0c10\u5e74\u540e\uff0c\u4e00\u5343\u5e74\u524d\u6765\u5230\u5730\u7403\u7684\u53e6\u4e00\u9ed1\u6697\u52bf\u529b\u8def\u6cd5\u519b\u56e2\u4e5f\u5728\u4e00\u5343\u5e74\u540e\u7684\u4eca\u5929\u7531\u5211\u5929\u94e0\u7532\u5c0f\u961f\u5c01\u5370\uff0c\u6b64\u523b\u7ec8\u4e8e\u6218\u706b\u7ec8\u4e8e\u5e73\u606f\uff0c\u6b8a\u4e0d\u77e5\uff0c\u771f\u6b63\u7684\u6697\u5f71\u5927\u5e1d\u6b63\u51c6\u5907\u503e\u5de2\u800c\u51fa\u3002\u4e86\u89e3\u5230\u90aa\u6076\u52bf\u529b\u4e0d\u6b6255\u9897\u9b54\u7075\u77f3\u7684ERP\u5b50\u9633\u7b49\u4eba\u9010\u6e10\u53d1\u73b0\u5149\u5f71\u77f3\u771f\u6b63\u7684\u79d8\u5bc6\uff0c\u5e1d\u7687\u94e0\u7532\u539f\u672c\u662f\u4e0d\u5b58\u5728\u7684\uff0c\u90a3\u4e48\u6ca1\u6709\u5e1d\u7687\u94e0\u7532\u7684\u53e4\u4e2d\u56fd\uff0c\u53c8\u662f\u600e\u4e48\u4e00\u6b21\u6b21\u7684\u53cd\u6297\u5f02\u80fd\u517d\u7684\u653b\u51fb\uff0c\u5b58\u6d3b\u5230\u5982\u4eca\u5462\uff1f\u5b50\u9633\u4e0e\u5c0f\u5929\u968f\u5373\u7a7f\u8d8a\u65f6\u7a7a\uff0c\u4e00\u63a2\u7a76\u7adf\uff0c\u4ed6\u4eec\u80fd\u5426\u627e\u5f97\u5230\u5149\u5f71\u77f3\u771f\u6b63\u7684\u79d8\u5bc6,\u80fd\u5426\u4ee5\u6b64\u5bf9\u6297\u5373\u5c06\u5230\u6765\u7684\u6697\u5f71\u5927\u5e1d\uff1f", "title": "\u5149\u5f71\u4f20\u5947", "url": "http://www.17k.com/book/2804457.html", "average": -1.0, "cover": "http://img.17k.com/images/bookcover/default_cover1.jpg", "reviews": 69, "authors": [{"url": "http://www.17k.com/zuozhe/36715151", "name": "\u7231\u4f60\u7684\u5fc3\u7231"}], "type": ["\u53e4\u6b66\u673a\u7532"], "outlinks": ["http://www.17k.com/book/2794982.html", "http://www.17k.com/book/2801292.html", "http://www.17k.com/book/2816318.html", "http://www.17k.com/book/2797575.html", "http://www.17k.com/book/2802516.html", "http://www.17k.com/book/2812195.html", "http://www.17k.com/book/2820143.html", "http://www.17k.com/book/2807943.html", "http://www.17k.com/book/2813457.html", "http://www.17k.com/book/2798058.html", "http://www.17k.com/book/2815617.html", "http://www.17k.com/book/2805259.html", "http://www.17k.com/book/2760255.html", "http://www.17k.com/book/2686894.html", "http://www.17k.com/book/2797016.html", "http://www.17k.com/book/2767246.html", "http://www.17k.com/book/2764239.html", "http://www.17k.com/book/2754498.html", "http://www.17k.com/book/2754900.html", "http://www.17k.com/book/2625740.html", "http://www.17k.com/book/2213315.html", "http://www.17k.com/book/2402178.html", "http://www.17k.com/book/2691221.html", "http://www.17k.com/book/2210699.html", "http://www.17k.com/book/1797752.html", "http://www.17k.com/book/2575507.html", "http://www.17k.com/book/2705181.html", "http://www.17k.com/book/2702539.html", "http://www.17k.com/book/2474887.html", "http://www.17k.com/book/2674733.html", "http://www.17k.com/book/2822076.html", "http://www.17k.com/book/2809894.html", "http://www.17k.com/book/2822077.html", "http://www.17k.com/book/2811930.html", "http://www.17k.com/book/2815548.html", "http://www.17k.com/book/2819620.html", "http://www.17k.com/book/2809964.html", "http://www.17k.com/book/2808200.html", "http://www.17k.com/book/2820100.html", "http://www.17k.com/book/2822978.html", "http://www.17k.com/book/2804337.html", "http://www.17k.com/book/2798814.html", "http://www.17k.com/book/2785153.html", "http://www.17k.com/book/2731559.html", "http://www.17k.com/book/2722533.html", "http://www.17k.com/book/2458377.html", "http://www.17k.com/book/2743300.html", "http://www.17k.com/book/973809.html", "http://www.17k.com/book/2651367.html", "http://www.17k.com/book/2726194.html", "http://www.17k.com/book/2790214.html", "http://www.17k.com/book/493239.html", "http://www.17k.com/book/108821.html", "http://www.17k.com/book/1398783.html", "http://www.17k.com/book/83528.html", "http://www.17k.com/book/1859126.html", "http://www.17k.com/book/1741975.html", "http://www.17k.com/book/192453.html", "http://www.17k.com/book/2459058.html", "http://www.17k.com/book/1050747.html", "http://www.17k.com/book/2700315.html", "http://www.17k.com/book/2818940.html", "http://www.17k.com/book/2819519.html", "http://www.17k.com/book/2816390.html", "http://www.17k.com/book/2819588.html", "http://www.17k.com/book/2813768.html", "http://www.17k.com/book/2822406.html", "http://www.17k.com/book/2772164.html", "http://www.17k.com/book/2784023.html", "http://www.17k.com/book/2811877.html", "http://www.17k.com/book/2809119.html", "http://www.17k.com/book/2803700.html", "http://www.17k.com/book/2819561.html", "http://www.17k.com/book/2746506.html", "http://www.17k.com/book/2811836.html", "http://www.17k.com/book/2614810.html", "http://www.17k.com/book/1592435.html", "http://www.17k.com/book/1949748.html", "http://www.17k.com/book/2265802.html", "http://www.17k.com/book/2743240.html", "http://www.17k.com/book/2657437.html", "http://www.17k.com/book/2644502.html", "http://www.17k.com/book/2199900.html", "http://www.17k.com/book/2725436.html", "http://www.17k.com/book/2629978.html"]}