{"ratings": -1, "userreviews": [{"userName": "\u542f\u61c2", "userReviewDate": "2016-02-12", "userURL": "http://user.17k.com/44776688", "userReview": "\u6211\u6709\u4e00\u4e2a\u7591\u95ee\uff1a\u4f60\u4eec\u5230\u5e95\u662f\u600e\u4e48\u641c\u5230\u6211\u7684\u4e66\u7684\uff1f"}, {"userName": "4399\u4f59\u7a7a", "userReviewDate": "2018-06-03", "userURL": "http://user.17k.com/44578600", "userReview": "\u52a0\u6cb9\uff01\u6211\u4f1a\u7b49\u7740\u4f60\u56de\u5f52\u7684\uff01"}, {"userName": "17K\u4e66\u53cbfq3ijzb3", "userReviewDate": "2018-05-18", "userURL": "http://user.17k.com/61879172", "userReview": "\u542c\u8bf4\u8981\u6539\u5267\u60c5\u4e86\uff1f\uff01\u8ba9\u6211\u622a\u4e2a\u56fe\u5148....\u6055\u6211\u76f4\u8a00\u542f\u61c2\u5927\u5927\uff0c\u4f60\u5199\u6587\u7ae0\u53ef\u4ee5\u7684"}, {"userName": "4399\u4f59\u7a7a", "userReviewDate": "2018-02-21", "userURL": "http://user.17k.com/44578600", "userReview": "\u5750\u7b49\u4f5c\u8005\u56de\u5f52\uff0c\u987a\u4fbf\u5ba3\u4f20\u4e00\u4e0b\u6211\u7684\u4f5c\u54c1\uff1a<a target='_blank' href='http://www.17k.com/book/1808950.html'>\u300a\u8d5b\u5c14\u53f7\u4e4b\u5e03\u83b1\u514b\u7684\u521d\u604b\u300b</a>"}, {"userName": "\u5b89\u5fc3\ue345 &#55356;&#57201;", "userReviewDate": "2018-01-22", "userURL": "http://user.17k.com/59536803", "userReview": "\u542f\u61c2\u5927\u5927\uff0c\u6c42\u66f4\u65b0"}, {"userName": "\u5b89\u5fc3\ue345 &#55356;&#57201;", "userReviewDate": "2018-01-21", "userURL": "http://user.17k.com/59536803", "userReview": "\u4f5c\u8005\u4f60\u5fae\u4fe1\u53f7\u591a\u5c11\uff1f"}, {"userName": "\u68a8\u843d\u6b8b\u6708", "userReviewDate": "2017-09-02", "userURL": "http://user.17k.com/44930944", "userReview": "\u5c0f\u542f\u4f60\u8fd9"}, {"userName": "4399\u4f59\u7a7a", "userReviewDate": "2017-09-01", "userURL": "http://user.17k.com/44578600", "userReview": "\u8fd9\u2026\u2026\u8fd9\u5267\u60c5\u53d1\u5c55\u7684\u6709\u4e9b\u5feb\u4e86\u5427\uff1f\uff08\u4f5c\u8005\u4f60\u61c2\u5f97\uff01\uff09"}, {"userName": "\u542f\u61c2", "userReviewDate": "2017-09-01", "userURL": "http://user.17k.com/44776688", "userReview": "\u539f\u8c05\u6211\u5728\u66f4\u5b8c\u4e03\u5915\u756a\u5916\u540e\u4e0d\u539a\u9053\u7684\u7b11\u4e86\u3010\u6ed1\u7a3d\u3011"}, {"userName": "4399\u4f59\u7a7a", "userReviewDate": "2017-08-31", "userURL": "http://user.17k.com/44578600", "userReview": "\u4f5c\u8005\uff0c\u5176\u5b9e\u4f60\u53ef\u4ee5\u5199\u5927\u7ed3\u5c40\u4e86\uff01\u8fd8\u6709\uff0c\u987a\u4fbf\u95ee\u4e0b\uff0c\u4f5c\u8005\u5927\u5927\u662f\u5b66\u6e23\u8fd8\u662f\u5b66\u9738\uff1f"}, {"userName": "Len\u6b7b\u5fe0\u7c89", "userReviewDate": "2017-08-21", "userURL": "http://user.17k.com/49500127", "userReview": "\u9ed8\u9ed8\u50ac\u4e2a\u66f4\uff0c\u542f\u61c2SAMA\u52a0\u6cb9\uff5e"}, {"userName": "\u6708\u4e0b\u4e3e\u676f\u6c42\u72ec\u9189", "userReviewDate": "2017-08-19", "userURL": "http://user.17k.com/52540086", "userReview": "\u52a0\u6cb9"}, {"userName": "\u5b64\u6d77\u4e4b\u98ce", "userReviewDate": "2017-08-17", "userURL": "http://user.17k.com/41601844", "userReview": "\u7ea2\u7ea2\u706b\u706b\u604d\u604d\u60da\u60da\u6211\u6765\u5236\u4f5c\u4e00\u4e2a\u8822\u542f\u6c14\u7403\u3010\u8f6c\u5708\u5708\u3011"}, {"userName": "\u68a8\u843d\u6b8b\u6708", "userReviewDate": "2017-08-15", "userURL": "http://user.17k.com/44930944", "userReview": "\u5c0f\u542f\u6211\u8be5\u600e\u4e48\u8bf4\u4f60"}, {"userName": "4399\u4f59\u7a7a", "userReviewDate": "2017-08-15", "userURL": "http://user.17k.com/44578600", "userReview": "\u6211\u89c9\u5f97\u6218\u795e\u8054\u76df\u7684\u5b58\u5728\u611f\u592a\u4f4e\u4e86"}, {"userName": "\u9b54\u4e45", "userReviewDate": "2017-08-11", "userURL": "http://user.17k.com/44663613", "userReview": "\u542f\u61c2\u9171(\u0e51\u0150\u0bf0\u0150\u0e51)"}, {"userName": "\u604b\u7231\u5984\u60f3\u75c7\u60a3\u8005", "userReviewDate": "2017-08-11", "userURL": "http://user.17k.com/45858905", "userReview": "\u8868\u793a\u662f\u770b\u5230\u4f5c\u8005\u5934\u50cf\u540e\u5165\u5751\u7684\u2026\u2026\u4f5c\u8005\u5927\u5927\u8fd9\u4e48\u79f0\u547c\u54c7\uff1f"}, {"userName": "\u5f26\u6708\u957f\u6b4c", "userReviewDate": "2017-08-06", "userURL": "http://user.17k.com/44120887", "userReview": "good,\u7ee7\u7eed(\u0e05&gt;\u03c9&lt;*\u0e05)"}, {"userName": "Lucg\u51b7\u7075\u5e7d\u6676", "userReviewDate": "2017-07-07", "userURL": "http://user.17k.com/56002510", "userReview": "\u52a0\u6cb9\uff0c\u5e0c\u671b\u80fd\u770b\u770b\u6211\u5199\u7684\u4e66\u3002"}, {"userName": "\u68a8\u843d\u6b8b\u6708", "userReviewDate": "2017-07-06", "userURL": "http://user.17k.com/44930944", "userReview": "\u5927\u5927\u7684\u6587\u597d\u68d2\uff08\u600e\u4e48\u79f0\u547c\uff09\u672c\u6765\u6253\u7b97\u6f5c\u6c34\u7684\uff0c\u7ed3\u679c\u5927\u5927\u7684\u6587\u592a\u597d\u4e86\uff0c\u88ab\u70b8\u51fa\u6765\u4e86\u3002"}], "description": "\u79cb\u98ce\u6e05\uff0c\u79cb\u6708\u660e\uff0c\u3000\u3000\u843d\u53f6\u805a\u8fd8\u6563\uff0c\u5bd2\u9e26\u6816\u590d\u60ca\u3002\u3000\u3000\u76f8\u601d\u76f8\u89c1\u77e5\u4f55\u65e5\uff1f\u6b64\u65f6\u6b64\u591c\u96be\u4e3a\u60c5\uff01\u3000\u3000\u5165\u6211\u76f8\u601d\u95e8\uff0c\u77e5\u6211\u76f8\u601d\u82e6\uff0c\u3000\u3000\u957f\u76f8\u601d\u516e\u957f\u76f8\u5fc6\uff0c\u77ed\u76f8\u601d\u516e\u65e0\u7a77\u6781\uff0c\u3000\u3000\u65e9\u77e5\u5982\u6b64\u7eca\u4eba\u5fc3\uff0c\u4f55\u5982\u5f53\u521d\u83ab\u76f8\u8bc6\u3002\u3000\u3000\u3010PS\uff1a\u679c\u7136\u8fd8\u662f\u4e0a\u7f51\u627e\u73b0\u6210\u7684\u8bd7\u65b9\u4fbf\uff0c\u81ea\u5df1\u60f3\u7b80\u4ecb\u4ec0\u4e48\u7684\u5b9e\u5728\u662f\u592a\u9ebb\u70e6\u4e86\u3011", "title": "\u5149\u660e\u5b88\u62a4\u8005\u7684\u5438\u8840\u9b3c\u516c\u4e3b", "url": "http://www.17k.com/book/1631392.html", "average": -1.0, "cover": "http://img.17k.com/images/bookcover/2016/8156/40/1631392-1462534342000.jpg", "reviews": 44920, "authors": [{"url": "http://www.17k.com/zuozhe/44776688", "name": "\u6ca1\u4eba\u8ba4\u9886\u7684\u6d41\u6d6a\u732b"}], "type": ["\u7075\u5f02\u60ac\u7591"], "outlinks": ["http://www.17k.com/book/2794982.html", "http://www.17k.com/book/2801292.html", "http://www.17k.com/book/2816318.html", "http://www.17k.com/book/2797575.html", "http://www.17k.com/book/2802516.html", "http://www.17k.com/book/2812195.html", "http://www.17k.com/book/2820143.html", "http://www.17k.com/book/2807943.html", "http://www.17k.com/book/2813457.html", "http://www.17k.com/book/2798058.html", "http://www.17k.com/book/2815617.html", "http://www.17k.com/book/2805259.html", "http://www.17k.com/book/2760255.html", "http://www.17k.com/book/2686894.html", "http://www.17k.com/book/2797016.html", "http://www.17k.com/book/2767246.html", "http://www.17k.com/book/2764239.html", "http://www.17k.com/book/2754498.html", "http://www.17k.com/book/2754900.html", "http://www.17k.com/book/2625740.html", "http://www.17k.com/book/2213315.html", "http://www.17k.com/book/2402178.html", "http://www.17k.com/book/2691221.html", "http://www.17k.com/book/2210699.html", "http://www.17k.com/book/1797752.html", "http://www.17k.com/book/2575507.html", "http://www.17k.com/book/2705181.html", "http://www.17k.com/book/2702539.html", "http://www.17k.com/book/2474887.html", "http://www.17k.com/book/2674733.html", "http://www.17k.com/book/2822076.html", "http://www.17k.com/book/2809894.html", "http://www.17k.com/book/2822077.html", "http://www.17k.com/book/2811930.html", "http://www.17k.com/book/2815548.html", "http://www.17k.com/book/2819620.html", "http://www.17k.com/book/2809964.html", "http://www.17k.com/book/2808200.html", "http://www.17k.com/book/2820100.html", "http://www.17k.com/book/2822978.html", "http://www.17k.com/book/2804337.html", "http://www.17k.com/book/2798814.html", "http://www.17k.com/book/2785153.html", "http://www.17k.com/book/2731559.html", "http://www.17k.com/book/2722533.html", "http://www.17k.com/book/2458377.html", "http://www.17k.com/book/2743300.html", "http://www.17k.com/book/973809.html", "http://www.17k.com/book/2651367.html", "http://www.17k.com/book/2726194.html", "http://www.17k.com/book/2790214.html", "http://www.17k.com/book/493239.html", "http://www.17k.com/book/108821.html", "http://www.17k.com/book/1398783.html", "http://www.17k.com/book/83528.html", "http://www.17k.com/book/1859126.html", "http://www.17k.com/book/1741975.html", "http://www.17k.com/book/192453.html", "http://www.17k.com/book/2459058.html", "http://www.17k.com/book/1050747.html", "http://www.17k.com/book/2700315.html", "http://www.17k.com/book/2818940.html", "http://www.17k.com/book/2819519.html", "http://www.17k.com/book/2816390.html", "http://www.17k.com/book/2819588.html", "http://www.17k.com/book/2813768.html", "http://www.17k.com/book/2822406.html", "http://www.17k.com/book/2772164.html", "http://www.17k.com/book/2784023.html", "http://www.17k.com/book/2811877.html", "http://www.17k.com/book/2809119.html", "http://www.17k.com/book/2803700.html", "http://www.17k.com/book/2819561.html", "http://www.17k.com/book/2746506.html", "http://www.17k.com/book/2811836.html", "http://www.17k.com/book/2614810.html", "http://www.17k.com/book/1592435.html", "http://www.17k.com/book/1949748.html", "http://www.17k.com/book/2265802.html", "http://www.17k.com/book/2743240.html", "http://www.17k.com/book/2657437.html", "http://www.17k.com/book/2644502.html", "http://www.17k.com/book/2199900.html", "http://www.17k.com/book/2725436.html", "http://www.17k.com/book/2629978.html"]}