{"ratings": -1, "userreviews": [{"userName": "\u5b8c\u8fbe", "userReviewDate": "2018-06-06", "userURL": "http://user.17k.com/55479928", "userReview": "<span style='color:red'>\u8d5e\u8d5e\u8d5e\u8d5e\u8d5e\u8d5e\u8d5e\u8d5e\u8d5e\u8d5e</span>"}, {"userName": "\u79e6\u6e2d\u738b\u5dc5", "userReviewDate": "2018-05-24", "userURL": "http://user.17k.com/54096684", "userReview": "<img src='http://img.17k.com/images/face/103ai.gif' /><img src='http://img.17k.com/images/face/103ai.gif' /><img src='http://img.17k.com/images/face/103ai.gif' /><img src='http://img.17k.com/images/face/103ai.gif' /><img src='http://img.17k.com/images/face/103ai.gif' /><img src='http://img.17k.com/images/face/103ai.gif' /><img src='http://img.17k.com/images/face/103ai.gif' /><img src='http://img.17k.com/images/face/103ai.gif' /><img src='http://img.17k.com/images/face/103ai.gif' /><img src='http://img.17k.com/images/face/103ai.gif' />"}, {"userName": "\u795d\u592a\u5e73", "userReviewDate": "2018-05-23", "userURL": "http://user.17k.com/55479925", "userReview": "\u8d85\u7ea7\u70b9\u8d5e\uff01\u795e\u4f5c\uff01"}, {"userName": "\u5357\u6d77\u4e4b\u9e70", "userReviewDate": "2018-05-06", "userURL": "http://user.17k.com/45647039", "userReview": "<img src='http://img.17k.com/images/face/203din.gif' /><img src='http://img.17k.com/images/face/208sz.gif' /><img src='http://img.17k.com/images/face/206gb.gif' /><img src='http://img.17k.com/images/face/209xh.gif' /><img src='http://img.17k.com/images/face/103ai.gif' />"}, {"userName": "\u79e6\u6e2d\u738b\u5dc5", "userReviewDate": "2018-04-05", "userURL": "http://user.17k.com/54096684", "userReview": "<img src='http://img.17k.com/images/face/103ai.gif' /><img src='http://img.17k.com/images/face/103ai.gif' /><img src='http://img.17k.com/images/face/103ai.gif' />"}, {"userName": "\u96f7\u540c\u4e07\u94a7", "userReviewDate": "2018-03-30", "userURL": "http://user.17k.com/55473934", "userReview": "<span style='color:red'>\u8d5e\u8d5e\u8d5e\u8d5e\u8d5e\u8d5e\u8d5e\u8d5e\u8d5e\u8d5e</span>"}, {"userName": "\u96f7\u540c\u4e07\u94a7", "userReviewDate": "2018-03-30", "userURL": "http://user.17k.com/55473934", "userReview": "&#55357;&#56397;&#55357;&#56397;&#55357;&#56397;&#55357;&#56397;&#55357;&#56397;&#55357;&#56397;&#55357;&#56397;&#55357;&#56397;&#55357;&#56397;&#55357;&#56397;"}, {"userName": "\u68a6\u7121\u56de", "userReviewDate": "2017-12-04", "userURL": "http://user.17k.com/33470395", "userReview": "<a target='_blank' href='http://www.17k.com/book/2714919.html'>\u300a\u50b2\u7b11\u5f52\u5143\u300b</a>\u6765\u8bbf"}, {"userName": "\u98de\u96ea\u4e71\u6e05\u98ce", "userReviewDate": "2017-11-30", "userURL": "http://user.17k.com/45159154", "userReview": "<a target='_blank' href='http://www.17k.com/book/2677053.html'>\u300a\u9b54\u5984\u300b</a>\u6765\u8bbf\uff0c\u83ab\u653e\u5f03\uff0c\u5171\u52c9"}, {"userName": "\u5403\u4e0d\u5230\u7684\u8349\u8393", "userReviewDate": "2017-11-29", "userURL": "http://user.17k.com/58615293", "userReview": "\u6240\u4ee5\u8fd8\u66f4\u65b0\u5417\u3002\u3002"}, {"userName": "\u5bfb\u6708\u5728\u54ea", "userReviewDate": "2017-10-19", "userURL": "http://user.17k.com/57781103", "userReview": "<a target='_blank' href='http://www.17k.com/book/2683754.html'>\u300a\u8f6e\u56de\u7684\u75f4\u50bb\u6218\u795e\u300b</a>\u524d\u6765\u62dc\u8bbf\u3002\u8bf7\u591a\u591a\u652f\u6301\uff0c\u4e00\u8d77\u52a0\u6cb9\u3002\u5df2\u6536\u85cf\u3002"}, {"userName": "\u7ea2\u5c18a", "userReviewDate": "2017-10-17", "userURL": "http://user.17k.com/57639087", "userReview": "\u7ea2\u5c18\u643a\u65b0\u4f5c<a target='_blank' href='http://www.17k.com/book/2683049.html'>\u300a\u6052\u5e1d\u4f20\u8bf4\u300b</a>\u6765\u8bbf\uff0c\u795d\u5927\u5927\u5c0f\u8bf4\u8d8a\u6765\u8d8a\u7ea2\u706b\uff01\u4e5f\u5e0c\u671b\u5927\u5927\u4e0e\u60a8\u7684\u5c0f\u7c89\u4eec\u80fd\u53bb\u770b\u770b\u6211\u7684\u8fd9\u7bc7\u5c0f\u8bf4\uff0c\u6307\u51fa\u4e0d\u8db3\u4e4b\u5904\u3002\u5728\u6b64\uff0c\u7ea2\u5c18\u611f\u6fc0\u4e0d\u5c3d\uff01\uff01"}, {"userName": "\u5c0f\u5c0f\u6d63\u718a5", "userReviewDate": "2017-10-15", "userURL": "http://user.17k.com/57890333", "userReview": "<a target='_blank' href='http://www.17k.com/book/2689091.html'>\u300a\u5bfb\u4fa0\u610f\u300b</a>\u606d\u795d\u672c\u4e66\u5927\u706b\uff0c\u4e5f\u8bf7\u5404\u4f4d\u652f\u6301\u4e00\u4e0b\u6211\u7684\u4f5c\u54c1\uff0c\u6c42\u6536\u85cf\u6c42\u8bc4\u4ef7\uff01\uff01"}, {"userName": "\u738b\u7f07\u6b22", "userReviewDate": "2017-10-03", "userURL": "http://user.17k.com/56361630", "userReview": "<a target='_blank' href='http://www.17k.com/book/2579759.html'>\u300a\u6b64\u5983\u4e43\u67ad\u96c4\u300b</a>\u795d\u5927\u5927\u9e4f\u7a0b\u4e07\u91cc\uff0c\u7ea2\u5305\u591a\u591a\uff0c\u6c42\u6536\u85cf\uff0c\u70b9\u51fb\u54c8~"}, {"userName": "\u4f60\u7684\u8868\u60c5\u662f\u6211\u65e0\u6cd5\u53c2\u900f\u7684", "userReviewDate": "2017-10-02", "userURL": "http://user.17k.com/57590983", "userReview": "\u5199\u5f97\u5f88\u7cbe\u5f69\uff0c<a target='_blank' href='http://www.17k.com/book/2669895.html'>\u300a\u9010\u4ed9\u4e4b\u8703\u697c\u4ed9\u8e2a\u300b</a>\u6765\u8bbf\uff0c\u53cc\u8282\u5feb\u4e50"}, {"userName": "\u9999\u5982\u5170", "userReviewDate": "2017-09-07", "userURL": "http://user.17k.com/55473915", "userReview": "\u832b\u832b\u5927\u96fe\u4f9d\u65e7\u6d53\u90c1\uff0c\u745f\u745f\u79cb\u98ce\u4f9d\u65e7\u51db\u51bd\u3002\u5761\u4e0a\u7684\u6811\u679d\uff0c\u4ecd\u65e7\u5728\u90a3\u91cc\u98a4\u52a8\uff0c\u4eff\u4f5b\u8fd9\u91cc\u4ec0\u4e48\u90fd\u6ca1\u6709\u53d1\u751f\u8fc7\u3002"}, {"userName": "\u9999\u5982\u5170", "userReviewDate": "2017-09-07", "userURL": "http://user.17k.com/55473915", "userReview": "\u524d\u65b9\u8ff7\u96fe\u91cd\u91cd...... &nbsp;\u768e\u6d01\u7684\u6708\u5149\u7167\u6620\u5728\u4e1c\u6797\u5761\u4e0a\u3002\u79cb\u98ce\u8427\u745f\uff0c\u4e00\u65c1\u7684\u679d\u53f6\u7c0c\u7c0c\u4f5c\u54cd\u3002"}, {"userName": "\u53f6\u843d\u5b50\u75d5", "userReviewDate": "2017-05-18", "userURL": "http://user.17k.com/33080428", "userReview": "<a target='_blank' href='http://www.17k.com/book/2452410.html'>\u300a\u4e03\u4ed9\u5251\u4f20\u300b</a>\u524d\u6765\uff0c\u9001\u82b1\uff01\u652f\u6301\uff01"}, {"userName": "6zK02tV20G2Fg23r", "userReviewDate": "2017-03-22", "userURL": "http://user.17k.com/54248478", "userReview": "\u65b0\u4eba\u9648\u5c0f\u72d7\u643a<a target='_blank' href='http://www.17k.com/book/2433622.html'>\u300a\u7f8e\u4eba\u7b97\u5b50\u68cb\u901a\u5929\u300b</a>\u6765\u8bbf\uff0c\u4e0d\u4f1a\u5ba3\u4f20\uff0c\u7ed9\u5927\u5bb6\u62dc\u4e2a\u65e9\u5e74\uff0c\u6b22\u8fce\u9605\u8bfb\u6b22\u8fce\u6279\u8bc4\u3002"}, {"userName": "\u591c\u4e2d\u7684\u5b81\u9759", "userReviewDate": "2017-03-17", "userURL": "http://user.17k.com/54036370", "userReview": "<span style='color:black'>\u65b0\u4e66\u300a\u300a<a target='_blank' href='http://www.17k.com/book/2427791.html'>\u300a\u67aa\u4e2d\u795e\u738b\u300b</a>\u300b\u300b\u6765\u8bbf\uff0c\u6c42\u7ed9\u70b9\u51fb\uff0c\u9c9c\u82b1~~~\u8c22\u8c22\u4e86</span>"}], "description": "\u695a\u95e8\u4e94\u516c\u5b50\u695a\u5e84\u4e91\u56e0\u7956\u4f20\u5149\u65e5\u8f89\u6708\u7bab\u800c\u906d\u5230\u5404\u5927\u95e8\u6d3e\u88ad\u51fb\u62a2\u593a\u3002\u7531\u4e8e\u4f20\u8bf4\u7bab\u4e2d\u85cf\u6709\u7edd\u4e16\u5175\u5668\u56fe\u8c31\uff0c\u5404\u5927\u95e8\u6d3e\u638c\u95e8\u4eba\u5bf9\u6b64\u7aa5\u89d1\u56fe\u8c31\uff0c\u90fd\u53d1\u8a93\u5c06\u5149\u65e5\u8f89\u6708\u7bab\u62a2\u593a\u8fc7\u6765\u3002\u970e\u65f6\u95f4\uff0c\u6c5f\u6e56\u4e0a\u53c8\u6380\u8d77\u4e86\u4e00\u573a\u8165\u98ce\u8840\u96e8\uff0c\u660e\u4e89\u6697\u6597\uff0c\u4f60\u593a\u6211\u62a2......\u3000\u3000\u695a\u5e84\u4e91\u5c06\u5982\u4f55\u5728\u8fd9\u5200\u5149\u5251\u5f71\uff0c\u4eba\u5fc3\u96be\u6d4b\u7684\u6c5f\u6e56\u4e2d\u751f\u5b58\u4e0b\u53bb\u3002\u4fa0\u8005\u5982\u98ce\uff0c\u738b\u8005\u5982\u5c71\uff0c\u738b\u4faf\u5c06\u76f8\u7686\u662f\u8fc7\u773c\u4e91\u70df\uff0c\u72ec\u7559\u4e00\u6bb5\u8361\u6c14\u56de\u80a0\u7684\u4fa0\u8005\u4f20\u8bf4......", "title": "\u5149\u65e5\u8f89\u6708\u7bab", "url": "http://www.17k.com/book/1289414.html", "average": -1.0, "cover": "http://img.17k.com/images/bookcover/2017/6447/32/1289414-1514618039000.jpg", "reviews": 1811034, "authors": [{"url": "http://www.17k.com/zuozhe/41911558", "name": "\u4fa0\u9aa8\u6e05\u98ce"}], "type": ["\u4f20\u7edf\u6b66\u4fa0"], "outlinks": ["http://www.17k.com/book/2794982.html", "http://www.17k.com/book/2801292.html", "http://www.17k.com/book/2816318.html", "http://www.17k.com/book/2797575.html", "http://www.17k.com/book/2802516.html", "http://www.17k.com/book/2812195.html", "http://www.17k.com/book/2820143.html", "http://www.17k.com/book/2807943.html", "http://www.17k.com/book/2813457.html", "http://www.17k.com/book/2798058.html", "http://www.17k.com/book/2815617.html", "http://www.17k.com/book/2805259.html", "http://www.17k.com/book/2760255.html", "http://www.17k.com/book/2686894.html", "http://www.17k.com/book/2797016.html", "http://www.17k.com/book/2767246.html", "http://www.17k.com/book/2764239.html", "http://www.17k.com/book/2754498.html", "http://www.17k.com/book/2754900.html", "http://www.17k.com/book/2625740.html", "http://www.17k.com/book/2213315.html", "http://www.17k.com/book/2402178.html", "http://www.17k.com/book/2691221.html", "http://www.17k.com/book/2210699.html", "http://www.17k.com/book/1797752.html", "http://www.17k.com/book/2575507.html", "http://www.17k.com/book/2705181.html", "http://www.17k.com/book/2702539.html", "http://www.17k.com/book/2474887.html", "http://www.17k.com/book/2674733.html", "http://www.17k.com/book/2822076.html", "http://www.17k.com/book/2809894.html", "http://www.17k.com/book/2822077.html", "http://www.17k.com/book/2811930.html", "http://www.17k.com/book/2815548.html", "http://www.17k.com/book/2819620.html", "http://www.17k.com/book/2809964.html", "http://www.17k.com/book/2808200.html", "http://www.17k.com/book/2820100.html", "http://www.17k.com/book/2822978.html", "http://www.17k.com/book/2804337.html", "http://www.17k.com/book/2798814.html", "http://www.17k.com/book/2785153.html", "http://www.17k.com/book/2731559.html", "http://www.17k.com/book/2722533.html", "http://www.17k.com/book/2458377.html", "http://www.17k.com/book/2743300.html", "http://www.17k.com/book/973809.html", "http://www.17k.com/book/2651367.html", "http://www.17k.com/book/2726194.html", "http://www.17k.com/book/2790214.html", "http://www.17k.com/book/493239.html", "http://www.17k.com/book/108821.html", "http://www.17k.com/book/1398783.html", "http://www.17k.com/book/83528.html", "http://www.17k.com/book/1859126.html", "http://www.17k.com/book/1741975.html", "http://www.17k.com/book/192453.html", "http://www.17k.com/book/2459058.html", "http://www.17k.com/book/1050747.html", "http://www.17k.com/book/2700315.html", "http://www.17k.com/book/2818940.html", "http://www.17k.com/book/2819519.html", "http://www.17k.com/book/2816390.html", "http://www.17k.com/book/2819588.html", "http://www.17k.com/book/2813768.html", "http://www.17k.com/book/2822406.html", "http://www.17k.com/book/2772164.html", "http://www.17k.com/book/2784023.html", "http://www.17k.com/book/2811877.html", "http://www.17k.com/book/2809119.html", "http://www.17k.com/book/2803700.html", "http://www.17k.com/book/2819561.html", "http://www.17k.com/book/2746506.html", "http://www.17k.com/book/2811836.html", "http://www.17k.com/book/2614810.html", "http://www.17k.com/book/1592435.html", "http://www.17k.com/book/1949748.html", "http://www.17k.com/book/2265802.html", "http://www.17k.com/book/2743240.html", "http://www.17k.com/book/2657437.html", "http://www.17k.com/book/2644502.html", "http://www.17k.com/book/2199900.html", "http://www.17k.com/book/2725436.html", "http://www.17k.com/book/2629978.html"]}