{"ratings": -1, "userreviews": [{"userName": "\u96f7\u6587.D.\u7ef4\u514b\u8428\u65af", "userReviewDate": "2018-01-10", "userURL": "http://user.17k.com/15762525", "userReview": "<a target='_blank' href='http://www.17k.com/book/1601780.html'>\u300a\u505a\u5076\u50cf\u548c\u4fee\u771f\u54ea\u4e2a\u96be\u300b</a><a target='_blank' href='http://www.17k.com/book/781823.html'>\u300a\u5384\u96f7\u4f20\u300b</a><a target='_blank' href='http://www.17k.com/book/2521381.html'>\u300a\u82cd\u751f\u6218\u56fe\u300b</a><a target='_blank' href='http://www.17k.com/book/2743655.html'>\u300a\u9f99\u8840\u795e\u5175\u300b</a><a target='_blank' href='http://www.17k.com/book/597393.html'>\u300a\u6df7\u6c8c\u6398\u9014\u300b</a><a target='_blank' href='http://www.17k.com/book/440568.html'>\u300a\u6b66\u4e34\u4e5d\u5929\u300b</a><a target='_blank' href='http://www.17k.com/book/799861.html'>\u300a\u8352\u5929\u52ab\u300b</a><a target='_blank' href='http://www.17k.com/book/479178.html'>\u300a\u7834\u68a6\u8005\u300b</a><a target='_blank' href='http://www.17k.com/book/624715.html'>\u300a\u4e00\u5343\u5e74\u540e\u7684\u4fee\u771f\u300b</a><a target='_blank' href='http://www.17k.com/book/412920.html'>\u300a\u6f5c\u9f99\u6b66\u5e05\u300b</a><a target='_blank' href='http://www.17k.com/book/343291.html'>\u300a\u7d2b\u7389\u4e5d\u5f52\u8bb0\u300b</a><a target='_blank' href='http://www.17k.com/book/709695.html'>\u300a\u72ec\u5ba0\u62fd\u5983\u300b</a><a target='_blank' href='http://www.17k.com/book/706173.html'>\u300a\u503e\u754c\u97f6\u534e\u300b</a><a target='_blank' href='http://www.17k.com/book/805896.html'>\u300a\u547d\u5b88\u300b</a>"}, {"userName": "\u4e8c\u5341\u516b\u91d1", "userReviewDate": "2015-03-16", "userURL": "http://user.17k.com/14132266", "userReview": "<span style='color:red'>\u706b\u8fa3\u8fa3\u7684\u5e7f\u544a\u6211\u6765\u4e86\u3002\u65b0\u4e66<a target='_blank' href='http://www.17k.com/book/1164612.html'>\u300a\u672b\u6b66\u98ce\u66b4\u300b</a>\uff0c\u5fb7\u6587\u54e5\uff0c\u7ed9\u4ffa\u4e2a\u52a0\u7cbe\u7f6e\u9876\u554a\uff0c\u8fd9\u6b21\u4e0d\u73a9\u865a\u7684\u4e86\uff0c\u5df2\u7ecf\u7b7e\u7ea6\uff0c\u4e0d\u4ec5\u4fdd\u8bc1\u5b8c\u672c\uff0c\u8fd8\u4fdd\u8bc1\u6709\u6599\uff01<img src='http://img.17k.com/images/face/203din.gif' /></span>"}, {"userName": "\u6697\u706d\u7cbe\u7075", "userReviewDate": "2014-07-23", "userURL": "http://user.17k.com/7000621", "userReview": "\u60a8\u597d\uff0c\u6211\u662f17k\u5947\u5e7b\u9891\u9053\u7f51\u7f16\u6697\u706d\u7cbe\u7075\uff0c\u606d\u559c<a target='_blank' href='http://www.17k.com/book/590918.html'>\u300a\u5149\u7075\u884c\u4f20\u300b</a>\u83b7\u5f97\u5947\u5e7b\u9891\u9053\u9875\u9996\u5c4f\u7126\u70b9\u5927\u56fe\u201c\u4e0a\u5468\u6700\u4f73\u201d\u63a8\u8350\u3002\u63a8\u8350\u662f\u5bf9\u4f5c\u8005\u52aa\u529b\u7684\u4e00\u79cd\u80af\u5b9a\uff0c\u671f\u5f85\u4f5c\u8005\u5728\u4eca\u540e\u7684\u521b\u4f5c\u8fc7\u7a0b\u4e2d\u518d\u63a5\u518d\u5389\u4ee5\u751f\u82b1\u5999\u7b14\u5199\u51fa\u65e0\u9650\u7cbe\u5f69\u3002\u7cbe\u7075\u795d\u60a8\u521b\u4f5c\u6109\u5feb\uff01\u5947\u5e7b\u9891\u9053\u9875\u9762\u94fe\u63a5\uff1ahttp://www.17k.com/qihuan/"}, {"userName": "\u5e1d\u795e\u711a\u5929", "userReviewDate": "2014-06-10", "userURL": "http://user.17k.com/17169065", "userReview": "<span style='color:blue'>--------!!!!!!!\u5e7f\u544a\u697c!!!!!!!---------- \u65e7\u5e7f\u544a\u697c\u5792\u592a\u9ad8\uff0c \u663e\u793a\u4e0d\u6b63\u5e38\u4e86\u3002 \u66ffMTY\u91cd\u65b0\u5efa\u4e00\u4e2a\u5e7f\u544a\u697c\u3002 \u5e7f\u544a\u697c\u4ee5\u5916\u7684\u5e7f\u544a\u4e0d\u4ec5\u4e0d\u8350\uff0c\u8fd8\u4f1a\u5220\uff08\u9001\u4e86\u793c\u7684\u9664\u5916\uff09\uff0c\u8bf7\u5404\u4f4d\u5927\u5927\u8fdb\u5e7f\u544a\u697c\u91cc\u6765\u5427\uff0c\u8c22\u8c22\uff01</span>"}, {"userName": "K\u5c0f\u5f00", "userReviewDate": "2018-05-13", "userURL": "http://user.17k.com/58509881", "userReview": "\u4eca\u5929\u6bcd\u4eb2\u8282\uff0c\u5f00\u9633\u5728\u6b64\u795d\u613f\uff0c\u5929\u4e0b\u7684\u6bcd\u4eb2\u5065\u5eb7\u5409\u7965\uff01\u795d\u613f\u5927\u5927\u7684\u6bcd\u4eb2\u5927\u4eba\uff0c\u559c\u4e50\u5b89\u5eb7\uff01\u5927\u5927\u5982\u679c\u95f2\u6687\uff0c\u56de\u5934\u6307\u70b9\u4e00\u4e8c\uff0c\u611f\u6fc0\u4e0d\u5c3d\uff01"}, {"userName": "\u7565\u663e\u9634\u6697", "userReviewDate": "2018-05-08", "userURL": "http://user.17k.com/38600698", "userReview": "\u4e00\u76f4\u5728\u60f3\uff0c\u4e1c\u65b9\u7384\u5e7b\u4e0e\u897f\u65b9\u5947\u5e7b\u7684\u672c\u8d28\u4e0a\u7684\u533a\u522b\u662f\u4ec0\u4e48"}, {"userName": "\u5723\u9690\u5e1d\u5143", "userReviewDate": "2018-04-30", "userURL": "http://user.17k.com/57760595", "userReview": "\u7b7e\u5230\u652f\u6301"}, {"userName": "\u73af\u73af\u4e00\u8885\u695a\u5bab\u8170", "userReviewDate": "2018-04-27", "userURL": "http://user.17k.com/59811233", "userReview": "\u65e9\u4e0a\u597d\uff01\u73af\u73af\u6765\u4e86\uff0c\u9a6c\u4e0a\u5c31\u8981\u653e\u5047\u4e86\u54df\uff01"}, {"userName": "\u68b5\u54ee\u5929", "userReviewDate": "2018-04-26", "userURL": "http://user.17k.com/33570922", "userReview": "<img src='http://img.17k.com/images/face/108zz.gif' />"}, {"userName": "\u73af\u73af\u4e00\u8885\u695a\u5bab\u8170", "userReviewDate": "2018-04-25", "userURL": "http://user.17k.com/59811233", "userReview": "\u65e9\u4e0a\u597d\uff0c\u73af\u73af\u6765\u4e86\uff01"}, {"userName": "\u73af\u73af\u4e00\u8885\u695a\u5bab\u8170", "userReviewDate": "2018-04-24", "userURL": "http://user.17k.com/59811233", "userReview": "\u5348\u597d\uff0c\u73af\u73af\u6765\u5b66\u4e60\uff01"}, {"userName": "\u5723\u9690\u5e1d\u5143", "userReviewDate": "2018-04-22", "userURL": "http://user.17k.com/57760595", "userReview": "\u7b7e\u5230\u652f\u6301"}, {"userName": "\u73af\u73af\u4e00\u8885\u695a\u5bab\u8170", "userReviewDate": "2018-04-19", "userURL": "http://user.17k.com/59811233", "userReview": "\u96f7\u6587D\u7ef4\u514b\u8428\u65af\uff0c\u4e2d\u5348\u597d"}, {"userName": "\u94b4\u7bee", "userReviewDate": "2018-04-02", "userURL": "http://user.17k.com/33377363", "userReview": "<span style='color:blue'>\u597d\u4e45\u4e0d\u89c1</span>"}, {"userName": "\u5723\u9690\u5e1d\u5143", "userReviewDate": "2018-03-24", "userURL": "http://user.17k.com/57760595", "userReview": "\u7b7e\u5230\u652f\u6301"}, {"userName": "\u94b4\u7bee", "userReviewDate": "2018-03-19", "userURL": "http://user.17k.com/33377363", "userReview": "<span style='color:blue'>\u6700\u8fd1\u53ef\u597d\uff0c\u52a0\u6cb9~</span>"}, {"userName": "\u8bf8\u845b\u71d5\u4e66", "userReviewDate": "2018-03-18", "userURL": "http://user.17k.com/54287471", "userReview": "\u6536\u85cf\u4e86\uff0c\u4e00\u8d77\u52a0\u6cb9\uff01"}, {"userName": "\u6218\u56fd\u6cd5\u5e08", "userReviewDate": "2018-03-07", "userURL": "http://user.17k.com/37761806", "userReview": "\u5443"}, {"userName": "\u94b4\u7bee", "userReviewDate": "2018-03-04", "userURL": "http://user.17k.com/33377363", "userReview": "<span style='color:blue'>\u65e0\u804a\u7684\u65e5\u5b50\u2026\u2026</span>"}, {"userName": "\u91d1\u8bc1\u5940", "userReviewDate": "2018-02-28", "userURL": "http://user.17k.com/35867350", "userReview": "\u65b0\u5e74\u5feb\u4e50, \u96f7\u5927\u52a0\u6cb9\uff01"}], "description": "\u6ca1\u6709\u547d\u8fd0,\u4ec5\u6709\u4eba\u94fa\u57ab\u51fa\u4e4b\u574e\u5777\u9053\u9014\u3000\u3000\u6ca1\u6709\u51c0\u571f,\u4ec5\u6709\u4eba\u5f00\u51ff\u51fa\u4e4b\u4e16\u5916\u6843\u56ed\u3000\u3000-\u3000\u3000\u4e00\u628a\u738b\u8005\u5723\u5251\uff0c\u4e3a\u9ed1\u591c\u5e26\u6765\u5149\u660e\u3000\u3000\u4e00\u4e2a\u4e0d\u5c48\u82f1\u9b42\uff0c\u4e3a\u4e16\u95f4\u71c3\u70b9\u5e0c\u671b\u3000\u3000-\u3000\u3000\u89c9\u9192\u7075\u9b42\uff0c\u5c11\u5e74\u93d6\u6218\u795e\u9b54\uff1b\u3000\u3000\u6697\u4e91\u6d8c\u52a8\uff0c\u6cdb\u8d77\u706d\u4e16\u4e89\u7aef\uff01\u3000\u3000-\u3000\u3000\u5149\u6697\u51b2\u7a81\uff0c\u5927\u6218\u4e00\u89e6\u5373\u53d1\uff1b\u3000\u3000\u4eba\u795e\u51b3\u6218\uff0c\u518d\u5199\u521b\u4e16\u8bd7\u7bc7\uff01", "title": "\u5149\u7075\u884c\u4f20", "url": "http://www.17k.com/book/590918.html", "average": -1.0, "cover": "http://img.17k.com/images/bookcover/2013/2954/14/590918-1379405428000.jpg", "reviews": 12272395, "authors": [{"url": "http://www.17k.com/zuozhe/15762525", "name": "\u96f7\u6587D\u7ef4\u514b\u8428\u65af"}], "type": ["\u897f\u65b9\u5947\u5e7b"], "outlinks": ["http://www.17k.com/book/2794982.html", "http://www.17k.com/book/2801292.html", "http://www.17k.com/book/2816318.html", "http://www.17k.com/book/2797575.html", "http://www.17k.com/book/2802516.html", "http://www.17k.com/book/2812195.html", "http://www.17k.com/book/2820143.html", "http://www.17k.com/book/2807943.html", "http://www.17k.com/book/2813457.html", "http://www.17k.com/book/2798058.html", "http://www.17k.com/book/2815617.html", "http://www.17k.com/book/2805259.html", "http://www.17k.com/book/2760255.html", "http://www.17k.com/book/2686894.html", "http://www.17k.com/book/2797016.html", "http://www.17k.com/book/2767246.html", "http://www.17k.com/book/2764239.html", "http://www.17k.com/book/2754498.html", "http://www.17k.com/book/2754900.html", "http://www.17k.com/book/2625740.html", "http://www.17k.com/book/2213315.html", "http://www.17k.com/book/2402178.html", "http://www.17k.com/book/2691221.html", "http://www.17k.com/book/2210699.html", "http://www.17k.com/book/1797752.html", "http://www.17k.com/book/2575507.html", "http://www.17k.com/book/2705181.html", "http://www.17k.com/book/2702539.html", "http://www.17k.com/book/2474887.html", "http://www.17k.com/book/2674733.html", "http://www.17k.com/book/2822076.html", "http://www.17k.com/book/2809894.html", "http://www.17k.com/book/2822077.html", "http://www.17k.com/book/2811930.html", "http://www.17k.com/book/2815548.html", "http://www.17k.com/book/2819620.html", "http://www.17k.com/book/2809964.html", "http://www.17k.com/book/2808200.html", "http://www.17k.com/book/2820100.html", "http://www.17k.com/book/2822978.html", "http://www.17k.com/book/2804337.html", "http://www.17k.com/book/2798814.html", "http://www.17k.com/book/2785153.html", "http://www.17k.com/book/2731559.html", "http://www.17k.com/book/2722533.html", "http://www.17k.com/book/2458377.html", "http://www.17k.com/book/2743300.html", "http://www.17k.com/book/973809.html", "http://www.17k.com/book/2651367.html", "http://www.17k.com/book/2726194.html", "http://www.17k.com/book/2790214.html", "http://www.17k.com/book/493239.html", "http://www.17k.com/book/108821.html", "http://www.17k.com/book/1398783.html", "http://www.17k.com/book/83528.html", "http://www.17k.com/book/1859126.html", "http://www.17k.com/book/1741975.html", "http://www.17k.com/book/192453.html", "http://www.17k.com/book/2459058.html", "http://www.17k.com/book/1050747.html", "http://www.17k.com/book/2700315.html", "http://www.17k.com/book/2818940.html", "http://www.17k.com/book/2819519.html", "http://www.17k.com/book/2816390.html", "http://www.17k.com/book/2819588.html", "http://www.17k.com/book/2813768.html", "http://www.17k.com/book/2822406.html", "http://www.17k.com/book/2772164.html", "http://www.17k.com/book/2784023.html", "http://www.17k.com/book/2811877.html", "http://www.17k.com/book/2809119.html", "http://www.17k.com/book/2803700.html", "http://www.17k.com/book/2819561.html", "http://www.17k.com/book/2746506.html", "http://www.17k.com/book/2811836.html", "http://www.17k.com/book/2614810.html", "http://www.17k.com/book/1592435.html", "http://www.17k.com/book/1949748.html", "http://www.17k.com/book/2265802.html", "http://www.17k.com/book/2743240.html", "http://www.17k.com/book/2657437.html", "http://www.17k.com/book/2644502.html", "http://www.17k.com/book/2199900.html", "http://www.17k.com/book/2725436.html", "http://www.17k.com/book/2629978.html"]}