{"ratings": -1, "userreviews": [{"userName": "duanhuipo007", "userReviewDate": "2015-06-05", "userURL": "http://user.17k.com/10140480", "userReview": "<span style='color:black'>\u3010\u8350\u4e66\u697c\u3011\u63a8\u8350\u503c\u5f97\u4e00\u770b\u7684\u597d\u4e66\u3002 \u95f9\u4e66\u8352\u7684\u8bfb\u8005\u53ef\u4ee5\u53bb\u770b\u770b\u54e6\uff0c\u90fd\u662f\u7ecf\u8fc7\u6211\u9274\u5b9a\u7684\u597d\u4e66\uff0c\u4e4b\u524d\u9009\u5165\u6211\u7684\u5200\u4e4b\u961f\u7684\uff0c\u6392\u540d\u4e0d\u5206\u5148\u540e\uff0c<a target='_blank' href='http://www.17k.com/book/1049826.html'>\u300a\u795e\u533b\u7279\u79cd\u5175\u5728\u90fd\u5e02\u300b</a>\u3001<a target='_blank' href='http://www.17k.com/book/1039830.html'>\u300a\u90fd\u5e02\u8d85\u7ea7\u5f02\u80fd\u300b</a>\u3001<a target='_blank' href='http://www.17k.com/book/1155535.html'>\u300a\u5929\u4e0b\u73cd\u73a9\u300b</a>\u3001<a target='_blank' href='http://www.17k.com/book/1049442.html'>\u300a\u91cd\u751f\u4e4b\u795e\u7ea7\u5927\u5bcc\u8c6a\u300b</a>\u3001<a target='_blank' href='http://www.17k.com/book/1049342.html'>\u300a\u5929\u5b57\u53f7\u9ad8\u624b\u300b</a>\u3001<a target='_blank' href='http://www.17k.com/book/1090336.html'>\u300a\u8840\u8272\u4e4b\u90fd\u300b</a>\u3001<a target='_blank' href='http://www.17k.com/book/1060434.html'>\u300a\u5077\u5fc3\u5175\u738b\u300b</a></span>"}, {"userName": "duanhuipo007", "userReviewDate": "2014-11-26", "userURL": "http://user.17k.com/10140480", "userReview": "\u3010\u81ea\u8350\u697c\u3011\u51e1\u53c2\u52a0\u672c\u6b21\u7f51\u7edc\u6587**\u8d5b\u7684\u90fd\u5e02\u7c7b\u4f5c\u54c1\uff0c\u90fd\u53ef\u4ee5\u5728\u6b64\u697c\u81ea\u8350\uff0c\u7559\u4e0b\u94fe\u63a5\uff0c\u4e00\u5200\u4f1a\u4e00\u4e00\u56de\u8bbf\uff0c\u6709\u6f5c\u529b\u7684\u4f5c\u54c1\u4e00\u5200\u4f1a\u6301\u7eed\u5173\u6ce8\uff0c\u5e76\u4e0e\u4f5c\u8005\u8fdb\u884c\u4ea4\u6d41\uff0c\u7ed9\u4e88\u529b\u6240\u80fd\u53ca\u7684\u5e2e\u52a9\u3002"}, {"userName": "\u963f\u798f\u2014\u798f\u5c11", "userReviewDate": "2014-10-08", "userURL": "http://user.17k.com/2093221", "userReview": "\u52a0\u6cb9\u52a0\u6cb9\u2026\u2026\u9876\u4e4b\u2026\u2026"}, {"userName": "\u68a6\u5165\u6d2a\u8352", "userReviewDate": "2014-10-04", "userURL": "http://user.17k.com/2186660", "userReview": "\u9e26\u7247\u5f00\u65b0\u4e66\uff0c\u5927\u529b\u652f\u6301\uff0c\u52a0\u6cb9\uff01\u6240\u6709\u9c9c\u82b1\u5168\u90e8\u9001\u4e0a\uff01"}, {"userName": "duanhuipo007", "userReviewDate": "2014-09-30", "userURL": "http://user.17k.com/10140480", "userReview": "\u3010\u9f99\u5957\u697c\u3011\u98ce\u96e8\u540c\u821f\uff0c\u4f60\u6211\u76f8\u4f34\uff0c\u4e3a\u611f\u8c22\u8001\u8bfb\u8005\u7684\u652f\u6301\uff0c\u6240\u6709\u770b\u8fc7<a target='_blank' href='http://www.17k.com/book/317131.html'>\u300a\u4e0a\u4f4d\u300b</a>\u7684\u8001\u8bfb\u8005\u5982\u679c\u613f\u610f\u5728\u6211\u7684\u65b0\u4e66<a target='_blank' href='http://www.17k.com/book/973809.html'>\u300a\u5165\u4ed5\u300b</a>\u4e2d\u626e\u6f14\u89d2\u8272\uff0c\u5747\u53ef\u5728\u6b64\u9f99\u5957\u697c\u8ddf\u5e16\u62a5\u540d\uff0c\u8bf7\u6ce8\u660e\u59d3\u540d\uff0c\u671f\u671b\u626e\u6f14\u89d2\u8272\u7279\u70b9\u6027\u683c\uff0c\u6211\u4f1a\u6839\u636e\u5267\u60c5\u53d1\u5c55\u5b89\u6392\u4eb2\u4eec\u95ea\u4eae\u767b\u573a\uff01"}, {"userName": "\u54af\u5728\u5bb6\u91cc", "userReviewDate": "2018-06-08", "userURL": "http://user.17k.com/62634899", "userReview": "\u770b\u556a\u556a\u9ec4\u8272\u7535\u5f71\u52a0\u5fae\u4fe1k07334"}, {"userName": "17k\u4e66\u53cbettrg47yy", "userReviewDate": "2018-06-08", "userURL": "http://user.17k.com/62063811", "userReview": "\u4ec0\u4e48\u610f\u601d.\u4e0d\u66f4\u65b0\u4e86"}, {"userName": "\u5f20v\u4fed", "userReviewDate": "2018-06-08", "userURL": "http://user.17k.com/53829327", "userReview": "\u52a0\u6cb9\u52a0\u6cb9\u52a0\u6cb9\u52a0\u6cb9"}, {"userName": "17k\u4e66\u53cbbo19e8qs5", "userReviewDate": "2018-06-07", "userURL": "http://user.17k.com/62549324", "userReview": "\u7cbe\u88c5\u670d\u4e86\u597d"}, {"userName": "\u5f20v\u4fed", "userReviewDate": "2018-06-07", "userURL": "http://user.17k.com/53829327", "userReview": "\u52a0\u6cb9\u52a0\u6cb9\u52a0\u6cb9\u52a0\u6cb9"}, {"userName": "dolon0909", "userReviewDate": "2018-06-06", "userURL": "http://user.17k.com/32263990", "userReview": "\u770b\u7740\u770b\u7740\uff0c\u6709\u65f6\u5019\u4f1a\u6709\u8fd9\u79cd\u611f\u89c9\uff1a\u50cf\u662f\u5728\u770b\u4e00\u7bc7\u5b98\u65b9\u62a5\u7eb8\u7684\u901a\u8baf\u62a5\u9053\u2026\u2026"}, {"userName": "\u5f20v\u4fed", "userReviewDate": "2018-06-05", "userURL": "http://user.17k.com/53829327", "userReview": "\u597d\u4e66\u771f\u4e0d\u9519\u6211\u5f88\u559c\u6b22"}, {"userName": "935948734", "userReviewDate": "2018-06-01", "userURL": "http://user.17k.com/45426155", "userReview": "[\u6253\u8d4f]\u6211\u6253\u8d4f\u4e862\u5143\u7ea2\u5305\uff01\uff01"}, {"userName": "\u98ce\u5377\u5e18626308070", "userReviewDate": "2018-06-01", "userURL": "http://user.17k.com/57323604", "userReview": "\u66f4\u65b0\u66f4\u65b0\u66f4\u65b0"}, {"userName": "\u98ce\u5377\u5e18626308070", "userReviewDate": "2018-05-31", "userURL": "http://user.17k.com/57323604", "userReview": "\u611f\u89c9\u8d8a\u770b\u8d8a\u6ca1\u5f00\u59cb\u90a3\u4e2a\u6fc0\u60c5\uff0c\u60c5\u8282\u62d6\u6c93\u5570\u55e6\uff0c\u5f88\u591a\u65f6\u5019\u611f\u89c9\u5c31\u662f\u4e3a\u4e86\u51d1\u6570\u5b57"}, {"userName": "935948734", "userReviewDate": "2018-05-29", "userURL": "http://user.17k.com/45426155", "userReview": "[\u6253\u8d4f]\u6211\u6253\u8d4f\u4e862\u5143\u7ea2\u5305\uff01\uff01"}, {"userName": "\u5f20v\u4fed", "userReviewDate": "2018-05-29", "userURL": "http://user.17k.com/53829327", "userReview": "\u52a0\u6cb9\u52a0\u6cb9\u52a0\u6cb9"}, {"userName": "935948734", "userReviewDate": "2018-05-28", "userURL": "http://user.17k.com/45426155", "userReview": "[\u6253\u8d4f]\u6211\u6253\u8d4f\u4e862\u5143\u7ea2\u5305\uff01\uff01"}, {"userName": "\u5c09\u91cc", "userReviewDate": "2018-05-28", "userURL": "http://user.17k.com/46172286", "userReview": "[\u6253\u8d4f]\u6211\u6253\u8d4f\u4e868\u5143\u7ea2\u5305\uff01\uff01"}, {"userName": "935948734", "userReviewDate": "2018-05-28", "userURL": "http://user.17k.com/45426155", "userReview": "[\u6253\u8d4f]\u6211\u6253\u8d4f\u4e862\u5143\u7ea2\u5305\uff01\uff01"}], "description": "\u5165\u4ed5\u5982\u767b\u5c71\uff0c\u6b65\u6b65\u60ca\u5fc3\uff0c\u6b65\u6b65\u8270\u96be\uff0c\u4e14\u770b\u6bb5\u6631\u5982\u4f55\u4ece\u4e00\u540d\u4e61\u653f\u5e9c\u5c0f\u6587\u4e66\u9010\u6b65\u767b\u4e0a\u4ed5\u9014\u4e4b\u98a0\uff0c\u66f4\u56e0\u5176\u590d\u6742\u8eab\u4e16\u5f15\u51fa\u6bb5\u6bb5\u526a\u4e0d\u65ad\u7406\u8fd8\u4e71\u7684\u6069\u6028\u60c5\u4ec7\uff0c\u5e78\u6709\u7edd\u8272\u7ea2\u989c\u76f8\u52a9\uff0c\u4ed5\u9014\u4e0d\u5bc2\u5bde\uff0c\u5bc2\u5bde\u9e26\u7247\u7ee7\u300a\u4e0a\u4f4d\u300b\u4e4b\u540e\u53c8\u4e00\u5b98\u573a\u529b\u4f5c\uff0c\u8ba9\u4f60\u770b\u5230\u505c\u4e0d\u4e0b\u6765\uff01\u3000\u3000\u559c\u6b22\u672c\u4e66\u7684\u8bfb\u8005\u53ef\u4ee5\u52a0\u7fa4\u4ea4\u6d41\uff1a\u666e\u901a\u7fa41\u7fa4218457336\uff0c2\u7fa4296565262\uff0cVIP\u7fa454120533\uff08VIP\u7fa4\u9700\u8981\u63d0\u4f9b\u6b63\u7248\u8ba2\u9605\u6216\u6295\u8d35\u5bbe\u622a\u56fe\u9a8c\u8bc1\uff09\uff0c\u6c42\u6708\u7968\u652f\u6301\uff01", "title": "\u5165\u4ed5", "url": "http://www.17k.com/book/973809.html", "average": -1.0, "cover": "http://img.17k.com/images/bookcover/2014/4869/24/973809-1412072454000.jpg", "reviews": 32403191, "authors": [{"url": "http://www.17k.com/zuozhe/10140480", "name": "\u5bc2\u5bde\u4e00\u5200"}], "type": ["\u5b98\u573a\u98ce\u4e91"], "outlinks": ["http://www.17k.com/book/2794982.html", "http://www.17k.com/book/2801292.html", "http://www.17k.com/book/2816318.html", "http://www.17k.com/book/2797575.html", "http://www.17k.com/book/2802516.html", "http://www.17k.com/book/2812195.html", "http://www.17k.com/book/2820143.html", "http://www.17k.com/book/2807943.html", "http://www.17k.com/book/2813457.html", "http://www.17k.com/book/2798058.html", "http://www.17k.com/book/2815617.html", "http://www.17k.com/book/2805259.html", "http://www.17k.com/book/2760255.html", "http://www.17k.com/book/2686894.html", "http://www.17k.com/book/2797016.html", "http://www.17k.com/book/2767246.html", "http://www.17k.com/book/2764239.html", "http://www.17k.com/book/2754498.html", "http://www.17k.com/book/2754900.html", "http://www.17k.com/book/2625740.html", "http://www.17k.com/book/2213315.html", "http://www.17k.com/book/2402178.html", "http://www.17k.com/book/2691221.html", "http://www.17k.com/book/2210699.html", "http://www.17k.com/book/1797752.html", "http://www.17k.com/book/2575507.html", "http://www.17k.com/book/2705181.html", "http://www.17k.com/book/2702539.html", "http://www.17k.com/book/2474887.html", "http://www.17k.com/book/2674733.html", "http://www.17k.com/book/2822076.html", "http://www.17k.com/book/2809894.html", "http://www.17k.com/book/2822077.html", "http://www.17k.com/book/2811930.html", "http://www.17k.com/book/2815548.html", "http://www.17k.com/book/2819620.html", "http://www.17k.com/book/2809964.html", "http://www.17k.com/book/2808200.html", "http://www.17k.com/book/2820100.html", "http://www.17k.com/book/2822978.html", "http://www.17k.com/book/2804337.html", "http://www.17k.com/book/2798814.html", "http://www.17k.com/book/2785153.html", "http://www.17k.com/book/2731559.html", "http://www.17k.com/book/2722533.html", "http://www.17k.com/book/2458377.html", "http://www.17k.com/book/2743300.html", "http://www.17k.com/book/973809.html", "http://www.17k.com/book/2651367.html", "http://www.17k.com/book/2726194.html", "http://www.17k.com/book/2790214.html", "http://www.17k.com/book/493239.html", "http://www.17k.com/book/108821.html", "http://www.17k.com/book/1398783.html", "http://www.17k.com/book/83528.html", "http://www.17k.com/book/1859126.html", "http://www.17k.com/book/1741975.html", "http://www.17k.com/book/192453.html", "http://www.17k.com/book/2459058.html", "http://www.17k.com/book/1050747.html", "http://www.17k.com/book/2700315.html", "http://www.17k.com/book/2818940.html", "http://www.17k.com/book/2819519.html", "http://www.17k.com/book/2816390.html", "http://www.17k.com/book/2819588.html", "http://www.17k.com/book/2813768.html", "http://www.17k.com/book/2822406.html", "http://www.17k.com/book/2772164.html", "http://www.17k.com/book/2784023.html", "http://www.17k.com/book/2811877.html", "http://www.17k.com/book/2809119.html", "http://www.17k.com/book/2803700.html", "http://www.17k.com/book/2819561.html", "http://www.17k.com/book/2746506.html", "http://www.17k.com/book/2811836.html", "http://www.17k.com/book/2614810.html", "http://www.17k.com/book/1592435.html", "http://www.17k.com/book/1949748.html", "http://www.17k.com/book/2265802.html", "http://www.17k.com/book/2743240.html", "http://www.17k.com/book/2657437.html", "http://www.17k.com/book/2644502.html", "http://www.17k.com/book/2199900.html", "http://www.17k.com/book/2725436.html", "http://www.17k.com/book/2629978.html"]}