{"ratings": -1, "userreviews": [{"userName": "\u5e7b\u68a6\u5439\u7fbd", "userReviewDate": "2018-06-08", "userURL": "http://user.17k.com/59614206", "userReview": "\u8001\u54e5\u4f60\u7b80\u4ecb\u771f\u725b\u903c\uff01\uff01\uff01\u8fd9\u4e66\u7edd\u5bf9\u706b\u3002"}], "description": "\u6211\u662f\u4e00\u4e2a\u9ad8\u4e8c\u7684\u5b66\u751f\uff0c\u4e3a\u4e86\u8bc1\u660e\u6211\u771f\u7684\u5ea6\u8fc7\u4e86\u8fd9\u4e2a\u5bd2\u5047\uff0c\u6211\u5f00\u59cb\u5199\u6bb5\u5b50\u4f46\u662f\u6ca1\u4eba\u770b\uff0c\u7136\u540e\u6211\u53c8\u5f00\u59cb\u5199\u5c0f\u8bf4\uff01\u6bcf\u5929\u665a\u4e0a\u7761\u89c9\u7684\u65f6\u5019\u5199\u70b9\uff0c\u90fd\u662f\u7f16\u7684\u4e5f\u6ca1\u65f6\u95f4\u53bb\u60f3\u66f4\u591a\uff0c\u6211\u611f\u89c9\u6211\u5199\u7684\u4e71\u4e03\u516b\u7cdf\u7684\uff0c\u5feb\u5f00\u5b66\u4e86\u6ca1\u65f6\u95f4\u7ee7\u7eed\u5199\u4e86\uff0c\u4ed3\u4fc3\u7684\u7ed3\u4e2a\u5c3e\u5c31\u7b97\u5b8c\u4e86\uff01\u3000\u3000\u7528\u7684\u662f\u7b2c\u4e00\u4eba\u79f0\uff01\u6211\u77e5\u9053\u6211\u7684\u6587\u7b14\u4e00\u584c\u7cca\u6d82\u4f46\u662f\u6211\u6bd4\u8f83\u559c\u6b22\u7b2c\u4e00\u4eba\u79f0\u7684\u5c0f\u8bf4\u3002\u3000\u3000\u6211\u5199\u8fd9\u4e2a\u662f\u60f3\u8981\u53bb\u8bbd\u523a\u72af\u7f6a\uff0c\u5404\u79cd\u72af\u7f6a\uff0c\u5e0c\u671b\u6211\u80fd\u505a\u5230\u5427\uff01\u6bd5\u7adf\u8fd8\u6ca1\u5199\u5b8c\uff0c\u6211\u4e5f\u4e0d\u6562\u6253\u5305\u7968\u3002\u3000\u3000\u5982\u679c\u8fd9\u4e2a\u4f5c\u54c1\u201c\u8188\u5e94\u201d\u8fd9\u4f60\u4e86\u90a3\u6211\u5148\u9053\u4e2a\u6b49\uff01\u5bf9\u4e0d\u8d77\uff01\u4f60\u5c31\u628a\u8fd9\u4e2a\u5c0f\u8bf4\u5f53\u6210\u5c0f\u767d\u6587\u5c31\u884c\u4e86\uff01\u3000\u3000\u5206\u7c7b\u662f\u6211\u778e\u9009\u7684\uff0c\u627e\u4e86\u4e00\u4e2a\u770b\u8d77\u6765\u5c3a\u5ea6\u5927\u7684\uff0c\u53ef\u80fd\u6709\u4e9b\u51fa\u5165\u3000\u3000\u5206\u7c7b\u778e\u9009\u7684\uff01", "title": "\u5165\u7f6a", "url": "http://www.17k.com/book/2819292.html", "average": -1.0, "cover": "http://img.17k.com/images/bookcover/default_cover1.jpg", "reviews": 16, "authors": [{"url": "http://www.17k.com/zuozhe/60827243", "name": "\u6b63\u76f4\u7684\u72d7"}], "type": ["\u672a\u6765\u5e7b\u60f3"], "outlinks": ["http://www.17k.com/book/2794982.html", "http://www.17k.com/book/2801292.html", "http://www.17k.com/book/2816318.html", "http://www.17k.com/book/2797575.html", "http://www.17k.com/book/2802516.html", "http://www.17k.com/book/2812195.html", "http://www.17k.com/book/2820143.html", "http://www.17k.com/book/2807943.html", "http://www.17k.com/book/2813457.html", "http://www.17k.com/book/2798058.html", "http://www.17k.com/book/2815617.html", "http://www.17k.com/book/2805259.html", "http://www.17k.com/book/2760255.html", "http://www.17k.com/book/2686894.html", "http://www.17k.com/book/2797016.html", "http://www.17k.com/book/2767246.html", "http://www.17k.com/book/2764239.html", "http://www.17k.com/book/2754498.html", "http://www.17k.com/book/2754900.html", "http://www.17k.com/book/2625740.html", "http://www.17k.com/book/2213315.html", "http://www.17k.com/book/2402178.html", "http://www.17k.com/book/2691221.html", "http://www.17k.com/book/2210699.html", "http://www.17k.com/book/1797752.html", "http://www.17k.com/book/2575507.html", "http://www.17k.com/book/2705181.html", "http://www.17k.com/book/2702539.html", "http://www.17k.com/book/2474887.html", "http://www.17k.com/book/2674733.html", "http://www.17k.com/book/2822076.html", "http://www.17k.com/book/2809894.html", "http://www.17k.com/book/2822077.html", "http://www.17k.com/book/2811930.html", "http://www.17k.com/book/2815548.html", "http://www.17k.com/book/2819620.html", "http://www.17k.com/book/2809964.html", "http://www.17k.com/book/2808200.html", "http://www.17k.com/book/2820100.html", "http://www.17k.com/book/2822978.html", "http://www.17k.com/book/2804337.html", "http://www.17k.com/book/2798814.html", "http://www.17k.com/book/2785153.html", "http://www.17k.com/book/2731559.html", "http://www.17k.com/book/2722533.html", "http://www.17k.com/book/2458377.html", "http://www.17k.com/book/2743300.html", "http://www.17k.com/book/973809.html", "http://www.17k.com/book/2651367.html", "http://www.17k.com/book/2726194.html", "http://www.17k.com/book/2790214.html", "http://www.17k.com/book/493239.html", "http://www.17k.com/book/108821.html", "http://www.17k.com/book/1398783.html", "http://www.17k.com/book/83528.html", "http://www.17k.com/book/1859126.html", "http://www.17k.com/book/1741975.html", "http://www.17k.com/book/192453.html", "http://www.17k.com/book/2459058.html", "http://www.17k.com/book/1050747.html", "http://www.17k.com/book/2700315.html", "http://www.17k.com/book/2818940.html", "http://www.17k.com/book/2819519.html", "http://www.17k.com/book/2816390.html", "http://www.17k.com/book/2819588.html", "http://www.17k.com/book/2813768.html", "http://www.17k.com/book/2822406.html", "http://www.17k.com/book/2772164.html", "http://www.17k.com/book/2784023.html", "http://www.17k.com/book/2811877.html", "http://www.17k.com/book/2809119.html", "http://www.17k.com/book/2803700.html", "http://www.17k.com/book/2819561.html", "http://www.17k.com/book/2746506.html", "http://www.17k.com/book/2811836.html", "http://www.17k.com/book/2614810.html", "http://www.17k.com/book/1592435.html", "http://www.17k.com/book/1949748.html", "http://www.17k.com/book/2265802.html", "http://www.17k.com/book/2743240.html", "http://www.17k.com/book/2657437.html", "http://www.17k.com/book/2644502.html", "http://www.17k.com/book/2199900.html", "http://www.17k.com/book/2725436.html", "http://www.17k.com/book/2629978.html"]}