{"ratings": -1, "userreviews": [{"userName": "\u9b5a\u6b4c", "userReviewDate": "2016-10-27", "userURL": "http://user.17k.com/2435936", "userReview": "\u5e7f\u544a\u697c\uff0c\u957f\u671f\u7f6e\u9876\uff0c\u5728\u5916\u4e00\u5207\u5f62\u5f0f\u7684\u5e7f\u544a\u5747\u5220\u9664\uff0c\u591a\u8c22\u914d\u5408\u3002"}, {"userName": "17K\u4e66\u53cb9PUNLXA0", "userReviewDate": "2018-02-05", "userURL": "http://user.17k.com/57393043", "userReview": "\u63a8\u8350<a target='_blank' href='http://www.17k.com/book/2739063.html'>\u300a\u9738\u9053\u6821\u8349\u7684\u8ff7\u7cca\u5b9d\u8d1d\u300b</a>\u548c<a target='_blank' href='http://www.17k.com/book/2633351.html'>\u300a\u51b7\u5c11\u8ffd\u59bb\u7cd5\u70b9\u840c\u59bb\u6162\u6162\u6765\u300b</a>"}, {"userName": "\u9ec4\u6cb31111", "userReviewDate": "2018-01-31", "userURL": "http://user.17k.com/55225909", "userReview": "\u597d\u770b\uff0c\u5973\u4e3b\u5f88\u52b1\u5fd7"}, {"userName": "\u5723\u5f71\u226f\u5b9d\u5b9d", "userReviewDate": "2018-01-27", "userURL": "http://user.17k.com/59475698", "userReview": "\u6709\u6ca1\u6709\u51fa\u4e66\uff1f\u6709\u6211\u4e70\u90a3\u672c\u90fd\u884c"}, {"userName": "kool\u6377", "userReviewDate": "2018-01-16", "userURL": "http://user.17k.com/56730892", "userReview": "\u63a8\u8350\u4e00\u672c\u597d\u770b\u7684\u4e66<a target='_blank' href='http://www.17k.com/book/2551937.html'>\u300a\u8d85\u65b0\u4eba\u300b</a>\uff0c\u8bf7\u591a\u591a\u652f\u6301\uff0c\u6765\u4e2a\u6536\u85cf\u5427\uff01"}, {"userName": "\u6ca7\u6708^\u672b\u51c9*", "userReviewDate": "2017-12-25", "userURL": "http://user.17k.com/50381415", "userReview": "<a target='_blank' href='http://www.17k.com/book/2185291.html'>\u300a\u8c6a\u95e8\u81f3\u5ba0\u300b</a>\u4e0a\u5b98\u6ca7\u513f\u6765\u8bbf\uff0c\u5173\u6ce8\u5df2\u4e45\uff0c\u4e00\u8d77\u52a0\u6cb9\uff0c\u795d\u8d8a\u6765\u8d8a\u706b\uff01"}, {"userName": "\u6697\u591c\u6d41\u661f\u98de", "userReviewDate": "2017-12-09", "userURL": "http://user.17k.com/46865324", "userReview": "\u5927\u4f5c\u5df2\u6536\u85cf\uff0c <a target='_blank' href='http://www.17k.com/book/2717155.html'>\u300a\u9082\u9005\u5973\u795e\u7231\u4e0a\u6211\u300b</a>\u6765\u8bbf\u652f\u6301\u5b66\u4e60\uff0c\u5076\u7136\u9082\u9005\u5973\u795e\u8fd8\u4ee5\u4e3a\u53ea\u662f\u9519\u8fc7\uff0c\u6ca1\u60f3\u5230........."}, {"userName": "\uff33\u02cbmall\u5bf6\u73fc\u30e4325492869", "userReviewDate": "2017-12-02", "userURL": "http://user.17k.com/48131573", "userReview": "\u4e0d\u66f4\u65b0\u4e86"}, {"userName": "\u656c\u8f72", "userReviewDate": "2017-10-30", "userURL": "http://user.17k.com/42919594", "userReview": "[\u6253\u8d4f]\u6211\u6253\u8d4f\u4e862\u5143\u7ea2\u5305\uff01\uff01"}, {"userName": "\u988d\u6cc9", "userReviewDate": "2017-10-25", "userURL": "http://user.17k.com/57085372", "userReview": "<a target='_blank' href='http://www.17k.com/book/2645978.html'>\u300a\u843d\u53f6\u7684\u7231\u60c5\u300b</a>\uff0c\u524d\u6765\u5411\u5927\u5927\u5b66\u4e60\uff01"}, {"userName": "\u53f6\u8459\u82b8", "userReviewDate": "2017-10-04", "userURL": "http://user.17k.com/57517697", "userReview": "\u5927\u5927\u52a0\u6cb9\uff01\u643a<a target='_blank' href='http://www.17k.com/book/2663126.html'>\u300a\u4eba\u72d0\u4e4b\u7ea6\u300b</a>\u524d\u6765\u652f\u6301\uff01\u4eb2\u4eec\u5feb\u6765\u770b\u54e6\uff01\u5c0f\u8bf4\u5730\u5740http://h5.17k.com/book/2663126.html"}, {"userName": "\u53f6\u843d\u5b50\u75d5", "userReviewDate": "2017-10-02", "userURL": "http://user.17k.com/33080428", "userReview": "<a target='_blank' href='http://www.17k.com/book/2452410.html'>\u300a\u4e03\u4ed9\u5251\u4f20\u300b</a>\u524d\u6765\u62dc\u8bbf\u5927\u795e\uff01\u795d\u5927\u795e\u56fd\u5e86\u4e2d\u79cb\u5feb\u4e50\uff01\u521b\u4f5c\u8f89\u714c\uff01"}, {"userName": "\u963f\u66ae\u5b8c\u4facmumu", "userReviewDate": "2017-09-23", "userURL": "http://user.17k.com/57093862", "userReview": "<a target='_blank' href='http://www.17k.com/book/2645447.html'>\u300a\u51b7\u66ae\u4e03\u6708\u300b</a>\u6765\u8bbf\uff0c\u5e0c\u671b\u5927\u5bb6\u559c\u6b22\uff01"}, {"userName": "\u533f\u540d59714239666", "userReviewDate": "2017-09-15", "userURL": "http://user.17k.com/32682211", "userReview": "\u592a\u8349\u7387\u4e86\u7ed3\u5c40\u3001\u5c31\u8fd9\u6837\u5b8c\u4e86\uff1f"}, {"userName": "&#55357;&#56459;158308422", "userReviewDate": "2017-09-10", "userURL": "http://user.17k.com/44057954", "userReview": "\u9c7c\u6b4c\u5927\u5927\uff0c\u5b8c\u4e86\uff1f"}, {"userName": "\u533f\u540d13102613531580", "userReviewDate": "2017-09-08", "userURL": "http://user.17k.com/32270191", "userReview": "[\u6253\u8d4f]\u6211\u6253\u8d4f\u4e862\u5143\u7ea2\u5305\uff01\uff01"}, {"userName": "\u5546\u8d3e\u4e91\u96c6", "userReviewDate": "2017-09-01", "userURL": "http://user.17k.com/54256450", "userReview": "<a target='_blank' href='http://www.17k.com/book/2564426.html'>\u300a\u6c5f\u6d77\u6a2a\u6d41\u300b</a>\u62dc\u8bbf\uff0c\u597d\u6587\u503c\u5f97\u4e00\u8bfb"}, {"userName": "\u656c\u8f72", "userReviewDate": "2017-08-26", "userURL": "http://user.17k.com/42919594", "userReview": "[\u6253\u8d4f]\u6211\u6253\u8d4f\u4e862\u5143\u7ea2\u5305\uff01\uff01"}, {"userName": "\u656c\u8f72", "userReviewDate": "2017-08-24", "userURL": "http://user.17k.com/42919594", "userReview": "[\u6253\u8d4f]\u6211\u6253\u8d4f\u4e862\u5143\u7ea2\u5305\uff01\uff01"}, {"userName": "\u4e54\u7d2b\u5bd2", "userReviewDate": "2017-08-23", "userURL": "http://user.17k.com/53487081", "userReview": "<a target='_blank' href='http://www.17k.com/book/2386425.html'>\u300a\u5e1d\u5c11\u8ffd\u59bb\u840c\u59bb\u4f11\u60f3\u9003\u300b</a>\u6765\u51d1\u4eba\u6c14\u54af\uff01\u6c42\u6536\u85cf\uff0c\u6c42\u82b1\u82b1\uff0c\u6c42\u6253\u8d4f\uff0c\u6c42\u8bc4\u8bba"}], "description": "\u4ed6\u662f\u4e00\u624b\u906e\u5929\u7684\u5c0a\u8d35\u603b\u7edf\uff0c\u8d22\u5927\u3001\u6c14\u7c97\u3001\u989c\u503c\u9ad8\uff0c\u53d7\u4e07\u6c11\u656c\u4ef0\uff1b\u3000\u3000\u5979\u662f\u4e00\u7a77\u4e8c\u767d\u7684\u5e95\u5c42\u5201\u6c11\uff0c\u5634\u8d31\u3001\u5c0f\u6c14\u3001\u949e\u7968\u5c11\uff0c\u4e3a\u5927\u5bb6\u803b\u7b11\u3002\u3000\u3000\u4e00\u573a\u9519\u8bef\u7684\u7ed3\u5408\u4ee4\u5979\u751f\u4e0b\u4e86\u4ed6\u7684\u5b69\u5b50\uff0c\u4ece\u6b64\u5f00\u59cb\u4e86\u4e00\u573a\u5201\u6c11\u4e0e\u603b\u7edf\u7684\u62c9\u952f\u6218\u3002\u3000\u3000\u201c\u4f60\u54ea\u6765\u7684\u81ed\u813e\u6c14\uff1f\u201d\u3000\u3000\u201c\u4f60\u7231\u53d7\u4e0d\u53d7\uff01\u201d\u3000\u3000\u201c\u4f60\u54ea\u6765\u7684\u5b89\u5168\u5957\uff1f\u201d\u3000\u3000\u201c\u4f60\u7231\u505a\u4e0d\u505a\uff01\u201d\u3000\u3000\u5176\u5b9e\u5728\u4e00\u8d77\u7684\u65f6\u5019\uff0c\u6211\u5c31\u5df2\u7ecf\u731c\u5230\u4e86\u7ed3\u5c40\uff0c\u53ef\u8fd8\u662f\u4e0d\u670d\u8f93\u7684\u60f3\u8bd5\u8bd5\uff0c\u6211\u4eec\u80fd\u8d70\u591a\u8fdc\uff0c\u8c22\u8c22\u4f60\u8ba9\u6211\u7684\u5fc3\u6cb8\u817e\u8fc7\uff0c\u5373\u4f7f\u4f60\u4ece\u672a\u771f\u6b63\u7684\u5411\u6211\u8d70\u6765\u3002\u3000\u3000\u2014\u2014\u3000\u3000\u63a8\u8350\u65b0\u4e66\u300a\u6743\u95e8\u5a5a\u5ba0\u300b", "title": "\u5168\u6c11\u7537\u795e\u5728\u6211\u5bb6", "url": "http://www.17k.com/book/1972181.html", "average": -1.0, "cover": "http://img.17k.com/images/bookcover/2016/9860/49/1972181-1476845661000.jpg", "reviews": 11217183, "authors": [{"url": "http://www.17k.com/zuozhe/2435936", "name": "\u9c7c\u6b4c"}], "type": ["\u5a5a\u604b\u7231\u60c5"], "outlinks": ["http://www.17k.com/book/2794982.html", "http://www.17k.com/book/2801292.html", "http://www.17k.com/book/2816318.html", "http://www.17k.com/book/2797575.html", "http://www.17k.com/book/2802516.html", "http://www.17k.com/book/2812195.html", "http://www.17k.com/book/2820143.html", "http://www.17k.com/book/2807943.html", "http://www.17k.com/book/2813457.html", "http://www.17k.com/book/2798058.html", "http://www.17k.com/book/2815617.html", "http://www.17k.com/book/2805259.html", "http://www.17k.com/book/2760255.html", "http://www.17k.com/book/2686894.html", "http://www.17k.com/book/2797016.html", "http://www.17k.com/book/2767246.html", "http://www.17k.com/book/2764239.html", "http://www.17k.com/book/2754498.html", "http://www.17k.com/book/2754900.html", "http://www.17k.com/book/2625740.html", "http://www.17k.com/book/2213315.html", "http://www.17k.com/book/2402178.html", "http://www.17k.com/book/2691221.html", "http://www.17k.com/book/2210699.html", "http://www.17k.com/book/1797752.html", "http://www.17k.com/book/2575507.html", "http://www.17k.com/book/2705181.html", "http://www.17k.com/book/2702539.html", "http://www.17k.com/book/2474887.html", "http://www.17k.com/book/2674733.html", "http://www.17k.com/book/2822076.html", "http://www.17k.com/book/2809894.html", "http://www.17k.com/book/2822077.html", "http://www.17k.com/book/2811930.html", "http://www.17k.com/book/2815548.html", "http://www.17k.com/book/2819620.html", "http://www.17k.com/book/2809964.html", "http://www.17k.com/book/2808200.html", "http://www.17k.com/book/2820100.html", "http://www.17k.com/book/2822978.html", "http://www.17k.com/book/2804337.html", "http://www.17k.com/book/2798814.html", "http://www.17k.com/book/2785153.html", "http://www.17k.com/book/2731559.html", "http://www.17k.com/book/2722533.html", "http://www.17k.com/book/2458377.html", "http://www.17k.com/book/2743300.html", "http://www.17k.com/book/973809.html", "http://www.17k.com/book/2651367.html", "http://www.17k.com/book/2726194.html", "http://www.17k.com/book/2790214.html", "http://www.17k.com/book/493239.html", "http://www.17k.com/book/108821.html", "http://www.17k.com/book/1398783.html", "http://www.17k.com/book/83528.html", "http://www.17k.com/book/1859126.html", "http://www.17k.com/book/1741975.html", "http://www.17k.com/book/192453.html", "http://www.17k.com/book/2459058.html", "http://www.17k.com/book/1050747.html", "http://www.17k.com/book/2700315.html", "http://www.17k.com/book/2818940.html", "http://www.17k.com/book/2819519.html", "http://www.17k.com/book/2816390.html", "http://www.17k.com/book/2819588.html", "http://www.17k.com/book/2813768.html", "http://www.17k.com/book/2822406.html", "http://www.17k.com/book/2772164.html", "http://www.17k.com/book/2784023.html", "http://www.17k.com/book/2811877.html", "http://www.17k.com/book/2809119.html", "http://www.17k.com/book/2803700.html", "http://www.17k.com/book/2819561.html", "http://www.17k.com/book/2746506.html", "http://www.17k.com/book/2811836.html", "http://www.17k.com/book/2614810.html", "http://www.17k.com/book/1592435.html", "http://www.17k.com/book/1949748.html", "http://www.17k.com/book/2265802.html", "http://www.17k.com/book/2743240.html", "http://www.17k.com/book/2657437.html", "http://www.17k.com/book/2644502.html", "http://www.17k.com/book/2199900.html", "http://www.17k.com/book/2725436.html", "http://www.17k.com/book/2629978.html"]}