{"ratings": -1, "userreviews": [{"userName": "17k\u4e66\u53cbiurnzgg18", "userReviewDate": "2018-05-28", "userURL": "http://user.17k.com/62281327", "userReview": "[\u6253\u8d4f]\u6211\u6253\u8d4f\u4e868\u5143\u7ea2\u5305\uff01\uff01"}, {"userName": "\u75af\u72c2\u7684\u8bf8\u845b", "userReviewDate": "2018-05-26", "userURL": "http://user.17k.com/62207774", "userReview": "[\u6253\u8d4f]\u6211\u6253\u8d4f\u4e8618\u5143\u7ea2\u5305\uff01\uff01"}, {"userName": "\u9752\u5b9d\u7cd6\u7cd6", "userReviewDate": "2018-05-14", "userURL": "http://user.17k.com/61622176", "userReview": "[\u6253\u8d4f]\u6211\u6253\u8d4f\u4e861\u4e2a'\u5c0f\u5fc3\u5fc3'\uff01\uff01"}, {"userName": "\u848b\u6587554175797", "userReviewDate": "2018-05-09", "userURL": "http://user.17k.com/61622581", "userReview": "[\u6253\u8d4f]\u6211\u6253\u8d4f\u4e8618\u5143\u7ea2\u5305\uff01\uff01"}, {"userName": "A053590192", "userReviewDate": "2018-04-30", "userURL": "http://user.17k.com/61356988", "userReview": "[\u6253\u8d4f]\u6211\u6253\u8d4f\u4e868\u5143\u7ea2\u5305\uff01\uff01"}, {"userName": "\u96e8\u6668233", "userReviewDate": "2018-06-08", "userURL": "http://user.17k.com/60804302", "userReview": "\u5c0f\u767d\u9c7c\u665a\u4e0a\u597d^\u222a^"}, {"userName": "\u5357\u5df7\u5317\u5f80\u4e36", "userReviewDate": "2018-06-08", "userURL": "http://user.17k.com/61045791", "userReview": "<span style='color:blue'><a target='_blank' href='http://www.17k.com/book/2810432.html'>\u300a\u6b66\u9738\u795e\u57df\u300b</a>\u524d\u6765\u62dc\u8bbf\u4f5c\u8005\u5927\u5927\uff0c\u4e00\u4e2a\u5c0f\u76d6\u7ae0\u4e0d\u6210\u656c\u610f\uff01</span>"}, {"userName": "\u5de6\u6c0f\u5c0f\u732a", "userReviewDate": "2018-06-08", "userURL": "http://user.17k.com/33807972", "userReview": "\u6536\u85cf\u8d77\u6765\uff0c\u652f\u6301\u5927\u5927"}, {"userName": "\u6211\u6765\u7ed9\u4f60\u52a0\u6cb9\u5566", "userReviewDate": "2018-06-07", "userURL": "http://user.17k.com/57678771", "userReview": "\u52a0\u6cb9\u52a0\u6cb9"}, {"userName": "\u96e8\u6668233", "userReviewDate": "2018-06-06", "userURL": "http://user.17k.com/60804302", "userReview": "\u5348\u597d\u554a~^_*"}, {"userName": "\u96e8\u6668233", "userReviewDate": "2018-06-05", "userURL": "http://user.17k.com/60804302", "userReview": "\u5c0f\u767d\u9c7c\u665a\u597d\u554a~"}, {"userName": "17K\u4e66\u53cb4qpvb8fl", "userReviewDate": "2018-06-05", "userURL": "http://user.17k.com/61740709", "userReview": "[\u6253\u8d4f]\u6211\u6253\u8d4f\u4e861\u5143\u7ea2\u5305\uff01\uff01"}, {"userName": "\u900d\u9065\u4e5d\u5bb5", "userReviewDate": "2018-06-05", "userURL": "http://user.17k.com/57966739", "userReview": "[\u6253\u8d4f]\u6211\u6253\u8d4f\u4e861\u4e2a'\u5c0f\u5fc3\u5fc3'\uff01\uff01"}, {"userName": "A053590192", "userReviewDate": "2018-06-05", "userURL": "http://user.17k.com/61356988", "userReview": "\u6765\u6253\u5361\u652f\u6301"}, {"userName": "17K\u4e66\u53cb75ghto2y", "userReviewDate": "2018-06-04", "userURL": "http://user.17k.com/62468033", "userReview": "\u4e0d\u9519\u4e0d\u9519\uff01"}, {"userName": "A053590192", "userReviewDate": "2018-06-03", "userURL": "http://user.17k.com/61356988", "userReview": "\u524d\u6765\u52a0\u6cb9\u52a9\u5a01"}, {"userName": "\u6881\u4e5d737773992", "userReviewDate": "2018-06-03", "userURL": "http://user.17k.com/61887862", "userReview": "\u6881\u4e5d\u524d\u6765\u62a5\u5230"}, {"userName": "\u81f3\u540c", "userReviewDate": "2018-06-01", "userURL": "http://user.17k.com/42347855", "userReview": "\u597d\u50cf\u89c1\u8fc7\u4e00\u9762\uff0c\u52a0\u6cb9\u3002"}, {"userName": "\u5154\u5b50\u6253\u79cb\u98ce", "userReviewDate": "2018-05-31", "userURL": "http://user.17k.com/53958052", "userReview": "\u56de\u8bbf\u4e00\u4e0b\uff01"}, {"userName": "\u6881\u4e5d737773992", "userReviewDate": "2018-05-31", "userURL": "http://user.17k.com/61887862", "userReview": "\u7ee7\u7eed\u6765\u6367\u573a\uff0c\u4e00\u8d77\u52a0\u6cb9"}], "description": "\u91d1\u6728\u6c34\u706b\u571f\u662f\u5427\uff0c\u6211\u4e0d\u77e5\u9053\u6211\u662f\u4ec0\u4e48\u7075\u6839\uff0c\u6211\u53ea\u77e5\u9053\u8fd9\u4e9b\u6cd5\u672f\u6211\u90fd\u80fd\u7528\uff01\u3000\u3000\u4e00\u4e2a\u534a\u5927\u5c11\u5e74\u5e26\u7740\u3000\u3000\u5bf9\u604b\u4eba\u7684\u627f\u8bfa\uff1b\u3000\u3000\u5bf9\u5e08\u5085\u7684\u611f\u6069\uff1b\u3000\u3000\u5bf9\u4ec7\u4eba\u7684\u5feb\u610f\uff1b\u3000\u3000\u5bf9\u7075\u5ba0\u7684\u5ba0\u7231\uff1b\u3000\u3000\u5168\u7cfb\u7075\u6839\u7684\u5c11\u5e74\u662f\u5982\u4f55\u5b9e\u73b0\u4ed6\u7684\u4ed9\u738b\u4e4b\u8def\u7684\u5462\uff0c\u6211\u4eec\u62ed\u76ee\u4ee5\u5f85\uff01\u3000\u3000........\u3000\u3000\u672c\u4e66QQ\u8ba8\u8bba\u7fa4777076453\u6b22\u8fce\u5404\u4f4d\u4e66\u53cb\u52a0\u7fa4\u95f2\u804a\u4e3a\u672c\u4e66\u63d0\u51fa\u5b9d\u8d35\u610f\u89c1\u548c\u5efa\u8bae.\u6b22\u8fce\u968f\u65f6\u5410\u69fd\uff01\u672c\u4e66\u662f17K\u7b7e\u7ea6\u4f5c\u54c1\uff0c\u5176\u4ed6\u7f51\u7ad9\u5168\u90e8\u4e3a\u76d7\u7248\uff01", "title": "\u5168\u7cfb\u4ed9\u738b", "url": "http://www.17k.com/book/2651367.html", "average": -1.0, "cover": "http://img.17k.com/images/bookcover/2018/13256/66/2651367-1525126100000.jpg", "reviews": 115383, "authors": [{"url": "http://www.17k.com/zuozhe/57268100", "name": "\u5e78\u798f\u5c0f\u9c7c"}], "type": ["\u5947\u5e7b\u4fee\u771f"], "outlinks": ["http://www.17k.com/book/2794982.html", "http://www.17k.com/book/2801292.html", "http://www.17k.com/book/2816318.html", "http://www.17k.com/book/2797575.html", "http://www.17k.com/book/2802516.html", "http://www.17k.com/book/2812195.html", "http://www.17k.com/book/2820143.html", "http://www.17k.com/book/2807943.html", "http://www.17k.com/book/2813457.html", "http://www.17k.com/book/2798058.html", "http://www.17k.com/book/2815617.html", "http://www.17k.com/book/2805259.html", "http://www.17k.com/book/2760255.html", "http://www.17k.com/book/2686894.html", "http://www.17k.com/book/2797016.html", "http://www.17k.com/book/2767246.html", "http://www.17k.com/book/2764239.html", "http://www.17k.com/book/2754498.html", "http://www.17k.com/book/2754900.html", "http://www.17k.com/book/2625740.html", "http://www.17k.com/book/2213315.html", "http://www.17k.com/book/2402178.html", "http://www.17k.com/book/2691221.html", "http://www.17k.com/book/2210699.html", "http://www.17k.com/book/1797752.html", "http://www.17k.com/book/2575507.html", "http://www.17k.com/book/2705181.html", "http://www.17k.com/book/2702539.html", "http://www.17k.com/book/2474887.html", "http://www.17k.com/book/2674733.html", "http://www.17k.com/book/2822076.html", "http://www.17k.com/book/2809894.html", "http://www.17k.com/book/2822077.html", "http://www.17k.com/book/2811930.html", "http://www.17k.com/book/2815548.html", "http://www.17k.com/book/2819620.html", "http://www.17k.com/book/2809964.html", "http://www.17k.com/book/2808200.html", "http://www.17k.com/book/2820100.html", "http://www.17k.com/book/2822978.html", "http://www.17k.com/book/2804337.html", "http://www.17k.com/book/2798814.html", "http://www.17k.com/book/2785153.html", "http://www.17k.com/book/2731559.html", "http://www.17k.com/book/2722533.html", "http://www.17k.com/book/2458377.html", "http://www.17k.com/book/2743300.html", "http://www.17k.com/book/973809.html", "http://www.17k.com/book/2651367.html", "http://www.17k.com/book/2726194.html", "http://www.17k.com/book/2790214.html", "http://www.17k.com/book/493239.html", "http://www.17k.com/book/108821.html", "http://www.17k.com/book/1398783.html", "http://www.17k.com/book/83528.html", "http://www.17k.com/book/1859126.html", "http://www.17k.com/book/1741975.html", "http://www.17k.com/book/192453.html", "http://www.17k.com/book/2459058.html", "http://www.17k.com/book/1050747.html", "http://www.17k.com/book/2700315.html", "http://www.17k.com/book/2818940.html", "http://www.17k.com/book/2819519.html", "http://www.17k.com/book/2816390.html", "http://www.17k.com/book/2819588.html", "http://www.17k.com/book/2813768.html", "http://www.17k.com/book/2822406.html", "http://www.17k.com/book/2772164.html", "http://www.17k.com/book/2784023.html", "http://www.17k.com/book/2811877.html", "http://www.17k.com/book/2809119.html", "http://www.17k.com/book/2803700.html", "http://www.17k.com/book/2819561.html", "http://www.17k.com/book/2746506.html", "http://www.17k.com/book/2811836.html", "http://www.17k.com/book/2614810.html", "http://www.17k.com/book/1592435.html", "http://www.17k.com/book/1949748.html", "http://www.17k.com/book/2265802.html", "http://www.17k.com/book/2743240.html", "http://www.17k.com/book/2657437.html", "http://www.17k.com/book/2644502.html", "http://www.17k.com/book/2199900.html", "http://www.17k.com/book/2725436.html", "http://www.17k.com/book/2629978.html"]}