{"ratings": -1, "userreviews": [{"userName": "\u7d2b\u8559\u8559", "userReviewDate": "2018-03-01", "userURL": "http://user.17k.com/54596030", "userReview": "<span style='color:black'>\u652f\u6301\u597d\u4e66\uff01</span>"}, {"userName": "\u848b\u5b87\u98de8327", "userReviewDate": "2018-02-23", "userURL": "http://user.17k.com/57652012", "userReview": "\u98de\u7fbd\u5348\u597d\uff0c\u52a0\u6cb9\uff0c<a target='_blank' href='http://www.17k.com/book/2672901.html'>\u300a\u960e\u7f57\u79d8\u53f2\u300b</a>\u6765\u8bbf"}, {"userName": "\u672a\u6765\u8001\u9f20", "userReviewDate": "2017-12-01", "userURL": "http://user.17k.com/46396493", "userReview": "\u5927\u5927\u52a0\u6cb9<a target='_blank' href='http://www.17k.com/book/2725309.html'>\u300a\u534a\u7c73\u9633\u5149\u84dd\u5c71\u5357\u300b</a>\u643a\u6587\u6765\u8bbf"}, {"userName": "\u53f6\u8459\u82b8", "userReviewDate": "2017-11-30", "userURL": "http://user.17k.com/57517697", "userReview": "\u5927\u5927\u52a0\u6cb9\uff01\u643a<a target='_blank' href='http://www.17k.com/book/2663126.html'>\u300a\u4eba\u72d0\u4e4b\u7ea6\u300b</a>\u524d\u6765\u652f\u6301\uff01\u4eb2\u4eb2\u5feb\u6765\u770b\u54e6\uff01\u5c0f\u8bf4\u5730\u5740http://h5.17k.com/book/2663126.html"}], "description": "\u84dd\u7075\uff1a\u5979\u56e0\u4e3a\u201c\u5b64\u513f\u201d\u7684\u8eab\u4efd\uff0c\u4ece\u5c0f\u88ab\u597d\u5fc3\u7684\u6797\u53d4\u53d4\u6551\u6d4e\uff0c\u5728\u62a5\u8003\u5927\u5b66\u4e2d\u4ee5\u5168\u56fd\u7b2c\u4e00\u540d\u7684\u6210\u7ee9\u88ab\u8457\u540d\u7684\u8d35\u65cf\u5927\u5b66\u77e5\u9605\u5f55\u53d6\uff0c\u5e76\u63a5\u53d7\u53d4\u53d4\u7684\u201c\u8bf7\u6c42\u201d\u5b89\u6392\u5230\u5bb6\u4e2d\uff0c\u6bcf\u5929\u9762\u5bf9\u8fd9\u5bf9\u81ea\u5df1\u51b7\u5632\u70ed\u8bbd\u7684\u6797\u53d4\u53d4\u7684\u513f\u5b50\uff0c\u5979\u9009\u62e9\u5904\u5904\u5fcd\u8ba9......\u3000\u3000\u6797\u9708\u7fd4\uff1a\u4ece\u5c0f\u5c31\u88ab\u8001\u7238\u62ff\u6765\u548c\u90a3\u4e2a\u5c0f\u5b64\u513f\u5bf9\u6bd4\uff0c\u73b0\u5728\u8fd8\u8981\u628a\u5979\u63a5\u6765\u5bb6\u91cc\uff0c\u8ba9\u6211\u597d\u597d\u5bf9\u5979\uff0c\u90a3\u6211\u5c31\u201c\u597d\u597d\u201d\u5bf9\u5979......\u3000\u3000\u5728\u522b\u4eba\u773c\u91cc\u5979\u5355\u7eaf\u5584\u826f\uff0c\u662f\u4e00\u4e2a\u5bb9\u6613\u63a5\u8fd1\u7684\u5168\u80fd\u6821\u82b1\uff0c\u7136\u800c\uff0c\u53c8\u6709\u8c01\u77e5\u9053\uff0c\u5979\u8fd9\u4e00\u4efd\u7eaf\u826f\u662f\u6709\u591a\u8270\u96be\u624d\u80fd\u4fdd\u5b58\u4e0b\u6765\uff0c\u8fd9\u4e00\u8eab\u7684\u5168\u80fd\u6709\u4ed8\u51fa\u4e86\u591a\u5c11\u75db\u82e6\u624d\u80fd\u638c\u63e1.....", "title": "\u5168\u80fd\u6821\u82b1\u975e\u7eaf\u826f", "url": "http://www.17k.com/book/2731677.html", "average": -1.0, "cover": "http://img.17k.com/images/bookcover/2018/13658/68/2731677-1519372691000.jpg", "reviews": 5417, "authors": [{"url": "http://www.17k.com/zuozhe/58655975", "name": "\u98de\u7fbd\u7409\u6b87"}], "type": ["\u552f\u7f8e\u7eaf\u7231"], "outlinks": ["http://www.17k.com/book/2794982.html", "http://www.17k.com/book/2801292.html", "http://www.17k.com/book/2816318.html", "http://www.17k.com/book/2797575.html", "http://www.17k.com/book/2802516.html", "http://www.17k.com/book/2812195.html", "http://www.17k.com/book/2820143.html", "http://www.17k.com/book/2807943.html", "http://www.17k.com/book/2813457.html", "http://www.17k.com/book/2798058.html", "http://www.17k.com/book/2815617.html", "http://www.17k.com/book/2805259.html", "http://www.17k.com/book/2760255.html", "http://www.17k.com/book/2686894.html", "http://www.17k.com/book/2797016.html", "http://www.17k.com/book/2767246.html", "http://www.17k.com/book/2764239.html", "http://www.17k.com/book/2754498.html", "http://www.17k.com/book/2754900.html", "http://www.17k.com/book/2625740.html", "http://www.17k.com/book/2213315.html", "http://www.17k.com/book/2402178.html", "http://www.17k.com/book/2691221.html", "http://www.17k.com/book/2210699.html", "http://www.17k.com/book/1797752.html", "http://www.17k.com/book/2575507.html", "http://www.17k.com/book/2705181.html", "http://www.17k.com/book/2702539.html", "http://www.17k.com/book/2474887.html", "http://www.17k.com/book/2674733.html", "http://www.17k.com/book/2822076.html", "http://www.17k.com/book/2809894.html", "http://www.17k.com/book/2822077.html", "http://www.17k.com/book/2811930.html", "http://www.17k.com/book/2815548.html", "http://www.17k.com/book/2819620.html", "http://www.17k.com/book/2809964.html", "http://www.17k.com/book/2808200.html", "http://www.17k.com/book/2820100.html", "http://www.17k.com/book/2822978.html", "http://www.17k.com/book/2804337.html", "http://www.17k.com/book/2798814.html", "http://www.17k.com/book/2785153.html", "http://www.17k.com/book/2731559.html", "http://www.17k.com/book/2722533.html", "http://www.17k.com/book/2458377.html", "http://www.17k.com/book/2743300.html", "http://www.17k.com/book/973809.html", "http://www.17k.com/book/2651367.html", "http://www.17k.com/book/2726194.html", "http://www.17k.com/book/2790214.html", "http://www.17k.com/book/493239.html", "http://www.17k.com/book/108821.html", "http://www.17k.com/book/1398783.html", "http://www.17k.com/book/83528.html", "http://www.17k.com/book/1859126.html", "http://www.17k.com/book/1741975.html", "http://www.17k.com/book/192453.html", "http://www.17k.com/book/2459058.html", "http://www.17k.com/book/1050747.html", "http://www.17k.com/book/2700315.html", "http://www.17k.com/book/2818940.html", "http://www.17k.com/book/2819519.html", "http://www.17k.com/book/2816390.html", "http://www.17k.com/book/2819588.html", "http://www.17k.com/book/2813768.html", "http://www.17k.com/book/2822406.html", "http://www.17k.com/book/2772164.html", "http://www.17k.com/book/2784023.html", "http://www.17k.com/book/2811877.html", "http://www.17k.com/book/2809119.html", "http://www.17k.com/book/2803700.html", "http://www.17k.com/book/2819561.html", "http://www.17k.com/book/2746506.html", "http://www.17k.com/book/2811836.html", "http://www.17k.com/book/2614810.html", "http://www.17k.com/book/1592435.html", "http://www.17k.com/book/1949748.html", "http://www.17k.com/book/2265802.html", "http://www.17k.com/book/2743240.html", "http://www.17k.com/book/2657437.html", "http://www.17k.com/book/2644502.html", "http://www.17k.com/book/2199900.html", "http://www.17k.com/book/2725436.html", "http://www.17k.com/book/2629978.html"]}