{"ratings": -1, "userreviews": [{"userName": "\u73de\u58a8", "userReviewDate": "2018-03-12", "userURL": "http://user.17k.com/60386832", "userReview": "\u5927\u5927\uff0c\u4f60\u597d\uff0c\u6211\u662f\u901a\u8fc7\u4f60\u7684\u5929\u8d50\u6069\u5ba0\u8ffd\u7684\uff0c\u52a0\u6cb9\uff01"}, {"userName": "\u73de\u58a8", "userReviewDate": "2018-06-02", "userURL": "http://user.17k.com/60386832", "userReview": "\u8bf7\u95ee\u5927\u5927\uff0c\u5929\u8d50\u6069\u5ba0\u6709\u5199\u5417\uff1f\uff1f\uff1f*^_^*"}, {"userName": "\u73de\u58a8", "userReviewDate": "2018-05-06", "userURL": "http://user.17k.com/60386832", "userReview": "\u8bb8\u4e45\u4e0d\u6765\uff0c\u5192\u4e2a\u6ce1\uff01\uff01"}, {"userName": "\u73de\u58a8", "userReviewDate": "2018-04-23", "userURL": "http://user.17k.com/60386832", "userReview": "\u6211\u80e1\u6c49\u4e09\u53c8\u56de\u6765\u4e86\uff01\uff01\uff01\uff01"}, {"userName": "\u73de\u58a8", "userReviewDate": "2018-04-18", "userURL": "http://user.17k.com/60386832", "userReview": "\u6700\u8fd1\u5728\u517b\u6587\uff0c\u6ca1\u600e\u4e48\u770b\uffe3 \uffe3)\u03c3\uff0c\u4e0d\u8fc7\u5927\u4f53\u6d4f\u89c8\u4e00\u4e0b\uff0c\u600e\u4e48\u611f\u89c9\u65e2\u6709\u73b0\u4ee3\u989d\uff0c\u53c8\u6709\u53e4\u4ee3\u7684\uff0c\u8fd8\u662f\u67b6\u7a7a\u7684\uff1f\uff1f\uff1f\uff1f"}, {"userName": "\u73de\u58a8", "userReviewDate": "2018-04-15", "userURL": "http://user.17k.com/60386832", "userReview": "\u6709\u4e00\u661f\u671f\u6ca1\u6765\u4e86\u554a\uff0c\u7559\u4e2a\u722a\u5370\u3002\u3002\u3002\u3002\u3002\u63d0\u524d\u795d\u5927\u5927\u52b3\u52a8\u8282\u5feb\u4e50\uff01\u3002\u3002\u3002\u3002\u3002"}, {"userName": "\u73de\u58a8", "userReviewDate": "2018-04-09", "userURL": "http://user.17k.com/60386832", "userReview": "\u5927\u5927\u7684\u54b3\u55fd\u597d\u4e9b\u4e86\u5417\uff0c\u55d3\u5b50\u75bc\u53ef\u4ee5\u8bd5\u4e0b\u84b2\u516c\u82f1\uff0c\u989d\uff0c\u5728\u6211\u4eec\u8fd9\u91cc\u53eb\u82e6\u4e01\u554a\uff0c\u4e0b\u706b\u6b62\u54b3\u6548\u679c\u5f88\u597d"}, {"userName": "\u73de\u58a8", "userReviewDate": "2018-04-09", "userURL": "http://user.17k.com/60386832", "userReview": "\u6b63\u5728\u517b\u6587\u4e2d\u3002\u3002\u3002\u3002\u3002"}, {"userName": "\u73de\u58a8", "userReviewDate": "2018-04-05", "userURL": "http://user.17k.com/60386832", "userReview": "\u5012\u6625\u5bd2\u90a3\u4e48\u5389\u5bb3\uff0c\u5927\u5927\u6ce8\u610f\u4fdd\u6696\uff0c\u6211\u90fd\u6362\u68c9\u88e4\u4e86"}, {"userName": "\u73de\u58a8", "userReviewDate": "2018-04-04", "userURL": "http://user.17k.com/60386832", "userReview": "\u5927\u5927\u8981\u6ce8\u610f\u8eab\u4f53\u54e6\uff0c\u6211\u4eec\u8fd9\u91cc\u6628\u5929\u8fd831\u5ea6\uff0c\u4eca\u5929\u5c31\u964d\u52306\u5ea6\u54af\u3002"}, {"userName": "\u73de\u58a8", "userReviewDate": "2018-04-02", "userURL": "http://user.17k.com/60386832", "userReview": "\u8fdf\u5230\u7684\u611a\u4eba\u8282\u5feb\u4e50\uff01"}, {"userName": "\u73de\u58a8", "userReviewDate": "2018-03-27", "userURL": "http://user.17k.com/60386832", "userReview": "\u52a0\u6cb9\uff0c\u6587\u6587\u5f88\u597d\u770b\uff0c\u989d\uff0c\u597d\u5e72\u6da9\u7684\u8d5e\u7f8e\u554a\uff0c\u256f\u25a1\u2570"}, {"userName": "\u73de\u58a8", "userReviewDate": "2018-03-27", "userURL": "http://user.17k.com/60386832", "userReview": "\u52a0\u6cb9\uff0c\u6587\u6587\u5f88\u597d\u770b\uff0c\u989d\uff0c\u597d\u5e72\u6da9\u7684\u8d5e\u7f8e\u554a\uff0c\u256f\u25a1\u2570"}, {"userName": "\u73de\u58a8", "userReviewDate": "2018-03-27", "userURL": "http://user.17k.com/60386832", "userReview": "\u52a0\u6cb9\uff0c\u6587\u6587\u5f88\u597d\u770b\uff0c\u989d\uff0c\u597d\u5e72\u6da9\u7684\u8d5e\u7f8e\u554a\uff0c\u256f\u25a1\u2570"}, {"userName": "\u73de\u58a8", "userReviewDate": "2018-03-27", "userURL": "http://user.17k.com/60386832", "userReview": "\u52a0\u6cb9\uff0c\u6587\u6587\u5f88\u597d\u770b\uff0c\u989d\uff0c\u597d\u5e72\u6da9\u7684\u8d5e\u7f8e\u554a\uff0c\u256f\u25a1\u2570"}, {"userName": "\u73de\u58a8", "userReviewDate": "2018-03-27", "userURL": "http://user.17k.com/60386832", "userReview": "\u52a0\u6cb9\uff0c\u6587\u6587\u5f88\u597d\u770b\uff0c\u989d\uff0c\u597d\u5e72\u6da9\u7684\u8d5e\u7f8e\u554a\uff0c\u256f\u25a1\u2570"}, {"userName": "\u73de\u58a8", "userReviewDate": "2018-03-21", "userURL": "http://user.17k.com/60386832", "userReview": "\u5927\u5927\uff0c\u6700\u8fd1\u8981\u5fd9\u7740\u9ad8\u8003\uff0c\u6682\u65f6\u5148\u79bb\u5f00\u4e00\u6bb5\u65f6\u95f4\u4e86\u554a\uff01\uff01\uff01\uff08\u5176\u5b9e\u5f88\u4e0d\u820d\uff09"}, {"userName": "\u73de\u58a8", "userReviewDate": "2018-03-18", "userURL": "http://user.17k.com/60386832", "userReview": "\u52a0\u6cb9\uff01\uff01\uff01\uff01\uff01"}, {"userName": "\u73de\u58a8", "userReviewDate": "2018-03-16", "userURL": "http://user.17k.com/60386832", "userReview": "\u5b66\u751f\u515a\u6765\u7ed9\u4f60\u52a0\u6cb9"}, {"userName": "\u73de\u58a8", "userReviewDate": "2018-03-15", "userURL": "http://user.17k.com/60386832", "userReview": "\u80fd\u52a0\u7fa4\u5417\uff1f\u2299\u2200\u2299\uff01\u2299\u2200\u2299\uff01"}], "description": "\u5510\u8c19\u751f\u524d\u662f\u4e2a\u6b66\u5b98\uff0c\u7a7f\u8d8a\u65f6\u9634\u5dee\u9633\u9519\u548c\u4e00\u4e2a\u5973\u4eba\u6709\u4e86\u808c\u80a4\u4e4b\u4eb2\uff0c\u597d\u561b\uff0c\u4ed6\u8fde\u5973\u738b\u965b\u4e0b\u90fd\u7761\u4e86\u8fd8\u8981\u548b\u5730\uff1f\u65e2\u7136\u5f00\u542f\u4e86\u4e0d\u8981\u8138\u7684\u6a21\u5f0f\uff0c\u90a3\u5c31\u5996\u5b7d\u5230\u5e95\u2026\u2026\u3000\u3000\u800c\u8fd9\u4e00\u4e16\uff0c\u6b7b\u751f\u5951\u9614\uff0c\u4e0e\u5b50\u6210\u8bf4\uff0c\u4ed6\u662f\u8ba4\u771f\u7684\u3002", "title": "\u5168\u804c\u738b\u592b", "url": "http://www.17k.com/book/2725971.html", "average": -1.0, "cover": "http://img.17k.com/images/bookcover/2018/13629/68/2725971-1516208171000.jpg", "reviews": 10506, "authors": [{"url": "http://www.17k.com/zuozhe/9220627", "name": "\u82b1\u8fb9\u5c0f\u8349"}], "type": ["\u5f02\u754c\u5927\u9646"], "outlinks": ["http://www.17k.com/book/2794982.html", "http://www.17k.com/book/2801292.html", "http://www.17k.com/book/2816318.html", "http://www.17k.com/book/2797575.html", "http://www.17k.com/book/2802516.html", "http://www.17k.com/book/2812195.html", "http://www.17k.com/book/2820143.html", "http://www.17k.com/book/2807943.html", "http://www.17k.com/book/2813457.html", "http://www.17k.com/book/2798058.html", "http://www.17k.com/book/2815617.html", "http://www.17k.com/book/2805259.html", "http://www.17k.com/book/2760255.html", "http://www.17k.com/book/2686894.html", "http://www.17k.com/book/2797016.html", "http://www.17k.com/book/2767246.html", "http://www.17k.com/book/2764239.html", "http://www.17k.com/book/2754498.html", "http://www.17k.com/book/2754900.html", "http://www.17k.com/book/2625740.html", "http://www.17k.com/book/2213315.html", "http://www.17k.com/book/2402178.html", "http://www.17k.com/book/2691221.html", "http://www.17k.com/book/2210699.html", "http://www.17k.com/book/1797752.html", "http://www.17k.com/book/2575507.html", "http://www.17k.com/book/2705181.html", "http://www.17k.com/book/2702539.html", "http://www.17k.com/book/2474887.html", "http://www.17k.com/book/2674733.html", "http://www.17k.com/book/2822076.html", "http://www.17k.com/book/2809894.html", "http://www.17k.com/book/2822077.html", "http://www.17k.com/book/2811930.html", "http://www.17k.com/book/2815548.html", "http://www.17k.com/book/2819620.html", "http://www.17k.com/book/2809964.html", "http://www.17k.com/book/2808200.html", "http://www.17k.com/book/2820100.html", "http://www.17k.com/book/2822978.html", "http://www.17k.com/book/2804337.html", "http://www.17k.com/book/2798814.html", "http://www.17k.com/book/2785153.html", "http://www.17k.com/book/2731559.html", "http://www.17k.com/book/2722533.html", "http://www.17k.com/book/2458377.html", "http://www.17k.com/book/2743300.html", "http://www.17k.com/book/973809.html", "http://www.17k.com/book/2651367.html", "http://www.17k.com/book/2726194.html", "http://www.17k.com/book/2790214.html", "http://www.17k.com/book/493239.html", "http://www.17k.com/book/108821.html", "http://www.17k.com/book/1398783.html", "http://www.17k.com/book/83528.html", "http://www.17k.com/book/1859126.html", "http://www.17k.com/book/1741975.html", "http://www.17k.com/book/192453.html", "http://www.17k.com/book/2459058.html", "http://www.17k.com/book/1050747.html", "http://www.17k.com/book/2700315.html", "http://www.17k.com/book/2818940.html", "http://www.17k.com/book/2819519.html", "http://www.17k.com/book/2816390.html", "http://www.17k.com/book/2819588.html", "http://www.17k.com/book/2813768.html", "http://www.17k.com/book/2822406.html", "http://www.17k.com/book/2772164.html", "http://www.17k.com/book/2784023.html", "http://www.17k.com/book/2811877.html", "http://www.17k.com/book/2809119.html", "http://www.17k.com/book/2803700.html", "http://www.17k.com/book/2819561.html", "http://www.17k.com/book/2746506.html", "http://www.17k.com/book/2811836.html", "http://www.17k.com/book/2614810.html", "http://www.17k.com/book/1592435.html", "http://www.17k.com/book/1949748.html", "http://www.17k.com/book/2265802.html", "http://www.17k.com/book/2743240.html", "http://www.17k.com/book/2657437.html", "http://www.17k.com/book/2644502.html", "http://www.17k.com/book/2199900.html", "http://www.17k.com/book/2725436.html", "http://www.17k.com/book/2629978.html"]}