{"ratings": -1, "userreviews": [{"userName": "\u8bdd\u51e0\u4f55", "userReviewDate": "2016-05-23", "userURL": "http://user.17k.com/46317820", "userReview": "\u672c\u4e66\u5df2\u7b7e\u7ea6\u76d6\u7ae0\uff0c\u76f8\u4fe1\u4ee5\u540e\u7528\u4e0d\u4e86\u591a\u5c11\u65f6\u95f4\u5c31\u8981\u4e0a\u67b6\uff0c\u68a6\u51e0\u4f55\u4e5f\u4f1a\u52aa\u529b\u66f4\u65b0\u7684\u3002\u6c42\u6536\u85cf\u3001\u6c42\u6253\u8d4f\u3001\u7403\u9c9c\u82b1\u3001\u3001\u3001\u5404\u79cd\u6c42\uff01\uff01\uff01QQ\u4ea4\u6d41\u7fa4\u53f7\uff1a434742339<img src='http://img.17k.com/images/face/105qin.gif' />"}, {"userName": "17K\u4e66\u53cb3dim0txq", "userReviewDate": "2018-04-14", "userURL": "http://user.17k.com/60553612", "userReview": "[\u6253\u8d4f]\u6211\u6253\u8d4f\u4e868\u5143\u7ea2\u5305\uff01\uff01"}, {"userName": "\u5218\u6d0b275751342", "userReviewDate": "2018-02-01", "userURL": "http://user.17k.com/59724613", "userReview": "[\u6253\u8d4f]\u6211\u6253\u8d4f\u4e861\u5143\u7ea2\u5305\uff01\uff01"}, {"userName": "\u5218\u6d0b275751342", "userReviewDate": "2018-02-01", "userURL": "http://user.17k.com/59724613", "userReview": "[\u6253\u8d4f]\u6211\u6253\u8d4f\u4e861\u5143\u7ea2\u5305\uff01\uff01"}, {"userName": "\u6728\u5170\u9999\u6cfd\u96e8", "userReviewDate": "2018-01-31", "userURL": "http://user.17k.com/59682174", "userReview": "\u65b0\u4eba\u65b0\u4e66<a target='_blank' href='http://www.17k.com/book/2768493.html'>\u300a\u8d85\u7ea7\u6267\u6559\u300b</a>\u524d\u6765\u62dc\u8bbf\uff0c\u795d\u5927\u5927\u6210\u7ee9\u8d8a\u6765\u8d8a\u597d\u3002"}, {"userName": "\u9152\u67d3\u7d20\u8863", "userReviewDate": "2017-03-11", "userURL": "http://user.17k.com/46254048", "userReview": "\u522b\u4eba\u5199\u5a31\u4e50\u6587\uff0c\u4e3b\u64ad\u8fd9\u5757\u8f6e\u4e0d\u5230\u4e0a\u67b6\uff0c\u4f60\u8fd9\u4e2a\u4e3b\u5199\u4e3b\u64ad\u7684\u76f4\u63a5\u6ca1\u4e0a\u67b6\u5c31\u5b8c\u672c\uff0c\u5475\u5475\u2026\u2026\u6b7bTJ"}, {"userName": "&#55357;&#56459; \u52b3\u8d44\u7684\u7761\u59ff\u51b3\u5b9a\u53d1\u578b", "userReviewDate": "2017-02-11", "userURL": "http://user.17k.com/53337685", "userReview": "\u54e5\u54e5 \u66f4\u65b0\u554a"}, {"userName": "w\u51ac\u9633", "userReviewDate": "2017-01-21", "userURL": "http://user.17k.com/50266895", "userReview": "\u600e\u4e48\u4e0d\u66f4\u65b0\u4e86"}, {"userName": "\u6b22\u8584", "userReviewDate": "2017-01-18", "userURL": "http://user.17k.com/48323339", "userReview": "<a target='_blank' href='http://www.17k.com/book/2336209.html'>\u300a\u964c\u4e0a\u9022\u5374\u5c11\u5e74\u65f6\u300b</a>\u6765\u6492\u82b1\uff0c\u4f5c\u8005\u52a0\u6cb9(\u0e51&gt;\u0602&lt;"}, {"userName": "\u7231\u7b11\u7684\u4eba521", "userReviewDate": "2017-01-04", "userURL": "http://user.17k.com/52242482", "userReview": "\u52a0\u6cb9\u54e6"}, {"userName": "\u7231\u7b11\u7684\u4eba521", "userReviewDate": "2017-01-04", "userURL": "http://user.17k.com/52242482", "userReview": "[\u6253\u8d4f]\u6211\u6253\u8d4f\u4e862\u5143\u7ea2\u5305\uff01\uff01"}, {"userName": "\u9057\u5fd8\u65f6\u5149050653867", "userReviewDate": "2016-11-12", "userURL": "http://user.17k.com/44288855", "userReview": "\u8bba\u575b\u6709\u6d3b\u52a8 \u5feb\u53bb\u53c2\u52a0 \u5173\u4e8e\u63a8\u8350\u4f4dhttp://bbs.17k.com/thread-3378247-1-1.html"}, {"userName": "Fate\uff0e \u8d4c\u5f92", "userReviewDate": "2016-11-11", "userURL": "http://user.17k.com/51163670", "userReview": "SB"}, {"userName": "Fate\uff0e \u8d4c\u5f92", "userReviewDate": "2016-11-11", "userURL": "http://user.17k.com/51163670", "userReview": "**"}, {"userName": "\u96ea\u6b87\u82e5", "userReviewDate": "2016-11-03", "userURL": "http://user.17k.com/50559490", "userReview": "<a target='_blank' href='http://www.17k.com/book/2196429.html'>\u300a\u9ed1\u8863\u738b\u8005\u300b</a>\u6765\u8bbf\uff0c\u5927\u5927\u5927\u52a0\u6cb9"}, {"userName": "\u53f8\u5f92\u5929\u8d50", "userReviewDate": "2016-10-29", "userURL": "http://user.17k.com/50473433", "userReview": "\u52a0\u6cb9"}, {"userName": "\u53f8\u5f92\u5929\u8d50", "userReviewDate": "2016-10-29", "userURL": "http://user.17k.com/50473433", "userReview": "[\u6253\u8d4f]\u6211\u6253\u8d4f\u4e868\u5143\u7ea2\u5305\uff01\uff01"}, {"userName": "\u6211\u662f\u5c0f\u5587\u53ed", "userReviewDate": "2016-09-20", "userURL": "http://user.17k.com/49608164", "userReview": "\u4e3a\u4e86\u63a8\u8350\u548c\u5956\u52b1\uff0c\u5feb\u6765\u53c2\u52a0\u793e\u533a\u8bba\u575b\u7684\u6d3b\u52a8http://bbs.17k.com/thread-3374834-1-1.html"}, {"userName": "\u72c2\u66b4\u7684\u76d8\u53e4", "userReviewDate": "2016-09-13", "userURL": "http://user.17k.com/49689026", "userReview": "\u76d8\u53e4\u5e26<a target='_blank' href='http://www.17k.com/book/2132722.html'>\u300a\u6821\u82b1\u4e4b\u5168\u80fd\u62a4\u536b\u300b</a>\u6765\u62dc\u8bbf"}, {"userName": "\u66f2\u964c\u659c\u6656", "userReviewDate": "2016-09-12", "userURL": "http://user.17k.com/49105245", "userReview": "\u66f2\u964c\u659c\u6656\u643a<a target='_blank' href='http://www.17k.com/book/2120569.html'>\u300a\u7a7f\u8d8a\u5343\u5e74\u6211\u53ea\u7231\u4f60\u300b</a>\u6765\u8bbf\uff0c\u671b\u5927\u5927\u4e0d\u541d\u8d50\u6559\uff0c\u6307\u70b9\u4e00\u4e8c\uff0c\u671f\u5f85\u4f60\u7684\u5230\u6765\u3002"}], "description": "\u6768\u5929\u5e26\u7740\u4e00\u4e2a\u540d\u4e3a\u767e\u5ea6\u7684\u5168\u80fd\u7cfb\u7edf\u91cd\u751f\u540c\u884c\u65f6\u7a7a\uff0c\u4e14\u770b\u4ed6\u5982\u4f55\u4ece\u4e00\u540d\u4e3b\u64ad\uff0c\u5e26\u9886\u7740\u81ea\u5df1\u7684\u5144\u5f1f\uff0c\u51ed\u501f\u7740\u81ea\u5df1\u7684\u91d1\u624b\u6307\u8d70\u4e0a\u76f4\u64ad\u7684\u5dc5\u5cf0\u3002\u3000\u3000\u3010\u4ee5\u524d\u68a6\u51e0\u4f55\u770b\u5a31\u4e50\u6587\uff0c\u90fd\u662f\u4e00\u5f00\u59cb\u505a\u4e3b\u64ad\u6210\u540d\uff0c\u6210\u540d\u540e\u5c31\u662f\u4e3b\u5199\u5a31\u4e50\u5708\u4e86\uff0c\u4e3b\u64ad\u8fd9\u5757\u5f7b\u5f7b\u5e95\u5e95\u6210\u4e86\u9f99\u5957\uff0c\u8fd8\u662f\u8f6e\u4e0d\u5230\u4e0a\u67b6\u7684\u9f99\u5957\u3002\u68a6\u51e0\u4f55\u8868\u793a\u4e0d\u670d\u3002\u0669(\u0e51`^\u00b4\u0e51)\u06f6----)`\u0414\u00b4)\u5929\u964d\u6b63\u4e49\u3011\u3000\u3000\u65b0\u4eba\uff0c\u65b0\u4e66\u4e66\u3002\u591a\u652f\u6301\uff01\uff01\uff01", "title": "\u5168\u80fd\u5927\u4e3b\u64ad", "url": "http://www.17k.com/book/1846771.html", "average": -1.0, "cover": "http://img.17k.com/images/bookcover/2016/9233/46/1846771-1464605286000.jpg", "reviews": 407737, "authors": [{"url": "http://www.17k.com/zuozhe/46317820", "name": "\u68a6\u51e0\u4f55"}], "type": ["\u5a31\u4e50\u660e\u661f"], "outlinks": ["http://www.17k.com/book/2794982.html", "http://www.17k.com/book/2801292.html", "http://www.17k.com/book/2816318.html", "http://www.17k.com/book/2797575.html", "http://www.17k.com/book/2802516.html", "http://www.17k.com/book/2812195.html", "http://www.17k.com/book/2820143.html", "http://www.17k.com/book/2807943.html", "http://www.17k.com/book/2813457.html", "http://www.17k.com/book/2798058.html", "http://www.17k.com/book/2815617.html", "http://www.17k.com/book/2805259.html", "http://www.17k.com/book/2760255.html", "http://www.17k.com/book/2686894.html", "http://www.17k.com/book/2797016.html", "http://www.17k.com/book/2767246.html", "http://www.17k.com/book/2764239.html", "http://www.17k.com/book/2754498.html", "http://www.17k.com/book/2754900.html", "http://www.17k.com/book/2625740.html", "http://www.17k.com/book/2213315.html", "http://www.17k.com/book/2402178.html", "http://www.17k.com/book/2691221.html", "http://www.17k.com/book/2210699.html", "http://www.17k.com/book/1797752.html", "http://www.17k.com/book/2575507.html", "http://www.17k.com/book/2705181.html", "http://www.17k.com/book/2702539.html", "http://www.17k.com/book/2474887.html", "http://www.17k.com/book/2674733.html", "http://www.17k.com/book/2822076.html", "http://www.17k.com/book/2809894.html", "http://www.17k.com/book/2822077.html", "http://www.17k.com/book/2811930.html", "http://www.17k.com/book/2815548.html", "http://www.17k.com/book/2819620.html", "http://www.17k.com/book/2809964.html", "http://www.17k.com/book/2808200.html", "http://www.17k.com/book/2820100.html", "http://www.17k.com/book/2822978.html", "http://www.17k.com/book/2804337.html", "http://www.17k.com/book/2798814.html", "http://www.17k.com/book/2785153.html", "http://www.17k.com/book/2731559.html", "http://www.17k.com/book/2722533.html", "http://www.17k.com/book/2458377.html", "http://www.17k.com/book/2743300.html", "http://www.17k.com/book/973809.html", "http://www.17k.com/book/2651367.html", "http://www.17k.com/book/2726194.html", "http://www.17k.com/book/2790214.html", "http://www.17k.com/book/493239.html", "http://www.17k.com/book/108821.html", "http://www.17k.com/book/1398783.html", "http://www.17k.com/book/83528.html", "http://www.17k.com/book/1859126.html", "http://www.17k.com/book/1741975.html", "http://www.17k.com/book/192453.html", "http://www.17k.com/book/2459058.html", "http://www.17k.com/book/1050747.html", "http://www.17k.com/book/2700315.html", "http://www.17k.com/book/2818940.html", "http://www.17k.com/book/2819519.html", "http://www.17k.com/book/2816390.html", "http://www.17k.com/book/2819588.html", "http://www.17k.com/book/2813768.html", "http://www.17k.com/book/2822406.html", "http://www.17k.com/book/2772164.html", "http://www.17k.com/book/2784023.html", "http://www.17k.com/book/2811877.html", "http://www.17k.com/book/2809119.html", "http://www.17k.com/book/2803700.html", "http://www.17k.com/book/2819561.html", "http://www.17k.com/book/2746506.html", "http://www.17k.com/book/2811836.html", "http://www.17k.com/book/2614810.html", "http://www.17k.com/book/1592435.html", "http://www.17k.com/book/1949748.html", "http://www.17k.com/book/2265802.html", "http://www.17k.com/book/2743240.html", "http://www.17k.com/book/2657437.html", "http://www.17k.com/book/2644502.html", "http://www.17k.com/book/2199900.html", "http://www.17k.com/book/2725436.html", "http://www.17k.com/book/2629978.html"]}