{"ratings": -1, "userreviews": [], "description": "\u4e66\u4e0a\u8bf4\u201c\u964c\u4e0a\u4eba\u5982\u7389\uff0c\u516c\u5b50\u4e16\u65e0\u53cc\u201d\uff0c\u6211\u60f3\u8fd9\u5927\u6982\u5c31\u662f\u7528\u6765\u5f62\u5bb9\u5c11\u7237\u7684\u5427\u3002\u3000\u3000\u5c11\u7237\u662f\u6211\u89c1\u8fc7\u6700\u597d\u770b\u7684\u7537\u5b50\uff0c\u6e29\u5a49\u5982\u7389\uff0c\u7b11\u82e5\u6625\u98ce\uff0c\u813e\u6c14\u8fd8\u5f88\u597d\u3002\u6211\u8eab\u4e3a\u4e00\u4e2a\u5c0f\u4e2b\u9b1f\uff0c\u8eab\u5904\u8fd9\u5c1a\u4e66\u5e9c\uff0c\u80fd\u9047\u5230\u5c11\u7237\u662f\u5929\u5927\u7684\u8fd0\u6c14\u3002\u3000\u3000\u5475\u5475\uff0c\u50bb\u4e2b\u5934...\u6c88\u7136\u8fce\u98ce\u800c\u4e0a\uff0c\u8e0f\u5149\u800c\u6765\u3002\u60f3\u4f60\u5e73\u65e5\u660e\u660e\u90a3\u4e48\u806a\u660e\uff0c\u8fd9\u4ef6\u4e8b\u600e\u5982\u6b64\u8ff7\u7cca\uff1f\u4f60\u58f0\u58f0\u5c11\u7237\uff0c\u5982\u7fe0\u9e1f\u9e23\u53eb\uff0c\u65e9\u5df2\u4e71\u4e86\u6211\u7684\u5fc3\u623f\uff0c\u4f60\u6ce8\u5b9a\u6211\u7684\u5973\u4eba\u3002\u3000\u3000\u6e29\u67d4\u516c\u5b50\uff0c\u6b65\u6b65\u4e3a\u5979\uff0c\u65e5\u5e38\u5c0f\u64a9\uff0c\u53ea\u4e3a\u8d62\u5f97\u5979\u7684\u82b3\u5fc3\u3002\u3000\u3000\u8ff7\u7cca\u4e2b\u9b1f\uff0c\u53e4\u7075\u7cbe\u602a\uff0c\u65e5\u5e38\u88ab\u64a9\uff0c\u5374\u770b\u4e0d\u61c2\u4ed6\u7684\u5957\u8def\u3002", "title": "\u516c\u5b50\u6e29\u7f8e\u5982\u7389", "url": "http://www.17k.com/book/2836009.html", "average": -1.0, "cover": "http://img.17k.com/images/bookcover/default_cover1.jpg", "reviews": 33, "authors": [{"url": "http://www.17k.com/zuozhe/62581368", "name": "\u51e4\u70db"}], "type": ["\u67b6\u7a7a\u5386\u53f2"], "outlinks": ["http://www.17k.com/book/2794982.html", "http://www.17k.com/book/2801292.html", "http://www.17k.com/book/2816318.html", "http://www.17k.com/book/2797575.html", "http://www.17k.com/book/2802516.html", "http://www.17k.com/book/2812195.html", "http://www.17k.com/book/2820143.html", "http://www.17k.com/book/2807943.html", "http://www.17k.com/book/2813457.html", "http://www.17k.com/book/2798058.html", "http://www.17k.com/book/2815617.html", "http://www.17k.com/book/2805259.html", "http://www.17k.com/book/2760255.html", "http://www.17k.com/book/2686894.html", "http://www.17k.com/book/2797016.html", "http://www.17k.com/book/2767246.html", "http://www.17k.com/book/2764239.html", "http://www.17k.com/book/2754498.html", "http://www.17k.com/book/2754900.html", "http://www.17k.com/book/2625740.html", "http://www.17k.com/book/2213315.html", "http://www.17k.com/book/2402178.html", "http://www.17k.com/book/2691221.html", "http://www.17k.com/book/2210699.html", "http://www.17k.com/book/1797752.html", "http://www.17k.com/book/2575507.html", "http://www.17k.com/book/2705181.html", "http://www.17k.com/book/2702539.html", "http://www.17k.com/book/2474887.html", "http://www.17k.com/book/2674733.html", "http://www.17k.com/book/2822076.html", "http://www.17k.com/book/2809894.html", "http://www.17k.com/book/2822077.html", "http://www.17k.com/book/2811930.html", "http://www.17k.com/book/2815548.html", "http://www.17k.com/book/2819620.html", "http://www.17k.com/book/2809964.html", "http://www.17k.com/book/2808200.html", "http://www.17k.com/book/2820100.html", "http://www.17k.com/book/2822978.html", "http://www.17k.com/book/2804337.html", "http://www.17k.com/book/2798814.html", "http://www.17k.com/book/2785153.html", "http://www.17k.com/book/2731559.html", "http://www.17k.com/book/2722533.html", "http://www.17k.com/book/2458377.html", "http://www.17k.com/book/2743300.html", "http://www.17k.com/book/973809.html", "http://www.17k.com/book/2651367.html", "http://www.17k.com/book/2726194.html", "http://www.17k.com/book/2790214.html", "http://www.17k.com/book/493239.html", "http://www.17k.com/book/108821.html", "http://www.17k.com/book/1398783.html", "http://www.17k.com/book/83528.html", "http://www.17k.com/book/1859126.html", "http://www.17k.com/book/1741975.html", "http://www.17k.com/book/192453.html", "http://www.17k.com/book/2459058.html", "http://www.17k.com/book/1050747.html", "http://www.17k.com/book/2700315.html", "http://www.17k.com/book/2818940.html", "http://www.17k.com/book/2819519.html", "http://www.17k.com/book/2816390.html", "http://www.17k.com/book/2819588.html", "http://www.17k.com/book/2813768.html", "http://www.17k.com/book/2822406.html", "http://www.17k.com/book/2772164.html", "http://www.17k.com/book/2784023.html", "http://www.17k.com/book/2811877.html", "http://www.17k.com/book/2809119.html", "http://www.17k.com/book/2803700.html", "http://www.17k.com/book/2819561.html", "http://www.17k.com/book/2746506.html", "http://www.17k.com/book/2811836.html", "http://www.17k.com/book/2614810.html", "http://www.17k.com/book/1592435.html", "http://www.17k.com/book/1949748.html", "http://www.17k.com/book/2265802.html", "http://www.17k.com/book/2743240.html", "http://www.17k.com/book/2657437.html", "http://www.17k.com/book/2644502.html", "http://www.17k.com/book/2199900.html", "http://www.17k.com/book/2725436.html", "http://www.17k.com/book/2629978.html"]}