{"ratings": -1, "userreviews": [{"userName": "A\u3001\u963f\u4f26", "userReviewDate": "2018-06-04", "userURL": "http://user.17k.com/54618210", "userReview": "\u770b\u770b\u5144\u5f1f\uff0c\u52a9\u5b89\u597d\uff0c\u8d8a\u6765\u8d8a\u987a\u54c8\u3002\u3002\u3002\u3002\u5199\u5386\u53f2\u67b6\u7a7a\u572817K\u6bd4\u8f83\u4e0d\u5bb9\u6613\uff0c\u56e0\u4e3a\u5f88\u5c11\u6709\u7ed9\u63a8\u7684\uff01"}, {"userName": "\u6708\u843d\u68a6\u8ffd\u5fc6", "userReviewDate": "2018-06-02", "userURL": "http://user.17k.com/57478135", "userReview": "\u5199\u4e66\u4e0d\u6613\uff0c\u8ffd\u5fc6\u524d\u6765\u52a9\u9635\uff0c\u5f3a\u52bf\u652f\u6301"}, {"userName": "\u6a59\u5b50\u9ec4\u4e862", "userReviewDate": "2018-06-01", "userURL": "http://user.17k.com/48385844", "userReview": "\u7801\u5b57\u8fd9\u6d3b\u592a\u7d2f\u3002\u9c9c\u82b1\u652f\u6301\u5927\u5927\u3002"}, {"userName": "\u661f\u7a7a\u591c\u68a6\u58f9", "userReviewDate": "2018-05-31", "userURL": "http://user.17k.com/58116533", "userReview": "\u661f\u7a7a\u6765\u770b\u4e66\u4e86\uff0c\u4e00\u8d77\u52a0\u6cb9\u6602"}, {"userName": "\u7af9\u4e0b\u661f\u67f3", "userReviewDate": "2018-05-28", "userURL": "http://user.17k.com/56040077", "userReview": "\u52a0\u6cb9\uff01\u67f3\u513f\u652f\u6301\u4f60\u54e6\uff01"}, {"userName": "\u6843\u82b1\u6df1\u6f6d\u6c34", "userReviewDate": "2018-05-07", "userURL": "http://user.17k.com/57040565", "userReview": "\u8fd9\u672c\u6587\u6587\u611f\u89c9\u4e66\u540d\u548c\u4f5c\u8005\u5927\u5927\u7684\u53e6\u4e00\u672c\u6587\u6587\u76f8\u4e92\u5bf9\u5e94\u8bf6\uff0c\u611f\u89c9\u597d\u6709\u5fc3\u601d\u554a\uff01\u68d2\u68d2\u54d2\uff01\u52a0\u6cb9\u54e6\uff01"}], "description": "\u5982\u662f\u6211\u95fb\uff0c\u4ec0\u4e48\u624d\u662f\u7231\uff1f\u662f\u75bc\u4f60\u5165\u9aa8\uff0c\u5ba0\u6eba\u65e0\u8fb9\uff1f\u8fd8\u662f\u9ed8\u9ed8\u4ed8\u51fa\uff0c\u9690\u5fcd\u4e0d\u8bf4\uff1f\u3000\u3000\u4ed6\u8bf4\uff1a\u201c\u5c0f\u4e03\uff0c\u6211\u8981\u8fd9\u5929\u4e0b\uff0c\u4e0d\u8fc7\u662f\u4e3a\u4e86\u62a4\u4f60\u5468\u5168\u3002\u201d\u4ed6\u8bf4\uff1a\u201c\u5c0f\u4e03\uff0c\u56e0\u4e3a\u7231\u4f60\uff0c\u6211\u624d\u5982\u6b64\u7b97\u8ba1\uff0c\u6b65\u6b65\u4e3a\u8425\u3002\u201d\u4ed6\u8bf4\uff1a\u201c\u6211\u7518\u613f\u653e\u5f03\u4e00\u5207\uff0c\u53ea\u4e3a\u4e86\u628a\u4f60\u7559\u5728\u8eab\u8fb9\u3002\u201d\u3000\u3000\u5ba0\u59b9\u72c2\u4eba\uff1f\u8fd8\u662f\u75f4\u5fc3\u9519\u4ed8\uff1f\u3000\u3000\u5c0f\u4e03\u8bf4\uff1a\u201c\u7edf\u7edf\u90fd\u7ed9\u6211\u9760\u8fb9\u7ad9\uff0c\u6211\u7684\u7537\u4eba\uff0c\u7531\u6211\u6765\u9009\u3002\u201d", "title": "\u516c\u5b50\u6709\u51e0\u601d", "url": "http://www.17k.com/book/2817088.html", "average": -1.0, "cover": "http://img.17k.com/images/bookcover/default_cover1.jpg", "reviews": 1043, "authors": [{"url": "http://www.17k.com/zuozhe/57826315", "name": "\u6668\u66e6\u5982\u68a666"}], "type": ["\u67b6\u7a7a\u5386\u53f2"], "outlinks": ["http://www.17k.com/book/2794982.html", "http://www.17k.com/book/2801292.html", "http://www.17k.com/book/2816318.html", "http://www.17k.com/book/2797575.html", "http://www.17k.com/book/2802516.html", "http://www.17k.com/book/2812195.html", "http://www.17k.com/book/2820143.html", "http://www.17k.com/book/2807943.html", "http://www.17k.com/book/2813457.html", "http://www.17k.com/book/2798058.html", "http://www.17k.com/book/2815617.html", "http://www.17k.com/book/2805259.html", "http://www.17k.com/book/2760255.html", "http://www.17k.com/book/2686894.html", "http://www.17k.com/book/2797016.html", "http://www.17k.com/book/2767246.html", "http://www.17k.com/book/2764239.html", "http://www.17k.com/book/2754498.html", "http://www.17k.com/book/2754900.html", "http://www.17k.com/book/2625740.html", "http://www.17k.com/book/2213315.html", "http://www.17k.com/book/2402178.html", "http://www.17k.com/book/2691221.html", "http://www.17k.com/book/2210699.html", "http://www.17k.com/book/1797752.html", "http://www.17k.com/book/2575507.html", "http://www.17k.com/book/2705181.html", "http://www.17k.com/book/2702539.html", "http://www.17k.com/book/2474887.html", "http://www.17k.com/book/2674733.html", "http://www.17k.com/book/2822076.html", "http://www.17k.com/book/2809894.html", "http://www.17k.com/book/2822077.html", "http://www.17k.com/book/2811930.html", "http://www.17k.com/book/2815548.html", "http://www.17k.com/book/2819620.html", "http://www.17k.com/book/2809964.html", "http://www.17k.com/book/2808200.html", "http://www.17k.com/book/2820100.html", "http://www.17k.com/book/2822978.html", "http://www.17k.com/book/2804337.html", "http://www.17k.com/book/2798814.html", "http://www.17k.com/book/2785153.html", "http://www.17k.com/book/2731559.html", "http://www.17k.com/book/2722533.html", "http://www.17k.com/book/2458377.html", "http://www.17k.com/book/2743300.html", "http://www.17k.com/book/973809.html", "http://www.17k.com/book/2651367.html", "http://www.17k.com/book/2726194.html", "http://www.17k.com/book/2790214.html", "http://www.17k.com/book/493239.html", "http://www.17k.com/book/108821.html", "http://www.17k.com/book/1398783.html", "http://www.17k.com/book/83528.html", "http://www.17k.com/book/1859126.html", "http://www.17k.com/book/1741975.html", "http://www.17k.com/book/192453.html", "http://www.17k.com/book/2459058.html", "http://www.17k.com/book/1050747.html", "http://www.17k.com/book/2700315.html", "http://www.17k.com/book/2818940.html", "http://www.17k.com/book/2819519.html", "http://www.17k.com/book/2816390.html", "http://www.17k.com/book/2819588.html", "http://www.17k.com/book/2813768.html", "http://www.17k.com/book/2822406.html", "http://www.17k.com/book/2772164.html", "http://www.17k.com/book/2784023.html", "http://www.17k.com/book/2811877.html", "http://www.17k.com/book/2809119.html", "http://www.17k.com/book/2803700.html", "http://www.17k.com/book/2819561.html", "http://www.17k.com/book/2746506.html", "http://www.17k.com/book/2811836.html", "http://www.17k.com/book/2614810.html", "http://www.17k.com/book/1592435.html", "http://www.17k.com/book/1949748.html", "http://www.17k.com/book/2265802.html", "http://www.17k.com/book/2743240.html", "http://www.17k.com/book/2657437.html", "http://www.17k.com/book/2644502.html", "http://www.17k.com/book/2199900.html", "http://www.17k.com/book/2725436.html", "http://www.17k.com/book/2629978.html"]}