{"ratings": -1, "userreviews": [{"userName": "\u98ce\u4e2d\u561f\u561f", "userReviewDate": "2016-02-07", "userURL": "http://user.17k.com/37816180", "userReview": "\u795d<img src='http://img.17k.com/images/face/209xh.gif' />\u5927<img src='http://img.17k.com/images/face/209xh.gif' />\u5bb6<img src='http://img.17k.com/images/face/209xh.gif' />\u65b0<img src='http://img.17k.com/images/face/209xh.gif' />\u7684<img src='http://img.17k.com/images/face/209xh.gif' />\u4e00<img src='http://img.17k.com/images/face/209xh.gif' />\u5e74<img src='http://img.17k.com/images/face/209xh.gif' />\u91cc<img src='http://img.17k.com/images/face/209xh.gif' />\u5fc3<img src='http://img.17k.com/images/face/209xh.gif' />\u60f3<img src='http://img.17k.com/images/face/209xh.gif' />\u4e8b<img src='http://img.17k.com/images/face/209xh.gif' />\u6210<img src='http://img.17k.com/images/face/209xh.gif' />\uff0c\u4e07<img src='http://img.17k.com/images/face/209xh.gif' />\u4e8b<img src='http://img.17k.com/images/face/209xh.gif' />\u5927<img src='http://img.17k.com/images/face/209xh.gif' />\u5409<img src='http://img.17k.com/images/face/209xh.gif' />\uff01"}, {"userName": "\u9a70\u661f\u5468", "userReviewDate": "2015-04-30", "userURL": "http://user.17k.com/33058420", "userReview": "<span style='color:blue'>\u7a7f\u8d8a\u5f02\u4e16\u5927\u9646\uff0c\u597d\u5728\u8fd8\u662f\u4e00\u4f4d\u5c11\u7237\uff0c\u53ef\u8fd9\u4f4d\u5c11\u7237\u5374\u662f\u4e00\u4e2a\u53ea\u80fd\u4efb\u4eba\u6b3a\u51cc\u7684\u5e9f\u67f4\u3002\u6587\u68b5\u7684\u906d\u9047\u559c\u5fe7\u53c2\u534a\uff0c\u4ed6\u9762\u4e34\u7684\u5d1b\u8d77\u4e4b\u8def\u4e5f\u5145\u6ee1\u4e86\u8270\u8f9b\uff0c\u6240\u5e78\u4ed6\u610f\u5fd7\u575a\u5f3a\uff0c\u53c8\u6562\u4e8e\u62fc\u640f\uff0c\u6700\u7ec8\u6446\u8131\u4e86\u5e9f\u67f4\u7684\u5f71\u5b50\u3002\u8fd9\u90e8\u7384\u5e7b\u5c0f\u8bf4\u7684\u8282\u594f\u5e76\u4e0d\u50cf\u4f5c\u8005\u5728\u6bcf\u7ae0\u5f00\u5934\u6240\u8bf4\u7684\u90a3\u4e48\u6162\uff0c\u5e94\u8be5\u5c5e\u4e8e\u5feb\u6162\u9002\u4e2d\u7684\u4f5c\u54c1\uff0c\u60c5\u8282\u4e0a\u4e5f\u591a\u6709\u723d\u70b9\uff0c\u6bd4\u5982\u5c0f\u6708\u548c\u4ed6\u7684\u60c5\u611f\uff0c\u5b8c\u7206\u5bf9\u624b\u540e\u7684\u75db\u5feb\u723d\u5229\u7b49\uff0c\u90fd\u53ef\u5708\u53ef\u70b9\u3002 \u5c0f\u8bf4\u7684\u4eba\u7269\u6027\u683c\u523b\u753b\u4e5f\u5341\u5206\u6210\u529f\uff0c\u5c24\u5176\u4e3b\u89d2\u6587\u68b5\u8fd9\u4e2a\u4eba\u7269\u3002\u987d\u5f3a\u3001\u4e0d\u670d\u8f93\u7684\u4e00\u9762\u7ed9\u4eba\u7684\u5370\u8c61\u6700\u6df1\uff0c\u4f5c\u4e3a\u4e00\u540d\u8bfb\u8005\uff0c\u5728\u8bfb\u5c0f\u8bf4\u7684\u8fc7\u7a0b\u4e2d\u81ea\u7136\u800c\u7136\u5c31\u4f1a\u628a\u81ea\u5df1\u60f3\u8c61\u6210\u7537\u4e3b\u89d2\uff0c\u8fd9\u6837\u7684\u6027\u683c\u7279\u70b9\u4e0d\u6b63\u662f\u6211\u4eec\u6240\u559c\u6b22\u7684\u5417\uff1f\u56e0\u4e3a\u6587\u68b5\u662f\u7a7f\u8d8a\u800c\u6765\uff0c\u6240\u4ee5\u5c0f\u8bf4\u4e2d\u53c8\u52a0\u8fdb\u4e86\u4e00\u4e9b\u4ed6\u524d\u4e16\u7684\u60f3\u6cd5\u548c\u7262\u9a9a\uff0c\u8ba9...</span>"}, {"userName": "\u7b11\u9762\u80a5\u54ea\u5412", "userReviewDate": "2015-04-01", "userURL": "http://user.17k.com/38490815", "userReview": "\u6765\u770b\u561f\u561f\u5144\u5927\u4f5c\u4e86\uff0c\u90fd\u662f\u4e2a\u4eba\u89c1\u89e3\uff0c\u522b\u4ecb\u610f\u54e6\u3002 \u9996\u5148\uff0c\u561f\u561f\u5144\u8fdb\u5165\u4e3b\u9898\u98de\u5feb\uff0c\u660e\u786e\u7684\u544a\u77e5\u732a\u811a\u8fd9\u5b59\u5b50\u662f\u7a7f\u8d8a\u4e86\uff0c\u4f46\u7a7f\u8d8a\u7684\u624b\u6cd5\u6709\u4e9bLOW\uff0c\u5c3c\u739b\u7eb9\u8eab\u9ebb\u9189\u5c31\u7a7f\u4e86\uff0c\u4f60\u4e2b\u4e5f\u592a\u968f\u610f\u4e86\u3002\u4f46\u5f80\u540e\u770b\uff0c\u539f\u6765\u8fd9\u4e2a\u7eb9\u8eab\u662f\u4e2a\u5751\uff0c\u662f\u5438\u5f15\u8bfb\u8005\u7684\u5f15\u5b50\u3002\u4ece\u7b2c\u4e00\u7ae0\u770b\uff0c\u660e\u786e\u7684\u77e5\u6653\u561f\u561f\u5144\u60f3\u8868\u8fbe\u7684\u662f\u4ec0\u4e48\u4e86\uff0c\u7a7f\u8d8a\u4ee5\u53ca\u5e9f\u6750\u6d41\u3002 \u8282\u594f\u8f83\u5feb\uff0c\u7b2c\u4e00\u7ae0\u5c31\u6709\u5c0f\u841d\u8389\u51fa\u73b0\uff0c\u4f30\u8ba1\u540e\u9762\u8fd8\u6709\u5404\u79cd\u7f8e\u5973\u51fa\u73b0\u3002\u8fd9\u4f1a\u8ba9\u4eba\u5f88\u671f\u5f85\uff0c\u6211\u4e2a\u4eba\u5f88\u559c\u6b22\u6eda\u5e8a\u5355\u7684\u60c5\u8282\u3002\u3002\u3002 \u7b2c\u4e8c\u7ae0\u7528\u4e86\u56db\u4e94\u4e2a\u6bb5\u843d\u4ecb\u7ecd\u5bb6\u65cf\u80cc\u666f\uff0c\u4e0d\u591a\u4e0d\u5c11\u5427\uff0c\u540c\u6837\u662f\u561f\u561f\u5144\u7684\u98ce\u683c\uff0c\u7b80\u5355\u660e\u5feb\u3002 \u63a5\u4e0b\u6765 \u6211\u770b\uff0c\u5c31\u77e5\u6653\u561f\u561f\u5144\u7684\u7528\u610f\u4e86\uff0c\u6587\u4e2d\u683c\u8c03\u660e\u786e\uff0c\u53d7\u4f17\u7fa4\u4f53\u4e5f\u660e\u786e\uff0c\u7b97\u662f\u6bd4\u8f83\u4f20\u7edf\u7684\u7f51\u6587\u6784\u67b6\u3002\u8bed\u8a00\u8f83\u4e3a\u63a5\u8fd1\u73b0\u5b9e\u7f51\u7edc\u751f\u6d3b\uff0c\u5e73\u6613\u8fd1\u4eba\u3002\u4f46\u8bb8\u591a\u4e8b\u60c5\u4e00..."}, {"userName": "\u4f46\u613f\u65e0\u6127", "userReviewDate": "2018-06-03", "userURL": "http://user.17k.com/32845976", "userReview": "\u6297\u62d2\u4ece\u4e25\u3002"}, {"userName": "\u5723\u9690\u5e1d\u5143", "userReviewDate": "2018-06-03", "userURL": "http://user.17k.com/57760595", "userReview": "\u7b7e\u5230\u652f\u6301\uff01"}, {"userName": "\u4f46\u613f\u65e0\u6127", "userReviewDate": "2018-05-31", "userURL": "http://user.17k.com/32845976", "userReview": "\u8ffd\u561f\u561f"}, {"userName": "\u4f46\u613f\u65e0\u6127", "userReviewDate": "2018-05-29", "userURL": "http://user.17k.com/32845976", "userReview": "\u4e00\u4e8c\u4e09\u56db"}, {"userName": "\u4f46\u613f\u65e0\u6127", "userReviewDate": "2018-05-27", "userURL": "http://user.17k.com/32845976", "userReview": "\u5468\u672b\u5feb\u4e50\u3002"}, {"userName": "\u4f46\u613f\u65e0\u6127", "userReviewDate": "2018-05-25", "userURL": "http://user.17k.com/32845976", "userReview": "\u5978\u2026\u2026"}, {"userName": "\u4f46\u613f\u65e0\u6127", "userReviewDate": "2018-05-23", "userURL": "http://user.17k.com/32845976", "userReview": "\u561f\u561f\u5409\u7965\u3002"}, {"userName": "\u4f46\u613f\u65e0\u6127", "userReviewDate": "2018-05-21", "userURL": "http://user.17k.com/32845976", "userReview": "\u65b0\u7684\u4e00\u5468\u5feb\u4e50\u3002"}, {"userName": "\u6728355596835", "userReviewDate": "2018-05-20", "userURL": "http://user.17k.com/61956723", "userReview": "\u5927\u795e\uff0c\u6211\u60f3\u95ee\u4e00\u4e0b\u6211\u66f4\u65b0\u7ae0\u8282\u540e\u6700\u65b0\u7ae0\u8282\u4ecd\u7136\u663e\u793a\u7b2c\u4e00\u7ae0\u4e3a\u4ec0\u4e48"}, {"userName": "\u4f46\u613f\u65e0\u6127", "userReviewDate": "2018-05-19", "userURL": "http://user.17k.com/32845976", "userReview": "\u4ffa\u4ee5\u4e3a\u662f\u6d85\u69c3\u5462"}, {"userName": "\u5723\u9690\u5e1d\u5143", "userReviewDate": "2018-05-19", "userURL": "http://user.17k.com/57760595", "userReview": "\u7b7e\u5230\u652f\u6301"}, {"userName": "\u4f46\u613f\u65e0\u6127", "userReviewDate": "2018-05-17", "userURL": "http://user.17k.com/32845976", "userReview": "\u6709\u591a\u795e\u79d8"}, {"userName": "\u4f46\u613f\u65e0\u6127", "userReviewDate": "2018-05-15", "userURL": "http://user.17k.com/32845976", "userReview": "\u5929\u4ef7\u767d\u83dc\u3002"}, {"userName": "\u5723\u9690\u5e1d\u5143", "userReviewDate": "2018-05-13", "userURL": "http://user.17k.com/57760595", "userReview": "\u7b7e\u5230\u652f\u6301"}, {"userName": "\u4f46\u613f\u65e0\u6127", "userReviewDate": "2018-05-13", "userURL": "http://user.17k.com/32845976", "userReview": "\u89c1\u89c1\u4e5f\u884c"}, {"userName": "\u4f46\u613f\u65e0\u6127", "userReviewDate": "2018-05-11", "userURL": "http://user.17k.com/32845976", "userReview": "\u8fd8\u6709\u841d\u535c\u3002"}, {"userName": "\u4f46\u613f\u65e0\u6127", "userReviewDate": "2018-05-09", "userURL": "http://user.17k.com/32845976", "userReview": "\u5973\u738b\u3002"}], "description": "\u4e00\u4e2a\u5b64\u513f\u7684\u8f6e\u56de\u3000\u3000\u4e00\u4e2a\u4e71\u4e16\u7684\u82cd\u6851\u3000\u3000\u68ee\u6797\u6d1e\u5e9c\u4e2d\u7684\u8fdc\u53e4\u4f20\u627f\uff0c\u9001\u4e0a\u95e8\u6765\u7684\u72d0\u72f8\u7cbe\uff1f\uff01\u3000\u3000\u5386\u7ecf\u4e07\u96be\u5373\u5c06\u5230\u8fbe\u4eba\u751f\u7684\u5dc5\u5cf0\uff0c\u5374\u518d\u6b21\u6210\u4e3a\u6e23\u6e23\uff01\u3000\u3000\u4e3a\u5bfb\u627e\u4e0e\u81ea\u5df1\u76f8\u4f34\u591a\u5e74\u7684\u4f19\u4f34\uff0c\u8981\u7ecf\u5386\u591a\u5c11\u78e8\u96be\uff1f\u3000\u3000\u770b\u5f02\u4e16\u5927\u9646\u4e0a\u7684\u666e\u901a\u5c11\u5e74\uff0c\u5982\u4f55\u51b2\u7834\u65e0\u5c3d\u7684\u7262\u7b3c\u548c\u67b7\u9501\uff0c\u6210\u5c31\u4e98\u53e4\u5a01\u540d!\u3000\u3000\u4e0d\u4e3a\u5929\u4e0b\u82cd\u751f\uff01\u4e0d\u4e3a\u4e16\u4fd7\u6240\u56f0\uff01\u53ea\u4e3a\u5fc3\u4e2d\u7684\u7f81\u7eca\uff01\u3000\u3000\u4f5c\u54c1\u94fe\u63a5\uff1ahttp://www.17k.com/book/1085700.html", "title": "\u516d\u754c\u795e\u541b", "url": "http://www.17k.com/book/1085700.html", "average": -1.0, "cover": "http://img.17k.com/images/bookcover/2015/5428/27/1085700-1422667447000.jpg", "reviews": 1053266, "authors": [{"url": "http://www.17k.com/zuozhe/37816180", "name": "\u98ce\u4e2d\u561f\u561f"}], "type": ["\u5f02\u754c\u5927\u9646"], "outlinks": ["http://www.17k.com/book/2794982.html", "http://www.17k.com/book/2801292.html", "http://www.17k.com/book/2816318.html", "http://www.17k.com/book/2797575.html", "http://www.17k.com/book/2802516.html", "http://www.17k.com/book/2812195.html", "http://www.17k.com/book/2820143.html", "http://www.17k.com/book/2807943.html", "http://www.17k.com/book/2813457.html", "http://www.17k.com/book/2798058.html", "http://www.17k.com/book/2815617.html", "http://www.17k.com/book/2805259.html", "http://www.17k.com/book/2760255.html", "http://www.17k.com/book/2686894.html", "http://www.17k.com/book/2797016.html", "http://www.17k.com/book/2767246.html", "http://www.17k.com/book/2764239.html", "http://www.17k.com/book/2754498.html", "http://www.17k.com/book/2754900.html", "http://www.17k.com/book/2625740.html", "http://www.17k.com/book/2213315.html", "http://www.17k.com/book/2402178.html", "http://www.17k.com/book/2691221.html", "http://www.17k.com/book/2210699.html", "http://www.17k.com/book/1797752.html", "http://www.17k.com/book/2575507.html", "http://www.17k.com/book/2705181.html", "http://www.17k.com/book/2702539.html", "http://www.17k.com/book/2474887.html", "http://www.17k.com/book/2674733.html", "http://www.17k.com/book/2822076.html", "http://www.17k.com/book/2809894.html", "http://www.17k.com/book/2822077.html", "http://www.17k.com/book/2811930.html", "http://www.17k.com/book/2815548.html", "http://www.17k.com/book/2819620.html", "http://www.17k.com/book/2809964.html", "http://www.17k.com/book/2808200.html", "http://www.17k.com/book/2820100.html", "http://www.17k.com/book/2822978.html", "http://www.17k.com/book/2804337.html", "http://www.17k.com/book/2798814.html", "http://www.17k.com/book/2785153.html", "http://www.17k.com/book/2731559.html", "http://www.17k.com/book/2722533.html", "http://www.17k.com/book/2458377.html", "http://www.17k.com/book/2743300.html", "http://www.17k.com/book/973809.html", "http://www.17k.com/book/2651367.html", "http://www.17k.com/book/2726194.html", "http://www.17k.com/book/2790214.html", "http://www.17k.com/book/493239.html", "http://www.17k.com/book/108821.html", "http://www.17k.com/book/1398783.html", "http://www.17k.com/book/83528.html", "http://www.17k.com/book/1859126.html", "http://www.17k.com/book/1741975.html", "http://www.17k.com/book/192453.html", "http://www.17k.com/book/2459058.html", "http://www.17k.com/book/1050747.html", "http://www.17k.com/book/2700315.html", "http://www.17k.com/book/2818940.html", "http://www.17k.com/book/2819519.html", "http://www.17k.com/book/2816390.html", "http://www.17k.com/book/2819588.html", "http://www.17k.com/book/2813768.html", "http://www.17k.com/book/2822406.html", "http://www.17k.com/book/2772164.html", "http://www.17k.com/book/2784023.html", "http://www.17k.com/book/2811877.html", "http://www.17k.com/book/2809119.html", "http://www.17k.com/book/2803700.html", "http://www.17k.com/book/2819561.html", "http://www.17k.com/book/2746506.html", "http://www.17k.com/book/2811836.html", "http://www.17k.com/book/2614810.html", "http://www.17k.com/book/1592435.html", "http://www.17k.com/book/1949748.html", "http://www.17k.com/book/2265802.html", "http://www.17k.com/book/2743240.html", "http://www.17k.com/book/2657437.html", "http://www.17k.com/book/2644502.html", "http://www.17k.com/book/2199900.html", "http://www.17k.com/book/2725436.html", "http://www.17k.com/book/2629978.html"]}