{"ratings": -1, "userreviews": [{"userName": "\u79cb\u96e8\u77e5\u65f6", "userReviewDate": "2018-01-18", "userURL": "http://user.17k.com/49661407", "userReview": "\u524d\u4e16\u4e3a\u7ea2\u989c\u4e5d\u5929\u63fd\u6708\u4e00\u5251\u9707\u82cd\u7a79\uff0c\u4e3a\u53cb\u4eba\u4ed7\u5251\u4e5d\u5dde\u6740\u5c3d\u516b\u5343\u91cc\uff0c\u7687\u671d\u9707\u60ca\uff0c\u5b97\u95e8\u60ca\u9a87\uff0c\u8a89\u4e3a\u5343\u53e4\u7b2c\u4e00\u4eba\uff0c\u8eab\u6000\u7edd\u4e16\u529f\u6cd5\uff0c\u88ab\u597d\u53cb\u795e\u6bbf\u4e4b\u5b50\u8bbe\u8ba1\u9677\u5bb3\u81f4\u6b7b\uff0c\u7ecf\u8fc7\u767e\u5e74\uff0c\u91cd\u751f\u5728\u51cc\u4e91\u57ce\u695a\u5bb6\u5f03\u5b50\u695a\u4e91\u8eab\u4e0a\uff0c\u4ece\u6b64\u5c31\u5f00\u542f\u4e86\u4e00\u573a\u4e0e\u5f53\u65f6\u65e0\u6570\u5929\u624d\u4e89\u950b\u7684\u9006\u5929\u4e4b\u8def\uff0c\u4ece\u6b64\u795e\u6d32\u5927\u5730\u7ea2\u989c\u7f8e\u5973\u503e\u5fc3\uff0c\u65e0\u6570\u5929\u624d\u6c38\u65e0\u51fa\u5934\u4e4b\u65e5\uff0c\u590d\u4ec7\uff0c\u5bfb\u627e\u6cd5\u5219\u4e4b\u7891\u8fd9\u4e2a\u4e16\u754c\u5373\u5c06\u66b4\u8d70\uff01"}, {"userName": "\u5357\u97f5\u7d2b\u6db5", "userReviewDate": "2018-06-04", "userURL": "http://user.17k.com/43518285", "userReview": "\u4f5c\u8005\u5927\u5927\u52a0\u6cb9\uff0c\u633a\u597d\u770b\u7684\u3002"}, {"userName": "\u5723\u9690\u5e1d\u5143", "userReviewDate": "2018-04-21", "userURL": "http://user.17k.com/57760595", "userReview": "\u7b7e\u5230\u652f\u6301"}, {"userName": "\u5510\u5eb8\u5b81", "userReviewDate": "2018-04-15", "userURL": "http://user.17k.com/59073412", "userReview": "\u6765\u8bbf\u652f\u6301\uff0c\u79cb\u5927\u52a0\u6cb9\uff0c"}, {"userName": "\u7f8a\u5976\u5c0f\u54e5", "userReviewDate": "2018-04-01", "userURL": "http://user.17k.com/54315957", "userReview": "\u8f9b\u82e6\u7801\u5b57\u8def\uff0c\u4e0e\u5144\u540c\u884c\uff01"}, {"userName": "\u8537\u8587\u73a5\u9171V", "userReviewDate": "2018-03-28", "userURL": "http://user.17k.com/55984899", "userReview": "\u6765\u5566\uff0c\u597d\u4e45\u6ca1\u6765\u7684\u8bf4\uff5e\u30fd(\uffe3\u03c9\uffe3(\uffe3\u03c9\uffe3\u3003)\u309d\u4e0b\u5348\u597d\uff5e"}, {"userName": "\u7a7a\u8c37\u7559\u60c5", "userReviewDate": "2018-03-14", "userURL": "http://user.17k.com/45016341", "userReview": "<a target='_blank' href='http://www.17k.com/book/2790998.html'>\u300a\u9738\u9053\u4e13\u5c5e\u300b</a>\u6765\u8bbf\uff0c\u5927\u5927\u5199\u5f97\u5f88\u597d\uff0c\u5df2\u7ecf\u6536\u85cf\uff0c\u671f\u5f85\u56de\u8bbf\u548c\u6536\u85cf"}, {"userName": "\u4e5d\u9f99\u5486\u54ee", "userReviewDate": "2018-03-10", "userURL": "http://user.17k.com/49920879", "userReview": "\u5927\u5927\u52a0\u6cb9\u2196(^\u03c9^)\u2197"}, {"userName": "\u4e5d\u9f99\u5486\u54ee", "userReviewDate": "2018-03-10", "userURL": "http://user.17k.com/49920879", "userReview": "\u665a\u597dO(\u2229_\u2229)O"}, {"userName": "\u6843\u82b1\u9189\u9152\u8bd7\u767e\u7bc78", "userReviewDate": "2018-03-09", "userURL": "http://user.17k.com/54800947", "userReview": "\u65b0\u4e66\u3010\u795e\u7738\u4e4b\u77b3\u3011\u8e6d\u697c\u62dc\u8bbf\uff0c\u5927\u5927\u6307\u70b9\u4e00\u54c8\uff01\uff01\uff01"}, {"userName": "\u5e7d\u9b45\u51a5\u6b87", "userReviewDate": "2018-03-02", "userURL": "http://user.17k.com/51151539", "userReview": "\u5143\u5bb5\u5feb\u4e50\uff5e"}, {"userName": "\u5343\u6b87\u65e0\u5c3d", "userReviewDate": "2018-02-19", "userURL": "http://user.17k.com/58184210", "userReview": "\u52a0\u6cb9\uff0c\u652f\u6301\u6765\u4e86\uff0c\u52aa\u529b\u54e6\uff01"}, {"userName": "m\u6728\u7d2b\u503e", "userReviewDate": "2018-02-15", "userURL": "http://user.17k.com/52480433", "userReview": "\u65b0\u7684\u4e00\u5e74\u5f00\u59cb\uff0c\u795d\u5927\u5927\u597d\u4e8b\u63a5\u4e8c\u8fde\u4e09\uff0c\u5fc3\u60c5\u56db\u5b63\u5982\u6625\uff0c\u751f\u6d3b\u4e94\u989c\u516d\u8272\uff0c\u4e03\u5f69\u7f24\u7eb7\uff0c\u5076\u5c14\u53d1\u70b9\u5c0f\u8d22\uff0c\u70e6\u607c\u629b\u5230\u4e5d\u9704\u4e91\u5916\uff0c\u5e0c\u671b\u6211\u8fd9\u5341\u5168\u5341\u7f8e\u7684\u795d\u798f\u65e9\u65e5\u5b9e\u73b0\u3002\u795d\u5927\u5927\u65b0\u5e74\u5feb\u4e50\u54e6~"}, {"userName": "\u970e\u90a3\u95f4\u7684\u56de\u5fc6087591887", "userReviewDate": "2018-02-08", "userURL": "http://user.17k.com/51057668", "userReview": "\u6765\u9605\u6587\u5b66\u4e60"}, {"userName": "\u4e5d\u9f99\u5486\u54ee", "userReviewDate": "2018-02-06", "userURL": "http://user.17k.com/49920879", "userReview": "\u52aa\u529b\u66f4\u65b0\uff5e"}, {"userName": "HZJHKU", "userReviewDate": "2018-02-05", "userURL": "http://user.17k.com/56371930", "userReview": "\u6765\u8bbf\u652f\u6301"}, {"userName": "\u5e7d\u9b45\u51a5\u6b87", "userReviewDate": "2018-02-04", "userURL": "http://user.17k.com/51151539", "userReview": "\u52a0\u6cb9\u2196(^\u03c9^)\u2197\u652f\u6301"}, {"userName": "\u970e\u90a3\u95f4\u7684\u56de\u5fc6087591887", "userReviewDate": "2018-02-04", "userURL": "http://user.17k.com/51057668", "userReview": "\u65e9\u597d\uff01\u9605\u6587\u5b66\u4e60"}, {"userName": "\u4e5d\u9f99\u5486\u54ee", "userReviewDate": "2018-02-02", "userURL": "http://user.17k.com/49920879", "userReview": "\u665a\u4e0a\u597d\uff5e\u265b"}, {"userName": "\u4e5d\u9f99\u5486\u54ee", "userReviewDate": "2018-02-02", "userURL": "http://user.17k.com/49920879", "userReview": "\u6211\u7684\u5929\uff0c\u597d\u5c34\u5c2c\uff0c\u8fd8\u649e\u4e86\u4e2a\u5bd2\u6708\uff0c\u5929\u2026\u2026\u7f18\u5206\u554a\uff0c\u5927\u5927\u2026\u2026\u265b"}], "description": "\u7ecf\u4e0a\u53e4\u5927\u6218\uff0c\u5927\u9646\u652f\u79bb\u7834\u788e\uff0c\u65e0\u5c3d\u832b\u832b\u4e4b\u6d77\u5b58\u6709\u4e00\u5730\u540d\u4e3a\u795e\u6d32\u5927\u5730\uff0c\u795e\u6d32\u5d07\u5c1a\u4ee5\u6b66\u4e3a\u5c0a\uff0c\u6b66\u8005\u9700\u8981\u9886\u609f\u5929\u5730\uff0c\u5438\u7eb3\u7075\u529b\uff0c\u89c9\u6b66\u9b42\u4fee\u70bc\uff0c\u5883\u754c\u5206\u4e3a\u5341\u91cd\u5883\u4e3a\u7ec3\u6c14\uff0c\u9192\u9b42\uff0c\u7b51\u57fa\uff0c\u5148\u5929\uff0c\u660e\u609f\uff0c\u6e21\u52ab\uff0c\u8f6e\u56de\uff0c\u609f\u9053\uff0c\u7834\u955c\uff0c\u5e1d\u865a\u7b49\u5883\u754c\u6bcf\u4e00\u4e2a\u5883\u754c\u5206\u4e3a\u4e5d\u91cd\u5883\u3002\u3000\u3000\u6b66\u4e4b\u5c0a\u8005\u4e3a\u5e1d\uff0c\u5e1d\u4e4b\u5f3a\u8005\u4e3a\u5929\u6b66\u5e1d\u3002\u3000\u3000\u767e\u5e74\u8f6e\u56de\uff0c\u91cd\u4e34\u5927\u5730\uff0c\u7384\u7891\u95ee\u9053\uff0c\u4fee\u65e0\u4e0a\u529f\u6cd5\uff0c\u51dd\u516d\u9053\u6cd5\u76f8\uff0c\u94f8\u5929\u5730\u5341\u4e8c\u5175\uff0c\u5929\u5730\u8bf8\u6cd5\u7686\u4e3a\u6211\u4e00\u5ff5\u4e4b\u95f4\uff0c\u5929\u795e\uff0c\u4eba\u7687\uff0c\u51f6\u9b54\uff0c\u8be1\u5996\uff0c\u6148\u4f5b\uff0c\u51a5\u9b3c\u7686\u662f\u6211\u4e00\u5ff5\u3002\u3000\u3000\u4e91\u6e38\u5929\u5730\u95f4\u3000\u3000\u8840\u6e85\u82cd\u7a79\u4e0b\u3000\u3000\u811a\u8e0f\u5341\u65b9\u5730\u3000\u3000\u5251\u6307\u4e5d\u91cd\u5929\u3000\u3000\u6211\u82e5\u4e3a\u5e1d\uff0c\u516d\u9053\u957f\u5b58\u3002", "title": "\u516d\u9053\u957f\u5b58", "url": "http://www.17k.com/book/2673231.html", "average": -1.0, "cover": "http://img.17k.com/images/bookcover/2017/13366/66/2673231-1513761875000.jpg", "reviews": 52232, "authors": [{"url": "http://www.17k.com/zuozhe/49661407", "name": "\u79cb\u96e8\u77e5\u65f6"}], "type": ["\u4e1c\u65b9\u7384\u5e7b"], "outlinks": ["http://www.17k.com/book/2794982.html", "http://www.17k.com/book/2801292.html", "http://www.17k.com/book/2816318.html", "http://www.17k.com/book/2797575.html", "http://www.17k.com/book/2802516.html", "http://www.17k.com/book/2812195.html", "http://www.17k.com/book/2820143.html", "http://www.17k.com/book/2807943.html", "http://www.17k.com/book/2813457.html", "http://www.17k.com/book/2798058.html", "http://www.17k.com/book/2815617.html", "http://www.17k.com/book/2805259.html", "http://www.17k.com/book/2760255.html", "http://www.17k.com/book/2686894.html", "http://www.17k.com/book/2797016.html", "http://www.17k.com/book/2767246.html", "http://www.17k.com/book/2764239.html", "http://www.17k.com/book/2754498.html", "http://www.17k.com/book/2754900.html", "http://www.17k.com/book/2625740.html", "http://www.17k.com/book/2213315.html", "http://www.17k.com/book/2402178.html", "http://www.17k.com/book/2691221.html", "http://www.17k.com/book/2210699.html", "http://www.17k.com/book/1797752.html", "http://www.17k.com/book/2575507.html", "http://www.17k.com/book/2705181.html", "http://www.17k.com/book/2702539.html", "http://www.17k.com/book/2474887.html", "http://www.17k.com/book/2674733.html", "http://www.17k.com/book/2822076.html", "http://www.17k.com/book/2809894.html", "http://www.17k.com/book/2822077.html", "http://www.17k.com/book/2811930.html", "http://www.17k.com/book/2815548.html", "http://www.17k.com/book/2819620.html", "http://www.17k.com/book/2809964.html", "http://www.17k.com/book/2808200.html", "http://www.17k.com/book/2820100.html", "http://www.17k.com/book/2822978.html", "http://www.17k.com/book/2804337.html", "http://www.17k.com/book/2798814.html", "http://www.17k.com/book/2785153.html", "http://www.17k.com/book/2731559.html", "http://www.17k.com/book/2722533.html", "http://www.17k.com/book/2458377.html", "http://www.17k.com/book/2743300.html", "http://www.17k.com/book/973809.html", "http://www.17k.com/book/2651367.html", "http://www.17k.com/book/2726194.html", "http://www.17k.com/book/2790214.html", "http://www.17k.com/book/493239.html", "http://www.17k.com/book/108821.html", "http://www.17k.com/book/1398783.html", "http://www.17k.com/book/83528.html", "http://www.17k.com/book/1859126.html", "http://www.17k.com/book/1741975.html", "http://www.17k.com/book/192453.html", "http://www.17k.com/book/2459058.html", "http://www.17k.com/book/1050747.html", "http://www.17k.com/book/2700315.html", "http://www.17k.com/book/2818940.html", "http://www.17k.com/book/2819519.html", "http://www.17k.com/book/2816390.html", "http://www.17k.com/book/2819588.html", "http://www.17k.com/book/2813768.html", "http://www.17k.com/book/2822406.html", "http://www.17k.com/book/2772164.html", "http://www.17k.com/book/2784023.html", "http://www.17k.com/book/2811877.html", "http://www.17k.com/book/2809119.html", "http://www.17k.com/book/2803700.html", "http://www.17k.com/book/2819561.html", "http://www.17k.com/book/2746506.html", "http://www.17k.com/book/2811836.html", "http://www.17k.com/book/2614810.html", "http://www.17k.com/book/1592435.html", "http://www.17k.com/book/1949748.html", "http://www.17k.com/book/2265802.html", "http://www.17k.com/book/2743240.html", "http://www.17k.com/book/2657437.html", "http://www.17k.com/book/2644502.html", "http://www.17k.com/book/2199900.html", "http://www.17k.com/book/2725436.html", "http://www.17k.com/book/2629978.html"]}