{"ratings": -1, "userreviews": [{"userName": "dream\u5929\u9053", "userReviewDate": "2014-08-04", "userURL": "http://user.17k.com/16105015", "userReview": "<span style='color:red'>\u7ed9\u597d\u670b\u53cb\u63a8\u5e7f\u4e00\u4e0b\u5c0f\u5e97\uff0c\u63a8\u8350\u7f8e\u5de5\u7ec4\u5c0f\u5e97\uff0c\u989c\u7d2b\u537f\u5e97\u9762\uff0c\u4f5c\u8005\u4eec\u70b9\u51fb\u8fdb\u5165\u8bba\u575b\uff0c\u7f8e\u5de5\u7ec4\uff0c\u989c\u7d2b\u537f\u5c0f\u5e97\u7533\u8bf7\u5c01\u9762\u3002\u8d28\u91cf\u4fdd\u8bc1\uff0c\u4eba\u54c1\u4fdd\u8bc1</span>"}, {"userName": "\u5143\u5609\u996e\u6ce3", "userReviewDate": "2014-04-02", "userURL": "http://user.17k.com/32191831", "userReview": "\u6211\u662f\u5143\u5609\u9b42\u6de1\uff0c\u6211\u5f00\u5927\u53f7\u8fc7\u6765\u4e86\uff0c\u54fc(\u02c9(\u221e)\u02c9)\u5527\uff01\u4f60\u8bf4\u4f60\u8981\u7ed9\u6211\u7f6e\u9876\u7559\u8a00\uff1f\u54fc(\u02c9(\u221e)\u02c9)\u5527\uff01\u8bf4\u5f97\u597d\u50cf\u8c01\u7a00\u7f55\u88ab\u7f6e\u9876\u7559\u8a00\u4e00\u6837\uff01\u54fc(\u02c9(\u221e)\u02c9)\u5527\uff01\u6211\u594f\u4e8b\u56e0\u4e3a\u770b\u4e86\u6781\u54c1\u98de\u8f66\u91cc\u9762\u547c\u5566\u5566\u98de\u9a70\u8fc7\u53bb\u7684\u6cd5\u62c9\u5229\u7136\u540e\u987a\u4fbf\u8fc7\u6765\u6170\u95ee\u4e00\u4e0b\u4f60\uff01\u54fc\u5527\uff01\u6211\u5c31\u662f\u8fd9\u4e48\u540a\uff0c\u4e0d\u670d\u6765\u4fbf~"}, {"userName": "dream\u5929\u9053", "userReviewDate": "2014-03-24", "userURL": "http://user.17k.com/16105015", "userReview": "<span style='color:red'>\u989d\uff0c\u597d\u5427\uff0c\u6211\u9519\u602a\u5927\u5bb6\u4e86\uff0c\u7279\u4e48\u6211\u81ea\u5df1\u62c6\u4e86\u5e7f\u544a\u697c\u5fd8\u8bb0\u91cd\u5efa\u4e86\u3002\u4e0d\u597d\u610f\u601d\u54c8\uff0c\u54b3\u54b3\uff0c\u53ef\u662f\u8bf4\u51fa\u6765\u7684\u8bdd\u5fc5\u987b\u9075\u5b88\uff0c\u5916\u9762\u7684\u5e7f\u544a\u6211\u5c31\u4e0d\u770b\u4e86\uff0c\u60f3\u8ba9\u6211\u5173\u6ce8\u7684\u91cd\u65b0\u5728\u5e7f\u544a\u697c\u91cc\u53d1\u3002\u5c31\u8fd9\u4e48\u51b3\u5b9a\u4e86\uff0c\u6069\u3002\u63a5\u7740\u63a8\u8350\u597d\u4e66\u5148<a target='_blank' href='http://www.17k.com/book/764772.html'>\u300a\u7f51\u6e38\u4e4b\u6a2a\u884c\u5929\u4e0b\u300b</a>\u8fd9\u672c\u4e66\u8981\u662f\u4e0d\u597d\u770b\u4f60\u4eec\u62bd\u6b7b\u6211\uff0c\u8fd9\u672c\u4e66\u6211\u90fd\u770b\u5230\u6700\u65b0\u7ae0\u8282\u4e86\u3002\u4e4b\u540e\u5c31\u662f<a target='_blank' href='http://www.17k.com/book/686496.html'>\u300a\u7edd\u54c1\u5e1d\u5c0a\u300b</a><a target='_blank' href='http://www.17k.com/book/651184.html'>\u300a\u5f02\u754c\u6df7\u5143\u6218\u795e\u300b</a>\u3002\u8fd9\u4e24\u672c\u8ddf\u7740\u6211\u4eec\u961f\u8d70\u6765\u7684\u8bfb\u8005\u4e5f\u4e0d\u964c\u751f\u4e86\u3002\u5514\uff0c\u518d\u63a8\u8350\u4e00\u672c<a target='_blank' href='http://www.17k.com/book/705692.html'>\u300a\u795e\u9b54\u9738\u4f53\u300b</a>\uff0c\u8001\u4e91\u795e\u4f5c\uff0c\u5927\u5bb6\u591a\u591a\u652f\u6301\u3002</span>"}, {"userName": "\u4e91\u9706\u9601\ufe3b$\u4e91\u9706\u98de", "userReviewDate": "2014-03-03", "userURL": "http://user.17k.com/337329", "userReview": "\u6b64\u4e66\u4e00\u770b\u6709\u51a0\u519b\u6837\u513f\uff0c\u52a0\u6cb9\uff0c\u9876\u5230\u51a0\u519b\u53bb\uff01\uff01"}, {"userName": "\u4e8e\u8e4a", "userReviewDate": "2013-11-18", "userURL": "http://user.17k.com/14809177", "userReview": "\u52a0\u6cb9\u5427\u5c0f\u5144\u5f1f~~\u7b49\u6211\u5145\u4e86\u503c\u518d\u6765\u652f\u6301\u4f60\uff0c\u4e66\u5199\u7684\u86ee\u4e0d\u9519\u7684\uff0c\u6211\u5148\u6536\u85cf\u4e86\u554a"}, {"userName": "\u677e\u54e5456982258", "userReviewDate": "2018-03-30", "userURL": "http://user.17k.com/45277965", "userReview": "\u8fd9\u4e66\u7684\u5bb9\u91cf\u771f\u5927\uff0c\u5b8c\u6210\u8fd9\u6837\u4e00\u672c\u4e66\uff0c\u4e0d\u4ec5\u4ec5\u9700\u8981\u610f\u5fd7\uff0c\u77e5\u8bc6\uff0c\u66f4\u9700\u8981\u52c7\u6c14\u548c\u529b\u91cf\u3002\u70b9\u8d5e\u652f\u6301\uff01\u5b66\u4e60\u501f\u9274\u3002"}, {"userName": "\u5bf9\u6211\u5fae\u7b11\uff0c\u7eaf\u5c5e\u793c\u8c8c\u3002", "userReviewDate": "2017-11-09", "userURL": "http://user.17k.com/55945782", "userReview": "<a target='_blank' href='http://www.17k.com/book/2616990.html'>\u300a\u5c71\u5916\u4ed9\u5c71\u6865\u5916\u5929\u300b</a>\u53ef\u4ee5\u770b\u4e0b\uff0c\u6bcf\u5929\u66f4\u65b0"}, {"userName": "\u521a\u6797\u9646", "userReviewDate": "2017-10-08", "userURL": "http://user.17k.com/57562470", "userReview": "<a target='_blank' href='http://www.17k.com/book/2668308.html'>\u300a\u5929\u5730\u98de\u5347\u8bb0\u300b</a>\u6b22\u8fce\u56de\u8bbf"}, {"userName": "\u6587\u6b66\u4e0d\u51e1", "userReviewDate": "2017-09-27", "userURL": "http://user.17k.com/57258208", "userReview": "<a target='_blank' href='http://www.17k.com/book/2650786.html'>\u300a\u6597\u7834\u9b54\u4ed9\u754c\u300b</a>\u5e26\u4f60\u4eec\u8fdb\u5165\u4e00\u4e2a\u5168\u65b0\u7684\u9b54\u4ed9\u4e16\u754c\uff0c\u9b54\u4ed9\u5f3a\u8005\u5982\u4e91\uff0c\u9b54\u4ed9\u6cd5\u5b9d\u6570\u4e0d\u80dc\u6570\u3002"}, {"userName": "\u58a8\u5bb6\u5c0f\u5f1f", "userReviewDate": "2017-09-22", "userURL": "http://user.17k.com/43428450", "userReview": "\u58a8\u5bb6\u5c0f\u5f1f\u643a<a target='_blank' href='http://www.17k.com/book/2653746.html'>\u300a\u91cd\u638c\u82cd\u7a79\u300b</a>\u524d\u6765\u62dc\u8bfb"}, {"userName": "\u5b66\u4e0d\u574f\u600e\u4e48\u529e", "userReviewDate": "2017-09-17", "userURL": "http://user.17k.com/53972931", "userReview": "\u4e03\u5915\u79cb\u98ce\u6e10\u6e10\u51c9\uff0c\u516b\u6708\u672a\u5230\u5df2\u98de\u971c\u3002<a target='_blank' href='http://www.17k.com/book/2410790.html'>\u300a\u4e5d\u51e4\u64d2\u9f99\u300b</a>\u5192\u4e2a\u6ce1\uff0c\u5316\u4f5c\u6b7b\u9c7c\u66f4\u80a5\u6c5f\u3002"}, {"userName": "\u5546\u8d3e\u4e91\u96c6", "userReviewDate": "2017-09-16", "userURL": "http://user.17k.com/54256450", "userReview": "\u5ddc\u6c5f\u6d77\u6a2a\u6d41\u300b\u6765\u62dc\u8bfb\u795e\u4f5c"}, {"userName": "\u5fc3\u7a7a\u7f6a\u4ea6\u4ea1", "userReviewDate": "2017-09-14", "userURL": "http://user.17k.com/56355515", "userReview": "<a target='_blank' href='http://www.17k.com/book/2580944.html'>\u300a\u4e71\u4e16\u60c5\u7f18\u6f2b\u9ec4\u6c99\u300b</a>\u524d\u6765\u62dc\u8bfb\u5927\u4f5c\u3002"}, {"userName": "\u98ce\u66dc\u5929", "userReviewDate": "2017-08-24", "userURL": "http://user.17k.com/56889715", "userReview": "\u5c11\u5e74\u5076\u83b7\u5929\u8d4b\u7cfb\u7edf\uff0c\u83b7\u5f97\u9006\u5929\u5929\u8d4b\uff0c\u624b\u6301\u5c60\u9f99\u4e4b\u5203\uff0c\u8eab\u524d\u662f\u738b\u5ea7\uff0c\u8eab\u540e\u662f\u6df1\u6e0a\uff0c\u4ed6\u8fc8\u4e0a\u7684\u662f\u4e00\u6761\u5c01\u738b\u4e4b\u8def\u3002 <a target='_blank' href='http://www.17k.com/book/2635047.html'>\u300a\u6700\u5f3a\u5929\u8d4b\u7cfb\u7edf\u300b</a>\uff0c\u672c\u4e66\u4e0d\u8111\u6b8b\uff0c\u4e0d\u6bd2\u5976\uff0c\u4e0d\u5c0f\u767d\uff0c\u518d\u6b21\u5b9d\u5730\u6253\u5e7f\u544a\u671b\u4f5c\u8005\u5927\u5927\u89c1\u8c05\u3002"}, {"userName": "OGM747674868", "userReviewDate": "2017-08-20", "userURL": "http://user.17k.com/56681089", "userReview": "<a target='_blank' href='http://www.17k.com/book/2602722.html'>\u300a\u90fd\u5e02\u4e4b\u72c2\u91ce\u7eb5\u6a2a\u300b</a>\u6765\u8bbf \u8bb2\u8ff0\u4e00\u4e2a\u795e\u79d8\u6740\u624b\u6b65\u5165\u90fd\u5e02\uff0c \u6380\u8d77\u60ca\u5929\u98ce\u4e91\uff0c\u6210\u5c31\u4f20\u5947\u795e\u8bdd\u7684\u6545\u4e8b \u5176\u4e2d\u6709\u8840\u8165\u66b4\u529b\uff0c\u66f4\u6709\u67d4\u60c5\u4f3c\u6c34\u3002\u3002\u3002\u3002\u3002\u3002\u5728\u6b64\u795d\u5927\u5927\u8282\u8282\u9ad8\u5347 \uff0c\u5927\u5927\u7684\u6587\u91c7\u8d85\u597d\uff0c \u60c5\u8282\u6263\u4eba\u5fc3\u5f26\uff0c\u8ba9\u4eba\u8eab\u4e34\u5176\u5883\u3002\u503c\u5f97\u5b66\u4e60 \u540c\u65f6\u4e5f\u5e0c\u671b\u5927\u5927\u53ef\u4ee5\u56de\u8bbf\uff0c \u7ed9\u5728\u4e0b\u4e00\u4e9b\u6307\u70b9\u3002"}, {"userName": "\u83ab\u604b\u6668", "userReviewDate": "2017-08-15", "userURL": "http://user.17k.com/54937859", "userReview": "\u83ab\u604b\u6668\u643a<a target='_blank' href='http://www.17k.com/book/2480356.html'>\u300a\u5947\u51e1\u4f20\u300b</a>\u5230\u6b64\u62dc\u8bbf\uff0c\u652f\u6301\u5927\u5927\u795e\u4f5c~~~~\u987a\u4fbf\u6253\u4e2a\u5e7f\u544a\uff1a<a target='_blank' href='http://www.17k.com/book/2480356.html'>\u300a\u5947\u51e1\u4f20\u300b</a>\u770b\u4e00\u4ecb\u51e1\u4eba\u5982\u4f55\u50b2\u7acb\u4e0a\u4e09\u754c\u4e4b\u4e2d\uff01\u65b0\u4eba\u4f5c\u8005\uff0c\u671b\u5404\u4f4d\u8bfb\u8005\u5230\u6b64\u70b9\u8bc4\uff0c\u652f\u6301\u9f13\u52b1\uff0c\u7ed9\u51fa\u5b9d\u8d35\u7684\u5efa\u8bae\uff0c\u8c22\u8c22\u5927\u5bb6~~~~~"}, {"userName": "\u5546\u8d3e\u4e91\u96c6", "userReviewDate": "2017-07-25", "userURL": "http://user.17k.com/54256450", "userReview": "\u5ddc\u6c5f\u6d77\u6a2a\u6d41\u300b\u62dc\u8bfb"}, {"userName": "\u7b14\u58a8\u6cbe\u5dfe", "userReviewDate": "2017-07-25", "userURL": "http://user.17k.com/56140201", "userReview": "http://www.17k.com/list/2587033.html \u5e26\u7740\u6cbe\u5dfe\u7684<a target='_blank' href='http://www.17k.com/book/2587033.html'>\u300a\u5973\u519c\u91cd\u751f\u53d8\u5973\u7687\u300b</a>\u6765\u5566\uff01\u5927\u795e\u8bf7\u6536\u85cf\u6307\u5bfc\uff0c\u6536\u5230\u8bf7\u56de\u590d\uff01"}, {"userName": "\u9646\u6653\u75af", "userReviewDate": "2017-07-22", "userURL": "http://user.17k.com/14776216", "userReview": "<span style='color:black'><a target='_blank' href='http://www.17k.com/book/2410552.html'>\u300a\u76d7\u4ed9\u8bb0\u300b</a>\u8def\u8fc7\uff0c\u5b66\u4e60\u3002</span>"}, {"userName": "\u5929\u4e0b\u4e00\u54c1\u5c0f\u5f3a", "userReviewDate": "2017-07-20", "userURL": "http://user.17k.com/55532146", "userReview": "\u51a5\u738b\u7279\u5de5\u300b\u5f02\u80fd\u8005\u90e8\u95e8\uff0c\u7279\u5de5\u961f\u957f\uff0c\u80fd\u4fee\u70bc\u7684\u5929\u8d4b\uff0c\u5404\u79cd\u5f02\u80fd\u672f\u7684\u5e7b\u60f3\u7bc7\u7ae0\uff01"}], "description": "\u4ed6\uff0c\u662f\u9b54\uff0c\u4e0b\u624b\u4ece\u4e0d\u624b\u8f6f\u3002\u3000\u3000\u4ed6\uff0c\u662f\u4f5b\uff0c\u51fa\u624b\u53ea\u4e3a\u5f31\u5c0f\u3002\u3000\u3000\u4ed6\uff0c\u662f\u4ed9\uff0c\u505a\u4e8b\u4e0d\u62d8\u4e00\u683c\u3002\u3000\u3000\u4ed6\uff0c\u662f\u9b3c\uff0c\u5904\u4e8b\u98d8\u5ffd\u4e0d\u5b9a\u3002\u3000\u3000\u4ed6\uff0c\u662f\u5996\uff0c\u6027\u683c\u653e\u8361\u4e0d\u7f81\u3002\u3000\u3000\u4ed6\uff0c\u662f\u795e\uff0c\u4eba\u683c\u59cb\u7ec8\u4e0d\u706d\u3002\u3000\u3000\u516d\u9053\u8f6e\u56de\uff0c\u7b11\u770b\u82cd\u5929\u4e3a\u4e86\u4eb2\u60c5\uff0c\u7231\u60c5\uff0c\u53cb\u60c5\u7a7f\u8d8a\u5176\u95f4\uff0c\u7eb5\u6a2a\u5929\u4e0b\u3002\u3000\u3000\u4e00\u5207\u53ea\u4e3a\u5b88\u62a4", "title": "\u516d\u9053\u4fee\u771f", "url": "http://www.17k.com/book/653170.html", "average": -1.0, "cover": "http://img.17k.com/images/bookcover/2014/3265/16/653170-1397864062000.jpg", "reviews": 12421014, "authors": [{"url": "http://www.17k.com/zuozhe/16105015", "name": "\u6cd5\u62c9\u5229Enzo\u5929\u7a7a\u84dd"}], "type": ["\u5947\u5e7b\u4fee\u771f"], "outlinks": ["http://www.17k.com/book/2794982.html", "http://www.17k.com/book/2801292.html", "http://www.17k.com/book/2816318.html", "http://www.17k.com/book/2797575.html", "http://www.17k.com/book/2802516.html", "http://www.17k.com/book/2812195.html", "http://www.17k.com/book/2820143.html", "http://www.17k.com/book/2807943.html", "http://www.17k.com/book/2813457.html", "http://www.17k.com/book/2798058.html", "http://www.17k.com/book/2815617.html", "http://www.17k.com/book/2805259.html", "http://www.17k.com/book/2760255.html", "http://www.17k.com/book/2686894.html", "http://www.17k.com/book/2797016.html", "http://www.17k.com/book/2767246.html", "http://www.17k.com/book/2764239.html", "http://www.17k.com/book/2754498.html", "http://www.17k.com/book/2754900.html", "http://www.17k.com/book/2625740.html", "http://www.17k.com/book/2213315.html", "http://www.17k.com/book/2402178.html", "http://www.17k.com/book/2691221.html", "http://www.17k.com/book/2210699.html", "http://www.17k.com/book/1797752.html", "http://www.17k.com/book/2575507.html", "http://www.17k.com/book/2705181.html", "http://www.17k.com/book/2702539.html", "http://www.17k.com/book/2474887.html", "http://www.17k.com/book/2674733.html", "http://www.17k.com/book/2822076.html", "http://www.17k.com/book/2809894.html", "http://www.17k.com/book/2822077.html", "http://www.17k.com/book/2811930.html", "http://www.17k.com/book/2815548.html", "http://www.17k.com/book/2819620.html", "http://www.17k.com/book/2809964.html", "http://www.17k.com/book/2808200.html", "http://www.17k.com/book/2820100.html", "http://www.17k.com/book/2822978.html", "http://www.17k.com/book/2804337.html", "http://www.17k.com/book/2798814.html", "http://www.17k.com/book/2785153.html", "http://www.17k.com/book/2731559.html", "http://www.17k.com/book/2722533.html", "http://www.17k.com/book/2458377.html", "http://www.17k.com/book/2743300.html", "http://www.17k.com/book/973809.html", "http://www.17k.com/book/2651367.html", "http://www.17k.com/book/2726194.html", "http://www.17k.com/book/2790214.html", "http://www.17k.com/book/493239.html", "http://www.17k.com/book/108821.html", "http://www.17k.com/book/1398783.html", "http://www.17k.com/book/83528.html", "http://www.17k.com/book/1859126.html", "http://www.17k.com/book/1741975.html", "http://www.17k.com/book/192453.html", "http://www.17k.com/book/2459058.html", "http://www.17k.com/book/1050747.html", "http://www.17k.com/book/2700315.html", "http://www.17k.com/book/2818940.html", "http://www.17k.com/book/2819519.html", "http://www.17k.com/book/2816390.html", "http://www.17k.com/book/2819588.html", "http://www.17k.com/book/2813768.html", "http://www.17k.com/book/2822406.html", "http://www.17k.com/book/2772164.html", "http://www.17k.com/book/2784023.html", "http://www.17k.com/book/2811877.html", "http://www.17k.com/book/2809119.html", "http://www.17k.com/book/2803700.html", "http://www.17k.com/book/2819561.html", "http://www.17k.com/book/2746506.html", "http://www.17k.com/book/2811836.html", "http://www.17k.com/book/2614810.html", "http://www.17k.com/book/1592435.html", "http://www.17k.com/book/1949748.html", "http://www.17k.com/book/2265802.html", "http://www.17k.com/book/2743240.html", "http://www.17k.com/book/2657437.html", "http://www.17k.com/book/2644502.html", "http://www.17k.com/book/2199900.html", "http://www.17k.com/book/2725436.html", "http://www.17k.com/book/2629978.html"]}