{"ratings": -1, "userreviews": [{"userName": "\u6708\u843d\u68a6\u8ffd\u5fc6", "userReviewDate": "2018-06-01", "userURL": "http://user.17k.com/57478135", "userReview": "\u5199\u4e66\u4e0d\u6613\uff0c\u8ffd\u5fc6\u524d\u6765\u52a9\u9635\uff0c\u5f3a\u52bf\u652f\u6301"}, {"userName": "\u4e8c\u5468\u76ee0728", "userReviewDate": "2018-05-30", "userURL": "http://user.17k.com/59792343", "userReview": "\u52a0\u6cb9\u5c31\u5bf9\u4e86"}, {"userName": "\u55b5\u5199\u4f59\u751f", "userReviewDate": "2018-05-27", "userURL": "http://user.17k.com/61786587", "userReview": "\u5e0c\u671b\u5404\u4f4d\u80fd\u591f\u7559\u8a00\u63d0\u51fa\u610f\u89c1\uff0c\u4e5f\u53ef\u4ee5\u7559\u8a00\u4e00\u4e9b\u5267\u60c5\uff0c\u6211\u4f1a\u5c06\u4f60\u4eec\u63d0\u51fa\u7684\u610f\u89c1\u8fdb\u884c\u53c2\u8003\uff0c\u4e00\u4e9b\u5267\u60c5\u6211\u4e5f\u4f1a\u8003\u8651\u5c06\u5176\u5199\u5165\u5c0f\u8bf4\u5185\u3002"}], "description": "\u5468\u6cfd\uff0c17\u5c81\uff0c\u662f\u4e00\u540d\u9ad8\u4e8c\u4f18\u7b49\u751f\u3002\u3000\u3000\u5728\u4e0a\u5b66\u7684\u9014\u4e2d\uff0c\u4e3a\u4e86\u6551\u4e00\u540d\u7d20\u4e0d\u76f8\u8bc6\u7684\u5c0f\u5973\u5b69\u800c\u6b7b\u3002\u3000\u3000\u6b7b\u540e\u773c\u524d\u5374\u51fa\u73b0\u4e86\u5947\u602a\u7684\u73b0\u8c61\uff0c\u968f\u540e\u9047\u5230\u4e86\u4e00\u540d\u81ea\u79f0\u795e\u7684\u795e\u79d8\u5c11\u5973\u3002\u3000\u3000\u518d\u7136\u540e\uff0c\u53c8\u83ab\u540d\u5176\u5999\u7684\u88ab\u9001\u5230\u4e86\u5f02\u4e16\u754c\u3002\u3000\u3000\u4e0d\u8fc7\u8fd9\u4e9b\u90fd\u53ef\u4ee5\u63a5\u53d7\uff0c\u4f46\u662f\u2026\u4e3a\u4ec0\u4e48\u662f\u5973\u513f\u4e4b\u8eab\uff0c\u800c\u4e14\u8fd8\u662f\u7cbe\u7075\uff1f\uff01\u3000\u3000\u2014\u2014\u2014\u2014\u2014\u2014\u2014\u2014\u2014\u2014\u2014\u2014\u2014\u2014\u2014\u2014\u2014\u3000\u3000\u8f6c\u751f\u5728\u8fd9\u6df7\u4e71\u7684\u4e16\u754c\u91cc\uff0c\u5374\u56e0\u53d1\u8272\u800c\u88ab\u8bef\u8ba4\u4e3a\u662f\u7cbe\u7075\u82f1\u96c4\u7684\u8f6c\u4e16\u3002\u3000\u3000\u8fd8\u88ab\u4ed8\u4e0e\u4e86\u5bfb\u627e\u52c7\u58eb\u548c\u62ef\u6551\u4e16\u754c\u7684\u4f7f\u547d\u2026\u2026\u3000\u3000\u4f46\u81ea\u89c9\u5e73\u51e1\u7684\u4ed6/\u5979\uff0c\u53c8\u8be5\u5982\u4f55\u9762\u5bf9\u672a\u6765\uff1f", "title": "\u5173\u4e8e\u6211\u7684\u4e0b\u4e00\u4e16", "url": "http://www.17k.com/book/2829454.html", "average": -1.0, "cover": "http://img.17k.com/images/bookcover/2018/14147/70/2829454-1527586606000.jpg", "reviews": 233, "authors": [{"url": "http://www.17k.com/zuozhe/61786587", "name": "\u55b5\u5199\u4f59\u751f"}], "type": ["\u7075\u9b42\u8f6c\u6362"], "outlinks": ["http://www.17k.com/book/2794982.html", "http://www.17k.com/book/2801292.html", "http://www.17k.com/book/2816318.html", "http://www.17k.com/book/2797575.html", "http://www.17k.com/book/2802516.html", "http://www.17k.com/book/2812195.html", "http://www.17k.com/book/2820143.html", "http://www.17k.com/book/2807943.html", "http://www.17k.com/book/2813457.html", "http://www.17k.com/book/2798058.html", "http://www.17k.com/book/2815617.html", "http://www.17k.com/book/2805259.html", "http://www.17k.com/book/2760255.html", "http://www.17k.com/book/2686894.html", "http://www.17k.com/book/2797016.html", "http://www.17k.com/book/2767246.html", "http://www.17k.com/book/2764239.html", "http://www.17k.com/book/2754498.html", "http://www.17k.com/book/2754900.html", "http://www.17k.com/book/2625740.html", "http://www.17k.com/book/2213315.html", "http://www.17k.com/book/2402178.html", "http://www.17k.com/book/2691221.html", "http://www.17k.com/book/2210699.html", "http://www.17k.com/book/1797752.html", "http://www.17k.com/book/2575507.html", "http://www.17k.com/book/2705181.html", "http://www.17k.com/book/2702539.html", "http://www.17k.com/book/2474887.html", "http://www.17k.com/book/2674733.html", "http://www.17k.com/book/2822076.html", "http://www.17k.com/book/2809894.html", "http://www.17k.com/book/2822077.html", "http://www.17k.com/book/2811930.html", "http://www.17k.com/book/2815548.html", "http://www.17k.com/book/2819620.html", "http://www.17k.com/book/2809964.html", "http://www.17k.com/book/2808200.html", "http://www.17k.com/book/2820100.html", "http://www.17k.com/book/2822978.html", "http://www.17k.com/book/2804337.html", "http://www.17k.com/book/2798814.html", "http://www.17k.com/book/2785153.html", "http://www.17k.com/book/2731559.html", "http://www.17k.com/book/2722533.html", "http://www.17k.com/book/2458377.html", "http://www.17k.com/book/2743300.html", "http://www.17k.com/book/973809.html", "http://www.17k.com/book/2651367.html", "http://www.17k.com/book/2726194.html", "http://www.17k.com/book/2790214.html", "http://www.17k.com/book/493239.html", "http://www.17k.com/book/108821.html", "http://www.17k.com/book/1398783.html", "http://www.17k.com/book/83528.html", "http://www.17k.com/book/1859126.html", "http://www.17k.com/book/1741975.html", "http://www.17k.com/book/192453.html", "http://www.17k.com/book/2459058.html", "http://www.17k.com/book/1050747.html", "http://www.17k.com/book/2700315.html", "http://www.17k.com/book/2818940.html", "http://www.17k.com/book/2819519.html", "http://www.17k.com/book/2816390.html", "http://www.17k.com/book/2819588.html", "http://www.17k.com/book/2813768.html", "http://www.17k.com/book/2822406.html", "http://www.17k.com/book/2772164.html", "http://www.17k.com/book/2784023.html", "http://www.17k.com/book/2811877.html", "http://www.17k.com/book/2809119.html", "http://www.17k.com/book/2803700.html", "http://www.17k.com/book/2819561.html", "http://www.17k.com/book/2746506.html", "http://www.17k.com/book/2811836.html", "http://www.17k.com/book/2614810.html", "http://www.17k.com/book/1592435.html", "http://www.17k.com/book/1949748.html", "http://www.17k.com/book/2265802.html", "http://www.17k.com/book/2743240.html", "http://www.17k.com/book/2657437.html", "http://www.17k.com/book/2644502.html", "http://www.17k.com/book/2199900.html", "http://www.17k.com/book/2725436.html", "http://www.17k.com/book/2629978.html"]}