{"ratings": -1, "userreviews": [{"userName": "\u7b2c\u4e94q2714484832", "userReviewDate": "2018-05-03", "userURL": "http://user.17k.com/61408134", "userReview": "\u8fd8\u662f\u4e0d\u9519\u7684\uff0c\u7ec6\u8282\u63cf\u5199\u5230\u4f4d\uff0c\u5f88\u6709\u6f5c\u529b\uff0c\u7ed9\u60a8\u4e9b\u610f\u89c1\uff0c\u89c1\u6211\u6635\u79f0\uff0c\u52a0"}], "description": "\u5468\u5389\u738b6\u5e74\uff0c\u5927\u5468\u738b\u671d\u5b9e\u884c\u4e71\u5929\u4e0b\u4ee5\u5b89\u5468\u5ba4\u7684\u7b56\u7565\uff0c\u81ea\u6b64\u4e4b\u540e\u5f00\u542f\u4e86\u7eb7\u4e71\u7684\u5927\u4e89\u4e4b\u4e16\uff0c\u660e\u541b\u5d1b\u8d77\uff0c\u6743\u81e3\u5f53\u9053\uff0c\u5f11\u541b\u8c0b\u56fd\uff0c\u56fe\u738b\u4e89\u9738\uff0c\u5217\u56fd\u5f81\u4f10\u9891\u7e41\u3002\u5230\u5468\u663e\u738b24\u5e74\u7684\u4e24\u767e\u5e74\u671f\u95f4\uff0c\u6574\u4e2a\u4e16\u754c\u7684\u4eba\u53e3\u4ece1700\u4e07\u4eba\u9510\u51cf\u5230900\u4e07\u4eba\uff0c\u7136\u800c\u7eb7\u4e71\u7684\u5929\u4e0b\u4ecd\u65e7\u6ca1\u6709\u7edf\u4e00\u4e0e\u548c\u5e73\u7684\u8ff9\u8c61\u3002", "title": "\u5175\u5c01\u5e1d\u56fd", "url": "http://www.17k.com/book/2806915.html", "average": -1.0, "cover": "http://img.17k.com/images/bookcover/default_cover1.jpg", "reviews": 589, "authors": [{"url": "http://www.17k.com/zuozhe/60825662", "name": "\u5386\u53f2\u90a3\u4e9b\u5e74"}], "type": ["\u6218\u4e89\u5e7b\u60f3"], "outlinks": ["http://www.17k.com/book/2794982.html", "http://www.17k.com/book/2801292.html", "http://www.17k.com/book/2816318.html", "http://www.17k.com/book/2797575.html", "http://www.17k.com/book/2802516.html", "http://www.17k.com/book/2812195.html", "http://www.17k.com/book/2820143.html", "http://www.17k.com/book/2807943.html", "http://www.17k.com/book/2813457.html", "http://www.17k.com/book/2798058.html", "http://www.17k.com/book/2815617.html", "http://www.17k.com/book/2805259.html", "http://www.17k.com/book/2760255.html", "http://www.17k.com/book/2686894.html", "http://www.17k.com/book/2797016.html", "http://www.17k.com/book/2767246.html", "http://www.17k.com/book/2764239.html", "http://www.17k.com/book/2754498.html", "http://www.17k.com/book/2754900.html", "http://www.17k.com/book/2625740.html", "http://www.17k.com/book/2213315.html", "http://www.17k.com/book/2402178.html", "http://www.17k.com/book/2691221.html", "http://www.17k.com/book/2210699.html", "http://www.17k.com/book/1797752.html", "http://www.17k.com/book/2575507.html", "http://www.17k.com/book/2705181.html", "http://www.17k.com/book/2702539.html", "http://www.17k.com/book/2474887.html", "http://www.17k.com/book/2674733.html", "http://www.17k.com/book/2822076.html", "http://www.17k.com/book/2809894.html", "http://www.17k.com/book/2822077.html", "http://www.17k.com/book/2811930.html", "http://www.17k.com/book/2815548.html", "http://www.17k.com/book/2819620.html", "http://www.17k.com/book/2809964.html", "http://www.17k.com/book/2808200.html", "http://www.17k.com/book/2820100.html", "http://www.17k.com/book/2822978.html", "http://www.17k.com/book/2804337.html", "http://www.17k.com/book/2798814.html", "http://www.17k.com/book/2785153.html", "http://www.17k.com/book/2731559.html", "http://www.17k.com/book/2722533.html", "http://www.17k.com/book/2458377.html", "http://www.17k.com/book/2743300.html", "http://www.17k.com/book/973809.html", "http://www.17k.com/book/2651367.html", "http://www.17k.com/book/2726194.html", "http://www.17k.com/book/2790214.html", "http://www.17k.com/book/493239.html", "http://www.17k.com/book/108821.html", "http://www.17k.com/book/1398783.html", "http://www.17k.com/book/83528.html", "http://www.17k.com/book/1859126.html", "http://www.17k.com/book/1741975.html", "http://www.17k.com/book/192453.html", "http://www.17k.com/book/2459058.html", "http://www.17k.com/book/1050747.html", "http://www.17k.com/book/2700315.html", "http://www.17k.com/book/2818940.html", "http://www.17k.com/book/2819519.html", "http://www.17k.com/book/2816390.html", "http://www.17k.com/book/2819588.html", "http://www.17k.com/book/2813768.html", "http://www.17k.com/book/2822406.html", "http://www.17k.com/book/2772164.html", "http://www.17k.com/book/2784023.html", "http://www.17k.com/book/2811877.html", "http://www.17k.com/book/2809119.html", "http://www.17k.com/book/2803700.html", "http://www.17k.com/book/2819561.html", "http://www.17k.com/book/2746506.html", "http://www.17k.com/book/2811836.html", "http://www.17k.com/book/2614810.html", "http://www.17k.com/book/1592435.html", "http://www.17k.com/book/1949748.html", "http://www.17k.com/book/2265802.html", "http://www.17k.com/book/2743240.html", "http://www.17k.com/book/2657437.html", "http://www.17k.com/book/2644502.html", "http://www.17k.com/book/2199900.html", "http://www.17k.com/book/2725436.html", "http://www.17k.com/book/2629978.html"]}