{"ratings": -1, "userreviews": [], "description": "\u8fd9\u91cc\u6587\u98ce\u6b22\u8131\uff0c\u672c\u6587\u5c5e\u65e5\u5e38\u5411\uff0c\u4ee5\u53ca\u2014\u2014\u3000\u3000\u624b\u75d2\u518d\u6316\u4e00\u5751\uff0c\u4ee5\u53ca\u524d\u65b9\u9ad8\u80fd\u9884\u8b66\u2014\u2014\u5965\u62c9\u5168\u5458\u7a7f\u8d8a\u5411\u3002\u3000\u3000\u5f53\u4f0a\u6492\u5c14\u54cd\u5e94\u53ec\u5524\u6765\u5230\u73b0\u4e16\u4e0e\u73b0\u4e16\u7684\u666e\u901a\u4eba\u7c7b\u4f5c\u4e86\u5951\u7ea6\u6210\u4e3a\u4f19\u4f34\uff0c\u7a76\u7adf\u4f1a\u6469\u64e6\u51fa\u600e\u6837\u7684\u98ce\u66b4\uff1f\u3000\u3000\uff08\u4e0d\u559c\u52ff\u55b7\uff0c\u8c22\u8c22qvq\uff09", "title": "\u517b\u4e86\u4e00\u53ea\u4f0a\u6492\u5c14", "url": "http://www.17k.com/book/2831876.html", "average": -1.0, "cover": "http://img.17k.com/images/bookcover/default_cover.jpg", "reviews": 64, "authors": [{"url": "http://www.17k.com/zuozhe/55616685", "name": "\u8840\u7684\u5f7c\u5cb8\u6a31\u796d"}], "type": ["\u6e38\u620f\u540c\u4eba"], "outlinks": ["http://www.17k.com/book/2794982.html", "http://www.17k.com/book/2801292.html", "http://www.17k.com/book/2816318.html", "http://www.17k.com/book/2797575.html", "http://www.17k.com/book/2802516.html", "http://www.17k.com/book/2812195.html", "http://www.17k.com/book/2820143.html", "http://www.17k.com/book/2807943.html", "http://www.17k.com/book/2813457.html", "http://www.17k.com/book/2798058.html", "http://www.17k.com/book/2815617.html", "http://www.17k.com/book/2805259.html", "http://www.17k.com/book/2760255.html", "http://www.17k.com/book/2686894.html", "http://www.17k.com/book/2797016.html", "http://www.17k.com/book/2767246.html", "http://www.17k.com/book/2764239.html", "http://www.17k.com/book/2754498.html", "http://www.17k.com/book/2754900.html", "http://www.17k.com/book/2625740.html", "http://www.17k.com/book/2213315.html", "http://www.17k.com/book/2402178.html", "http://www.17k.com/book/2691221.html", "http://www.17k.com/book/2210699.html", "http://www.17k.com/book/1797752.html", "http://www.17k.com/book/2575507.html", "http://www.17k.com/book/2705181.html", "http://www.17k.com/book/2702539.html", "http://www.17k.com/book/2474887.html", "http://www.17k.com/book/2674733.html", "http://www.17k.com/book/2822076.html", "http://www.17k.com/book/2809894.html", "http://www.17k.com/book/2822077.html", "http://www.17k.com/book/2811930.html", "http://www.17k.com/book/2815548.html", "http://www.17k.com/book/2819620.html", "http://www.17k.com/book/2809964.html", "http://www.17k.com/book/2808200.html", "http://www.17k.com/book/2820100.html", "http://www.17k.com/book/2822978.html", "http://www.17k.com/book/2804337.html", "http://www.17k.com/book/2798814.html", "http://www.17k.com/book/2785153.html", "http://www.17k.com/book/2731559.html", "http://www.17k.com/book/2722533.html", "http://www.17k.com/book/2458377.html", "http://www.17k.com/book/2743300.html", "http://www.17k.com/book/973809.html", "http://www.17k.com/book/2651367.html", "http://www.17k.com/book/2726194.html", "http://www.17k.com/book/2790214.html", "http://www.17k.com/book/493239.html", "http://www.17k.com/book/108821.html", "http://www.17k.com/book/1398783.html", "http://www.17k.com/book/83528.html", "http://www.17k.com/book/1859126.html", "http://www.17k.com/book/1741975.html", "http://www.17k.com/book/192453.html", "http://www.17k.com/book/2459058.html", "http://www.17k.com/book/1050747.html", "http://www.17k.com/book/2700315.html", "http://www.17k.com/book/2818940.html", "http://www.17k.com/book/2819519.html", "http://www.17k.com/book/2816390.html", "http://www.17k.com/book/2819588.html", "http://www.17k.com/book/2813768.html", "http://www.17k.com/book/2822406.html", "http://www.17k.com/book/2772164.html", "http://www.17k.com/book/2784023.html", "http://www.17k.com/book/2811877.html", "http://www.17k.com/book/2809119.html", "http://www.17k.com/book/2803700.html", "http://www.17k.com/book/2819561.html", "http://www.17k.com/book/2746506.html", "http://www.17k.com/book/2811836.html", "http://www.17k.com/book/2614810.html", "http://www.17k.com/book/1592435.html", "http://www.17k.com/book/1949748.html", "http://www.17k.com/book/2265802.html", "http://www.17k.com/book/2743240.html", "http://www.17k.com/book/2657437.html", "http://www.17k.com/book/2644502.html", "http://www.17k.com/book/2199900.html", "http://www.17k.com/book/2725436.html", "http://www.17k.com/book/2629978.html"]}