{"ratings": -1, "userreviews": [{"userName": "joyqqtt", "userReviewDate": "2013-08-10", "userURL": "http://user.17k.com/2849759", "userReview": "\u5199\u7684\u5f88\u597d\uff0c\u5f88\u8d34\u5207\uff0c\u7b2c\u4e00\u6b21\u604b\u7231\u7684\u4eba\uff0c\u662f\u4e0d\u592a\u61c2\u5f97\u5305\u5bb9\u7684\uff0c\u6240\u4ee5\uff0c\u4eba\u90fd\u662f\u5728\u6162\u6162\u957f\u5927\uff0c\u8fdb\u6b65\u7684:-)\n\n\u771f\u7231\u662f\u9700\u8981\u7406\u89e3\u548c\u4fe1\u4efb\uff0c\u624d\u80fd\u957f\u4e45\u7684:-)\n(\u6765\u81eaAndroid\u5ba2\u6237\u7aef)"}, {"userName": "\u6709\u7231\u5b9d\u5b9d", "userReviewDate": "2013-04-01", "userURL": "http://user.17k.com/11496314", "userReview": "\u606d\u559c\u5b8c\u7ed3\uff0c\u4f60\u4e2b\u4e0d\u7ed9\u6211\u7f6e\u9876\u52a0\u7cbe\u6211\u62bd\u4f60\uff01\u6ca1\u9519\uff0c\u6211\u6446\u660e\u7684\u5c31\u662f\u5a01\u80c1\u4f60\u6765\u7740<img src='http://img.17k.com/images/face/205gz.gif' />"}, {"userName": "\u5165\u6b93\u5e08\u5c0f\u767d", "userReviewDate": "2013-03-02", "userURL": "http://user.17k.com/13929071", "userReview": "\u8fd9\u91cc\u592a\u70ed\u95f9\u4e86\u5251\u5f71\uff0c\u5076\u4e5f\u63d2\u4e00\u811a\u54c8\uff01\u8bdd\u8bf4\u770b\u6b63\u7248\u7684\u7b52\u5b50\u4eec\u771f\u5fc3\u8ba9\u4eba\u559c\u6b22\uff0c\u6765\u4f60\u8fd9\u91cc\u4e00\u7785\uff0c\u4f60\u7684\u8bfb\u8005\u591a\u597d\uff01\uff01\uff01\u770b\u7c89\u4e1d\u699c\u5c31\u77e5\u9053\uff0c\u770b\u6b63\u7248\u7684\u786e\u5b9e\u591a\uff0c\u8fd9\u5e74\u5934\uff0c\u770b\u6b63\u7248\u662f\u591a\u4e48\u7684\u96be\u80fd\u53ef\u8d35\uff0c\u771f\u5fc3\u7fa1\u6155\uff0c\u5251\u5f71\uff0c\u4e43\u6709\u4e00\u7fa4\u597d\u8bfb\u8005\uff01\uff01\uff01\u6325\u6cea\uff0c\u7801\u5b57\u53bb\u4e86\uff0c\u4eca\u5929\u7684\u8fd8\u6ca1\u66f4\u65b0\u3002\u3002\u3002"}, {"userName": "\u53eb\u7edd\u4e16\u7684\u5251", "userReviewDate": "2012-11-30", "userURL": "http://user.17k.com/13378589", "userReview": "\u8bf7\u6ce8\u610f\uff0c\u6b64\u4e43\u5e7f\u544a\u697c\u3002\u9996\u5148\u58f0\u660e\uff0c\u5982\u679c\uff0c\u5982\u679c\u4f60\u662f\u4f5c\u8005\u7684\u8bdd\uff0c\u8bf7\u4e0d\u8981\u6536\u6211\u7684\u6587\uff0c\u672c\u6587\u8c22\u7edd\u5e7f\u544a\u6536\u548c\u53cb\u60c5\u6536\uff0c\u53ea\u63a5\u53d7\u975e\u4f5c\u8005\u53f7\u7684\u8bfb\u8005\u6536\u85cf\u3002\u6253\u5e7f\u544a\u7684\u4eb2\u8bf7\u5728\u672c\u697c\u4e0b\u9762\u8ddf\u5e16\uff0c\u5728\u5916\u9762\u53d1\u5e16\u7684\u4e00\u5f8b\u65e0\u89c6\u4e4b\uff0c\u8c22\u8c22\u5408\u4f5c\u3002\u6765\u8bbf\u4e2d\u6709\u8981\u6c42\u6536\u85cf\u7684\uff0c\u5251\u5f71\u4f1a\u53bb\u6536\u7684\uff0c\u4eb2\u4eec\u8bf7\u653e\u5fc3\u3002\u3002\u3002"}, {"userName": "17K\u4e66\u53cb4HU4Q9QI", "userReviewDate": "2018-05-15", "userURL": "http://user.17k.com/61742710", "userReview": "\u521a\u521a\u5f00\u59cb\u770b\uff0c\u8fd8\u4e0d\u9519\u3002"}, {"userName": "17K\u4e66\u53cbAC8I2LAE", "userReviewDate": "2018-05-11", "userURL": "http://user.17k.com/61684683", "userReview": "\u8fd8\u662f\u53ef\u4ee5\u7684"}, {"userName": "\u6c88\u5fc6\u7cd6TANG", "userReviewDate": "2018-02-18", "userURL": "http://user.17k.com/59943818", "userReview": "\u5927\u5927\u52a0\u6cb9\uff0c\u65b0\u6587<a target='_blank' href='http://www.17k.com/book/2777435.html'>\u300a\u9047\u89c1\u6700\u521d\u7684\u7f8e\u597d\u300b</a>\u6c42\u70b9\u51fb"}, {"userName": "\u9ec4\u74dc\u7684\u5bbf\u547d", "userReviewDate": "2018-02-12", "userURL": "http://user.17k.com/53195742", "userReview": "<a target='_blank' href='http://www.17k.com/book/2377865.html'>\u300a\u81f3\u9738\u82cd\u751f\u8bc0\u300b</a>\u6765\u8bbf\uff0c\u6c42\u652f\u6301\u6c42\u6269\u6563\uff0c\u87f9\u87f9\u3002"}, {"userName": "\u6885\uff0c\u5df2\u903a\u96e2\u4e56", "userReviewDate": "2018-02-08", "userURL": "http://user.17k.com/51714259", "userReview": "\u8fd8\u4e0d\u9519\uff0c\u521a\u770b\uff01"}, {"userName": "\u5ca9\u6cca", "userReviewDate": "2018-02-07", "userURL": "http://user.17k.com/52703967", "userReview": "<a target='_blank' href='http://www.17k.com/book/2347646.html'>\u300a\u7f8e\u4e3d\u65e0\u754c\u300b</a><a target='_blank' href='http://www.17k.com/book/2388836.html'>\u300a\u7fa3\u4ed9\u9b54\u5f71\u300b</a>\u6765\u8bbf\uff01\u4f5c\u8005\u5ca9\u6ccayanpo\u5e0c\u671b\u5927\u5bb6\u524d\u53bb\u6e9c\u8fbe\u6e9c\u8fbe"}, {"userName": "\ue030\u62b1\u62b1\ue536\u5c0f\u811a\u4e2b\ue003", "userReviewDate": "2018-01-15", "userURL": "http://user.17k.com/59457063", "userReview": "\u597d\u770b&#55357;&#56842;\uff0c\u975e\u5e38\u7cbe\u5f69"}, {"userName": "A\u725b\u9b54\u738b", "userReviewDate": "2018-01-06", "userURL": "http://user.17k.com/56738425", "userReview": "\u63a8\u8350\u4e00\u672c\u597d\u4e66<a target='_blank' href='http://www.17k.com/book/2728167.html'>\u300a\u6211\u548c\u5996\u517d\u6709\u4e2a\u7ea6\u4f1a\u300b</a>\uff0c\u6765\u4e2a\u652f\u6301\uff0c\u6765\u4e2a\u6536\u85cf\u5427\u3002"}, {"userName": "\u5ca9\u6cca", "userReviewDate": "2018-01-05", "userURL": "http://user.17k.com/52703967", "userReview": "\u6587\u7b14\u771f\u597d\uff0c\u65e9\u65e5\u5c01\u795e\uff01<a target='_blank' href='http://www.17k.com/book/2388836.html'>\u300a\u7fa3\u4ed9\u9b54\u5f71\u300b</a><a target='_blank' href='http://www.17k.com/book/2347646.html'>\u300a\u7f8e\u4e3d\u65e0\u754c\u300b</a>\u6765\u8bbf\uff0c\u6b22\u8fce\u524d\u53bb\u6e9c\u8fbe\u6e9c\u8fbe"}, {"userName": "\u5ca9\u6cca", "userReviewDate": "2018-01-05", "userURL": "http://user.17k.com/52703967", "userReview": "\u6587\u7b14\u771f\u597d\uff0c\u65e9\u65e5\u5c01\u795e\uff01<a target='_blank' href='http://www.17k.com/book/2388836.html'>\u300a\u7fa3\u4ed9\u9b54\u5f71\u300b</a><a target='_blank' href='http://www.17k.com/book/2347646.html'>\u300a\u7f8e\u4e3d\u65e0\u754c\u300b</a>\u6765\u8bbf\uff0c\u6b22\u8fce\u524d\u53bb\u6e9c\u8fbe\u6e9c\u8fbe"}, {"userName": "\u5173\u561c\u561c", "userReviewDate": "2017-11-29", "userURL": "http://user.17k.com/58207267", "userReview": "<a target='_blank' href='http://www.17k.com/book/2710503.html'>\u300a\u8bf7\u522b\u8fd9\u4e48\u7528\u529b\u7231\u6211\u300b</a>\u524d\u6765\u62dc\u8bbf\uff0c\u5927\u5927\u665a\u4e0a\u597d\uff01"}, {"userName": "\u8815\u866b\u602a", "userReviewDate": "2017-11-14", "userURL": "http://user.17k.com/48205260", "userReview": "\u6765\u8bbf\u6765\u8bbf<a target='_blank' href='http://www.17k.com/book/2717190.html'>\u300a\u7ea2\u8138\u7684\u675c\u51c9\u5ddd\u300b</a>http://h5.17k.com/list/2717190.html"}, {"userName": "\u53f6\u8459\u82b8", "userReviewDate": "2017-10-18", "userURL": "http://user.17k.com/57517697", "userReview": "\u5927\u5927\u52a0\u6cb9\uff01\u643a<a target='_blank' href='http://www.17k.com/book/2663126.html'>\u300a\u4eba\u72d0\u4e4b\u7ea6\u300b</a>\u524d\u6765\u652f\u6301\uff01\u4eb2\u4eec\u5feb\u6765\u770b\u54e6\uff01\u5c0f\u8bf4\u5730\u5740http://h5.17k.com/book/2663126.html"}, {"userName": "\u65b0\u7586\u9e21\u4ea4\u6613\u5e02\u573a", "userReviewDate": "2017-09-12", "userURL": "http://user.17k.com/57413238", "userReview": "\u4f5c\u8005\u4f60\u5168\u5bb6 s i \u4e86"}, {"userName": "\u65b0\u7586\u9e21\u4ea4\u6613\u5e02\u573a", "userReviewDate": "2017-09-12", "userURL": "http://user.17k.com/57413238", "userReview": "\u5199\u8fd9\u79cd\u5c0f\u8bf4\u7684\u4f5c\u8005**"}, {"userName": "\u65b0\u7586\u9e21\u4ea4\u6613\u5e02\u573a", "userReviewDate": "2017-09-12", "userURL": "http://user.17k.com/57413238", "userReview": "\u4f5c\u8005\u771f\u662f\u6076\u5fc3\uff0c\u672c\u4eba\u662f\u4e0d\u662f\u548c\u5973\u4e3b\u4e00\u6837\u767d\u83b2\uff0c\u811a\u8e0f\u4e24\u53ea\u8239\u7684**"}], "description": "\u4e00\u573a\u5a5a\u59fb\uff0c\u5404\u53d6\u6240\u9700\u3002\u3000\u3000\u7e41\u534e\u770b\u5c3d\u540e\uff0c\u8c01\u662f\u8c01\u7684\u6b64\u751f\u4e0d\u5f03\uff1f", "title": "\u519b\u5a5a\u665a\u7231", "url": "http://www.17k.com/book/428904.html", "average": -1.0, "cover": "http://img.17k.com/images/bookcover/2013/2144/10/428904-1375608319000.jpg", "reviews": 4732299, "authors": [{"url": "http://www.17k.com/zuozhe/13378589", "name": "\u53eb\u7edd\u4e16\u7684\u5251"}], "type": ["\u90fd\u5e02\u60c5\u7f18"], "outlinks": ["http://www.17k.com/book/2794982.html", "http://www.17k.com/book/2801292.html", "http://www.17k.com/book/2816318.html", "http://www.17k.com/book/2797575.html", "http://www.17k.com/book/2802516.html", "http://www.17k.com/book/2812195.html", "http://www.17k.com/book/2820143.html", "http://www.17k.com/book/2807943.html", "http://www.17k.com/book/2813457.html", "http://www.17k.com/book/2798058.html", "http://www.17k.com/book/2815617.html", "http://www.17k.com/book/2805259.html", "http://www.17k.com/book/2760255.html", "http://www.17k.com/book/2686894.html", "http://www.17k.com/book/2797016.html", "http://www.17k.com/book/2767246.html", "http://www.17k.com/book/2764239.html", "http://www.17k.com/book/2754498.html", "http://www.17k.com/book/2754900.html", "http://www.17k.com/book/2625740.html", "http://www.17k.com/book/2213315.html", "http://www.17k.com/book/2402178.html", "http://www.17k.com/book/2691221.html", "http://www.17k.com/book/2210699.html", "http://www.17k.com/book/1797752.html", "http://www.17k.com/book/2575507.html", "http://www.17k.com/book/2705181.html", "http://www.17k.com/book/2702539.html", "http://www.17k.com/book/2474887.html", "http://www.17k.com/book/2674733.html", "http://www.17k.com/book/2822076.html", "http://www.17k.com/book/2809894.html", "http://www.17k.com/book/2822077.html", "http://www.17k.com/book/2811930.html", "http://www.17k.com/book/2815548.html", "http://www.17k.com/book/2819620.html", "http://www.17k.com/book/2809964.html", "http://www.17k.com/book/2808200.html", "http://www.17k.com/book/2820100.html", "http://www.17k.com/book/2822978.html", "http://www.17k.com/book/2804337.html", "http://www.17k.com/book/2798814.html", "http://www.17k.com/book/2785153.html", "http://www.17k.com/book/2731559.html", "http://www.17k.com/book/2722533.html", "http://www.17k.com/book/2458377.html", "http://www.17k.com/book/2743300.html", "http://www.17k.com/book/973809.html", "http://www.17k.com/book/2651367.html", "http://www.17k.com/book/2726194.html", "http://www.17k.com/book/2790214.html", "http://www.17k.com/book/493239.html", "http://www.17k.com/book/108821.html", "http://www.17k.com/book/1398783.html", "http://www.17k.com/book/83528.html", "http://www.17k.com/book/1859126.html", "http://www.17k.com/book/1741975.html", "http://www.17k.com/book/192453.html", "http://www.17k.com/book/2459058.html", "http://www.17k.com/book/1050747.html", "http://www.17k.com/book/2700315.html", "http://www.17k.com/book/2818940.html", "http://www.17k.com/book/2819519.html", "http://www.17k.com/book/2816390.html", "http://www.17k.com/book/2819588.html", "http://www.17k.com/book/2813768.html", "http://www.17k.com/book/2822406.html", "http://www.17k.com/book/2772164.html", "http://www.17k.com/book/2784023.html", "http://www.17k.com/book/2811877.html", "http://www.17k.com/book/2809119.html", "http://www.17k.com/book/2803700.html", "http://www.17k.com/book/2819561.html", "http://www.17k.com/book/2746506.html", "http://www.17k.com/book/2811836.html", "http://www.17k.com/book/2614810.html", "http://www.17k.com/book/1592435.html", "http://www.17k.com/book/1949748.html", "http://www.17k.com/book/2265802.html", "http://www.17k.com/book/2743240.html", "http://www.17k.com/book/2657437.html", "http://www.17k.com/book/2644502.html", "http://www.17k.com/book/2199900.html", "http://www.17k.com/book/2725436.html", "http://www.17k.com/book/2629978.html"]}