{"ratings": -1, "userreviews": [], "description": "\u3010\u7b80\u4ecb\u3011\u4e9a\u68a6\u662f\u5973\u7279\u5de5\uff0c\u4f5c\u4e3a\u519b\u957f\u5f97\u51e0\u6597\uff0c\u5b9e\u4e60\u751f\u662f\u4e9a\u68a6\u3001\u8ddf\u51e0\u6597\u4e00\u8d77\u505a\u4efb\u52a1\u3002\u3000\u3000\u4e45\u800c\u4e45\u4e4b~~\u4e9a\u68a6\u7231\u4e0a\u51e0\u6597\uff0c\u51e0\u6597\u7231\u4e0a\u4e9a\u68a6\u3001\u5728\u7279\u8bad\u5f97\u65f6\u5019\uff0c\u662f\u4e0d\u80fd\u8c08\u604b\u7231\u6ef4\u3001\u6240\u4ee5~~\u4e8c\u4eba\u4e3a\u4e86\u4ee5\u540e\u80fd\u5728\u4e00\u8d77\uff0c\u5728\u519b\u6821\u91cc~~\u4e0d\u4f1a\u6709\u604b\u7231\u3002\u3000\u3000\u51e0\u6597\u8ba8\u538c\u552f\u4e16\u3001\u9760\u8fd1\u4e9a\u68a6\uff0c\u4f1a\u8179\u9ed1\u5f97\u7d66\u552f\u4e16\u3001\u6700\u96be\u5b8c\u6210\u5f97\u4efb\u52a1\uff0c\u540c\u65f6\u4ed6\u4e5f\u662f~~~\u8d1f\u8d23\u8ddf\u4e9a\u68a6\u4e00\u8d77\u5b8c\u6210\u4efb\u52a1\u3002\u3000\u3000\u51e0\u6597\u5bf9\u522b\u7684\u5973\u751f~~\u90fd\u662f\u51b7\u9177\u7684\uff0c\u552f\u72ec\u5bf9\u4e9a\u68a6\u3001\u5e26\u6709\u72ec\u7279\u7684\u5ba0\u6eba\u3002\u3000\u3000\u8d3a\u4fca\u5cf0\u662f\u6821\u957f\u5f97\u4eba\uff0c\u6709\u4e00\u6b21\u4efb\u52a1\u662f\u6536\u96c6\u60c5\u62a5\u3001\u9047\u89c1\u949f\u79bb~~~\u4e3a\u4e86\u60c5\u62a5\uff0c\u8ddf\u5979\u6253\u4e86\u8d77\u6765\u3002\u3000\u3000\u8d3a\u4fca\u5cf0\u7231\u5f97\u4eba\u662f\u949f\u79bb\uff0c\u4ed6\u5bf9\u4e8e\u9ad8\u4e49\u5c71~~\u6ca1\u6709\u5b8c\u5168\u5f97\u4fe1\u4efb\uff0c\u4f1a\u7a76\u5176\u949f\u79bb\u5f97\u7236\u4eb2\uff0c\u54e5\u54e5\uff0c\u97e9\u9633\u3001\u97e9\u660e\uff0c\u949f\u79bb\u539f\u6765\u5f97\u540d\u5b57\u662f\u97e9\u6708\u96ea\u3002\u3000\u3000\u8d3a\u4fca\u5cf0\u5bf9\u522b\u7684\u5973\u751f~~\u90fd\u662f\u51b7\u51b7\u7684\uff0c\u552f\u72ec\u5bf9\u949f\u79bb\u3001\u5e26\u6709\u6de1\u6de1\u7684\u5ba0\u6eba\u3002\u3000\u3000\u949f\u79bb\u662f\u5973\u7279\u5de5\uff0c\u7279\u8bad\u6bd5\u4e1a\u524d\uff0c\u5979\u4e0d\u4f1a\u8c08\u604b\u7231\uff0c\u7b49\u5230\u6bd5\u4e1a\u540e\u3001\u6210\u4e3a\u8d3a\u4fca\u5cf0\u5f97\u5b9e\u4e60\u751f\u3002\u3000\u3000\u8d3a\u4fca\u5cf0\u662f\u884c\u52a8\u961f\u5f97\u7279\u522b\u961f\u957f\uff0c\u4f46\u662f~~\u949f\u79bb\u5f97\u6027\u683c\u592a\u72ec\u5f53\u4e00\u9762\u3002", "title": "\u519b\u5a5a\u79d8\u7231\u9738\u9053\u8001\u516c\u840c\u5ba0\u5a07\u59bb", "url": "http://www.17k.com/book/2731075.html", "average": -1.0, "cover": "http://img.17k.com/images/bookcover/default_cover1.jpg", "reviews": 584, "authors": [{"url": "http://www.17k.com/zuozhe/57805620", "name": "\u7687\u6d66\u677c\u7434\u7389\u5a1c"}], "type": ["\u8c0d\u6218\u7279\u5de5"], "outlinks": ["http://www.17k.com/book/2794982.html", "http://www.17k.com/book/2801292.html", "http://www.17k.com/book/2816318.html", "http://www.17k.com/book/2797575.html", "http://www.17k.com/book/2802516.html", "http://www.17k.com/book/2812195.html", "http://www.17k.com/book/2820143.html", "http://www.17k.com/book/2807943.html", "http://www.17k.com/book/2813457.html", "http://www.17k.com/book/2798058.html", "http://www.17k.com/book/2815617.html", "http://www.17k.com/book/2805259.html", "http://www.17k.com/book/2760255.html", "http://www.17k.com/book/2686894.html", "http://www.17k.com/book/2797016.html", "http://www.17k.com/book/2767246.html", "http://www.17k.com/book/2764239.html", "http://www.17k.com/book/2754498.html", "http://www.17k.com/book/2754900.html", "http://www.17k.com/book/2625740.html", "http://www.17k.com/book/2213315.html", "http://www.17k.com/book/2402178.html", "http://www.17k.com/book/2691221.html", "http://www.17k.com/book/2210699.html", "http://www.17k.com/book/1797752.html", "http://www.17k.com/book/2575507.html", "http://www.17k.com/book/2705181.html", "http://www.17k.com/book/2702539.html", "http://www.17k.com/book/2474887.html", "http://www.17k.com/book/2674733.html", "http://www.17k.com/book/2822076.html", "http://www.17k.com/book/2809894.html", "http://www.17k.com/book/2822077.html", "http://www.17k.com/book/2811930.html", "http://www.17k.com/book/2815548.html", "http://www.17k.com/book/2819620.html", "http://www.17k.com/book/2809964.html", "http://www.17k.com/book/2808200.html", "http://www.17k.com/book/2820100.html", "http://www.17k.com/book/2822978.html", "http://www.17k.com/book/2804337.html", "http://www.17k.com/book/2798814.html", "http://www.17k.com/book/2785153.html", "http://www.17k.com/book/2731559.html", "http://www.17k.com/book/2722533.html", "http://www.17k.com/book/2458377.html", "http://www.17k.com/book/2743300.html", "http://www.17k.com/book/973809.html", "http://www.17k.com/book/2651367.html", "http://www.17k.com/book/2726194.html", "http://www.17k.com/book/2790214.html", "http://www.17k.com/book/493239.html", "http://www.17k.com/book/108821.html", "http://www.17k.com/book/1398783.html", "http://www.17k.com/book/83528.html", "http://www.17k.com/book/1859126.html", "http://www.17k.com/book/1741975.html", "http://www.17k.com/book/192453.html", "http://www.17k.com/book/2459058.html", "http://www.17k.com/book/1050747.html", "http://www.17k.com/book/2700315.html", "http://www.17k.com/book/2818940.html", "http://www.17k.com/book/2819519.html", "http://www.17k.com/book/2816390.html", "http://www.17k.com/book/2819588.html", "http://www.17k.com/book/2813768.html", "http://www.17k.com/book/2822406.html", "http://www.17k.com/book/2772164.html", "http://www.17k.com/book/2784023.html", "http://www.17k.com/book/2811877.html", "http://www.17k.com/book/2809119.html", "http://www.17k.com/book/2803700.html", "http://www.17k.com/book/2819561.html", "http://www.17k.com/book/2746506.html", "http://www.17k.com/book/2811836.html", "http://www.17k.com/book/2614810.html", "http://www.17k.com/book/1592435.html", "http://www.17k.com/book/1949748.html", "http://www.17k.com/book/2265802.html", "http://www.17k.com/book/2743240.html", "http://www.17k.com/book/2657437.html", "http://www.17k.com/book/2644502.html", "http://www.17k.com/book/2199900.html", "http://www.17k.com/book/2725436.html", "http://www.17k.com/book/2629978.html"]}