{"ratings": -1, "userreviews": [{"userName": "\u7eff\u5982\u84dd230347840", "userReviewDate": "2018-05-19", "userURL": "http://user.17k.com/53951619", "userReview": "\u6c42\u66f4\u65b0"}, {"userName": "\u7eff\u5982\u84dd230347840", "userReviewDate": "2018-05-09", "userURL": "http://user.17k.com/53951619", "userReview": "\u6c42\u66f4\u65b0"}, {"userName": "\u7eff\u5982\u84dd230347840", "userReviewDate": "2018-04-16", "userURL": "http://user.17k.com/53951619", "userReview": "[\u6253\u8d4f]\u6211\u6253\u8d4f\u4e862\u5143\u7ea2\u5305\uff01\uff01"}, {"userName": "\u7a7a\u8c37\u7559\u60c5", "userReviewDate": "2018-03-14", "userURL": "http://user.17k.com/45016341", "userReview": "\u4e00\u672c\u597d\u770b\u7684\u4e66<a target='_blank' href='http://www.17k.com/book/2790998.html'>\u300a\u9738\u9053\u4e13\u5c5e\u300b</a>\u6821\u56ed\u603b\u88c1\u957f\u817f\u738b\u5b50\u3001\u9752\u6885\u7af9\u9a6c\u6587<a target='_blank' href='http://www.17k.com/book/2790998.html'>\u300a\u9738\u9053\u4e13\u5c5e\u300b</a>\u524d\u6765\u652f\u6301\uff0c\u559c\u6b22\u7684\u53ef\u4ee5\u6536\u85cf\u8fd8\u6709\u6295\u7968\uff0c\u8c22\u8c22\u3002\u7b80\u4ecb\uff1a\u65bd\u96e8\u7af9\u76ee\u5149\u5446\u6ede\u5730\u770b\u7740\u957f\u817f\u5e05\u54e5\u5149\u7740\u7684\u4e0a\u534a\u8eab\u597d\u534a\u664c\uff0c\u56de\u8fc7\u795e\u6765\u540e\u4f38\u624b\u64e6\u4e86\u64e6\u5634\u89d2\u6839\u672c\u4e0d\u5b58\u5728\u7684\u53e3\u6c34\uff0c\u5979\u662f\u5e94\u8be5\u8d81\u673a\u628a\u5bf9\u65b9\u7684\u4e0a\u8863\u90fd\u8131\u5149\u5462\uff0c\u8fd8\u662f\u5c31\u8fd9\u4e48\u5e2e\u5bf9\u65b9\u64e6\u4e00\u4e0b\u4e0a\u8eab\u7ee7\u7eed\u7a7f\u56de\u53bb\uff1f"}, {"userName": "\u7eff\u5982\u84dd230347840", "userReviewDate": "2018-03-07", "userURL": "http://user.17k.com/53951619", "userReview": "\u6c42\u66f4\u65b0\uff01"}, {"userName": "A\u725b\u9b54\u738b", "userReviewDate": "2018-03-04", "userURL": "http://user.17k.com/56738425", "userReview": "\u597d\u4e66\u9700\u8981\u63a8\u5e7f\uff0c\u6b63\u80fd\u91cf!2018\u63a8\u8350\u4e00\u672c\u597d\u770b\u7684\u4e66<a target='_blank' href='http://www.17k.com/book/2551937.html'>\u300a\u8d85\u65b0\u4eba\u300b</a>\uff0c\u60ca\u9669\u523a\u6fc0\uff0c\u6d6a\u6f2b\u6ee1\u5c4b\uff0c\u70ed\u8840\u683c\u6597\uff0c\u751f\u6b7b\u7231\u604b\uff0c\u6696\u6627\u4e0d\u65ad\uff0c\u5929\u5929\u66f4\u65b0\uff0c\u8bf7\u591a\u5173\u7167\uff0c\u6765\u4e2a\u6536\u85cf\u554a!\uff0c\u70b9\u51fb\u4e66\u540d\u5c31\u53ef\u4ee5\u770b\u5230\u4e66\u4e86\u3002"}, {"userName": "kool\u6377", "userReviewDate": "2018-03-01", "userURL": "http://user.17k.com/56730892", "userReview": "2018\u63a8\u8350\u4e00\u672c\u597d\u770b\u7684\u4e66<a target='_blank' href='http://www.17k.com/book/2728167.html'>\u300a\u6211\u548c\u5996\u517d\u6709\u4e2a\u7ea6\u4f1a\u300b</a>,\u5929\u5929\u66f4\u65b0\uff0c\u8bf7\u591a\u5173\u7167\uff0c\u6765\u4e2a\u6536\u85cf\u554a!\uff0c\u70b9\u51fb\u4e66\u540d\u5c31\u53ef\u4ee5\u770b\u5230\u4e66\u4e86\u3002"}, {"userName": "kool\u6377", "userReviewDate": "2018-03-01", "userURL": "http://user.17k.com/56730892", "userReview": "2018\u63a8\u8350\u4e00\u672c\u597d\u770b\u7684\u4e66<a target='_blank' href='http://www.17k.com/book/2728167.html'>\u300a\u6211\u548c\u5996\u517d\u6709\u4e2a\u7ea6\u4f1a\u300b</a>,\u5929\u5929\u66f4\u65b0\uff0c\u8bf7\u591a\u5173\u7167\uff0c\u6765\u4e2a\u6536\u85cf\u554a!\uff0c\u70b9\u51fb\u4e66\u540d\u5c31\u53ef\u4ee5\u770b\u5230\u4e66\u4e86\u3002"}, {"userName": "\u4e0d\u826f\u836f\u5242\u5e08", "userReviewDate": "2018-02-27", "userURL": "http://user.17k.com/59212874", "userReview": "\u4f5c\u4e3a\u4e00\u4e2a\u65b0\u624b\uff0c\u7279\u522b\u4f69\u670d\u80fd\u5199\u8d85\u957f\u7bc7\u7684\u4eba\uff0c\u611f\u89c9\u8fd9\u4e9b\u4eba\u90fd\u662f\u8d85\u795e\u7684\uff0c\u4f69\u670d\u4e4b\u540e\u6253\u4e2a\u5e7f\u544a<a target='_blank' href='http://www.17k.com/book/2752019.html'>\u300a\u9752\u6625\u8bd5\u7528\u671f\u300b</a>"}, {"userName": "\u8721\u7b14\u5c0f\u946b348165553", "userReviewDate": "2018-02-26", "userURL": "http://user.17k.com/60031648", "userReview": "\u5199\u4f5c\u4e0d\u6613\uff0c\u5927\u5bb6\u90fd\u8981\u6709\u6052\u5fc3\uff0c\u4e07\u4e00\u4e0d\u5c0f\u5fc3\u6210\u795e\u4e86\u5462\uff1f\u541b\u5b50\u5bb8\u643a\u655d\u4f5c<a target='_blank' href='http://www.17k.com/book/2767570.html'>\u300a\u6c38\u591c\u5929\u5b50\u300b</a>\u62a5\u9053\uff0c\u65b0\u4eba\u65b0\u4e66\uff0c\u671f\u5180\u5f97\u5230\u5927\u5bb6\u7684\u8ba4\u53ef\uff01\u4e92\u76f8\u652f\u6301\uff0c\u5f7c\u6b64\u7ed9\u4e88\u52a8\u529b\uff0c\u52a0\u6cb9\u52a0\u6cb9\uff01\u5c0f\u5bb8\u5728\u8fd9\u91cc\u539a\u989c\u6c42\u6536\u85cf\uff01\u6c42\u9c9c\u82b1\uff01\u6c42\u8bc4\u8bba\uff01"}, {"userName": "\u70df\u8a00love", "userReviewDate": "2018-02-25", "userURL": "http://user.17k.com/55694910", "userReview": "<a target='_blank' href='http://www.17k.com/book/2784631.html'>\u300a\u604b\u4e0e\u5236\u4f5c\u4eba\u4e4b\u5468\u68cb\u6d1b\u300b</a>\u8ba9\u4f60\u4f53\u9a8c\u62e5\u6709\u4e00\u4e2a\u5c0f\u5976\u72d7\u7537\u53cb\u7684\u65e5\u5e38\uff0c\u751c\u5ba0\u6587"}, {"userName": "\u6697\u591c\u6d41\u661f\u98de", "userReviewDate": "2018-02-25", "userURL": "http://user.17k.com/46865324", "userReview": "<a target='_blank' href='http://www.17k.com/book/2717155.html'>\u300a\u9082\u9005\u5973\u795e\u7231\u4e0a\u6211\u300b</a>\u6765\u8bbf\u5b66\u4e60\uff0c\u4e0b\u5348\u597d\u3002"}, {"userName": "\u6de1\u7b11\u770b\u4eba\u751f", "userReviewDate": "2018-02-25", "userURL": "http://user.17k.com/45473276", "userReview": "\u300a\u8d5a\u94b1\u4e86\u300b\u795d\u5927\u5927\u521d\u5341\uff0c\u751f\u6d3b\u5341\u5168\u5341\u7f8e\u3002"}, {"userName": "\u5b89\u7259", "userReviewDate": "2018-02-24", "userURL": "http://user.17k.com/60108296", "userReview": "\u65b0\u4eba\u65b0\u4e66\uff0c<a target='_blank' href='http://www.17k.com/book/2783006.html'>\u300a\u7a7f\u8d8a\u53bb\u4e66\u4e2d\u300b</a>\u6765\u8bbf^\u03c9^\u591a\u591a\u652f\u6301"}, {"userName": "\u6d45\u68a6\u672a\u6765", "userReviewDate": "2018-02-24", "userURL": "http://user.17k.com/45849651", "userReview": "<a target='_blank' href='http://www.17k.com/book/2759576.html'>\u300a\u8d85\u795e\u5b66\u9662\u4e4b\u5929\u4f7f\u4f20\u8bf4\u300b</a>\u6765\u8bbf\uff0c\u5927\u5927\u52a0\u6cb9\uff0c\u987a\u4fbf\u6253\u5e7f\u544a\u3002\u90a3\u4e48\uff0c\u5e0c\u671b\u5404\u4f4d\u80fd\u62bd\u5230\u60a8\u7684\u5b9d\u8d35\u65f6\u95f4\u6765\u770b\u770b\u6211\u7684\u5c0f\u8bf4\uff0c\u8c22\u8c22\u3002"}, {"userName": "\u561a\u745f\u7684\u9a9a\u5e74", "userReviewDate": "2018-02-24", "userURL": "http://user.17k.com/35671801", "userReview": "2018,<a target='_blank' href='http://www.17k.com/book/2754049.html'>\u300a\u5f7c\u5cb8\u4ed9\u4eba\u300b</a>\u6765\u8bbf\uff0c\u597d\u770b\u7684\u4e66\uff0c\u597d\u770b\u7684\u60c5\u8282\uff0c\u597d\u770b\u7684\u4e3b\u89d2\uff0c\u7b49\u4f60\u6765"}, {"userName": "\u6de1\u7b11\u770b\u4eba\u751f", "userReviewDate": "2018-02-23", "userURL": "http://user.17k.com/45473276", "userReview": "<a target='_blank' href='http://www.17k.com/book/1728734.html'>\u300a\u8d5a\u94b1\u8bb0\u300b</a>\u795d\u5927\u5927\u521d\u516b\u4e50\u5f00\u6000\u3002"}, {"userName": "\u8721\u7b14\u5c0f\u946b348165553", "userReviewDate": "2018-02-23", "userURL": "http://user.17k.com/60031648", "userReview": "\u541b\u5b50\u5bb8\u643a<a target='_blank' href='http://www.17k.com/book/2767570.html'>\u300a\u6c38\u591c\u5929\u5b50\u300b</a>\u6765\u8bbf\uff0c\u5e0c\u671b\u80fd\u4e0e\u5927\u5bb6\u4e00\u8d77\u5171\u52c9\uff0c\u6536\u85cf\uff0c\u8bc4\u8bba\uff0c\u9001\u82b1\u82b1\uff01"}, {"userName": "\u9ec4\u74dc\u7684\u5bbf\u547d", "userReviewDate": "2018-02-23", "userURL": "http://user.17k.com/53195742", "userReview": "<a target='_blank' href='http://www.17k.com/book/2377865.html'>\u300a\u81f3\u9738\u82cd\u751f\u8bc0\u300b</a>\u6765\u8bbf\uff0c\u6c42\u652f\u6301\u6c42\u9c9c\u82b1\u7ea2\u5305\uff0c\u563f\u563f\uff0c\u87f9\u87f9\u54df\u3002"}, {"userName": "\u9f99\u4e4b\u5409\u7965", "userReviewDate": "2018-02-22", "userURL": "http://user.17k.com/58912634", "userReview": "\u643a<a target='_blank' href='http://www.17k.com/book/2741295.html'>\u300a\u6234\u661f\u5b87\u300b</a>\u7b49\u4f5c\u54c1\u518d\u6b21\u6765\u8bbf\uff01"}], "description": "\u672a\u5a5a\u592b\u548c\u95fa\u871c\u5a5a\u793c\u4e0a\u5979\u638c\u63b4\u8d31\u4e09\u513f\uff0c\u4ed6\u6478\u7740\u4e0b\u5df4\uff1a\u201c\u8fd9\u5973\u4eba\u591f\u8fa3\uff0c\u6211\u8981\u4e86\u3002\u201d\u5979\u53ea\u662f\u8ddf\u4eba\u53bb\u9886\u8bc1\u800c\u5df2\uff0c\u4ed6\u5374\u62ff\u7740\u7ed3\u5a5a\u6750\u6599\u7b49\u5728\u6c11\u653f\u5c40\u95e8\u53e3\u62a2\u5a5a\uff01\u201c\u62dc\u6258\uff0c\u6211\u8fd8\u4e0d\u77e5\u9053\u4f60\u540d\u5b57\uff01\u201d\u4ed6\u8179\u9ed1\u4e00\u7b11\uff1a\u201c\u540d\u5b57\u4e0d\u91cd\u8981\uff0c\u53eb\u8001\u516c\u5c31\u597d\uff0c\u53cd\u6b63\u4ece\u4eca\u5929\u8d77\uff0c\u4f60\u8fd9\u8f88\u5b50\u90fd\u8981\u8fd9\u4e48\u53eb\u3002\u201d", "title": "\u519b\u95e8\u7b2c\u4e00\u95ea\u5a5a", "url": "http://www.17k.com/book/2697259.html", "average": -1.0, "cover": "http://img.17k.com/images/bookcover/partner/72/59/2697259/2697259.jpg", "reviews": 207409, "authors": [{"url": "http://www.17k.com/zuozhe/56805591", "name": "\u5510\u7b5d"}], "type": ["\u5a5a\u604b\u7231\u60c5"], "outlinks": ["http://www.17k.com/book/2794982.html", "http://www.17k.com/book/2801292.html", "http://www.17k.com/book/2816318.html", "http://www.17k.com/book/2797575.html", "http://www.17k.com/book/2802516.html", "http://www.17k.com/book/2812195.html", "http://www.17k.com/book/2820143.html", "http://www.17k.com/book/2807943.html", "http://www.17k.com/book/2813457.html", "http://www.17k.com/book/2798058.html", "http://www.17k.com/book/2815617.html", "http://www.17k.com/book/2805259.html", "http://www.17k.com/book/2760255.html", "http://www.17k.com/book/2686894.html", "http://www.17k.com/book/2797016.html", "http://www.17k.com/book/2767246.html", "http://www.17k.com/book/2764239.html", "http://www.17k.com/book/2754498.html", "http://www.17k.com/book/2754900.html", "http://www.17k.com/book/2625740.html", "http://www.17k.com/book/2213315.html", "http://www.17k.com/book/2402178.html", "http://www.17k.com/book/2691221.html", "http://www.17k.com/book/2210699.html", "http://www.17k.com/book/1797752.html", "http://www.17k.com/book/2575507.html", "http://www.17k.com/book/2705181.html", "http://www.17k.com/book/2702539.html", "http://www.17k.com/book/2474887.html", "http://www.17k.com/book/2674733.html", "http://www.17k.com/book/2822076.html", "http://www.17k.com/book/2809894.html", "http://www.17k.com/book/2822077.html", "http://www.17k.com/book/2811930.html", "http://www.17k.com/book/2815548.html", "http://www.17k.com/book/2819620.html", "http://www.17k.com/book/2809964.html", "http://www.17k.com/book/2808200.html", "http://www.17k.com/book/2820100.html", "http://www.17k.com/book/2822978.html", "http://www.17k.com/book/2804337.html", "http://www.17k.com/book/2798814.html", "http://www.17k.com/book/2785153.html", "http://www.17k.com/book/2731559.html", "http://www.17k.com/book/2722533.html", "http://www.17k.com/book/2458377.html", "http://www.17k.com/book/2743300.html", "http://www.17k.com/book/973809.html", "http://www.17k.com/book/2651367.html", "http://www.17k.com/book/2726194.html", "http://www.17k.com/book/2790214.html", "http://www.17k.com/book/493239.html", "http://www.17k.com/book/108821.html", "http://www.17k.com/book/1398783.html", "http://www.17k.com/book/83528.html", "http://www.17k.com/book/1859126.html", "http://www.17k.com/book/1741975.html", "http://www.17k.com/book/192453.html", "http://www.17k.com/book/2459058.html", "http://www.17k.com/book/1050747.html", "http://www.17k.com/book/2700315.html", "http://www.17k.com/book/2818940.html", "http://www.17k.com/book/2819519.html", "http://www.17k.com/book/2816390.html", "http://www.17k.com/book/2819588.html", "http://www.17k.com/book/2813768.html", "http://www.17k.com/book/2822406.html", "http://www.17k.com/book/2772164.html", "http://www.17k.com/book/2784023.html", "http://www.17k.com/book/2811877.html", "http://www.17k.com/book/2809119.html", "http://www.17k.com/book/2803700.html", "http://www.17k.com/book/2819561.html", "http://www.17k.com/book/2746506.html", "http://www.17k.com/book/2811836.html", "http://www.17k.com/book/2614810.html", "http://www.17k.com/book/1592435.html", "http://www.17k.com/book/1949748.html", "http://www.17k.com/book/2265802.html", "http://www.17k.com/book/2743240.html", "http://www.17k.com/book/2657437.html", "http://www.17k.com/book/2644502.html", "http://www.17k.com/book/2199900.html", "http://www.17k.com/book/2725436.html", "http://www.17k.com/book/2629978.html"]}