{"ratings": -1, "userreviews": [{"userName": "\u98de\u96ea\u4e71\u6e05\u98ce", "userReviewDate": "2017-12-22", "userURL": "http://user.17k.com/45159154", "userReview": "<a target='_blank' href='http://www.17k.com/book/2677053.html'>\u300a\u9b54\u5984\u300b</a>\u6765\u8bbf\uff0c\u5348\u597d\uff0c\u590f\u9759"}], "description": "\u201c\u4e0d\u8981\u8138\uff0c\u8fde\u672a\u6210\u5e74\u4eba\u90fd\u4e0b\u5f97\u4e86\u624b\uff01\u201d\u3000\u3000\u201c\u5982\u679c\u6211\u6ca1\u6709\u8bb0\u9519\u7684\u8bdd\uff0c\u4f60\u4e0a\u4e2a\u661f\u671f\u5df2\u7ecf\u6210\u5e74\u4e86\u3002\u201d\u5b63\u7136\u9ed1\u7740\u4e00\u5f20\u8138\u770b\u7740\u773c\u524d\u7684\u5973\u4eba\u3002\u8fd9\u4e2a\u7b28\u4e2b\u5934\u771f\u7684\u662f\u8001\u5934\u5b50\u7ed9\u81ea\u5df1\u6311\u9009\u7684\u59bb\u5b50\uff1f\u3000\u3000\u8bf4\u597d\u7684\u6e29\u5a49\u53ef\u4eba\u5462\uff1f\u3000\u3000\u8bf4\u597d\u7684\u6e29\u548c\u53ef\u4eb2\u5462\uff1f\u3000\u3000\u8bf4\u597d\u7684\u6e29\u67d4\u4f53\u8d34\u5462\uff1f\u3000\u3000\u8bf4\u597d\u7684\u2026\u2026\u3000\u3000\u5206\u660e\u5c31\u662f\u4e00\u4e2a\u5f20\u7259\u821e\u722a\u7684\u5c0f\u732b\u54aa\uff01", "title": "\u519b\u957f\u5bb6\u7684\u5c0f\u5a07\u59bb", "url": "http://www.17k.com/book/2697121.html", "average": -1.0, "cover": "http://img.17k.com/images/bookcover/partner/71/21/2697121/2697121.jpg", "reviews": 13561, "authors": [{"url": "http://www.17k.com/zuozhe/56805591", "name": "\u5b81\u590f\u9759"}], "type": ["\u90fd\u5e02\u751f\u6d3b"], "outlinks": ["http://www.17k.com/book/2794982.html", "http://www.17k.com/book/2801292.html", "http://www.17k.com/book/2816318.html", "http://www.17k.com/book/2797575.html", "http://www.17k.com/book/2802516.html", "http://www.17k.com/book/2812195.html", "http://www.17k.com/book/2820143.html", "http://www.17k.com/book/2807943.html", "http://www.17k.com/book/2813457.html", "http://www.17k.com/book/2798058.html", "http://www.17k.com/book/2815617.html", "http://www.17k.com/book/2805259.html", "http://www.17k.com/book/2760255.html", "http://www.17k.com/book/2686894.html", "http://www.17k.com/book/2797016.html", "http://www.17k.com/book/2767246.html", "http://www.17k.com/book/2764239.html", "http://www.17k.com/book/2754498.html", "http://www.17k.com/book/2754900.html", "http://www.17k.com/book/2625740.html", "http://www.17k.com/book/2213315.html", "http://www.17k.com/book/2402178.html", "http://www.17k.com/book/2691221.html", "http://www.17k.com/book/2210699.html", "http://www.17k.com/book/1797752.html", "http://www.17k.com/book/2575507.html", "http://www.17k.com/book/2705181.html", "http://www.17k.com/book/2702539.html", "http://www.17k.com/book/2474887.html", "http://www.17k.com/book/2674733.html", "http://www.17k.com/book/2822076.html", "http://www.17k.com/book/2809894.html", "http://www.17k.com/book/2822077.html", "http://www.17k.com/book/2811930.html", "http://www.17k.com/book/2815548.html", "http://www.17k.com/book/2819620.html", "http://www.17k.com/book/2809964.html", "http://www.17k.com/book/2808200.html", "http://www.17k.com/book/2820100.html", "http://www.17k.com/book/2822978.html", "http://www.17k.com/book/2804337.html", "http://www.17k.com/book/2798814.html", "http://www.17k.com/book/2785153.html", "http://www.17k.com/book/2731559.html", "http://www.17k.com/book/2722533.html", "http://www.17k.com/book/2458377.html", "http://www.17k.com/book/2743300.html", "http://www.17k.com/book/973809.html", "http://www.17k.com/book/2651367.html", "http://www.17k.com/book/2726194.html", "http://www.17k.com/book/2790214.html", "http://www.17k.com/book/493239.html", "http://www.17k.com/book/108821.html", "http://www.17k.com/book/1398783.html", "http://www.17k.com/book/83528.html", "http://www.17k.com/book/1859126.html", "http://www.17k.com/book/1741975.html", "http://www.17k.com/book/192453.html", "http://www.17k.com/book/2459058.html", "http://www.17k.com/book/1050747.html", "http://www.17k.com/book/2700315.html", "http://www.17k.com/book/2818940.html", "http://www.17k.com/book/2819519.html", "http://www.17k.com/book/2816390.html", "http://www.17k.com/book/2819588.html", "http://www.17k.com/book/2813768.html", "http://www.17k.com/book/2822406.html", "http://www.17k.com/book/2772164.html", "http://www.17k.com/book/2784023.html", "http://www.17k.com/book/2811877.html", "http://www.17k.com/book/2809119.html", "http://www.17k.com/book/2803700.html", "http://www.17k.com/book/2819561.html", "http://www.17k.com/book/2746506.html", "http://www.17k.com/book/2811836.html", "http://www.17k.com/book/2614810.html", "http://www.17k.com/book/1592435.html", "http://www.17k.com/book/1949748.html", "http://www.17k.com/book/2265802.html", "http://www.17k.com/book/2743240.html", "http://www.17k.com/book/2657437.html", "http://www.17k.com/book/2644502.html", "http://www.17k.com/book/2199900.html", "http://www.17k.com/book/2725436.html", "http://www.17k.com/book/2629978.html"]}