{"ratings": -1, "userreviews": [{"userName": "\u6843\u82b1\u6df1\u6f6d\u6c34", "userReviewDate": "2018-05-10", "userURL": "http://user.17k.com/57040565", "userReview": "\u65f6\u9694\u5f88\u4e45\uff0c\u53c8\u6765\u770b\u5927\u5927\u7684\u6587\u4e86\uff0c\u52a0\u6cb9\u54e6"}, {"userName": "\u51cf\u4e0b\u52a01", "userReviewDate": "2018-03-08", "userURL": "http://user.17k.com/60304323", "userReview": "<a target='_blank' href='http://www.17k.com/book/1233923.html'>\u300a\u6211\u548c\u5996\u602a\u7684\u604b\u7231\u4e4b\u65c5\u300b</a>\u524d\u6765\u62dc\u8bbf\uff0c\u52a0\u6cb9<a target='_blank' href='http://user.17k.com/43278079'>@\u5c0f\u6811\u6797\u91cc\u7684\u9e1f</a>"}, {"userName": "\u5c0f\u6811\u6797\u91cc\u7684\u9e1f", "userReviewDate": "2018-02-16", "userURL": "http://user.17k.com/43278079", "userReview": "<span style='color:black'>\u72d7\u5e74\u65b0\u6625\u4f73\u8282\u81ea\u5df1\u7ed9\u81ea\u5df1\u653e\u5047\u4e09\u5929\uff0c\u5728\u6b64\u795d\u8bfb\u8005\u670b\u53cb\u72d7\u5e74\u6c6a~\u65fa~\u65fa~</span>"}, {"userName": "\u68ee\u7399\u6696\u6811", "userReviewDate": "2018-02-09", "userURL": "http://user.17k.com/45834036", "userReview": "\u9001\u4f60\u5c0f\u82b1\u82b1~\u4e94\u4e07\u5b57\u4e86\u5462\uff0c\u5df2\u7ecf\u5f88\u5389\u5bb3\u4e86\u6b38\uff01\u52a0\u6cb9\uff01"}, {"userName": "\u6843\u82b1\u6df1\u6f6d\u6c34", "userReviewDate": "2018-02-05", "userURL": "http://user.17k.com/57040565", "userReview": "\u611f\u89c9\u6587\u6587\u8fd8\u4e0d\u9519\u54e6\uff0c\u52a0\u6cb9\u52a0\u6cb9\u4e48\u4e48\u54d2~"}, {"userName": "\u773a\u671b\u84dd\u6d77", "userReviewDate": "2018-01-23", "userURL": "http://user.17k.com/58505020", "userReview": "\u6d77\u4e4b\u7737\u987e\u643a<a target='_blank' href='http://www.17k.com/book/2724418.html'>\u300a\u51e1\u4eba\u7684\u667a\u6167\u300b</a>\u6765\u62dc\u8bbf\u5927\u5927\uff0c\u521d\u521d\u770b\u4e86\u4e00\u4e0b\u89c9\u5f97\u633a\u597d\uff0c\u7ee7\u7eed\u52a0\u6cb9\uff01"}], "description": "\u4e94\u5e74\u60c5\u6b87\uff0c\u4e00\u591c\u9152\u9189\uff0c\u9b42\u7a7f\u5f02\u4e16\uff0c\u53d8\u8eab\u5c0f\u4e2b\u5934\u3000\u3000\u82cf\u9752\u79be\u5e86\u8f9b\u81ea\u5df1\u6ca1\u6709\u7a7f\u5230\u6781\u54c1\u4eba\u5bb6\uff0c\u6bcf\u5929\u9e21\u98de\u72d7\u8df3\u3000\u3000\u4e5f\u6ca1\u7528\u7a7f\u5230\u6743\u81e3\u5bcc\u8d35\u4e4b\u5bb6\uff0c\u6bcf\u5929\u9634\u8c0b\u9633\u8c0b\u3000\u3000\u5728\u4f9d\u5c71\u508d\u6c34\u7684\u519c\u5bb6\u3000\u3000\u53bb\u91ce\u5916\uff0c\u7a7a\u624b\u5957\u767d\u72fc\uff0c\u767d\u6361\u4e00\u5730\u91d1\u3000\u3000\u79cd\u83dc\uff0c\u4e0b\u6c34\uff0c\u4e0a\u5c71\u3000\u3000\u5c0f\u4e2b\u5934\u9047\u6843\u82b1\uff0c\u6211\u8fd8\u5c0f\u5462\uff01\u3000\u3000\u65b0\u4eba\u4e00\u679a\uff0c\u9ad8\u624b\u8bf7\u6307\u6559\u00b7\u00b7\u00b7\u00b7\u00b7\u00b7", "title": "\u519c\u5973\u82cf\u9752\u79be", "url": "http://www.17k.com/book/2762134.html", "average": -1.0, "cover": "http://img.17k.com/images/bookcover/default_cover1.jpg", "reviews": 6937, "authors": [{"url": "http://www.17k.com/zuozhe/43278079", "name": "\u590f\u672b\u5170\u82b1"}], "type": ["\u7ecf\u5546\u79cd\u7530"], "outlinks": ["http://www.17k.com/book/2794982.html", "http://www.17k.com/book/2801292.html", "http://www.17k.com/book/2816318.html", "http://www.17k.com/book/2797575.html", "http://www.17k.com/book/2802516.html", "http://www.17k.com/book/2812195.html", "http://www.17k.com/book/2820143.html", "http://www.17k.com/book/2807943.html", "http://www.17k.com/book/2813457.html", "http://www.17k.com/book/2798058.html", "http://www.17k.com/book/2815617.html", "http://www.17k.com/book/2805259.html", "http://www.17k.com/book/2760255.html", "http://www.17k.com/book/2686894.html", "http://www.17k.com/book/2797016.html", "http://www.17k.com/book/2767246.html", "http://www.17k.com/book/2764239.html", "http://www.17k.com/book/2754498.html", "http://www.17k.com/book/2754900.html", "http://www.17k.com/book/2625740.html", "http://www.17k.com/book/2213315.html", "http://www.17k.com/book/2402178.html", "http://www.17k.com/book/2691221.html", "http://www.17k.com/book/2210699.html", "http://www.17k.com/book/1797752.html", "http://www.17k.com/book/2575507.html", "http://www.17k.com/book/2705181.html", "http://www.17k.com/book/2702539.html", "http://www.17k.com/book/2474887.html", "http://www.17k.com/book/2674733.html", "http://www.17k.com/book/2822076.html", "http://www.17k.com/book/2809894.html", "http://www.17k.com/book/2822077.html", "http://www.17k.com/book/2811930.html", "http://www.17k.com/book/2815548.html", "http://www.17k.com/book/2819620.html", "http://www.17k.com/book/2809964.html", "http://www.17k.com/book/2808200.html", "http://www.17k.com/book/2820100.html", "http://www.17k.com/book/2822978.html", "http://www.17k.com/book/2804337.html", "http://www.17k.com/book/2798814.html", "http://www.17k.com/book/2785153.html", "http://www.17k.com/book/2731559.html", "http://www.17k.com/book/2722533.html", "http://www.17k.com/book/2458377.html", "http://www.17k.com/book/2743300.html", "http://www.17k.com/book/973809.html", "http://www.17k.com/book/2651367.html", "http://www.17k.com/book/2726194.html", "http://www.17k.com/book/2790214.html", "http://www.17k.com/book/493239.html", "http://www.17k.com/book/108821.html", "http://www.17k.com/book/1398783.html", "http://www.17k.com/book/83528.html", "http://www.17k.com/book/1859126.html", "http://www.17k.com/book/1741975.html", "http://www.17k.com/book/192453.html", "http://www.17k.com/book/2459058.html", "http://www.17k.com/book/1050747.html", "http://www.17k.com/book/2700315.html", "http://www.17k.com/book/2818940.html", "http://www.17k.com/book/2819519.html", "http://www.17k.com/book/2816390.html", "http://www.17k.com/book/2819588.html", "http://www.17k.com/book/2813768.html", "http://www.17k.com/book/2822406.html", "http://www.17k.com/book/2772164.html", "http://www.17k.com/book/2784023.html", "http://www.17k.com/book/2811877.html", "http://www.17k.com/book/2809119.html", "http://www.17k.com/book/2803700.html", "http://www.17k.com/book/2819561.html", "http://www.17k.com/book/2746506.html", "http://www.17k.com/book/2811836.html", "http://www.17k.com/book/2614810.html", "http://www.17k.com/book/1592435.html", "http://www.17k.com/book/1949748.html", "http://www.17k.com/book/2265802.html", "http://www.17k.com/book/2743240.html", "http://www.17k.com/book/2657437.html", "http://www.17k.com/book/2644502.html", "http://www.17k.com/book/2199900.html", "http://www.17k.com/book/2725436.html", "http://www.17k.com/book/2629978.html"]}