{"ratings": -1, "userreviews": [{"userName": "\u5c31\u4e0d\u4f1a\u770b\u89c1\u4f60", "userReviewDate": "2018-04-09", "userURL": "http://user.17k.com/54498591", "userReview": "\u5927\u5927\u52a0\u6cb9\uff0c\u665a\u4e0a\u597d\uff01"}, {"userName": "\u7a7a\u8c37\u7559\u60c5", "userReviewDate": "2018-03-18", "userURL": "http://user.17k.com/45016341", "userReview": "\u6765\u8bbf\u7b7e\u5230\u652f\u6301\uff0c\u5f88\u68d2"}, {"userName": "\u7a7a\u8c37\u7559\u60c5", "userReviewDate": "2018-03-17", "userURL": "http://user.17k.com/45016341", "userReview": "\u6765\u8bbf\u7b7e\u5230\u652f\u6301\uff0c\u52a0\u6cb9"}, {"userName": "\u6de1\u7b11\u770b\u4eba\u751f", "userReviewDate": "2018-03-16", "userURL": "http://user.17k.com/45473276", "userReview": "<a target='_blank' href='http://www.17k.com/book/1728734.html'>\u300a\u8d5a\u94b1\u8bb0\u300b</a>\u795d\u5927\u5927\u4f5c\u54c1\u8d8a\u6765\u8d8a\u7ea2\u706b\u3002"}, {"userName": "\u7a7a\u8c37\u7559\u60c5", "userReviewDate": "2018-03-16", "userURL": "http://user.17k.com/45016341", "userReview": "\u4e2d\u5348\u6765\u8bbf"}, {"userName": "\u7a7a\u8c37\u7559\u60c5", "userReviewDate": "2018-03-15", "userURL": "http://user.17k.com/45016341", "userReview": "\u665a\u4e0a\u597d"}, {"userName": "\u65af\u6587\u732b\u965b\u4e0b", "userReviewDate": "2018-03-15", "userURL": "http://user.17k.com/37764708", "userReview": "\u9898\u6750\u5f88\u597d\uff0c\u52a0\u6cb9\u5199\uff0c\u652f\u6301\u4e0b"}, {"userName": "\u7a7a\u8c37\u7559\u60c5", "userReviewDate": "2018-03-15", "userURL": "http://user.17k.com/45016341", "userReview": "\u65e9\u5b89"}, {"userName": "\u4e03\u4e03\u5c45\u58eb", "userReviewDate": "2018-03-14", "userURL": "http://user.17k.com/49673469", "userReview": "<a target='_blank' href='http://www.17k.com/book/2792619.html'>\u300a\u719f\u5973\u7684\u54c1\u683c\u300b</a>\u6765\u8fc7\uff0c\u4e00\u8d77\u52a0\u6cb9\u3002"}, {"userName": "\u7a7a\u8c37\u7559\u60c5", "userReviewDate": "2018-03-14", "userURL": "http://user.17k.com/45016341", "userReview": "\u643a\u5e26\u603b\u88c1\u6821\u8349\u9752\u6885\u7af9\u9a6c\u6587<a target='_blank' href='http://www.17k.com/book/2790998.html'>\u300a\u9738\u9053\u4e13\u5c5e\u300b</a>\u524d\u6765\u62dc\u8bbf\uff0c\u5927\u5927\u5199\u5f97\u5f88\u597d\uff0c\u5df2\u7ecf\u6536\u85cf\uff0c\u671f\u5f85\u56de\u8bbf\u3002"}, {"userName": "zdj924825", "userReviewDate": "2018-03-13", "userURL": "http://user.17k.com/60180318", "userReview": "[\u6253\u8d4f]\u6211\u6253\u8d4f\u4e8618\u5143\u7ea2\u5305\uff01\uff01"}, {"userName": "\u52aa\u529b\u4e0a\u8fdb\u5566\u5566", "userReviewDate": "2018-03-06", "userURL": "http://user.17k.com/60287991", "userReview": "\u5e26<a target='_blank' href='http://www.17k.com/book/1233923.html'>\u300a\u6211\u548c\u5996\u602a\u7684\u604b\u7231\u4e4b\u65c5\u300b</a>\u524d\u6765\u62dc\u8bbf\u5927\u5927\u5566\u52a0\u6cb9\u4e0a\u5348\u597d<a target='_blank' href='http://user.17k.com/59958579'>@\u5de6\u5c0f\u7738</a>"}, {"userName": "\u6708\u843d\u68a6\u8ffd\u5fc6", "userReviewDate": "2018-03-02", "userURL": "http://user.17k.com/57478135", "userReview": "\u5c06\u575b\u9187\u9152\u51b0\u6d46\u7ec6,\u5143\u591c\u9080\u5bbe\u706f\u706b\u65b0\u3002\u8ffd\u5fc6\u524d\u6765\u652f\u6301\uff0c\u5143\u5bb5\u5feb\u4e50~\\(\u2267\u25bd\u2266)/~"}, {"userName": "\u591c\u9b45\u661f\u8fb0\u672c\u5c0a", "userReviewDate": "2018-02-28", "userURL": "http://user.17k.com/15601070", "userReview": "<span style='color:black'>\u5927\u5927\u665a\u4e0a\u597d\uff0c\u6587\u6587\u5f88\u4e0d\u9519\u54e6\uff0c\u5df2\u6536\u85cf\uff0c\u661f\u8fb0\u643a<a target='_blank' href='http://www.17k.com/book/2784873.html'>\u300a\u5168\u804c\u6740\u624b\u4e4b\u6211\u7684\u6781\u54c1\u672a\u5a5a\u59bb\u300b</a>\u6765\u8bbf\uff0c\u5546\u4e1a\u5e1d\u56fd\uff0c\u9898\u6750\u5f88\u597d\u54e6\uff0c\u52a0\u6cb9\u52a0\u6cb9</span>"}, {"userName": "zdj924825", "userReviewDate": "2018-02-26", "userURL": "http://user.17k.com/60180318", "userReview": "[\u6253\u8d4f]\u6211\u6253\u8d4f\u4e8618\u5143\u7ea2\u5305\uff01\uff01"}, {"userName": "\u5de6\u5c0f\u7738", "userReviewDate": "2018-02-19", "userURL": "http://user.17k.com/59958579", "userReview": "[\u6253\u8d4f]\u6211\u6253\u8d4f\u4e868\u5143\u7ea2\u5305\uff01\uff01"}, {"userName": "tt8796432", "userReviewDate": "2018-02-16", "userURL": "http://user.17k.com/60013881", "userReview": "[\u6253\u8d4f]\u6211\u6253\u8d4f\u4e8618\u5143\u7ea2\u5305\uff01\uff01"}], "description": "\u80ba\u708e\u4f4f\u9662\u7684\u6211\u600e\u4e48\u4e00\u9192\u6765\u5c31\u5728\u4e86\u5f02\u4e16\uff0c\u6ca1\u6709\u8bb0\u5fc6\uff0c\u6ca1\u6709\u7279\u6b8a\u5f02\u80fd\u5c5e\u6027\uff0c\u5bb6\u91cc\u8fd8\u4e00\u8d2b\u5982\u6d17\uff0c\u600e\u4e48\u529e\uff1f\u540d\u58f0\u4e0d\u597d\uff1f\u6211\u6d17\u767d\uff0c\u4e00\u8d2b\u5982\u6d17\uff1f\u6211\u6323\u94b1\uff0c\u4e00\u573a\u7531\u81ed\u8c46\u8150\u5f00\u542f\u7684\u5546\u4e1a\u4e4b\u8def\uff0c\u6ca1\u6210\u60f3\u5374\u662f\u5efa\u7acb\u5546\u4e1a\u5e1d\u56fd\u7684\u94a5\u5319\u3002\u4f46\u662f\u90a3\u4e2a\u8c01\uff0c\u80fd\u4e0d\u80fd\u79bb\u6211\u8fdc\u4e00\u4e9b\uff0c\u6211\u53ef\u662f\u4e0d\u7231\u7537\u8272\u7231\u91d1\u5b50\u7684\u3002", "title": "\u519c\u5973\u7684\u5546\u4e1a\u5e1d\u56fd", "url": "http://www.17k.com/book/2778838.html", "average": -1.0, "cover": "http://img.17k.com/images/bookcover/default_cover3.jpg", "reviews": 8409, "authors": [{"url": "http://www.17k.com/zuozhe/59958579", "name": "\u5de6\u5c0f\u7738"}], "type": ["\u7ecf\u5546\u79cd\u7530"], "outlinks": ["http://www.17k.com/book/2794982.html", "http://www.17k.com/book/2801292.html", "http://www.17k.com/book/2816318.html", "http://www.17k.com/book/2797575.html", "http://www.17k.com/book/2802516.html", "http://www.17k.com/book/2812195.html", "http://www.17k.com/book/2820143.html", "http://www.17k.com/book/2807943.html", "http://www.17k.com/book/2813457.html", "http://www.17k.com/book/2798058.html", "http://www.17k.com/book/2815617.html", "http://www.17k.com/book/2805259.html", "http://www.17k.com/book/2760255.html", "http://www.17k.com/book/2686894.html", "http://www.17k.com/book/2797016.html", "http://www.17k.com/book/2767246.html", "http://www.17k.com/book/2764239.html", "http://www.17k.com/book/2754498.html", "http://www.17k.com/book/2754900.html", "http://www.17k.com/book/2625740.html", "http://www.17k.com/book/2213315.html", "http://www.17k.com/book/2402178.html", "http://www.17k.com/book/2691221.html", "http://www.17k.com/book/2210699.html", "http://www.17k.com/book/1797752.html", "http://www.17k.com/book/2575507.html", "http://www.17k.com/book/2705181.html", "http://www.17k.com/book/2702539.html", "http://www.17k.com/book/2474887.html", "http://www.17k.com/book/2674733.html", "http://www.17k.com/book/2822076.html", "http://www.17k.com/book/2809894.html", "http://www.17k.com/book/2822077.html", "http://www.17k.com/book/2811930.html", "http://www.17k.com/book/2815548.html", "http://www.17k.com/book/2819620.html", "http://www.17k.com/book/2809964.html", "http://www.17k.com/book/2808200.html", "http://www.17k.com/book/2820100.html", "http://www.17k.com/book/2822978.html", "http://www.17k.com/book/2804337.html", "http://www.17k.com/book/2798814.html", "http://www.17k.com/book/2785153.html", "http://www.17k.com/book/2731559.html", "http://www.17k.com/book/2722533.html", "http://www.17k.com/book/2458377.html", "http://www.17k.com/book/2743300.html", "http://www.17k.com/book/973809.html", "http://www.17k.com/book/2651367.html", "http://www.17k.com/book/2726194.html", "http://www.17k.com/book/2790214.html", "http://www.17k.com/book/493239.html", "http://www.17k.com/book/108821.html", "http://www.17k.com/book/1398783.html", "http://www.17k.com/book/83528.html", "http://www.17k.com/book/1859126.html", "http://www.17k.com/book/1741975.html", "http://www.17k.com/book/192453.html", "http://www.17k.com/book/2459058.html", "http://www.17k.com/book/1050747.html", "http://www.17k.com/book/2700315.html", "http://www.17k.com/book/2818940.html", "http://www.17k.com/book/2819519.html", "http://www.17k.com/book/2816390.html", "http://www.17k.com/book/2819588.html", "http://www.17k.com/book/2813768.html", "http://www.17k.com/book/2822406.html", "http://www.17k.com/book/2772164.html", "http://www.17k.com/book/2784023.html", "http://www.17k.com/book/2811877.html", "http://www.17k.com/book/2809119.html", "http://www.17k.com/book/2803700.html", "http://www.17k.com/book/2819561.html", "http://www.17k.com/book/2746506.html", "http://www.17k.com/book/2811836.html", "http://www.17k.com/book/2614810.html", "http://www.17k.com/book/1592435.html", "http://www.17k.com/book/1949748.html", "http://www.17k.com/book/2265802.html", "http://www.17k.com/book/2743240.html", "http://www.17k.com/book/2657437.html", "http://www.17k.com/book/2644502.html", "http://www.17k.com/book/2199900.html", "http://www.17k.com/book/2725436.html", "http://www.17k.com/book/2629978.html"]}