{"ratings": -1, "userreviews": [{"userName": "\u7231\u4e3b\u4e00\u751f", "userReviewDate": "2018-01-23", "userURL": "http://user.17k.com/48277442", "userReview": "\u8d70\u8fc7\u8def\u8fc7\u7684\u670b\u53cb\u8bf7\u60a8\u7559\u70b9\u53ea\u8a00\u7247\u8bed\u5427\uff01\u8c22\u8c22\uff01"}, {"userName": "\u672a\u6765\u8001\u9f20", "userReviewDate": "2018-01-09", "userURL": "http://user.17k.com/46396493", "userReview": "\u5927\u5927\u6709\u524d\u9014\uff0c\u8d5e<a target='_blank' href='http://www.17k.com/book/2725309.html'>\u300a\u534a\u7c73\u9633\u5149\u84dd\u5c71\u5357\u300b</a>\u6765\u8bbf"}, {"userName": "\u6843\u82b1\u6df1\u6f6d\u6c34", "userReviewDate": "2017-12-21", "userURL": "http://user.17k.com/57040565", "userReview": "\u5c0f\u53ef\u7231\u7684\u6587\u6587\u5f88\u68d2\u68d2\u54e6\uff0c\u52a0\u6cb9\u52a0\u6cb9\u4e48\u4e48\u54d2\uff01\u5750\u7b49\u66f4\u65b0\uff01"}], "description": "\u98ce\u91c7\u51f0\u600e\u4e48\u4e5f\u6ca1\u60f3\u5230\uff0c\u4e00\u5411\u75bc\u7231\u81ea\u5df1\u7684\u4eb2\u53d4\u53d4\uff0c\u5c45\u7136\u4f1a\u5c06\u81ea\u5df1\u6253\u4e0b\u60ac\u5d16\uff0c\u7a7f\u8d8a\u5230\u73b0\u4ee3\u519c\u6751\u59d1\u5a18\u738b\u4e8c\u59ae\u8eab\u4e0a\uff0c\u7626\u5f31\u3001\u5355\u8584\u3002\u8fd9\u6837\u7684\u5973\u5b50\u5c45\u7136\u4f1a\u88ab\u7ee7\u7236\u62ff\u6765\uff0c\u62b5\u4e86\u8d4c\u503a\u3002\u9001\u7ed9\u4e86\u6751\u4e0a\u6709\u540d\u7684\u4e09\u5144\u5f1f\u5bb6\u91cc\uff0c\u6b63\u88ab\u8f7b\u8584\u7684\u98ce\u91c7\u51f0\u9192\u4e86\u8fc7\u6765\uff0c\u4e00\u987f\u62f3\u6253\u811a\u8e22\u59d1\u5a18\u6211\u662f\u9ad8\u624b\uff0c\u6211\u6015\u8c01\uff1f\u4e25\u60e9\u7ee7\u7236\uff0c\u5230\u5904\u4f38\u5f20\u6b63\u4e49\uff01\u770b\u59d0\u867d\u662f\u53e4\u4ee3\u4eba\uff0c\u7167\u6837\u53ef\u4ee5\u5728\u73b0\u4ee3\u6df7\u7684\u98ce\u751f\u6c34\u8d77\uff01\u5582\u3002\u3002\u3002\u4f60\u5e72\u561b\uff1f\u3000\u3000\u5973\u4fa0\u6c42\u6253\u5305\u5e26\u8d70\u3000\u3000\u6eda\u3002\u3002\u3002\u3002\u3000\u3000\u5973\u4fa0\u6211\u6eda\u5230\u5e8a\u4e0a\u7b49\u4f60\u6765\u54e6\u3002\u3002\u3002\u3002", "title": "\u519c\u5bb6\u6709\u53ea\u5c0f\u51e4\u51f0", "url": "http://www.17k.com/book/2733438.html", "average": -1.0, "cover": "http://img.17k.com/images/bookcover/2018/13667/68/2733438-1516293400000.jpg", "reviews": 1614, "authors": [{"url": "http://www.17k.com/zuozhe/48277442", "name": "\u91d1\u94b1\u8349"}], "type": ["\u73b0\u5b9e\u7206\u7b11"], "outlinks": ["http://www.17k.com/book/2794982.html", "http://www.17k.com/book/2801292.html", "http://www.17k.com/book/2816318.html", "http://www.17k.com/book/2797575.html", "http://www.17k.com/book/2802516.html", "http://www.17k.com/book/2812195.html", "http://www.17k.com/book/2820143.html", "http://www.17k.com/book/2807943.html", "http://www.17k.com/book/2813457.html", "http://www.17k.com/book/2798058.html", "http://www.17k.com/book/2815617.html", "http://www.17k.com/book/2805259.html", "http://www.17k.com/book/2760255.html", "http://www.17k.com/book/2686894.html", "http://www.17k.com/book/2797016.html", "http://www.17k.com/book/2767246.html", "http://www.17k.com/book/2764239.html", "http://www.17k.com/book/2754498.html", "http://www.17k.com/book/2754900.html", "http://www.17k.com/book/2625740.html", "http://www.17k.com/book/2213315.html", "http://www.17k.com/book/2402178.html", "http://www.17k.com/book/2691221.html", "http://www.17k.com/book/2210699.html", "http://www.17k.com/book/1797752.html", "http://www.17k.com/book/2575507.html", "http://www.17k.com/book/2705181.html", "http://www.17k.com/book/2702539.html", "http://www.17k.com/book/2474887.html", "http://www.17k.com/book/2674733.html", "http://www.17k.com/book/2822076.html", "http://www.17k.com/book/2809894.html", "http://www.17k.com/book/2822077.html", "http://www.17k.com/book/2811930.html", "http://www.17k.com/book/2815548.html", "http://www.17k.com/book/2819620.html", "http://www.17k.com/book/2809964.html", "http://www.17k.com/book/2808200.html", "http://www.17k.com/book/2820100.html", "http://www.17k.com/book/2822978.html", "http://www.17k.com/book/2804337.html", "http://www.17k.com/book/2798814.html", "http://www.17k.com/book/2785153.html", "http://www.17k.com/book/2731559.html", "http://www.17k.com/book/2722533.html", "http://www.17k.com/book/2458377.html", "http://www.17k.com/book/2743300.html", "http://www.17k.com/book/973809.html", "http://www.17k.com/book/2651367.html", "http://www.17k.com/book/2726194.html", "http://www.17k.com/book/2790214.html", "http://www.17k.com/book/493239.html", "http://www.17k.com/book/108821.html", "http://www.17k.com/book/1398783.html", "http://www.17k.com/book/83528.html", "http://www.17k.com/book/1859126.html", "http://www.17k.com/book/1741975.html", "http://www.17k.com/book/192453.html", "http://www.17k.com/book/2459058.html", "http://www.17k.com/book/1050747.html", "http://www.17k.com/book/2700315.html", "http://www.17k.com/book/2818940.html", "http://www.17k.com/book/2819519.html", "http://www.17k.com/book/2816390.html", "http://www.17k.com/book/2819588.html", "http://www.17k.com/book/2813768.html", "http://www.17k.com/book/2822406.html", "http://www.17k.com/book/2772164.html", "http://www.17k.com/book/2784023.html", "http://www.17k.com/book/2811877.html", "http://www.17k.com/book/2809119.html", "http://www.17k.com/book/2803700.html", "http://www.17k.com/book/2819561.html", "http://www.17k.com/book/2746506.html", "http://www.17k.com/book/2811836.html", "http://www.17k.com/book/2614810.html", "http://www.17k.com/book/1592435.html", "http://www.17k.com/book/1949748.html", "http://www.17k.com/book/2265802.html", "http://www.17k.com/book/2743240.html", "http://www.17k.com/book/2657437.html", "http://www.17k.com/book/2644502.html", "http://www.17k.com/book/2199900.html", "http://www.17k.com/book/2725436.html", "http://www.17k.com/book/2629978.html"]}