{"ratings": -1, "userreviews": [{"userName": "\u4f60\u4ea6\u662f\u4f24\uff01", "userReviewDate": "2018-05-08", "userURL": "http://user.17k.com/61589330", "userReview": "\u8fd8\u884c\u3002\u3002\u3002\u3002"}, {"userName": "17k\u4e66\u53cbkkbgqkar0", "userReviewDate": "2018-04-26", "userURL": "http://user.17k.com/61265745", "userReview": "[\u6253\u8d4f]\u6211\u6253\u8d4f\u4e862\u5143\u7ea2\u5305\uff01\uff01"}, {"userName": "17K\u4e66\u53cbOMIMKNRW", "userReviewDate": "2018-04-08", "userURL": "http://user.17k.com/57792008", "userReview": "\u5e9f\u8bdd\u592a\u591a\u4e86\uff01"}, {"userName": "17K\u4e66\u53cbOMIMKNRW", "userReviewDate": "2018-04-08", "userURL": "http://user.17k.com/57792008", "userReview": "\u7528\u5bb6\u4e61\u65b9\u8a00\u597d\u65e0\u8bed\u662f\u4e0d\u60f3\u8ba9\u4eba\u770b\u61c2\u5417\uff1f\u2026\u2026\u2026"}, {"userName": "17K\u4e66\u53cbOMIMKNRW", "userReviewDate": "2018-04-08", "userURL": "http://user.17k.com/57792008", "userReview": "\u4f5c\u8005\u662f\u4e0d\u662f\u56db\u5ddd\u4eba\u554a\uff1f\u597d\u591a\u90fd\u4e0d\u660e\u767d\u8bf4\u7684\u662f\u4ec0\u4e48\uff01\u6bd4\u5982\u90a3\u4e2a\u793c\u884c\u662f\u4ec0\u4e48\u610f\u601d\u554a\uff1f"}, {"userName": "\u767d\u4e91\u6df1\u5904400791023", "userReviewDate": "2018-03-30", "userURL": "http://user.17k.com/51440946", "userReview": "\u597d\u770b\u597d\u770b\uff01\uff01"}, {"userName": "\u767d\u4e91\u6df1\u5904400791023", "userReviewDate": "2018-03-27", "userURL": "http://user.17k.com/51440946", "userReview": "\u4f55\u8001\u4e09\u5230\u5e95\u662f\u8c01"}, {"userName": "\u767d\u4e91\u6df1\u5904400791023", "userReviewDate": "2018-03-27", "userURL": "http://user.17k.com/51440946", "userReview": "\u4f55\u8001\u4e09\u5230\u5e95\u662f\u8c01"}, {"userName": "\u6211\u56fa\u6267\u7684\u5c0f\u9752\u6625", "userReviewDate": "2018-03-13", "userURL": "http://user.17k.com/43865207", "userReview": "\u8bb0\u5f97\u6211\u7b2c\u4e00\u6b21\u66fe\u7ecf\u5728\u8fd9\u91cc\u63a8\u8350\u8fc7\u6211\u7684\u4e66\uff0c\u90a3\u65f6\u5019\u4f60\u8bf4\u4e0d\u559c\u6b22\uff0c\u6240\u4ee5\u6211\u5c31\u6ca1\u6709\u8fd9\u6837\u505a\u4e86\uff0c\u73b0\u5728\u6211\u7684\u5c0f\u8bf4\u5df2\u5199\u4e86\u51e0\u5341\u4e07\u5b57\u4e86\uff0c\u6211\u76f8\u4fe1\u4e0d\u4e45\u540e\u6211\u5c31\u53ef\u4ee5\u6210\u4e3a\u4f5c\u8005\u4e86\uff0c\u8fd9\u662f\u6211\u7528\u52aa\u529b\u5f97\u6765\u7684\uff0c\u5f88\u5f00\u5fc3\uff0c\u8c22\u8c22\u5927\u5927"}, {"userName": "\u9ec4\u74dc\u7684\u5bbf\u547d", "userReviewDate": "2018-02-11", "userURL": "http://user.17k.com/53195742", "userReview": "<a target='_blank' href='http://www.17k.com/book/2377865.html'>\u300a\u81f3\u9738\u82cd\u751f\u8bc0\u300b</a>\u6765\u8bbf\uff0c\u6c42\u652f\u6301\u6c42\u6269\u6563\uff0c\u87f9\u87f9\u3002"}, {"userName": "\u897f\u74dc\u7231\u8349\u8393", "userReviewDate": "2018-01-25", "userURL": "http://user.17k.com/45194422", "userReview": "1 \uff0c\u5e9f\u8bdd\u592a\u591a\uff0c\u6bcf\u7ae0\u6700\u591a\u7684\u5c31\u662f\u505a\u996d\u5728\u518d\u8005\u5c31\u662f\u548c\u8c01\u5173\u7cfb\u597d\uff0c\u5982\u4f55\u62a5\u7b54\u5982\u4f55\u62a5\u6069\uff0c\u8981\u4e8b\u5be5\u5be5\u51e0\u7b14\u5e26\u8fc7\u30022 \u3001\u9519\u522b\u5b57\u592a\u591a\uff0c\u591a\u5230\u6709\u4e9b\u6bb5\u843d\u4e0d\u77e5\u5728\u8868\u8fbe\u4ec0\u4e48\uff01"}, {"userName": "K\u5c0f\u5f00", "userReviewDate": "2018-01-23", "userURL": "http://user.17k.com/58509881", "userReview": "\u597d\u4e66\uff01\u5434\u5f00\u9633\u643a<a target='_blank' href='http://www.17k.com/book/2724684.html'>\u300a\u6211\u4e0d\u662f\u6740\u4eba\u72af\u300b</a>\u518d\u6b21\u524d\u6765\u62dc\u8bfb\u4e86\uff0c\u6709\u4ec0\u4e48\u5fc3\u5f97\uff0c\u8fd8\u671b\u6307\u6559\u4e00\u4e8c\uff0c\u611f\u6fc0\u4e0d\u5c3d\uff01"}, {"userName": "\u6885\uff0c\u5df2\u903a\u96e2\u4e56", "userReviewDate": "2018-01-23", "userURL": "http://user.17k.com/51714259", "userReview": "\u8fd8\u6ca1\u770b\uff0c\u51c6\u5907\u5165\u5751\uff0c\u770b\u8fc7\u7684\u4eb2\u597d\u770b\u5417\uff1f"}, {"userName": "A\u661f\u661f\u70b9\u706f", "userReviewDate": "2018-01-09", "userURL": "http://user.17k.com/55972875", "userReview": "\u63a8\u8350\u4e00\u672c\u597d\u4e66<a target='_blank' href='http://www.17k.com/book/2551937.html'>\u300a\u8d85\u65b0\u4eba\u300b</a>\uff0c\u6765\u4e2a\u652f\u6301\uff0c\u6765\u4e2a\u6536\u85cf\u5427\u3002"}, {"userName": "17K\u4e66\u53cb00w5u0a7", "userReviewDate": "2018-01-07", "userURL": "http://user.17k.com/59200508", "userReview": "[\u6253\u8d4f]\u6211\u6253\u8d4f\u4e861\u5143\u7ea2\u5305\uff01\uff01"}, {"userName": "m\u6728\u7d2b\u503e", "userReviewDate": "2017-11-30", "userURL": "http://user.17k.com/52480433", "userReview": "<a target='_blank' href='http://www.17k.com/book/2326909.html'>\u300a\u8179\u9ed1\u738b\u7237\u9003\u8dd1\u738b\u5983\u300b</a>\u6df1\u591c\u6765\u8bbf\uff0c\u524d\u6765\u5411\u5927\u5927\u5b66\u4e60\uff01\u51ac\u5929\u5230\u4e86\uff0c\u5927\u5927\u4e3b\u610f\u4fdd\u6696\u54e6\uff01"}, {"userName": "17K\u4e66\u53cbMCGJUPYY", "userReviewDate": "2017-11-19", "userURL": "http://user.17k.com/58509048", "userReview": "[\u6253\u8d4f]\u6211\u6253\u8d4f\u4e862\u5143\u7ea2\u5305\uff01\uff01"}, {"userName": "\u53f6\u8459\u82b8", "userReviewDate": "2017-11-09", "userURL": "http://user.17k.com/57517697", "userReview": "\u5927\u5927\u52a0\u6cb9\uff01\u643a<a target='_blank' href='http://www.17k.com/book/2663126.html'>\u300a\u4eba\u72d0\u4e4b\u7ea6\u300b</a>\u524d\u6765\u652f\u6301\uff01\u4eb2\u4eec\u5feb\u6765\u770b\u54e6\uff01\u5c0f\u8bf4\u5730\u5740http://h5.17k.com/book/2663126.html"}, {"userName": "\u5ed6\u5927\u5e05", "userReviewDate": "2017-11-07", "userURL": "http://user.17k.com/57752109", "userReview": "\u4f5c\u8005\u5927\u5927\u4e2d\u5348\u597d\uff01\u660e\u6708\u643a<a target='_blank' href='http://www.17k.com/book/2681659.html'>\u300a\u91cd\u751f\u91d1\u5eb8\u5f02\u4e16\u754c\u300b</a>\u6765\u8bbf\uff01\u5927\u5927\u5389\u5bb3\uff0c\u8bf7\u6536\u4e0b\u6211\u7684\u819d\u76d6\uff01"}, {"userName": "\u6881\u8def\u513f", "userReviewDate": "2017-11-01", "userURL": "http://user.17k.com/56434538", "userReview": "<a target='_blank' href='http://www.17k.com/book/2710735.html'>\u300a\u4e54\u6728\u9634\u9634\u533b\u8005\u8def\u300b</a>\u524d\u6765\u62a5\u5230\uff0c\u5927\u5927\u6587\u7b14\u7ec6\u817b\uff0c\u503c\u5f97\u4e00\u770b"}], "description": "\u4f5c\u4e3a\u4e00\u4e2a\u7a7f\u8d8a\u8005\uff0c\u8fd8\u662f\u7a7f\u8d8a\u5230\u53e4\u4ee3\u843d\u540e\u7684\u519c\u6751\uff0c\u513f\u5c0f\u592b\u5f31\uff0c\u5bb6\u5f92\u56db\u58c1\uff0c\u4e0a\u6709\u6076\u516c\u5a46\uff0c\u4e0b\u6709\u574f\u53d4\u5ac2\uff0c\u6155\u8d1e\u8868\u793a\u538b\u529b\u5c71\u5927\u3002\u6ca1\u6709\u91d1\u624b\u6307\uff0c\u8981\u600e\u4e48\u6df7\uff1f\u4e0d\u8fc7\uff0c\u505a\u4e3a\u7a7f\u8d8a\u5973\uff0c\u61c2\u5403\u4f1a\u5403\u90fd\u662f\u53d1\u5bb6\u81f4\u5bcc\u7684\u826f\u65b9\u3002\u4e0d\u4fe1\uff1f\u4f60\u95ee\u95ee\uff0c\u5403\u8fc7\u693f\u82bd\u513f\u5417\uff1f\u77e5\u9053\u7ea2\u85af\u53ef\u4ee5\u53d8\u6210\u9762\u7c89\u4e00\u6837\u5417\uff1f\u89c1\u8fc7\u795e\u4ed9\u5403\u7684\u8c46\u8150\u5417\uff1f\u77e5\u9053\u4ec0\u4e48\u662f\u91ce\u9e21\u722a\u5b50\u5417\uff1f\u6ca1\u6709\uff1f\u90a3\u597d\u529e\uff0c\u597d\u6b79\u4f9d\u5c71\u508d\u6c34\uff0c\u4e00\u8349\u4e00\u6728\u90fd\u662f\u94b1\u554a\uff01\u4e0b\u62b1\u53bf\u5b98\u5927\u817f\uff0c\u4e0a\u6709\u5c06\u519b\u54e5\u54e5\u6491\u8170\uff0c\u5c31\u7b97\u662f\u4e00\u843d\u9b44\u7684\u5927\u5c0f\u59d0\uff0c\u7167\u6837\u6df7\u7684\u98ce\u751f\u6c34\u8d77\u3002\u867d\u8bf4\u6709\u9e21\u6bdb\u849c\u76ae\u7684\u70e6\u5fc3\u4e8b\uff0c\u4f46\u66f4\u591a\u7684\u662f\u7f8e\u6ee1\u5e78\u798f\uff0c\u95f2\u6765\u65e0\u4e8b\uff0c\u548c\u90a3\u8eab\u4efd\u4e0d\u4e00\u822c\u7684\u76f8\u516c\u5f53\u4e0a\u4e86\u7687\u5546\u3002", "title": "\u519c\u5bb6\u5a18\u5b50\u559c\u79cd\u7530", "url": "http://www.17k.com/book/1453234.html", "average": -1.0, "cover": "http://img.17k.com/images/bookcover/2015/7266/36/1453234-1444307184000.jpg", "reviews": 3749670, "authors": [{"url": "http://www.17k.com/zuozhe/43158403", "name": "\u87f9\u5c0f\u599e"}], "type": ["\u7ecf\u5546\u79cd\u7530"], "outlinks": ["http://www.17k.com/book/2794982.html", "http://www.17k.com/book/2801292.html", "http://www.17k.com/book/2816318.html", "http://www.17k.com/book/2797575.html", "http://www.17k.com/book/2802516.html", "http://www.17k.com/book/2812195.html", "http://www.17k.com/book/2820143.html", "http://www.17k.com/book/2807943.html", "http://www.17k.com/book/2813457.html", "http://www.17k.com/book/2798058.html", "http://www.17k.com/book/2815617.html", "http://www.17k.com/book/2805259.html", "http://www.17k.com/book/2760255.html", "http://www.17k.com/book/2686894.html", "http://www.17k.com/book/2797016.html", "http://www.17k.com/book/2767246.html", "http://www.17k.com/book/2764239.html", "http://www.17k.com/book/2754498.html", "http://www.17k.com/book/2754900.html", "http://www.17k.com/book/2625740.html", "http://www.17k.com/book/2213315.html", "http://www.17k.com/book/2402178.html", "http://www.17k.com/book/2691221.html", "http://www.17k.com/book/2210699.html", "http://www.17k.com/book/1797752.html", "http://www.17k.com/book/2575507.html", "http://www.17k.com/book/2705181.html", "http://www.17k.com/book/2702539.html", "http://www.17k.com/book/2474887.html", "http://www.17k.com/book/2674733.html", "http://www.17k.com/book/2822076.html", "http://www.17k.com/book/2809894.html", "http://www.17k.com/book/2822077.html", "http://www.17k.com/book/2811930.html", "http://www.17k.com/book/2815548.html", "http://www.17k.com/book/2819620.html", "http://www.17k.com/book/2809964.html", "http://www.17k.com/book/2808200.html", "http://www.17k.com/book/2820100.html", "http://www.17k.com/book/2822978.html", "http://www.17k.com/book/2804337.html", "http://www.17k.com/book/2798814.html", "http://www.17k.com/book/2785153.html", "http://www.17k.com/book/2731559.html", "http://www.17k.com/book/2722533.html", "http://www.17k.com/book/2458377.html", "http://www.17k.com/book/2743300.html", "http://www.17k.com/book/973809.html", "http://www.17k.com/book/2651367.html", "http://www.17k.com/book/2726194.html", "http://www.17k.com/book/2790214.html", "http://www.17k.com/book/493239.html", "http://www.17k.com/book/108821.html", "http://www.17k.com/book/1398783.html", "http://www.17k.com/book/83528.html", "http://www.17k.com/book/1859126.html", "http://www.17k.com/book/1741975.html", "http://www.17k.com/book/192453.html", "http://www.17k.com/book/2459058.html", "http://www.17k.com/book/1050747.html", "http://www.17k.com/book/2700315.html", "http://www.17k.com/book/2818940.html", "http://www.17k.com/book/2819519.html", "http://www.17k.com/book/2816390.html", "http://www.17k.com/book/2819588.html", "http://www.17k.com/book/2813768.html", "http://www.17k.com/book/2822406.html", "http://www.17k.com/book/2772164.html", "http://www.17k.com/book/2784023.html", "http://www.17k.com/book/2811877.html", "http://www.17k.com/book/2809119.html", "http://www.17k.com/book/2803700.html", "http://www.17k.com/book/2819561.html", "http://www.17k.com/book/2746506.html", "http://www.17k.com/book/2811836.html", "http://www.17k.com/book/2614810.html", "http://www.17k.com/book/1592435.html", "http://www.17k.com/book/1949748.html", "http://www.17k.com/book/2265802.html", "http://www.17k.com/book/2743240.html", "http://www.17k.com/book/2657437.html", "http://www.17k.com/book/2644502.html", "http://www.17k.com/book/2199900.html", "http://www.17k.com/book/2725436.html", "http://www.17k.com/book/2629978.html"]}