{"ratings": -1, "userreviews": [{"userName": "\u59fd\u5a73\u6e05\u7fbd", "userReviewDate": "2017-02-05", "userURL": "http://user.17k.com/50851070", "userReview": "\u5e7f\u544a\u697c\uff0c\u8bf7\u6253\u5e7f\u544a\u7684\u4f5c\u8005\u670b\u53cb\u6765\u8fd9\u513f\u54e6\uff01\u8bc4\u8bba\u533a\u7684\u5e7f\u544a\u662f\u8981\u5220\u5e16\u7684\u54e6\uff011"}, {"userName": "\u5c9a\u5b50\u672c\u5c0a", "userReviewDate": "2016-11-17", "userURL": "http://user.17k.com/38917475", "userReview": "\u606d\u559c\u59fd\u5a73\u53d1\u5e03\u65b0\u4e66~\u91cd\u751f\u5230\u53e4\u4ee3\uff0c\u6210\u4e3a\u6e14\u6751\u516b\u5c81\u5c0f\u841d\u8389\u3002\u5976\u5976\u5947\u8469\uff0c\u5bb6\u5f92\u56db\u58c1\uff0c\u8eab\u4f53\u7626\u5f31\uff0c\u5973\u4e3b\u8868\u793a\uff0c\u771f\u662f\u54d4\u4e86\u72d7\uff01\u7a7f\u8d8a\u9017\u903c\u641e\u7b11\u5973\uff0c\u5229\u7528\u91cd\u751f\u5e26\u6765\u7684\u91d1\u624b\u6307\u4e94\u5f69\u795e\u77f3\uff0c\u8d5a\u94b1\u517b\u5bb6\uff0c\u5e26\u9886\u5bb6\u4eba\u5954\u5c0f\u5eb7\uff01\u6545\u4e8b\u6709\u8da3\uff0c\u8282\u594f\u6b22\u5feb\uff0c\u5347\u7ea7\u611f\u5f3a\uff0c\u503c\u5f97\u671f\u5f85\uff01\uff01\uff01"}, {"userName": "\u54af\u5728\u5bb6\u91cc", "userReviewDate": "2018-06-08", "userURL": "http://user.17k.com/62634899", "userReview": "\u770b\u556a\u556a\u9ec4\u8272\u7535\u5f71\u52a0\u5fae\u4fe1k07334"}, {"userName": "\u5929\u4e0a\u5c0f\u98de\u9e1f", "userReviewDate": "2018-06-08", "userURL": "http://user.17k.com/16265857", "userReview": "[\u6253\u8d4f]\u6211\u6253\u8d4f\u4e862\u5143\u7ea2\u5305\uff01\uff01"}, {"userName": "17K\u4e66\u53cbOWLBACP2", "userReviewDate": "2018-06-07", "userURL": "http://user.17k.com/61740810", "userReview": "[\u6253\u8d4f]\u6211\u6253\u8d4f\u4e861\u5143\u7ea2\u5305\uff01\uff01"}, {"userName": "17K\u4e66\u53cbJW4CS6XO", "userReviewDate": "2018-06-07", "userURL": "http://user.17k.com/62592579", "userReview": "[\u6253\u8d4f]\u6211\u6253\u8d4f\u4e862\u5143\u7ea2\u5305\uff01\uff01"}, {"userName": "\u5929\u4e0a\u5c0f\u98de\u9e1f", "userReviewDate": "2018-06-07", "userURL": "http://user.17k.com/16265857", "userReview": "[\u6253\u8d4f]\u6211\u6253\u8d4f\u4e862\u5143\u7ea2\u5305\uff01\uff01"}, {"userName": "\u5929\u4e0a\u5c0f\u98de\u9e1f", "userReviewDate": "2018-06-05", "userURL": "http://user.17k.com/16265857", "userReview": "[\u6253\u8d4f]\u6211\u6253\u8d4f\u4e862\u5143\u7ea2\u5305\uff01\uff01"}, {"userName": "17K\u4e66\u53cbWGD0DW12", "userReviewDate": "2018-06-05", "userURL": "http://user.17k.com/59628421", "userReview": "\u4e00\u96c6\u4e00\u96c6\u770b\u4e0d\u8fc7\u763e"}, {"userName": "DIY527329881", "userReviewDate": "2018-06-04", "userURL": "http://user.17k.com/45324182", "userReview": "\u8fd8\u662f\u65b0\u4e66\u597d"}, {"userName": "\u5929\u4e0a\u5c0f\u98de\u9e1f", "userReviewDate": "2018-06-04", "userURL": "http://user.17k.com/16265857", "userReview": "[\u6253\u8d4f]\u6211\u6253\u8d4f\u4e862\u5143\u7ea2\u5305\uff01\uff01"}, {"userName": "\u5929\u4e0a\u5c0f\u98de\u9e1f", "userReviewDate": "2018-06-03", "userURL": "http://user.17k.com/16265857", "userReview": "[\u6253\u8d4f]\u6211\u6253\u8d4f\u4e862\u5143\u7ea2\u5305\uff01\uff01"}, {"userName": "F\u96e8\u795e", "userReviewDate": "2018-06-02", "userURL": "http://user.17k.com/44819055", "userReview": "\u597d\u770b\u597d\u770b\u54ce\uff01\uff01\uff01\uff01"}, {"userName": "O\u4e00\u7384", "userReviewDate": "2018-06-02", "userURL": "http://user.17k.com/1999757", "userReview": "\u5b66\u4e60\uff01"}, {"userName": "17K\u4e66\u53cbWGD0DW12", "userReviewDate": "2018-06-02", "userURL": "http://user.17k.com/59628421", "userReview": "\u8fd9\u4e48\u5e94\u5371\u9669\u8fd8\u5e26\u4eba&#55357;&#56877;"}, {"userName": "17K\u4e66\u53cbf0tem76c", "userReviewDate": "2018-05-31", "userURL": "http://user.17k.com/62156350", "userReview": "\u5c0f\u83b2\u8fd9\u4e48\u4e45\u4e0d\u51fa\u73b0\uff0c\u5973\u4e3b\u53c8\u8d8a\u6765\u8d8a\u51fa\u5f69\uff0c\u53ef\u5343\u4e07\u522b\u4e0b\u6b21\u51fa\u573a\u5c31\u628a\u5c0f\u83b2\u9ed1\u5316"}, {"userName": "\u5929\u4e0a\u5c0f\u98de\u9e1f", "userReviewDate": "2018-05-31", "userURL": "http://user.17k.com/16265857", "userReview": "[\u6253\u8d4f]\u6211\u6253\u8d4f\u4e862\u5143\u7ea2\u5305\uff01\uff01"}, {"userName": "17K\u4e66\u53cb9kb2epkm", "userReviewDate": "2018-05-31", "userURL": "http://user.17k.com/59904286", "userReview": "\u4e00\u76f4\u8ffd\u7740\u770b"}, {"userName": "\u5e73\u51e1222591898", "userReviewDate": "2018-05-30", "userURL": "http://user.17k.com/55592227", "userReview": "\u5199\u70b9\u4ec0\u4e48\u5427\uff1f"}, {"userName": "17K\u4e66\u53cbWGD0DW12", "userReviewDate": "2018-05-30", "userURL": "http://user.17k.com/59628421", "userReview": "\u8981\u52a0\u6cb9\u52a0\u6cb9"}], "description": "\u7a7f\u6210\u6e14\u6751\u5c0f\u841d\u8389\uff0c\u7239\u7239\u8001\u5b9e\u611a\u5b5d\uff0c\u5a18\u4eb2\u75c5\u5f31\u65e0\u529b\uff0c\u5144\u59d0\u5f1f\u5f1f\u5e74\u5e7c\u3002\u7239\u91cd\u4f24\u6fd2\u6b7b\u65f6\uff0c\u4e00\u5bb6\u4eba\u88ab\u72e0\u5fc3\u7684\u7237\u5976\u5927\u4f2f\u8d76\u51fa\u6765\uff0c\u9965\u5bd2\u4ea4\u8feb\uff0c\u5bb6\u5f92\u56db\u58c1\u2026\u2026\u3000\u3000\u4e0d\u6015\uff01\u5979\u6709\u50ac\u751f\u690d\u7269\u7684\u4e94\u5f69\u795e\u77f3\u5728\u624b\uff0c\u524d\u4e16\u5364\u5473\u6280\u80fd\u5728\u63e1\u3002\u770b\u5979\u516b\u5c81\u5c0f\u841d\u8389\uff0c\u5982\u4f55\u6311\u6218\u53e4\u4eba\u5473\u857e\uff0c\u6539\u826f\u9ad8\u4ea7\u4f5c\u7269\uff0c\u6210\u4e3a\u540d\u626c\u5929\u4e0b\u7684\u80b2\u79cd\u5c0f\u80fd\u624b\uff01", "title": "\u519c\u56ed\u4f3c\u9526", "url": "http://www.17k.com/book/2213315.html", "average": -1.0, "cover": "http://img.17k.com/images/bookcover/2017/11066/55/2213315-1491658707000.jpg", "reviews": 5801088, "authors": [{"url": "http://www.17k.com/zuozhe/50851070", "name": "\u59fd\u5a73\u6674\u96e8"}], "type": ["\u7ecf\u5546\u79cd\u7530"], "outlinks": ["http://www.17k.com/book/2794982.html", "http://www.17k.com/book/2801292.html", "http://www.17k.com/book/2816318.html", "http://www.17k.com/book/2797575.html", "http://www.17k.com/book/2802516.html", "http://www.17k.com/book/2812195.html", "http://www.17k.com/book/2820143.html", "http://www.17k.com/book/2807943.html", "http://www.17k.com/book/2813457.html", "http://www.17k.com/book/2798058.html", "http://www.17k.com/book/2815617.html", "http://www.17k.com/book/2805259.html", "http://www.17k.com/book/2760255.html", "http://www.17k.com/book/2686894.html", "http://www.17k.com/book/2797016.html", "http://www.17k.com/book/2767246.html", "http://www.17k.com/book/2764239.html", "http://www.17k.com/book/2754498.html", "http://www.17k.com/book/2754900.html", "http://www.17k.com/book/2625740.html", "http://www.17k.com/book/2213315.html", "http://www.17k.com/book/2402178.html", "http://www.17k.com/book/2691221.html", "http://www.17k.com/book/2210699.html", "http://www.17k.com/book/1797752.html", "http://www.17k.com/book/2575507.html", "http://www.17k.com/book/2705181.html", "http://www.17k.com/book/2702539.html", "http://www.17k.com/book/2474887.html", "http://www.17k.com/book/2674733.html", "http://www.17k.com/book/2822076.html", "http://www.17k.com/book/2809894.html", "http://www.17k.com/book/2822077.html", "http://www.17k.com/book/2811930.html", "http://www.17k.com/book/2815548.html", "http://www.17k.com/book/2819620.html", "http://www.17k.com/book/2809964.html", "http://www.17k.com/book/2808200.html", "http://www.17k.com/book/2820100.html", "http://www.17k.com/book/2822978.html", "http://www.17k.com/book/2804337.html", "http://www.17k.com/book/2798814.html", "http://www.17k.com/book/2785153.html", "http://www.17k.com/book/2731559.html", "http://www.17k.com/book/2722533.html", "http://www.17k.com/book/2458377.html", "http://www.17k.com/book/2743300.html", "http://www.17k.com/book/973809.html", "http://www.17k.com/book/2651367.html", "http://www.17k.com/book/2726194.html", "http://www.17k.com/book/2790214.html", "http://www.17k.com/book/493239.html", "http://www.17k.com/book/108821.html", "http://www.17k.com/book/1398783.html", "http://www.17k.com/book/83528.html", "http://www.17k.com/book/1859126.html", "http://www.17k.com/book/1741975.html", "http://www.17k.com/book/192453.html", "http://www.17k.com/book/2459058.html", "http://www.17k.com/book/1050747.html", "http://www.17k.com/book/2700315.html", "http://www.17k.com/book/2818940.html", "http://www.17k.com/book/2819519.html", "http://www.17k.com/book/2816390.html", "http://www.17k.com/book/2819588.html", "http://www.17k.com/book/2813768.html", "http://www.17k.com/book/2822406.html", "http://www.17k.com/book/2772164.html", "http://www.17k.com/book/2784023.html", "http://www.17k.com/book/2811877.html", "http://www.17k.com/book/2809119.html", "http://www.17k.com/book/2803700.html", "http://www.17k.com/book/2819561.html", "http://www.17k.com/book/2746506.html", "http://www.17k.com/book/2811836.html", "http://www.17k.com/book/2614810.html", "http://www.17k.com/book/1592435.html", "http://www.17k.com/book/1949748.html", "http://www.17k.com/book/2265802.html", "http://www.17k.com/book/2743240.html", "http://www.17k.com/book/2657437.html", "http://www.17k.com/book/2644502.html", "http://www.17k.com/book/2199900.html", "http://www.17k.com/book/2725436.html", "http://www.17k.com/book/2629978.html"]}