{"ratings": -1, "userreviews": [{"userName": "17K\u4e66\u53cbLG247HGG", "userReviewDate": "2018-05-05", "userURL": "http://user.17k.com/59164604", "userReview": "\u6545\u4e8b\u4e0d\u62d6\u62c9\uff0c\u4e0d\u9519&#55357;&#56397;"}, {"userName": "17K\u4e66\u53cbLG247HGG", "userReviewDate": "2018-05-02", "userURL": "http://user.17k.com/59164604", "userReview": "\u559c\u6b22\u8fd9\u672c\u4e66"}, {"userName": "17K\u4e66\u53cbLG247HGG", "userReviewDate": "2018-05-01", "userURL": "http://user.17k.com/59164604", "userReview": "\u975e\u5e38\u68d2\u7684\u4e00\u6545\u4e8b"}, {"userName": "17K\u4e66\u53cbLG247HGG", "userReviewDate": "2018-04-27", "userURL": "http://user.17k.com/59164604", "userReview": "\u6b64\u4e66\u4e0d\u9519&#55357;&#56397;\u597d\u770b"}, {"userName": "17K\u4e66\u53cbLG247HGG", "userReviewDate": "2018-04-26", "userURL": "http://user.17k.com/59164604", "userReview": "\u6545\u4e8b\u60c5\u8282\u4e0d\u9519\uff0c"}, {"userName": "17K\u4e66\u53cbLG247HGG", "userReviewDate": "2018-04-24", "userURL": "http://user.17k.com/59164604", "userReview": "\u6545\u4e8b\u60c5\u8282\u4e0d\u9519\uff0c\u4e0d\u62d6\u62d6\u62c9\u62c9\u3002"}, {"userName": "17K\u4e66\u53cbLG247HGG", "userReviewDate": "2018-04-23", "userURL": "http://user.17k.com/59164604", "userReview": "\u6545\u4e8b\u60c5\u8282\u8fd8\u4e0d\u9519&#55357;&#56397;"}, {"userName": "\u504f\u6267\uff5e104980653", "userReviewDate": "2018-04-14", "userURL": "http://user.17k.com/61060484", "userReview": "\u6211\u542c\u8bfb\u8005\u7fa4\u7684\u5c0f\u53ef\u7231\u8bf4\uff0c\u8fd9\u7bc7\u6587\u4e0a\u4e8617k\uff0c\u7279\u5730\u6765\u770b\u770b\uff0c\u54c8\u54c8\u54c8\uff0c\u8c22\u8c22\u5927\u5bb6\u7684\u559c\u7231\uff5e"}, {"userName": "\u96c5Miyabi", "userReviewDate": "2018-02-04", "userURL": "http://user.17k.com/58507709", "userReview": "\u6eab\u99a8\u7684\u611f\u89ba\uff0c\u503c\u5f97\u6536\u85cf"}, {"userName": "kool\u6377", "userReviewDate": "2018-01-28", "userURL": "http://user.17k.com/56730892", "userReview": "\u63a8\u8350\u4e00\u672c\u597d\u770b\u7684\u4e66<a target='_blank' href='http://www.17k.com/book/2551937.html'>\u300a\u8d85\u65b0\u4eba\u300b</a>\uff0c\u60ca\u9669\u523a\u6fc0\uff0c\u6696\u6627\u6d6a\u6f2b\u4e0d\u65ad\uff0c\u5929\u5929\u66f4\u65b0\uff0c\u591a\u591a\u652f\u6301\uff0c\u6765\u4e2a\u6536\u85cf\u3002\u70b9\u51fb\u4e66\u540d\u5c31\u53ef\u4ee5\u770b\u5230\u4e66\u4e86\u3002"}, {"userName": "\u7434780670834", "userReviewDate": "2018-01-25", "userURL": "http://user.17k.com/59534185", "userReview": "[\u6253\u8d4f]\u6211\u6253\u8d4f\u4e862\u5143\u7ea2\u5305\uff01\uff01"}, {"userName": "\u5927\u6c5f\u9648\u8ff9", "userReviewDate": "2018-01-11", "userURL": "http://user.17k.com/59082119", "userReview": "\u5927\u6c5f\u9648\u8ff9\u643a<a target='_blank' href='http://www.17k.com/book/2746787.html'>\u300a\u4f2a\u7a7f\u8d8a\u4e4b\u5446\u840c\u5b66\u9738\u8981\u9ed1\u5316\u300b</a>\u501f\u8d35\u5730\u6253\u4e2a\u5e7f\u544a\uff0c\u7b7e\u7ea6\u4f5c\u54c1\u6709\u4fdd\u969c\u54e6\uff01"}, {"userName": "\ue536672862147", "userReviewDate": "2018-01-06", "userURL": "http://user.17k.com/59090392", "userReview": "\u643a<a target='_blank' href='http://www.17k.com/book/2746661.html'>\u300a\u6df1\u60c5\u738b\u7237\u7684\u8ffd\u5983\u574e\u5777\u8def\u300b</a>\u524d\u6765\u62a5\u9053\uff0c\u795d\u5927\u5927\u52a0\u6cb9\u66f4\u65b0\uff01"}, {"userName": "\u9e70\u795eA", "userReviewDate": "2017-12-28", "userURL": "http://user.17k.com/55953348", "userReview": "<a target='_blank' href='http://www.17k.com/book/2728167.html'>\u300a\u6211\u548c\u5996\u517d\u6709\u4e2a\u7ea6\u4f1a\u300b</a>\u6765\u8bbf\uff0c\u6211\u7684\u4e66\u4e0d\u9519\u54e6\uff0c\u975e\u5e38\u597d\u770b\u523a\u6fc0\uff0c\u8bf7\u5404\u4f4d\u4e66\u670b\u597d\u53cb\u79fb\u6b65\u5230\u6211\u90a3\u513f\u77a7\u77a7\uff0c\u6c42\u6536\u85cf\u4e00\u4e0b\u3002"}, {"userName": "\u7b71\u7b71\u7b71\u7b71\u5f71", "userReviewDate": "2017-12-10", "userURL": "http://user.17k.com/49325577", "userReview": "\u7b71\u5f71\u643a<a target='_blank' href='http://www.17k.com/book/2670624.html'>\u300a\u7f6a\u7f5a\u56e0\u679c\u300b</a>\u524d\u6765\u62dc\u8bbf\u5b66\u4e60\u987a\u4fbf\u5360\u4e2a\u6c99\u53d1~\u563f\u563f\u563f~"}], "description": "\u4eb2\u7231\u7684\u8bfb\u8005\u670b\u53cb\uff0c\u8bf7\u9759\u5fc3\u9605\u8bfb\u6211\u7684\u5c0f\u8bf4\uff0c\u7528\u9c9c\u82b1\u548c\u6536\u85cf\u652f\u6301\u6211\u5427\u3002", "title": "\u519c\u5bb6\u5c0f\u5a07\u5a18", "url": "http://www.17k.com/book/2701821.html", "average": -1.0, "cover": "http://img.17k.com/images/bookcover/partner/18/21/2701821/2701821.jpg", "reviews": 796318, "authors": [{"url": "http://www.17k.com/zuozhe/56805906", "name": "\u738b\u6893\u82b8"}], "type": ["\u53e4\u4ee3\u91cd\u751f"], "outlinks": ["http://www.17k.com/book/2794982.html", "http://www.17k.com/book/2801292.html", "http://www.17k.com/book/2816318.html", "http://www.17k.com/book/2797575.html", "http://www.17k.com/book/2802516.html", "http://www.17k.com/book/2812195.html", "http://www.17k.com/book/2820143.html", "http://www.17k.com/book/2807943.html", "http://www.17k.com/book/2813457.html", "http://www.17k.com/book/2798058.html", "http://www.17k.com/book/2815617.html", "http://www.17k.com/book/2805259.html", "http://www.17k.com/book/2760255.html", "http://www.17k.com/book/2686894.html", "http://www.17k.com/book/2797016.html", "http://www.17k.com/book/2767246.html", "http://www.17k.com/book/2764239.html", "http://www.17k.com/book/2754498.html", "http://www.17k.com/book/2754900.html", "http://www.17k.com/book/2625740.html", "http://www.17k.com/book/2213315.html", "http://www.17k.com/book/2402178.html", "http://www.17k.com/book/2691221.html", "http://www.17k.com/book/2210699.html", "http://www.17k.com/book/1797752.html", "http://www.17k.com/book/2575507.html", "http://www.17k.com/book/2705181.html", "http://www.17k.com/book/2702539.html", "http://www.17k.com/book/2474887.html", "http://www.17k.com/book/2674733.html", "http://www.17k.com/book/2822076.html", "http://www.17k.com/book/2809894.html", "http://www.17k.com/book/2822077.html", "http://www.17k.com/book/2811930.html", "http://www.17k.com/book/2815548.html", "http://www.17k.com/book/2819620.html", "http://www.17k.com/book/2809964.html", "http://www.17k.com/book/2808200.html", "http://www.17k.com/book/2820100.html", "http://www.17k.com/book/2822978.html", "http://www.17k.com/book/2804337.html", "http://www.17k.com/book/2798814.html", "http://www.17k.com/book/2785153.html", "http://www.17k.com/book/2731559.html", "http://www.17k.com/book/2722533.html", "http://www.17k.com/book/2458377.html", "http://www.17k.com/book/2743300.html", "http://www.17k.com/book/973809.html", "http://www.17k.com/book/2651367.html", "http://www.17k.com/book/2726194.html", "http://www.17k.com/book/2790214.html", "http://www.17k.com/book/493239.html", "http://www.17k.com/book/108821.html", "http://www.17k.com/book/1398783.html", "http://www.17k.com/book/83528.html", "http://www.17k.com/book/1859126.html", "http://www.17k.com/book/1741975.html", "http://www.17k.com/book/192453.html", "http://www.17k.com/book/2459058.html", "http://www.17k.com/book/1050747.html", "http://www.17k.com/book/2700315.html", "http://www.17k.com/book/2818940.html", "http://www.17k.com/book/2819519.html", "http://www.17k.com/book/2816390.html", "http://www.17k.com/book/2819588.html", "http://www.17k.com/book/2813768.html", "http://www.17k.com/book/2822406.html", "http://www.17k.com/book/2772164.html", "http://www.17k.com/book/2784023.html", "http://www.17k.com/book/2811877.html", "http://www.17k.com/book/2809119.html", "http://www.17k.com/book/2803700.html", "http://www.17k.com/book/2819561.html", "http://www.17k.com/book/2746506.html", "http://www.17k.com/book/2811836.html", "http://www.17k.com/book/2614810.html", "http://www.17k.com/book/1592435.html", "http://www.17k.com/book/1949748.html", "http://www.17k.com/book/2265802.html", "http://www.17k.com/book/2743240.html", "http://www.17k.com/book/2657437.html", "http://www.17k.com/book/2644502.html", "http://www.17k.com/book/2199900.html", "http://www.17k.com/book/2725436.html", "http://www.17k.com/book/2629978.html"]}