{"ratings": -1, "userreviews": [{"userName": "17K\u4e66\u53cblfsmr0mq", "userReviewDate": "2018-05-30", "userURL": "http://user.17k.com/59522040", "userReview": "\u4f5c\u8005\u77e5\u8bc6\u9762\u5e7f\uff0c\u770b\u4e86\u6b64\u6587\u53d7\u76ca\u826f\u591a\u3002"}, {"userName": "yaitita546879446", "userReviewDate": "2018-05-06", "userURL": "http://user.17k.com/54107938", "userReview": "\u5199\u7684\u771f\u4e0d\u9519\uff01&#55357;&#56396;&#55357;&#56396;&#55357;&#56396;"}, {"userName": "yaitita546879446", "userReviewDate": "2018-05-03", "userURL": "http://user.17k.com/54107938", "userReview": "\u8fd9\u672c\u4e66\u592a\u68d2\u4e86\uff01\u9f13\u52b1\u4e00\u4e0b\uff0c\u5e0c\u671b\u540e\u7eed\u66f4\u52a0\u7cbe\u5f69\uff01"}, {"userName": "17K\u4e66\u53cbJS096IL5", "userReviewDate": "2018-05-03", "userURL": "http://user.17k.com/60497154", "userReview": "\u514d\u8d39\u7684\u554a \u90a3\u5f97\u770b\u770b\u55bd"}, {"userName": "yaitita", "userReviewDate": "2018-04-21", "userURL": "http://user.17k.com/11021340", "userReview": "\u5199\u7684\u771f\u4e0d\u9519\uff01&#55357;&#56396;&#55357;&#56396;&#55357;&#56396;"}, {"userName": "\u5b8b\u76f8\u601d", "userReviewDate": "2018-04-04", "userURL": "http://user.17k.com/46763548", "userReview": "\u5566\u5566\u5566\uff5e"}, {"userName": "Tia\u5927\u67da\u5b50", "userReviewDate": "2018-03-30", "userURL": "http://user.17k.com/59467398", "userReview": "\u8fc7\u6765\u652f\u6301\u4e00\u4e0b\uff0c\u52a0\u6cb9\u54e6&#55357;&#56490;"}, {"userName": "yaitita", "userReviewDate": "2018-03-29", "userURL": "http://user.17k.com/11021340", "userReview": "\u8d5e\u8d5e\u8d5e\uff01\uff01\uff01&#55357;&#56397;&#55357;&#56397;&#55357;&#56397;"}, {"userName": "17K\u4e66\u53cb6FUFER2Y", "userReviewDate": "2018-03-27", "userURL": "http://user.17k.com/59242513", "userReview": "[\u6253\u8d4f]\u6211\u6253\u8d4f\u4e862\u5143\u7ea2\u5305\uff01\uff01"}, {"userName": "17K\u4e66\u53cbeyo6eac3", "userReviewDate": "2018-03-27", "userURL": "http://user.17k.com/59263517", "userReview": "[\u6253\u8d4f]\u6211\u6253\u8d4f\u4e861\u5143\u7ea2\u5305\uff01\uff01"}, {"userName": "\u963f\u66ae\u5b8c\u4facmumu", "userReviewDate": "2018-03-23", "userURL": "http://user.17k.com/57093862", "userReview": "<a target='_blank' href='http://www.17k.com/book/2645447.html'>\u300a\u51b7\u66ae\u4e03\u6708\u300b</a>\u6765\u8bbf\uff0c\u5e0c\u671b\u5927\u5bb6\u559c\u6b22\uff01\u652f\u6301\uff01"}, {"userName": "\u574f\u5c0f\u5b50\u7684\u7eaf\u60c5", "userReviewDate": "2018-03-22", "userURL": "http://user.17k.com/60383691", "userReview": "<a target='_blank' href='http://www.17k.com/book/2798234.html'>\u300a\u90aa\u6027\u6b8b\u60c5\u300b</a>\u8e6d\u8e6d\u70ed\u5ea6\uff0c\u5927\u5927\u7b14\u4e0b\u5999\u7b14\u751f\u82b1\uff0c\u732e\u4e11\u4e86\u3002"}, {"userName": "17K\u4e66\u53cbML8T6HER", "userReviewDate": "2018-03-21", "userURL": "http://user.17k.com/60532289", "userReview": "\u521a\u770b\u8fc7\uff0c\u8fd8\u53ef\u4ee5"}, {"userName": "\u661f\u7a7a\u591c\u68a6\u58f9", "userReviewDate": "2018-03-20", "userURL": "http://user.17k.com/58116533", "userReview": "\u52a0\u6cb9\u2196(^\u03c9^)\u2197\uff0c\u770b\u4e66\u652f\u6301\uff0c\u52a0\u6cb9\u5171\u52c9\u5427"}, {"userName": "\u661f\u7a7a\u591c\u68a6\u58f9", "userReviewDate": "2018-03-10", "userURL": "http://user.17k.com/58116533", "userReview": "\u5927\u961f\u957f\u665a\u4e0a\u597d\uff0c\u52a0\u6cb9\u2196(^\u03c9^)\u2197\uff0c\u6587\u6587\u4e0d\u9519\uff0c\u601d\u8def\u6e05\u6670\uff0c\u6587\u7b14\u7ec6\u817b\uff0c\u60c5\u611f\u771f\u631a\uff0c\u4eba\u7269\u523b\u753b\u7684\u4e5f\u6bd4\u8f83\u597d\u3002\u5e0c\u671b\u4f60\u518d\u63a5\u518d\u5389\uff0c\u65e9\u65e5\u7b7e\u7ea6\u6210\u529f\uff01<a target='_blank' href='http://www.17k.com/book/2705953.html'>\u300a\u9b3c\u8ff9\u5bfb\u8e2a\u300b</a>\u62dc\u8bfb\u4f73\u4f5c\uff0c\u652f\u6301\u597d\u4e66\uff0c\u840c\u840c\u54d2\uff0c\u795d\u4f60\u5468\u672b\u6109\u5feb\uff0c\u7801\u5b57\u5feb\u4e50\uff0c\u840c\u840c\u54d2"}, {"userName": "\u6843\u82b1\u6df1\u6f6d\u6c34", "userReviewDate": "2018-03-05", "userURL": "http://user.17k.com/57040565", "userReview": "\u8d85\u7ea7\u559c\u6b22\u79cd\u7530\u6587\uff0c\u5c31\u662f\u6d88\u9063\u7684\u65f6\u5019\u5e94\u8be5\u770b\u5f97\u6587\u6587\uff0c\u8f7b\u677e\u6709\u8da3\uff0c\u5e73\u6de1\u4f46\u662f\u53c8\u771f\u5b9e\uff0c\u52a0\u6cb9\u52a0\u6cb9\uff01"}], "description": "\u672c\u662f\u5929\u4e0b\u7b2c\u4e00\u9996\u5bcc\u4e4b\u5973\uff0c\u8c01\u77e5\u5bb6\u9053\u4e2d\u843d\uff0c\u9f50\u7433\u6ca6\u843d\u81f3\u9752\u697c\uff0c\u9634\u9519\u9633\u5dee\u88ab\u987e\u664b\u66e6\u6551\u4e0b\u56de\u4e61\u79cd\u5730\uff0c\u4e0d\u7518\u5fc3\u519c\u5987\u5c71\u6cc9\u6709\u70b9\u7530\u7684\u65e5\u5b50\uff0c\u9f50\u7433\u505a\u8d77\u4e86\u5c0f\u751f\u610f\u5e26\u9886\u5168\u6751\u5954\u5c0f\u5eb7\uff0c\u5374\u65e0\u610f\u5f97\u7f6a\u4e86\u6743\u8d35\u5229\u76ca\uff0c\u9f50\u7433\u7684\u4e00\u53e5\u4e0d\u60f3\u88ab\u4eba\u6b3a\u8d1f\uff0c\u6240\u4ee5\u987e\u664b\u66e6\u4e0d\u518d\u4f4e\u8c03\u6a2a\u7a7a\u51fa\u4e16\uff0c\u62f3\u6253\u5175\u90e8\u4f8d\u90ce\u811a\u8e22\u793c\u90e8\u5c1a\u4e66\uff0c\u4e24\u4eba\u592b\u5531\u5987\u968f\uff0c\u8a93\u8981\u4e70\u65ad\u5168\u56fd\uff0c\u5bcc\u7532\u5929\u4e0b\u3002", "title": "\u519c\u95e8\u5546\u5973\uff1a\u608d\u592b\u6765\u79cd\u7530", "url": "http://www.17k.com/book/2785478.html", "average": -1.0, "cover": "http://img.17k.com/images/bookcover/2018/13927/69/2785478-1520826138000.jpg", "reviews": 43175, "authors": [{"url": "http://www.17k.com/zuozhe/60179598", "name": "\u63d0\u83ab\u5927\u961f\u957f"}], "type": ["\u7ecf\u5546\u79cd\u7530"], "outlinks": ["http://www.17k.com/book/2794982.html", "http://www.17k.com/book/2801292.html", "http://www.17k.com/book/2816318.html", "http://www.17k.com/book/2797575.html", "http://www.17k.com/book/2802516.html", "http://www.17k.com/book/2812195.html", "http://www.17k.com/book/2820143.html", "http://www.17k.com/book/2807943.html", "http://www.17k.com/book/2813457.html", "http://www.17k.com/book/2798058.html", "http://www.17k.com/book/2815617.html", "http://www.17k.com/book/2805259.html", "http://www.17k.com/book/2760255.html", "http://www.17k.com/book/2686894.html", "http://www.17k.com/book/2797016.html", "http://www.17k.com/book/2767246.html", "http://www.17k.com/book/2764239.html", "http://www.17k.com/book/2754498.html", "http://www.17k.com/book/2754900.html", "http://www.17k.com/book/2625740.html", "http://www.17k.com/book/2213315.html", "http://www.17k.com/book/2402178.html", "http://www.17k.com/book/2691221.html", "http://www.17k.com/book/2210699.html", "http://www.17k.com/book/1797752.html", "http://www.17k.com/book/2575507.html", "http://www.17k.com/book/2705181.html", "http://www.17k.com/book/2702539.html", "http://www.17k.com/book/2474887.html", "http://www.17k.com/book/2674733.html", "http://www.17k.com/book/2822076.html", "http://www.17k.com/book/2809894.html", "http://www.17k.com/book/2822077.html", "http://www.17k.com/book/2811930.html", "http://www.17k.com/book/2815548.html", "http://www.17k.com/book/2819620.html", "http://www.17k.com/book/2809964.html", "http://www.17k.com/book/2808200.html", "http://www.17k.com/book/2820100.html", "http://www.17k.com/book/2822978.html", "http://www.17k.com/book/2804337.html", "http://www.17k.com/book/2798814.html", "http://www.17k.com/book/2785153.html", "http://www.17k.com/book/2731559.html", "http://www.17k.com/book/2722533.html", "http://www.17k.com/book/2458377.html", "http://www.17k.com/book/2743300.html", "http://www.17k.com/book/973809.html", "http://www.17k.com/book/2651367.html", "http://www.17k.com/book/2726194.html", "http://www.17k.com/book/2790214.html", "http://www.17k.com/book/493239.html", "http://www.17k.com/book/108821.html", "http://www.17k.com/book/1398783.html", "http://www.17k.com/book/83528.html", "http://www.17k.com/book/1859126.html", "http://www.17k.com/book/1741975.html", "http://www.17k.com/book/192453.html", "http://www.17k.com/book/2459058.html", "http://www.17k.com/book/1050747.html", "http://www.17k.com/book/2700315.html", "http://www.17k.com/book/2818940.html", "http://www.17k.com/book/2819519.html", "http://www.17k.com/book/2816390.html", "http://www.17k.com/book/2819588.html", "http://www.17k.com/book/2813768.html", "http://www.17k.com/book/2822406.html", "http://www.17k.com/book/2772164.html", "http://www.17k.com/book/2784023.html", "http://www.17k.com/book/2811877.html", "http://www.17k.com/book/2809119.html", "http://www.17k.com/book/2803700.html", "http://www.17k.com/book/2819561.html", "http://www.17k.com/book/2746506.html", "http://www.17k.com/book/2811836.html", "http://www.17k.com/book/2614810.html", "http://www.17k.com/book/1592435.html", "http://www.17k.com/book/1949748.html", "http://www.17k.com/book/2265802.html", "http://www.17k.com/book/2743240.html", "http://www.17k.com/book/2657437.html", "http://www.17k.com/book/2644502.html", "http://www.17k.com/book/2199900.html", "http://www.17k.com/book/2725436.html", "http://www.17k.com/book/2629978.html"]}