{"ratings": -1, "userreviews": [{"userName": "\u96e8\u5fc3\u5948\u590f", "userReviewDate": "2016-04-15", "userURL": "http://user.17k.com/44701375", "userReview": "\u554a\u5566\u5566\uff0c\u6211\u6765\u4e86\u3002\u4f5c\u8005\u5199\u7684\u51fa\u795e\u5165\u5316\u5fcd\u4e0d\u4f4f\u6211\u4e0a\u5b66\u90fd\u60f3\u770b\u5e0c\u671b\u4f5c\u8005\u80fd\u5929\u5929\u66f4\u65b0..."}, {"userName": "\u6587\u66f2\u624d\u5973", "userReviewDate": "2016-03-25", "userURL": "http://user.17k.com/38137434", "userReview": "\u4e00\u5b57\u53c8\u4e00\u5b57\uff0c\u5b57\u5b57\u73e0\u7391\uff1b\u4e00\u7ae0\u53c8\u4e00\u7ae0\uff0c\u7ae0\u7ae0\u7cbe\u5f69\uff01\u52a0\u6cb9"}, {"userName": "\u4e5d\u5c3e\u795e\u5a46", "userReviewDate": "2016-03-20", "userURL": "http://user.17k.com/38701448", "userReview": "\u6ca1KB\u4e86\uff0c\u9001\u4e2a\u5c0f\u7ae0\u3002\u53e6\u5916\u547c\u5401\u4e00\u4e0b\uff0c\u51a5\u59bb\u8fd9\u672c\u4e66\u771f\u65b0\u4e0d\u9519\uff0c\u4e3a\u5565\u8bfb\u8005\u4e0d\u7ed9\u70b9\u6253\u8d4f\u5462\u3002\u771f\u5fc3\u5199\u7684\u4e0d\u9519\u3002"}, {"userName": "\u9646\u79bb\u5357\u57ce", "userReviewDate": "2016-02-24", "userURL": "http://user.17k.com/38742300", "userReview": "<span style='color:red'>\u8fd9\u4e48\u597d\u770b\u7684\u4e66\u4eba\u6c14\u5374\u4e0d\u662f\u5f88\u9ad8\uff1f\u8bfb\u8005\u90fd\u600e\u4e48\u4e86\uff1f\u4e00\u5929\u5929\u5634\u91cc\u8bf4\u7740\u95f9\u4e66\u8352\u3001\u95f9\u719f\u8352\u2014\u5168\u90fd\u626f\u6de1\u3002\u652f\u6301\u5927\u5927\uff01\u597d\u4e66\uff0c\u592a\u597d\u4e86~\uff01</span>"}, {"userName": "\u54af\u5728\u5bb6\u91cc", "userReviewDate": "2018-06-08", "userURL": "http://user.17k.com/62634899", "userReview": "\u770b\u556a\u556a\u9ec4\u8272\u7535\u5f71\u52a0\u5fae\u4fe1k07334"}, {"userName": "\u9ec4\u74dc\u7684\u5bbf\u547d", "userReviewDate": "2018-02-14", "userURL": "http://user.17k.com/53195742", "userReview": "<a target='_blank' href='http://www.17k.com/book/2377865.html'>\u300a\u81f3\u9738\u82cd\u751f\u8bc0\u300b</a>\u6765\u8bbf\uff0c\u6c42\u652f\u6301\u6c42\u6269\u6563\uff0c\u87f9\u87f9\u3002"}, {"userName": "\u83ab\u6e2f\u7b11", "userReviewDate": "2017-09-04", "userURL": "http://user.17k.com/55924912", "userReview": "\u600e\u4e48\u4e0d\u4f1a\u66f4\u65b0\u4e86\uff1f"}, {"userName": "\u4efb\u7fbd\u900d\u9065\u5ba2", "userReviewDate": "2017-06-19", "userURL": "http://user.17k.com/43706410", "userReview": "\u5f02\u95fb\u77e5\u591a\u5c11\u524d\u6765\u819c\u62dc"}, {"userName": "\u5b66\u4e0d\u574f\u600e\u4e48\u529e", "userReviewDate": "2017-06-15", "userURL": "http://user.17k.com/53972931", "userReview": "<a target='_blank' href='http://www.17k.com/book/2410790.html'>\u300a\u4e5d\u51e4\u64d2\u9f99\u300b</a>\u6765\u8bbf\uff0c\u8bf7\u591a\u591a\u5173\u7167\u3002"}, {"userName": "\u70c2\u6f2b\u7231\u4f60", "userReviewDate": "2017-06-06", "userURL": "http://user.17k.com/55042378", "userReview": "\u643a\u5c0f\u8bf4\u8305\u5c71\u6349\u9b3c\u9053\u957f\u62dc\u8bbf\u5927\u5927\uff0c\u5404\u4f4d\u4e66\u53cb\u6c42\u70b9\u51fb\u3002"}, {"userName": "\u6211\u4e0d\u77e5\u9053\u60f3\u77e5\u9053", "userReviewDate": "2017-05-26", "userURL": "http://user.17k.com/17285087", "userReview": "<a target='_blank' href='http://www.17k.com/book/2475643.html'>\u300a\u82b1\u843d\u6d41\u534e\u300b</a>\u6765\u62dc\u8bfb\uff0c\u7ed9\u5927\u5927\u8bf7\u65e9\u5b89\uff0c\u795d\u5927\u5927\u66f4\u4e0a\u4e00\u5c42\u697c"}, {"userName": "\u53f6\u843d\u5b50\u75d5", "userReviewDate": "2017-05-23", "userURL": "http://user.17k.com/33080428", "userReview": "\u665a\u597d\uff01<a target='_blank' href='http://www.17k.com/book/2452410.html'>\u300a\u4e03\u4ed9\u5251\u4f20\u300b</a>\u524d\u6765\u770b\u4e66\uff0c\u652f\u6301\u5927\u5927\uff01"}, {"userName": "\u6211\u662f\u67d2\u53f7", "userReviewDate": "2017-02-18", "userURL": "http://user.17k.com/47099295", "userReview": "\u5927\u5927\u65b0\u4eba\u6765\u8bbf \u4f69\u670d\u5927\u5927\u7684\u6587\u91c7 \u8fd8\u671b\u5927\u5927\u591a\u591a\u6307\u6559<a target='_blank' href='http://www.17k.com/book/2370103.html'>\u300a\u9b3c\u85cf\u4e4b\u7ecf\u300b</a>"}, {"userName": "\u9ec4\u74dc\u7684\u5bbf\u547d", "userReviewDate": "2017-02-11", "userURL": "http://user.17k.com/53195742", "userReview": "\u5e74\u5c11\u5f53\u6709\u9752\u4e91\u5fd7\uff0c\u6602\u9996\u9614\u6b65\u5411\u4e5d\u5929\u3002\u65b0\u4eba\u65b0\u4e66<a target='_blank' href='http://www.17k.com/book/2377865.html'>\u300a\u81f3\u9738\u82cd\u751f\u8bc0\u300b</a>\uff0c\u671b\u8bf7\u5404\u4f4d\u4e66\u53cb\u6307\u6559\u3002"}, {"userName": "\u7384\u7f18443708029", "userReviewDate": "2017-01-22", "userURL": "http://user.17k.com/48699066", "userReview": "\u65b0\u4eba\u6c42\u7f69<a target='_blank' href='http://www.17k.com/book/2349169.html'>\u300a\u6211\u6df7\u9053\u58eb\u754c\u300b</a>"}, {"userName": "\u5343\u58a8\u5f71", "userReviewDate": "2017-01-20", "userURL": "http://user.17k.com/51861537", "userReview": "<a target='_blank' href='http://www.17k.com/book/2301661.html'>\u300a\u4f17\u795e\u4e3a\u654c\u300b</a>\u6765\u8bbf\uff0c\u6c42\u6492\u82b1\uff0c\u6253\u8d4f\uff0c\u6536\u85cf\uff0c\u8bc4\u8bba\u3002 \u624b\u6307\u6446\u5f04\u7740\u67f3\u82e5\u4f9d\u7684\u5634\u5507\uff0c\u90aa\u90aa\u4e00\u7b11\u9053\uff1a\u201c\u771f\u4e0d\u77e5\u9053\u4f60\u54ea\u91cc\u6765\u7684\u81ea\u4fe1\uff0c\u8981\u4e0d\u6211\u4eec\u8bd5\u8bd5\uff0c\u770b\u662f\u4f60\u5148\u6eb6\u4e86\u6211\uff0c\u8fd8\u662f\u6211\u5148\u5403\u4e86\u4f60\uff01\u201d"}, {"userName": "\u5343\u58a8\u5f71", "userReviewDate": "2017-01-16", "userURL": "http://user.17k.com/51861537", "userReview": "<a target='_blank' href='http://www.17k.com/book/2301661.html'>\u300a\u4f17\u795e\u4e3a\u654c\u300b</a>\u6765\u8bbf\uff0c\u6c42\u6492\u82b1\uff0c\u6c42\u6253\u8d4f\uff0c\u6c42\u6536\u85cf\uff0c\u6c42\u8bc4\u8bba\u3002 \u7f8e\u5973\u5e08\u7236\u6de1\u6de1\u4e00\u7b11\uff0c\u4e22\u7ed9\u4e86\u4ed6\u4e00\u5f20\u9762\u5177\u3002\u4ece\u6b64\uff0c\u4ed6\u4e3a\u76d7\u8d3c\uff0c\u5316\u540d\u5c0f\u4e11\u3002"}, {"userName": "\u590f\u7e41\u5929", "userReviewDate": "2017-01-10", "userURL": "http://user.17k.com/49963671", "userReview": "\u9001\u82b1\u652f\u6301\uff0c\u5927\u5927\u52a0\u6cb9\uff01\\(^o^)/~"}, {"userName": "\u77ac\u6b7b\u4e00\u5239", "userReviewDate": "2017-01-03", "userURL": "http://user.17k.com/51290580", "userReview": "<a target='_blank' href='http://www.17k.com/book/2243600.html'>\u300a\u58a8\u4ed9\u60c5\u300b</a>\u6765\u8bbf\uff0c\u4e00\u751f\u8feb\u4e0d\u5f97\u5df2\uff0c\u547d\u8fd0\u63a8\u4ed6\u5230\u524d\u53f0\u3002\u4e00\u4e2a\u9752\u6885\u7af9\u9a6c\uff0c\u4e00\u4e2a\u540c\u95e8\u5e08\u59d0\uff0c\u7231\u6068\u4e24\u96be\u7adf\u5728<a target='_blank' href='http://www.17k.com/book/2243600.html'>\u300a\u58a8\u4ed9\u60c5\u300b</a>\u3002\u66f4\u65b0\u7a33\u5b9a\uff0c\u559c\u6b22\u4fee\u4ed9\u7684\u670b\u53cb\u4e0d\u8981\u9519\u8fc7\u54df\uff01"}, {"userName": "\u62bd\u70df\u7684\u8001\u9b3c", "userReviewDate": "2016-12-20", "userURL": "http://user.17k.com/43982743", "userReview": "\u7075\u5f02\u5947\u8c08<a target='_blank' href='http://www.17k.com/book/2278363.html'>\u300a\u9b3c\u4e8b\u4e4b\u4e24\u901a\u5f53\u94fa\u300b</a>\u6765\u8bbf\uff0c\u5e0c\u671b\u5927\u5927\u80fd\u591f\u6307\u70b9\u4e00\u4e8c\uff01"}], "description": "\u5206\u624b\u4e09\u56db\u5e74\u7684\u6f02\u4eae\u5973\u670b\u53cb\u7a81\u7136\u627e\u4e0a\u6211\uff0c\u8fd8\u8981\u548c\u6211\u2026\u2026\u3000\u3000\u2014\u2014\u2014\u2014\u2014\u2014\u2014\u2014\u2014\u2014\u3000\u3000\u5c11\u90ce\u4e3a\u4f60\u8fd8\u539f\u4e00\u4e2a\u719f\u6089\u53c8\u964c\u751f\u7684\u4e16\u754c\u3002\u3000\u3000\u5728\u8fd9\u91cc\u543e\u8f88\u7686\u51fa\u82cd\u9f99\u5c71\uff0c\u4eca\u751f\u60c5\u7f18\u524d\u4e16\u7275\uff01\u3000\u30002016\u5e74\u6768\u5bb6\u5c11\u90ce\u4e3a\u4f60\u503e\u60c5\u6253\u9020\u7684\u4e00\u573a\u7075\u5f02\u76db\u5bb4\uff01\u3000\u3000_____________________________________________\u3000\u3000\u4e66\u53cb\u7fa4\uff1a490359174\uff08\u65b0\u7fa4\uff0c\u6b22\u8fce\u52a0\u5165\uff09", "title": "\u51a5\u59bb", "url": "http://www.17k.com/book/1566586.html", "average": -1.0, "cover": "http://img.17k.com/images/bookcover/2015/7832/39/1566586-1450429918000.jpg", "reviews": 1831558, "authors": [{"url": "http://www.17k.com/zuozhe/44205424", "name": "\u6768\u5bb6\u5c11\u90ce\u672c\u5c0a"}], "type": ["\u7075\u5f02\u5947\u8c08"], "outlinks": ["http://www.17k.com/book/2794982.html", "http://www.17k.com/book/2801292.html", "http://www.17k.com/book/2816318.html", "http://www.17k.com/book/2797575.html", "http://www.17k.com/book/2802516.html", "http://www.17k.com/book/2812195.html", "http://www.17k.com/book/2820143.html", "http://www.17k.com/book/2807943.html", "http://www.17k.com/book/2813457.html", "http://www.17k.com/book/2798058.html", "http://www.17k.com/book/2815617.html", "http://www.17k.com/book/2805259.html", "http://www.17k.com/book/2760255.html", "http://www.17k.com/book/2686894.html", "http://www.17k.com/book/2797016.html", "http://www.17k.com/book/2767246.html", "http://www.17k.com/book/2764239.html", "http://www.17k.com/book/2754498.html", "http://www.17k.com/book/2754900.html", "http://www.17k.com/book/2625740.html", "http://www.17k.com/book/2213315.html", "http://www.17k.com/book/2402178.html", "http://www.17k.com/book/2691221.html", "http://www.17k.com/book/2210699.html", "http://www.17k.com/book/1797752.html", "http://www.17k.com/book/2575507.html", "http://www.17k.com/book/2705181.html", "http://www.17k.com/book/2702539.html", "http://www.17k.com/book/2474887.html", "http://www.17k.com/book/2674733.html", "http://www.17k.com/book/2822076.html", "http://www.17k.com/book/2809894.html", "http://www.17k.com/book/2822077.html", "http://www.17k.com/book/2811930.html", "http://www.17k.com/book/2815548.html", "http://www.17k.com/book/2819620.html", "http://www.17k.com/book/2809964.html", "http://www.17k.com/book/2808200.html", "http://www.17k.com/book/2820100.html", "http://www.17k.com/book/2822978.html", "http://www.17k.com/book/2804337.html", "http://www.17k.com/book/2798814.html", "http://www.17k.com/book/2785153.html", "http://www.17k.com/book/2731559.html", "http://www.17k.com/book/2722533.html", "http://www.17k.com/book/2458377.html", "http://www.17k.com/book/2743300.html", "http://www.17k.com/book/973809.html", "http://www.17k.com/book/2651367.html", "http://www.17k.com/book/2726194.html", "http://www.17k.com/book/2790214.html", "http://www.17k.com/book/493239.html", "http://www.17k.com/book/108821.html", "http://www.17k.com/book/1398783.html", "http://www.17k.com/book/83528.html", "http://www.17k.com/book/1859126.html", "http://www.17k.com/book/1741975.html", "http://www.17k.com/book/192453.html", "http://www.17k.com/book/2459058.html", "http://www.17k.com/book/1050747.html", "http://www.17k.com/book/2700315.html", "http://www.17k.com/book/2818940.html", "http://www.17k.com/book/2819519.html", "http://www.17k.com/book/2816390.html", "http://www.17k.com/book/2819588.html", "http://www.17k.com/book/2813768.html", "http://www.17k.com/book/2822406.html", "http://www.17k.com/book/2772164.html", "http://www.17k.com/book/2784023.html", "http://www.17k.com/book/2811877.html", "http://www.17k.com/book/2809119.html", "http://www.17k.com/book/2803700.html", "http://www.17k.com/book/2819561.html", "http://www.17k.com/book/2746506.html", "http://www.17k.com/book/2811836.html", "http://www.17k.com/book/2614810.html", "http://www.17k.com/book/1592435.html", "http://www.17k.com/book/1949748.html", "http://www.17k.com/book/2265802.html", "http://www.17k.com/book/2743240.html", "http://www.17k.com/book/2657437.html", "http://www.17k.com/book/2644502.html", "http://www.17k.com/book/2199900.html", "http://www.17k.com/book/2725436.html", "http://www.17k.com/book/2629978.html"]}