{"ratings": -1, "userreviews": [{"userName": "\u89c2\u97f3\u7af9327643234", "userReviewDate": "2018-05-26", "userURL": "http://user.17k.com/61628320", "userReview": "\u771f\u5fc3\u53d1\u73b0\u770b\u4e66\u5bb9\u6613\uff0c\u5199\u4e66\u4e0d\u6613\uff0c\u6c42\u6536\u85cf\uff0c\u6c42\u5173\u6ce8\uff0c\u6c42\u8bc4\u8bba"}, {"userName": "\u6708\u843d\u68a6\u8ffd\u5fc6", "userReviewDate": "2018-05-12", "userURL": "http://user.17k.com/57478135", "userReview": "\u5199\u4e66\u4e0d\u6613\uff0c\u8ffd\u5fc6\u524d\u6765\u52a9\u9635\uff0c\u5f3a\u52bf\u652f\u6301"}, {"userName": "\u89c2\u97f3\u7af9327643234", "userReviewDate": "2018-05-09", "userURL": "http://user.17k.com/61628320", "userReview": "[\u6253\u8d4f]\u6211\u6253\u8d4f\u4e862\u5143\u7ea2\u5305\uff01\uff01"}], "description": "\u5c0f\u5973\u5b50\u7b49\u5019\u4e86\u4f60\u4e03\u5343\u5e74\uff0c\u4e5f\u4e0d\u66fe\u89c1\u4f60\u9732\u9762\uff0c\u5f53\u6211\u8f6c\u8eab\uff0c\u67d0\u4eba\u5374\u5728\u80cc\u540e\u6cea\u6d41\u6ee1\u9762\uff0c\u51a5\u738b\u5927\u4eba\uff0c\u653e\u8fc7\u5c0f\u5973\u5b50\u5427\uff01\u5927\u5bb6\u90fd\u5b89\u5fc3", "title": "\u51a5\u738b\u5927\u4eba\u8bf7\u9976\u6055\u5c0f\u5973\u5b50", "url": "http://www.17k.com/book/2822949.html", "average": -1.0, "cover": "http://img.17k.com/images/bookcover/2018/14114/70/2822949-1527171740000.jpg", "reviews": 140, "authors": [{"url": "http://www.17k.com/zuozhe/61628320", "name": "\u82b1\u598d\u516e"}], "type": ["\u7075\u5f02\u5947\u8c08"], "outlinks": ["http://www.17k.com/book/2794982.html", "http://www.17k.com/book/2801292.html", "http://www.17k.com/book/2816318.html", "http://www.17k.com/book/2797575.html", "http://www.17k.com/book/2802516.html", "http://www.17k.com/book/2812195.html", "http://www.17k.com/book/2820143.html", "http://www.17k.com/book/2807943.html", "http://www.17k.com/book/2813457.html", "http://www.17k.com/book/2798058.html", "http://www.17k.com/book/2815617.html", "http://www.17k.com/book/2805259.html", "http://www.17k.com/book/2760255.html", "http://www.17k.com/book/2686894.html", "http://www.17k.com/book/2797016.html", "http://www.17k.com/book/2767246.html", "http://www.17k.com/book/2764239.html", "http://www.17k.com/book/2754498.html", "http://www.17k.com/book/2754900.html", "http://www.17k.com/book/2625740.html", "http://www.17k.com/book/2213315.html", "http://www.17k.com/book/2402178.html", "http://www.17k.com/book/2691221.html", "http://www.17k.com/book/2210699.html", "http://www.17k.com/book/1797752.html", "http://www.17k.com/book/2575507.html", "http://www.17k.com/book/2705181.html", "http://www.17k.com/book/2702539.html", "http://www.17k.com/book/2474887.html", "http://www.17k.com/book/2674733.html", "http://www.17k.com/book/2822076.html", "http://www.17k.com/book/2809894.html", "http://www.17k.com/book/2822077.html", "http://www.17k.com/book/2811930.html", "http://www.17k.com/book/2815548.html", "http://www.17k.com/book/2819620.html", "http://www.17k.com/book/2809964.html", "http://www.17k.com/book/2808200.html", "http://www.17k.com/book/2820100.html", "http://www.17k.com/book/2822978.html", "http://www.17k.com/book/2804337.html", "http://www.17k.com/book/2798814.html", "http://www.17k.com/book/2785153.html", "http://www.17k.com/book/2731559.html", "http://www.17k.com/book/2722533.html", "http://www.17k.com/book/2458377.html", "http://www.17k.com/book/2743300.html", "http://www.17k.com/book/973809.html", "http://www.17k.com/book/2651367.html", "http://www.17k.com/book/2726194.html", "http://www.17k.com/book/2790214.html", "http://www.17k.com/book/493239.html", "http://www.17k.com/book/108821.html", "http://www.17k.com/book/1398783.html", "http://www.17k.com/book/83528.html", "http://www.17k.com/book/1859126.html", "http://www.17k.com/book/1741975.html", "http://www.17k.com/book/192453.html", "http://www.17k.com/book/2459058.html", "http://www.17k.com/book/1050747.html", "http://www.17k.com/book/2700315.html", "http://www.17k.com/book/2818940.html", "http://www.17k.com/book/2819519.html", "http://www.17k.com/book/2816390.html", "http://www.17k.com/book/2819588.html", "http://www.17k.com/book/2813768.html", "http://www.17k.com/book/2822406.html", "http://www.17k.com/book/2772164.html", "http://www.17k.com/book/2784023.html", "http://www.17k.com/book/2811877.html", "http://www.17k.com/book/2809119.html", "http://www.17k.com/book/2803700.html", "http://www.17k.com/book/2819561.html", "http://www.17k.com/book/2746506.html", "http://www.17k.com/book/2811836.html", "http://www.17k.com/book/2614810.html", "http://www.17k.com/book/1592435.html", "http://www.17k.com/book/1949748.html", "http://www.17k.com/book/2265802.html", "http://www.17k.com/book/2743240.html", "http://www.17k.com/book/2657437.html", "http://www.17k.com/book/2644502.html", "http://www.17k.com/book/2199900.html", "http://www.17k.com/book/2725436.html", "http://www.17k.com/book/2629978.html"]}