{"ratings": -1, "userreviews": [{"userName": "\u846b\u82a6\u85d3", "userReviewDate": "2016-08-02", "userURL": "http://user.17k.com/48584585", "userReview": "<a target='_blank' href='http://www.17k.com/book/2041760.html'>\u300a\u732b\u5934\u9e70\u5496\u5561\u9986\u300b</a>\u524d\u6765\u62dc\u8bbf\uff0c\u591a\u591a\u5173\u7167\u554a"}, {"userName": "\u9189\u5367\u83b2\u5fc3", "userReviewDate": "2016-04-10", "userURL": "http://user.17k.com/45726872", "userReview": "<a target='_blank' href='http://www.17k.com/book/1770283.html'>\u300a\u6307\u5c16\u5200\u5ba2\u300b</a>\u6765\u8bbf\uff0c\u5927\u5927\u597d\u68d2\uff0c\u770b\u4e86\u7b80\u4ecb\u8650\u6b7b\u4eba\u7684\u8282\u594f\u554a"}, {"userName": "\u9752\u5c71\u7389\u59d1\u5a18", "userReviewDate": "2016-04-07", "userURL": "http://user.17k.com/45342134", "userReview": "\u540c\u4e2a\u7f16\u8f91\u7684\u5927\u5927\uff0c\u59d1\u5a18\u5728\u6b64\u9053\u58f0\u65e9\u5b89\u6492^_^\uff0c\u4e66\u5e26\u8d70\u4e86"}, {"userName": "\u6e0a\u671b", "userReviewDate": "2016-03-05", "userURL": "http://user.17k.com/45133561", "userReview": "\u524d\u6765\u819c\u62dc\uff0c\u4f5c\u8005\u5927\u5927\u52a0\u6cb9<a target='_blank' href='http://user.17k.com/43998234'>@\u6ca1\u7231\u4e86\u5475\u5475</a>"}, {"userName": "\u9ed1\u7b14\u5e08\u7237", "userReviewDate": "2016-03-05", "userURL": "http://user.17k.com/45054534", "userReview": "<a target='_blank' href='http://www.17k.com/book/1668747.html'>\u300a\u5bd2\u95e8\u8d35\u65cf\u300b</a>\u6765\u8bbf\uff0c\u5927\u5927\u597d\u68d2\uff0c\u770b\u4e86\u7b80\u4ecb\u8650\u6b7b\u4eba\u7684\u8282\u594f\u554a"}, {"userName": "\u4e09\u6708\u82b1\u97f3", "userReviewDate": "2016-03-04", "userURL": "http://user.17k.com/3395807", "userReview": "13\u82b1\u82b1\u9001\u4e0a\uff0c\u6211\u8fd9\u4e48\u840chhhhh"}, {"userName": "\u6ca7\u6d77\u5f7c\u5cb8", "userReviewDate": "2016-02-13", "userURL": "http://user.17k.com/44792189", "userReview": "<a target='_blank' href='http://www.17k.com/book/1627804.html'>\u300a\u6211\u5fc5\u5c01\u795e\u300b</a> \u524d\u6765\u62dc\u8bbf\uff0c\u5927\u5927\u6587\u7b14\u4e0a\u4e58\uff0c\u6784\u601d\u65b0\u9896\uff0c\u96be\u5f97\u7684\u597d\u6587\u3002\u671b\u5404\u4f4d\u79fb\u6b65\u4e00\u770b\uff0c\u6c42\u9c9c\u82b1\uff0c\u6c42\u6536\u85cf"}, {"userName": "\u5982\u610f\u68cd", "userReviewDate": "2016-01-29", "userURL": "http://user.17k.com/43355349", "userReview": "<a target='_blank' href='http://www.17k.com/book/1455135.html'>\u300a\u827e\u7279\u7eb3\u5c14\u4f20\u8bf4\u300b</a>\u6765\u4e5f"}, {"userName": "\u7eef\u516b", "userReviewDate": "2016-01-29", "userURL": "http://user.17k.com/43957327", "userReview": "\u4e8c\u767d\uff0c\u6211\u6765\u770b\u770b\u5c0f2\u738b~\u4f60\u5728\u7fa4\u91cc\u5f88\u4e45\u6ca1\u9732\u5934\u4e86\u554a\u3002\u5c0f2\u738b\u76ee\u524d\u957f\u52bf\u826f\u597d(\uffe3\u25bd\uffe3)~*"}, {"userName": "\u5357\u5ddd\u5357", "userReviewDate": "2016-01-27", "userURL": "http://user.17k.com/43999551", "userReview": "\u540c\u4e3a\u4e2a\u6027\u9891\u9053\u7684\uff0c\u7ecf\u5e38\u770b\u5230\u51b0\u6dc7\u6dcb\u6218\u961f\u7684\u5927\u540d\uff0c\u4eca\u5929\u7ec8\u4e8e\u6233\u8fdb\u6765\u770b\u4e86\uff0c\u5148\u770b\u4e86\u4f5c\u54c1\u76f8\u5173\uff0c\u987f\u65f6\u4e00\u9635\u5fc3\u9178\uff0c\u611f\u89c9\u9047\u5230\u4e86\u540c\u9053\u4e2d\u4eba\uff0c\u6bcf\u4e2a\u7239\u5988\u517b\u51fa\u4e2a\u5b69\u5b50\u90fd\u4e0d\u5bb9\u6613\uff0c\u652f\u6301\uff0c\u52a0\u6cb9\uff01\u9c9c\u82b1\u5949\u4e0a\uff01"}, {"userName": "\u79c3\u7b14\u5b50", "userReviewDate": "2016-01-27", "userURL": "http://user.17k.com/43647594", "userReview": "<span style='color:red'><a target='_blank' href='http://www.17k.com/book/1593996.html'>\u300a\u7ec7\u5929\u795e\u5077\u300b</a>\u79c3\u7b14\u5b50\u6765\u8bbf\u3002\u4f60\u7684\u6587\u592a\u597d\u73a9\u4e86\u3002\u54c8\u3002\u5e94\u8be5\u4f5c\u4e3a\u513f\u7ae5\u6587\u5b66\u63a8\u5e7f\u63a8\u5e7f\uff0c\u62cd\u51fa\u513f\u7ae5\u7535\u89c6\u5267\u5462\u3002\u8d5e\u4e86\u6536\u85cf\u4e86\u5b66\u4e60\u4e86\u3002</span>"}, {"userName": "\u9f8d\u5c0f\u8ed2", "userReviewDate": "2016-01-26", "userURL": "http://user.17k.com/43961244", "userReview": "\u5199\u7684\u5f88\u7ec6\u81f4\uff0c\u662f\u7bc7\u597d\u6587\u3002"}, {"userName": "\u4e5d\u6307\u795e\u4ed9", "userReviewDate": "2016-01-24", "userURL": "http://user.17k.com/4721443", "userReview": "<a target='_blank' href='http://www.17k.com/book/799926.html'>\u300a\u4ed9\u7f18\u65e0\u9650\u300b</a>\u6765\u8bbf\uff0c\u62dc\u8bfb\u5927\u4f5c\uff0c\u5199\u5f97\u5f88\u7cbe\u5f69\uff0c\u9c9c\u82b1\u652f\u6301\uff0c\u7ee7\u7eed\u52aa\u529b\uff0c\u672a\u6765\u7684\u5927\u795e\u4ff1\u4e50\u90e8\u4e2d\uff0c\u5fc5\u6709\u9601\u4e0b\u7684\u4e00\u5e2d\u4e4b\u5730\uff01 \u540c\u65f6\uff0c\u501f\u8d35\u5b9d\u5730\u6253\u4e2a\u5e7f\u544a\uff0c\u672c\u4eba\u4f5c\u54c1\u6b63\u5728\u8fde\u8f7d\uff0c\u6b22\u8fce\u5404\u4f4d\u6709\u5174\u8da3\u7684\u8bfb\u8005\u591a\u591a\u524d\u5f80\u8ba2\u9605\u652f\u6301\u3002"}, {"userName": "cos\u4f36\u821f\u85b0", "userReviewDate": "2016-01-24", "userURL": "http://user.17k.com/43961310", "userReview": "\u6765\u89c2\u671b\u89c2\u671b\uff0c\u66f4\u65b0\u8fdb\u5ea6\u5f88\u5feb\u561b\uff01"}, {"userName": "\u7687\u752b\u9ad8\u539f", "userReviewDate": "2016-01-23", "userURL": "http://user.17k.com/42448260", "userReview": "\u5927\u5927\u5199\u7684\u4e0d\u9519\uff0c\u6587\u7b14\u7ec6\u817b\uff0c\u8bed\u8a00\u4f18\u7f8e\uff01<a target='_blank' href='http://www.17k.com/book/1631452.html'>\u300a\u6218\u795e\u8054\u76df\u4e4b\u5723\u7075\u5b9d\u94bb\u300b</a>\u6765\u8bbf\uff0c\u671b\u5927\u5927\u56de\u8bbf\uff0c\u770b\u770b\u6211\u7684\u5c0f\u8bf4\uff01"}, {"userName": "Sunnet\u83f2", "userReviewDate": "2016-01-23", "userURL": "http://user.17k.com/42954462", "userReview": "\u8fd9\u4e4c\u9e26\uff0c\u6df1\u5f97\u6715\u5fc3"}, {"userName": "\u83ab \u5c1b\u5c1b", "userReviewDate": "2016-01-23", "userURL": "http://user.17k.com/43562056", "userReview": "\u5c0f2\u738b\uff0c\u59d0\u6765\u770b\u4f60\u4e86~<img src='http://img.17k.com/images/face/107xf.gif' />~\u7136\u800c\u4e0d\u9020\u600e\u4e48\u56de\u4e8b\uff0c\u8ba2\u9605\u5168\u90e8\u603b\u8bf4\u4f59\u989d\u4e0d\u8db3\uff0c\u53ea\u80fd\u4e00\u7ae0\u7ae0\u8ba2\uff0c\u5341\u5206\u80c3\u75bc\uff0c\u8fd8\u662f\u7a0d\u540e\u518d\u8bd5\u597d\u60f9\uff0c\u56e7<img src='http://img.17k.com/images/face/114yun.gif' /><img src='http://img.17k.com/images/face/114yun.gif' /><img src='http://img.17k.com/images/face/114yun.gif' />"}, {"userName": "\u566c\u9b42\u66f2", "userReviewDate": "2016-01-22", "userURL": "http://user.17k.com/43020974", "userReview": "<span style='color:blue'><a target='_blank' href='http://www.17k.com/book/1463641.html'>\u300a\u661f\u754c\u8109\u8f6e\u300b</a>\u6765\u8bbf\u3002\u4f5c\u8005\u5927\u5927\u52a0\u6cb9\uff01</span>"}, {"userName": "\u65e0\u6b87\u5c0f\u96e8", "userReviewDate": "2016-01-21", "userURL": "http://user.17k.com/42966076", "userReview": "\u5728\u4e0b\u662f<a target='_blank' href='http://user.17k.com/43555017'>@\u5e78\u8fd0\u8349&middot;&middot;&middot;</a> \u7684<a target='_blank' href='http://www.17k.com/book/1492768.html'>\u300a\u66fe\u7ecf\u6709\u4e2a\u7537\u76c6\u53cb\u300b</a>\u7684\u5fe0\u5b9e\u5e2e\u4f17\uff0c\u5df2\u4e3a\u5e2e\u4e3b\u60a8\u5728<a target='_blank' href='http://user.17k.com/43998234'>@\u6ca1\u7231\u4e86\u5475\u5475</a> \u7684<a target='_blank' href='http://www.17k.com/book/1549835.html'>\u300a\u51b0\u6dc7\u6dcb\u6218\u961f\u8fdb\u653b\u300b</a>\u9996\u6218\u593a\u4e0b\u4e00\u4e2a\u63a8\u8350\u4f4d\uff0c\u8bf7\u5e2e\u4e3b\u5173\u6ce8\u5f1f\u5b50\u7684\u540e\u7eed\u8868\u73b0\uff01"}, {"userName": "AspireGX", "userReviewDate": "2016-01-18", "userURL": "http://user.17k.com/2357692", "userReview": "\u5728\u4e0b\u662f<a target='_blank' href='http://user.17k.com/44111901'>@\u633d\u537f\u8863</a> \u7684<a target='_blank' href='http://www.17k.com/book/1555511.html'>\u300a\u90a3\u4e9b\u5e74\u6211\u4eec\u7684\u6821\u56ed\u6545\u4e8b\u300b</a>\u7684\u5fe0\u5b9e\u5e2e\u4f17\uff0c\u5df2\u4e3a\u5e2e\u4e3b\u60a8\u5728<a target='_blank' href='http://user.17k.com/43998234'>@\u6ca1\u7231\u4e86\u5475\u5475</a> \u7684<a target='_blank' href='http://www.17k.com/book/1549835.html'>\u300a\u51b0\u6dc7\u6dcb\u6218\u961f\u8fdb\u653b\u300b</a>\u9996\u6218\u593a\u4e0b\u4e00\u4e2a\u63a8\u8350\u4f4d\uff0c\u8bf7\u5e2e\u4e3b\u5173\u6ce8\u5f1f\u5b50\u7684\u540e\u7eed\u8868\u73b0\uff01"}], "description": "\u4e0a\u5929\u5165\u5730\uff0c\u68ee\u6797\u5c9b\u5c7f\uff0c\u5996\u9b54\u9b3c\u602a\uff0c\u7ae5\u8bddcos\uff0c\u5438\u8840\u4e27\u5c38...\u3000\u3000\u6536\u96c6\u4e0e\u5bfb\u627e\u7684\u5192\u9669\uff0c\u8840\u6cea\u4e0e\u9017\u6bd4\u5171\u5b58\u7684\u65c5\u7a0b\uff0c\u6e34\u671b\u81ea\u7531\u4e0e\u7a81\u7834\u7684\u865a\u62df\u6e38\u620f\u3002\u3000\u3000\u5657\u54c8\u54c8\u54c8\u54c8\uff0c\u6211\u662f\u8981\u6210\u4e3a\u6e38\u620f\u738b\u7684\u7537\u4eba\uff01\uff01\u3000\u3000\u5475\u5475~\u3000\u3000\u4e14\u770b\u6280\u672f\u5b85\u7a7f\u8d8a\u5e7b\u60f3\u6e38\u620f\uff0c\u5f02\u754c\u4e89\u9738\u8d5b\u5927\u5e55\u62c9\u5f00\u3000\u3000\u201c\u6b22\u8fce\u6765\u5230\u2018\u865a\u62df\u6e38\u620flooking\u00a0for\u00a0the\u00a0devil\u2019\uff0c\u5728\u8fd9\u91cc\uff0c\u4f60\u5c06\u62e5\u6709\u4e00\u5207\u6700\u771f\u5b9e\u7684\u865a\u62df\u4f53\u9a8c\uff0c\u5e7b\u60f3\u6e38\u620f\u516c\u53f8\uff0c\u5c06\u7ed9\u4f60\u4e00\u4e2a\uff0c\u98a0\u8986\u4f20\u7edf\u7684\u6e38\u620f\u4eba\u751f\u3002\u201d", "title": "\u51b0\u6dc7\u6dcb\u6218\u961f\u8fdb\u653b", "url": "http://www.17k.com/book/1549835.html", "average": -1.0, "cover": "http://img.17k.com/images/bookcover/2015/7749/38/1549835-1451541171000.jpg", "reviews": 16299, "authors": [{"url": "http://www.17k.com/zuozhe/43998234", "name": "\u6ca1\u7231\u4e86\u5475\u5475"}], "type": ["\u5b85\u7cfb\u5c0f\u8bf4"], "outlinks": ["http://www.17k.com/book/2794982.html", "http://www.17k.com/book/2801292.html", "http://www.17k.com/book/2816318.html", "http://www.17k.com/book/2797575.html", "http://www.17k.com/book/2802516.html", "http://www.17k.com/book/2812195.html", "http://www.17k.com/book/2820143.html", "http://www.17k.com/book/2807943.html", "http://www.17k.com/book/2813457.html", "http://www.17k.com/book/2798058.html", "http://www.17k.com/book/2815617.html", "http://www.17k.com/book/2805259.html", "http://www.17k.com/book/2760255.html", "http://www.17k.com/book/2686894.html", "http://www.17k.com/book/2797016.html", "http://www.17k.com/book/2767246.html", "http://www.17k.com/book/2764239.html", "http://www.17k.com/book/2754498.html", "http://www.17k.com/book/2754900.html", "http://www.17k.com/book/2625740.html", "http://www.17k.com/book/2213315.html", "http://www.17k.com/book/2402178.html", "http://www.17k.com/book/2691221.html", "http://www.17k.com/book/2210699.html", "http://www.17k.com/book/1797752.html", "http://www.17k.com/book/2575507.html", "http://www.17k.com/book/2705181.html", "http://www.17k.com/book/2702539.html", "http://www.17k.com/book/2474887.html", "http://www.17k.com/book/2674733.html", "http://www.17k.com/book/2822076.html", "http://www.17k.com/book/2809894.html", "http://www.17k.com/book/2822077.html", "http://www.17k.com/book/2811930.html", "http://www.17k.com/book/2815548.html", "http://www.17k.com/book/2819620.html", "http://www.17k.com/book/2809964.html", "http://www.17k.com/book/2808200.html", "http://www.17k.com/book/2820100.html", "http://www.17k.com/book/2822978.html", "http://www.17k.com/book/2804337.html", "http://www.17k.com/book/2798814.html", "http://www.17k.com/book/2785153.html", "http://www.17k.com/book/2731559.html", "http://www.17k.com/book/2722533.html", "http://www.17k.com/book/2458377.html", "http://www.17k.com/book/2743300.html", "http://www.17k.com/book/973809.html", "http://www.17k.com/book/2651367.html", "http://www.17k.com/book/2726194.html", "http://www.17k.com/book/2790214.html", "http://www.17k.com/book/493239.html", "http://www.17k.com/book/108821.html", "http://www.17k.com/book/1398783.html", "http://www.17k.com/book/83528.html", "http://www.17k.com/book/1859126.html", "http://www.17k.com/book/1741975.html", "http://www.17k.com/book/192453.html", "http://www.17k.com/book/2459058.html", "http://www.17k.com/book/1050747.html", "http://www.17k.com/book/2700315.html", "http://www.17k.com/book/2818940.html", "http://www.17k.com/book/2819519.html", "http://www.17k.com/book/2816390.html", "http://www.17k.com/book/2819588.html", "http://www.17k.com/book/2813768.html", "http://www.17k.com/book/2822406.html", "http://www.17k.com/book/2772164.html", "http://www.17k.com/book/2784023.html", "http://www.17k.com/book/2811877.html", "http://www.17k.com/book/2809119.html", "http://www.17k.com/book/2803700.html", "http://www.17k.com/book/2819561.html", "http://www.17k.com/book/2746506.html", "http://www.17k.com/book/2811836.html", "http://www.17k.com/book/2614810.html", "http://www.17k.com/book/1592435.html", "http://www.17k.com/book/1949748.html", "http://www.17k.com/book/2265802.html", "http://www.17k.com/book/2743240.html", "http://www.17k.com/book/2657437.html", "http://www.17k.com/book/2644502.html", "http://www.17k.com/book/2199900.html", "http://www.17k.com/book/2725436.html", "http://www.17k.com/book/2629978.html"]}